system:index,Air_Temp_Baseline,Albedo,LST_Day,LST_Night,NDBI,NDVI,NDWI,.geo
0,24.041129684448265,2148.3904527559057,47.74393481000004,31.190000000000055,0.06367988438262126,0.09949087823504454,-0.1810413580950211,"{""type"":""Point"",""coordinates"":[72.65219566797984,22.99861311881688]}"
1,24.165128102022095,1698.9470472440946,48.58476773000001,28.390000000000043,0.018611865063978286,0.360386992743886,-0.43034755580672507,"{""type"":""Point"",""coordinates"":[72.67255302900223,22.92126097152628]}"
2,24.035934315557085,2210.145374015748,53.53918772000003,29.53000000000003,0.12302944365668529,0.1438207136640557,-0.23592335723521807,"{""type"":""Point"",""coordinates"":[72.5525019084365,22.958386161193097]}"
3,24.165128102022095,1567.246751968504,45.6230534,28.640000000000043,-0.13118492811105603,0.6108443942389156,-0.6147204529370135,"{""type"":""Point"",""coordinates"":[72.67196637245814,22.935299749906893]}"
4,23.90355904319074,1852.6886811023624,45.308595560000015,31.49000000000001,-0.04647128640555099,0.38664408420033874,-0.44212380473074986,"{""type"":""Point"",""coordinates"":[72.56378948054447,23.112501327512803]}"
5,23.90355904319074,1684.1906496062993,44.086653410000054,29.07000000000005,-0.13226086118871014,0.5417103882476391,-0.5411039727284647,"{""type"":""Point"",""coordinates"":[72.64900135263069,23.128772353210707]}"
6,23.90355904319074,1676.4568897637794,45.47436952999999,32.43000000000001,0.050185013876040706,0.13312180990481445,-0.20634454398590102,"{""type"":""Point"",""coordinates"":[72.5622441854517,23.05979975856093]}"
7,23.90883869371919,1855.5902559055119,46.87404872000002,29.590000000000032,0.00899332753118654,0.24929903693770572,-0.3305634900025967,"{""type"":""Point"",""coordinates"":[72.4828873581613,23.106148721758114]}"
8,23.90883869371919,2049.8845472440944,52.47105647000001,29.440000000000055,0.09801439759512696,0.271551243448199,-0.38811784757730705,"{""type"":""Point"",""coordinates"":[72.48150541462394,23.078024216466886]}"
9,23.90355904319074,1560.6685039370077,47.438022020000005,32.35000000000002,0.055121951219512196,0.15521097360966155,-0.22575541844644834,"{""type"":""Point"",""coordinates"":[72.55131541210184,23.051836999654224]}"
10,24.035934315557085,2461.2999015748032,44.91039623000006,31.890000000000043,0.04359467826960087,0.0811577752553916,-0.1464393179538616,"{""type"":""Point"",""coordinates"":[72.64693604196785,23.00179329016067]}"
11,23.90355904319074,1554.8318897637796,46.84841357000005,31.690000000000055,-0.04774756072244135,0.44179402942436796,-0.5135702504123557,"{""type"":""Point"",""coordinates"":[72.61353936194509,23.065729298178738]}"
12,24.041129684448265,1687.4455708661417,50.543293189999986,30.310000000000002,0.042876330199400764,0.26956283404138687,-0.3451430230869755,"{""type"":""Point"",""coordinates"":[72.6872151181181,23.02256254229943]}"
13,23.90883869371919,1939.3673228346456,50.418535460000044,29.640000000000043,0.10261865793780688,0.304544373066857,-0.4199145409814839,"{""type"":""Point"",""coordinates"":[72.50573969266802,23.113938940636977]}"
14,24.034184354894307,1764.3176181102365,46.35280067000002,28.810000000000002,-0.05502595563945257,0.4382398353062275,-0.46904980943619395,"{""type"":""Point"",""coordinates"":[72.52603103836228,22.9189622513741]}"
15,24.165128102022095,1761.038582677165,50.203200200000026,29.150000000000034,0.004143397586020537,0.4170725455011535,-0.5056516410186572,"{""type"":""Point"",""coordinates"":[72.65929727482381,22.94339960608249]}"
16,23.90355904319074,2063.7398622047244,44.70189701000004,32.01000000000005,-0.018916202138353284,0.23490973529737513,-0.2776440930445743,"{""type"":""Point"",""coordinates"":[72.58467827704015,23.099849710954228]}"
17,23.90883869371919,1916.345177165354,47.434604000000036,29.150000000000034,0.04168575355016033,0.25766502344595404,-0.32204246713852375,"{""type"":""Point"",""coordinates"":[72.47855261677942,23.129367436040337]}"
18,24.034184354894307,1474.7472440944882,42.79976887999999,27.660000000000025,-0.057210965435041714,0.3417032219028891,-0.40348101265822783,"{""type"":""Point"",""coordinates"":[72.47319216777936,22.931838147594817]}"
19,23.921801185607933,1843.4125984251966,44.88305207000002,28.930000000000007,0.0427570954662735,0.2905951049819853,-0.3646873357856017,"{""type"":""Point"",""coordinates"":[72.51820667384065,22.963063065463178]}"
20,23.915034565172732,2383.382086614173,44.39940224000003,30.670000000000016,0.018201284796573874,0.07084468664850137,-0.1334981458590853,"{""type"":""Point"",""coordinates"":[72.67301351533837,23.074528001514636]}"
21,23.90883869371919,1652.9308070866139,48.51298931000002,29.99000000000001,-0.08161127511665556,0.5303152789005658,-0.5614517459444597,"{""type"":""Point"",""coordinates"":[72.50426329215027,23.08913003457788]}"
22,23.90355904319074,1905.6847440944882,45.917003120000004,32.27000000000004,0.025494551994075954,0.12054494587033207,-0.18269354217486197,"{""type"":""Point"",""coordinates"":[72.62101517276082,23.054159527508403]}"
23,23.90355904319074,1816.1660433070865,51.98911565000003,31.230000000000018,0.09212339658645181,0.0993581514762516,-0.18352681039248203,"{""type"":""Point"",""coordinates"":[72.616176796316,23.07584979137615]}"
24,23.90883869371919,1580.254625984252,47.822549270000025,29.150000000000034,0.012839955515114751,0.3910813506197464,-0.47292200935284356,"{""type"":""Point"",""coordinates"":[72.48021394474138,23.122978701017548]}"
25,24.035934315557085,1951.190157480315,49.22564648000002,32.39000000000004,0.08515915667631252,0.10415367344393164,-0.15591538260642465,"{""type"":""Point"",""coordinates"":[72.6367505678294,23.005093362333113]}"
26,23.921801185607933,1545.0745078740158,43.93284251,29.560000000000002,0.022748436876413463,0.10201020102010201,-0.14817130353235386,"{""type"":""Point"",""coordinates"":[72.46559985959894,22.99476434400153]}"
27,24.151162719726585,1215.5302165354333,35.69028728000001,27.710000000000036,-0.21361332367849384,0.4948269711023903,-0.4520880263385895,"{""type"":""Point"",""coordinates"":[72.56817344583675,22.915032490752516]}"
28,23.90355904319074,1692.2910433070865,43.343234059999986,30.77000000000004,-0.18992067195520299,0.6582130316035896,-0.6300178982357454,"{""type"":""Point"",""coordinates"":[72.60773263204771,23.088444371336557]}"
29,23.90355904319074,2466.8466535433067,45.13598554999999,31.090000000000032,0.06014407773496398,0.06239939399678061,-0.11964873765093303,"{""type"":""Point"",""coordinates"":[72.59358790644718,23.07811647221249]}"
30,24.041129684448265,1813.106496062992,48.008831360000045,28.870000000000005,-0.03521379805964786,0.4272974981421848,-0.4972067039106145,"{""type"":""Point"",""coordinates"":[72.67552182091242,22.979289933806754]}"
31,23.90355904319074,1663.5307086614175,48.902643590000025,31.950000000000045,0.036026200873362446,0.21025219298245615,-0.29282576866764276,"{""type"":""Point"",""coordinates"":[72.58528981742276,23.068927934000534]}"
32,24.035934315557085,1470.7063976377951,52.016459810000015,31.05000000000001,0.0843057558673135,0.11494252873563218,-0.19099590723055934,"{""type"":""Point"",""coordinates"":[72.63771148017227,22.96591437747811]}"
33,23.921801185607933,1850.813681102362,44.82665473999998,30.950000000000045,0.023153252480705624,0.23570432357043236,-0.2854128198364548,"{""type"":""Point"",""coordinates"":[72.50312163064807,23.032700971273304]}"
34,24.035934315557085,2177.9544291338584,45.520512800000006,32.39000000000004,0.05556081400851869,0.06443353957755493,-0.14138641043239533,"{""type"":""Point"",""coordinates"":[72.64032362975531,23.003349738658546]}"
35,24.035934315557085,1941.6173228346456,49.74176750000004,31.55000000000001,-0.016622458001768346,0.3278669592331678,-0.3923468152094938,"{""type"":""Point"",""coordinates"":[72.5865507903147,22.985262623725315]}"
36,23.90883869371919,1650.9898622047244,43.01852216000003,29.510000000000048,-0.11454338136208148,0.4506206152185645,-0.47854785478547857,"{""type"":""Point"",""coordinates"":[72.46298370416504,23.063336475663117]}"
37,24.035934315557085,1710.4076771653545,50.84407895000004,31.250000000000057,0.07941437444543034,0.16736990154711673,-0.2129183106824492,"{""type"":""Point"",""coordinates"":[72.58958026581399,22.96297025226863]}"
38,23.921801185607933,2179.11781496063,44.315660750000006,32.39000000000004,0.04059107908419228,0.13548526395336283,-0.18579481397970687,"{""type"":""Point"",""coordinates"":[72.54465275169635,23.005544303790465]}"
39,24.035934315557085,1542.7684055118114,46.063977980000004,31.950000000000045,-0.07594795952407428,0.41669106881405565,-0.450892187734293,"{""type"":""Point"",""coordinates"":[72.62548065763568,22.982078721039535]}"
40,24.035934315557085,1810.6931102362205,53.804084269999976,29.870000000000005,0.06970461095100865,0.2982279753676009,-0.40143806810473476,"{""type"":""Point"",""coordinates"":[72.57150147953479,22.95066762840115]}"
41,23.90355904319074,1929.368307086614,47.83280333000005,30.970000000000027,0.05544231553200163,0.11932367149758454,-0.19217905839979418,"{""type"":""Point"",""coordinates"":[72.57494713829512,23.120406201529573]}"
42,23.921801185607933,1949.944094488189,45.19067387000001,29.180000000000007,0.0031965903036760787,0.31221507890122735,-0.36735688185140075,"{""type"":""Point"",""coordinates"":[72.4851429782894,22.97056982162022]}"
43,24.034184354894307,1491.4874015748032,38.282855450000056,28.110000000000014,-0.385389838445329,0.6280093547943321,-0.6022204170051448,"{""type"":""Point"",""coordinates"":[72.46795737908619,22.932118850317732]}"
44,23.90355904319074,1589.809251968504,46.13062937000001,29.610000000000014,-0.07456226637812316,0.5225087108013937,-0.5659403669724771,"{""type"":""Point"",""coordinates"":[72.62497199258716,23.11704004469262]}"
45,23.921801185607933,1797.2605314960629,47.23806784999999,28.210000000000036,0.04034715169421106,0.3133687136719737,-0.3940450643776824,"{""type"":""Point"",""coordinates"":[72.46904131590807,22.950442017539675]}"
46,23.90883869371919,2288.4967519685038,46.46388632000003,31.03000000000003,0.04928824158643956,0.15343915343915343,-0.2474627510256964,"{""type"":""Point"",""coordinates"":[72.51131363446898,23.076141787367668]}"
47,23.90355904319074,1808.9042322834644,42.461384899999985,31.090000000000032,0.04790858580564,0.179786957651338,-0.235310119695321,"{""type"":""Point"",""coordinates"":[72.62205640866183,23.08827480993699]}"
48,23.915034565172732,1809.5582677165353,48.159224240000015,30.610000000000014,0.08851379168382051,0.14433389326786406,-0.2289758534554538,"{""type"":""Point"",""coordinates"":[72.67739949129613,23.08564486717319]}"
49,23.921801185607933,1920.1084645669291,46.11012125000002,28.560000000000002,-0.04920782851817335,0.3291617473435655,-0.38185835276789004,"{""type"":""Point"",""coordinates"":[72.4975254326375,22.963002631786303]}"
50,24.151162719726585,1424.770374015748,35.57920163000006,27.870000000000005,-0.25264566354458096,0.5377034493056593,-0.5132990448199853,"{""type"":""Point"",""coordinates"":[72.57727306538263,22.921170299310152]}"
51,23.921801185607933,1575.9239173228348,46.37672681000004,30.78000000000003,-0.015374690893452317,0.3615916955017301,-0.40431226765799255,"{""type"":""Point"",""coordinates"":[72.48931317470097,23.025773205058993]}"
52,24.151162719726585,1565.4263779527557,51.404634230000056,29.120000000000005,0.1877370417193426,0.15592203898050974,-0.28350258032295655,"{""type"":""Point"",""coordinates"":[72.64408719534683,22.940128527881217]}"
53,24.034184354894307,1440.075,46.639914350000026,27.810000000000002,-0.2167725540025413,0.4432554634513941,-0.44959128065395093,"{""type"":""Point"",""coordinates"":[72.49164279219437,22.931446117911836]}"
54,23.90883869371919,2687.379133858268,46.58180801000003,31.57000000000005,0.0036590943741423997,0.10960183377196706,-0.1698890082348729,"{""type"":""Point"",""coordinates"":[72.50695552467913,23.05214354019178]}"
55,23.90355904319074,2114.452460629921,47.29275617000002,31.670000000000016,0.004446057526540242,0.2143884892086331,-0.24994303941672363,"{""type"":""Point"",""coordinates"":[72.59191591821222,23.073481654298284]}"
56,24.035934315557085,1788.7516732283466,51.90537416000001,31.55000000000001,0.07232926460203773,0.18734667527437057,-0.2733314871226807,"{""type"":""Point"",""coordinates"":[72.5823754729654,22.987654695511413]}"
57,23.90883869371919,1629.2147637795274,43.18771415000003,29.970000000000027,-0.09719179446325434,0.5126304228445909,-0.5317669956902544,"{""type"":""Point"",""coordinates"":[72.49488389008631,23.079386618164897]}"
58,23.90355904319074,2375.129133858268,47.65164827000001,30.30000000000001,0.07542819499341238,0.11267466058864335,-0.1912997347480106,"{""type"":""Point"",""coordinates"":[72.55802316175262,23.127151150140257]}"
59,24.035934315557085,1859.9431102362203,49.96564781000001,32.27000000000004,0.08528111181301326,0.12059847800851284,-0.17995382316990358,"{""type"":""Point"",""coordinates"":[72.58939547515406,23.0105111153252]}"
60,24.034184354894307,1538.774311023622,42.01875131000003,27.950000000000045,-0.2235504412914758,0.5440575215000705,-0.53003632299525,"{""type"":""Point"",""coordinates"":[72.4770986670973,22.933591870015416]}"
61,23.90355904319074,1794.5956692913387,49.44952679000005,31.690000000000055,0.029333333333333333,0.2896368467670505,-0.37155160812811194,"{""type"":""Point"",""coordinates"":[72.61657067904869,23.066364038576793]}"
62,24.035934315557085,2359.727559055118,44.548086109999986,32.51000000000005,0.05571227080394922,0.06895519409240594,-0.13258617043772467,"{""type"":""Point"",""coordinates"":[72.63328333736673,23.04145475330958]}"
63,23.90883869371919,1670.9485236220473,47.31155527999999,28.670000000000016,0.018708282410454077,0.42052259118127383,-0.4922087205146533,"{""type"":""Point"",""coordinates"":[72.46448312313585,23.12721860651983]}"
64,23.90883869371919,2050.2383858267717,49.454653819999976,30.090000000000032,0.063329745245784,0.1694478665024079,-0.2547464551790435,"{""type"":""Point"",""coordinates"":[72.51643191471832,23.089963178150352]}"
65,24.041129684448265,2220.342224409449,47.231231810000054,30.53000000000003,0.06009000264713668,0.11085618938366879,-0.19323400918561667,"{""type"":""Point"",""coordinates"":[72.66367421773217,22.996907727106205]}"
66,23.90883869371919,1972.873228346457,46.54250078000001,29.970000000000027,0.01057925771765522,0.30310644129739606,-0.3748644414989758,"{""type"":""Point"",""coordinates"":[72.51392204561137,23.111898235898284]}"
67,23.921801185607933,1798.5991141732284,46.103285210000024,30.370000000000005,0.04128647574306622,0.34295115160718803,-0.4305742787813427,"{""type"":""Point"",""coordinates"":[72.46018897853196,23.02455208114261]}"
68,23.90355904319074,1553.1276574803148,45.36328388000004,29.890000000000043,-0.07447128395309212,0.5320851793625839,-0.5818208646893905,"{""type"":""Point"",""coordinates"":[72.62076600172803,23.111852734885982]}"
69,23.90355904319074,2034.7826771653542,46.40236196000001,30.930000000000007,0.041414338738034774,0.13996979904750842,-0.18899927307971892,"{""type"":""Point"",""coordinates"":[72.59284079231709,23.10918998811662]}"
70,23.90355904319074,2223.0444881889766,49.19317529,30.230000000000018,0.07341954022988506,0.30388192478770726,-0.42771751162275845,"{""type"":""Point"",""coordinates"":[72.57391460638677,23.126957691682684]}"
71,24.035934315557085,2046.4997047244094,47.79862313000001,30.350000000000023,0.05509668642503158,0.11207685269899359,-0.18541996830427893,"{""type"":""Point"",""coordinates"":[72.58779625462495,22.952390616189252]}"
72,24.035934315557085,1592.211811023622,51.878030000000024,31.250000000000057,0.09011764705882352,0.14884135472370766,-0.2313325903518548,"{""type"":""Point"",""coordinates"":[72.59252561537068,22.965623038664706]}"
73,23.921801185607933,1578.0956692913385,40.41569993000002,28.55000000000001,-0.10311493018259936,0.45942873383544125,-0.46088193456614507,"{""type"":""Point"",""coordinates"":[72.51711443120024,22.95176732741382]}"
74,23.921801185607933,2107.1970472440944,50.72103023,29.590000000000032,0.11243906274571473,0.24003075909040975,-0.3526662672258838,"{""type"":""Point"",""coordinates"":[72.47483014186221,22.97583854582474]}"
75,23.915034565172732,1593.3092519685038,51.65927671999998,30.420000000000016,0.09539995467935644,0.16401807843708996,-0.26169405815423513,"{""type"":""Point"",""coordinates"":[72.68052906324155,23.107709974987344]}"
76,24.035934315557085,1890.9918307086616,46.22633393000001,32.27000000000004,9.700261907071492E-5,0.2361194387816285,-0.2987274788963084,"{""type"":""Point"",""coordinates"":[72.60151063968225,23.014989576294894]}"
77,24.165128102022095,1806.5789370078744,47.856729470000005,28.390000000000043,-0.03650822338695102,0.4384248808628041,-0.48210363096007236,"{""type"":""Point"",""coordinates"":[72.67339810827323,22.921764325986427]}"
78,24.035934315557085,1978.7285433070867,46.4604683,32.13000000000005,0.05222515748831538,0.10534423509894537,-0.17141780735903553,"{""type"":""Point"",""coordinates"":[72.56680289907563,23.003094767612634]}"
79,23.90355904319074,1917.3309055118107,48.67876328,32.190000000000055,0.09813874788494077,0.17257394280127109,-0.2627007107133456,"{""type"":""Point"",""coordinates"":[72.58078703569028,23.081681290663596]}"
80,24.151162719726585,1446.9529527559052,40.735284800000045,28.55000000000001,-0.1402956142476375,0.4473320006151007,-0.42952612393681655,"{""type"":""Point"",""coordinates"":[72.59827340995999,22.925023192560058]}"
81,23.90883869371919,1828.8161417322833,48.37455950000003,29.05000000000001,0.0444015444015444,0.3677467972871138,-0.43553915106775637,"{""type"":""Point"",""coordinates"":[72.47392521074664,23.08078836287796]}"
82,23.921801185607933,2142.149803149606,45.76831924999999,32.27000000000004,0.006100942872989462,0.15625336057640607,-0.21601447636281385,"{""type"":""Point"",""coordinates"":[72.52489963764745,23.008410001736408]}"
83,23.90883869371919,2352.508562992126,51.566990180000005,29.440000000000055,0.15291313187968872,0.17781243907194386,-0.34543429844097995,"{""type"":""Point"",""coordinates"":[72.47706906348297,23.081663660202224]}"
84,23.921801185607933,1479.96968503937,49.697333240000034,28.480000000000018,4.972650422675286E-4,0.25723221266614543,-0.3107270948809912,"{""type"":""Point"",""coordinates"":[72.47450200814636,22.966289681229743]}"
85,23.90883869371919,1721.209842519685,45.29321447000001,29.610000000000014,0.01042456406368461,0.3911537436717293,-0.4375,"{""type"":""Point"",""coordinates"":[72.46994078793111,23.064387899323968]}"
86,23.90883869371919,1984.1753937007873,48.57964070000003,29.510000000000048,0.08470099981135634,0.13963593658250148,-0.23115960416138037,"{""type"":""Point"",""coordinates"":[72.47586019932939,23.107927518459316]}"
87,23.90883869371919,2262.6438976377954,46.35280067000002,31.03000000000003,0.01936912008854455,0.08478726660544843,-0.15189599133261106,"{""type"":""Point"",""coordinates"":[72.54725381857291,23.09945930781491]}"
88,24.165128102022095,2018.3181102362207,52.52061776000005,28.28000000000003,0.06630291005291006,0.2764466546112116,-0.38712846966347336,"{""type"":""Point"",""coordinates"":[72.67933023073581,22.91662342498885]}"
89,24.151162719726585,1576.3500984251968,38.14442564000001,28.370000000000005,-0.34123989218328843,0.6639914392723382,-0.6143264988320789,"{""type"":""Point"",""coordinates"":[72.60791229070281,22.932531203715982]}"
90,24.035934315557085,1821.78218503937,44.847162860000026,32.410000000000025,0.02397223126152511,0.15329402717251986,-0.1968608672519287,"{""type"":""Point"",""coordinates"":[72.56190172550309,23.035302970143757]}"
91,23.915034565172732,412.3368110236221,42.01020626000002,28.74000000000001,0.17366946778711484,0.09937888198757763,-0.012585812356979404,"{""type"":""Point"",""coordinates"":[72.6849078469226,23.120573828813082]}"
92,24.165128102022095,1965.9819881889764,48.401903660000016,29.000000000000057,0.06808103643161464,0.2672026483802317,-0.3364089775561097,"{""type"":""Point"",""coordinates"":[72.66425037017214,22.92599151108716]}"
93,24.035934315557085,1896.6566929133858,45.22485406999999,32.13000000000005,0.00835030549898167,0.23704268292682926,-0.2574896694214876,"{""type"":""Point"",""coordinates"":[72.5709761400036,23.00715787408235]}"
94,24.034184354894307,1469.7944881889762,47.128691210000056,28.090000000000032,0.060552092609082814,0.3201939621460973,-0.4161073825503356,"{""type"":""Point"",""coordinates"":[72.47821161147496,22.942175007422595]}"
95,23.921801185607933,2279.956889763779,45.41797220000001,31.850000000000023,0.038510445049954586,0.10041580041580042,-0.16253019986821876,"{""type"":""Point"",""coordinates"":[72.52051152259025,22.998149964831832]}"
96,23.90883869371919,1931.5809055118111,46.89797485999998,31.230000000000018,0.02128498226251478,0.18181818181818182,-0.2455480311010785,"{""type"":""Point"",""coordinates"":[72.54396242659631,23.100200590056595]}"
97,23.921801185607933,1804.2191929133855,48.79497595999999,29.610000000000014,0.07435732055652815,0.27925633515853815,-0.3623542175210198,"{""type"":""Point"",""coordinates"":[72.46541774944845,22.992149377337974]}"
98,24.035934315557085,1537.612401574803,52.267684280000026,31.110000000000014,0.0979550618530674,0.08767123287671233,-0.17784737102357012,"{""type"":""Point"",""coordinates"":[72.64340025697564,22.977864391376272]}"
99,23.921801185607933,1757.9253937007875,48.28056394999999,30.850000000000023,0.015220399288396916,0.28220306266889716,-0.35675381263616557,"{""type"":""Point"",""coordinates"":[72.49764476952876,22.988214262120913]}"
100,24.034184354894307,1674.2014763779525,54.96792008,28.05000000000001,0.13097543573539905,0.21176805002842525,-0.3000914913083257,"{""type"":""Point"",""coordinates"":[72.48719896858272,22.9452654170366]}"
101,23.90355904319074,1526.5218503937008,46.22462492,31.090000000000032,-0.04295333178546552,0.317108928309632,-0.3713936803541444,"{""type"":""Point"",""coordinates"":[72.597636895192,23.079083074529464]}"
102,24.034184354894307,1657.5666338582678,51.01668896000001,28.510000000000048,0.05789203084832905,0.2703826955074875,-0.3517261729123635,"{""type"":""Point"",""coordinates"":[72.51844357829059,22.934212671654294]}"
103,23.90355904319074,1767.8141732283464,50.35530209000001,30.02000000000004,0.09145631067961164,0.23914194915254236,-0.34415397874174086,"{""type"":""Point"",""coordinates"":[72.58859228703554,23.128416844253998]}"
104,23.90883869371919,2129.329429133858,51.821632669999985,29.450000000000045,0.11218646665053633,0.18761462940986082,-0.3081402257872846,"{""type"":""Point"",""coordinates"":[72.50224582015036,23.11475627025874]}"
105,23.90355904319074,1945.8023622047242,49.728095420000045,29.370000000000005,0.06872733552063547,0.27148414476010846,-0.36878172588832486,"{""type"":""Point"",""coordinates"":[72.62360275956554,23.125861696043103]}"
106,23.921801185607933,1679.9455708661417,44.74120424,31.870000000000005,-0.0012601672585634094,0.21052631578947367,-0.2446596411278838,"{""type"":""Point"",""coordinates"":[72.50580305316586,23.027602550388835]}"
107,23.921801185607933,1761.8909448818897,43.77390458000002,29.360000000000014,-0.06912897491605767,0.389908845808191,-0.43733404142326077,"{""type"":""Point"",""coordinates"":[72.45563150965799,22.999450629137947]}"
108,24.034184354894307,1717.6980314960629,48.49931723000003,28.750000000000057,0.011931818181818182,0.39157108562283277,-0.4523942093541203,"{""type"":""Point"",""coordinates"":[72.53397048372159,22.934060897687587]}"
109,23.915034565172732,1919.9618110236217,51.17220887000002,29.390000000000043,0.10884101040118871,0.14469760229034953,-0.2593175853018373,"{""type"":""Point"",""coordinates"":[72.67366685794637,23.112041581454573]}"
110,23.921801185607933,2104.9883858267717,45.46753349000005,30.180000000000007,0.030456852791878174,0.24402952670429873,-0.32271468144044324,"{""type"":""Point"",""coordinates"":[72.492836312377,23.010690510820954]}"
111,24.035934315557085,1830.0818897637798,45.78199132999998,32.35000000000002,0.022360999194198226,0.1962040916933695,-0.28064388441746935,"{""type"":""Point"",""coordinates"":[72.59751908848497,23.00692342707342]}"
112,24.034184354894307,777.4844488188976,39.487707500000056,28.750000000000057,-0.03302097278000892,0.42549261083743845,-0.34593023255813954,"{""type"":""Point"",""coordinates"":[72.53845038541323,22.939139447189753]}"
113,24.041129684448265,1733.9047244094488,43.94651458999999,28.870000000000005,-0.06779984721161192,0.4522077922077922,-0.47675647120972003,"{""type"":""Point"",""coordinates"":[72.68132876977992,22.981332678255967]}"
114,24.041129684448265,1478.180807086614,49.994700980000005,31.83000000000004,0.0523664324539308,0.12284008796732643,-0.18658698539176627,"{""type"":""Point"",""coordinates"":[72.65308274363909,23.016955932188328]}"
115,24.151162719726585,2072.1434055118107,43.25949257000002,27.870000000000005,0.04038150911468349,0.38330191817274645,-0.4525555943648853,"{""type"":""Point"",""coordinates"":[72.61727751922253,22.924669021231264]}"
116,23.90355904319074,2480.5371062992126,44.79589256000003,32.43000000000001,0.032602351371633455,0.0774517087667162,-0.14271643849108637,"{""type"":""Point"",""coordinates"":[72.55617314236879,23.060086010992958]}"
117,23.90355904319074,2366.9878937007875,49.83405404000001,30.30000000000001,0.07577437717158277,0.1912339209147213,-0.30066583437369954,"{""type"":""Point"",""coordinates"":[72.56188664654749,23.126619943176408]}"
118,24.035934315557085,1770.5331692913385,47.98319621000002,32.27000000000004,0.10092370851864522,0.07017782000814443,-0.12419791815200343,"{""type"":""Point"",""coordinates"":[72.5952424234818,23.028858731790763]}"
119,23.921801185607933,2015.6493110236224,46.29469433000003,30.810000000000002,0.029265822784810127,0.1197290036210723,-0.19481490714196684,"{""type"":""Point"",""coordinates"":[72.47536596769885,23.02977672126516]}"
120,23.90355904319074,2082.5503937007875,45.64697954000002,30.910000000000025,0.055189170426935094,0.18747955065983204,-0.2780842821927456,"{""type"":""Point"",""coordinates"":[72.60302476803916,23.075461088691277]}"
121,23.915034565172732,1745.1069881889764,47.43973103000002,29.690000000000055,0.05276622961304765,0.16874917795606997,-0.25049254151421335,"{""type"":""Point"",""coordinates"":[72.67876149977229,23.084597615989036]}"
122,24.035934315557085,1849.8028543307087,47.231231810000054,31.79000000000002,0.05825342818847304,0.14792007037828328,-0.22324896209990625,"{""type"":""Point"",""coordinates"":[72.62034969651305,22.966816385855832]}"
123,24.035934315557085,1804.7920275590548,50.40828140000002,32.27000000000004,0.09601009610717406,0.1796300988092222,-0.2978397212543554,"{""type"":""Point"",""coordinates"":[72.62408441568815,23.04506716633252]}"
124,23.90355904319074,1759.5115157480316,47.05007675000002,31.440000000000055,0.029036751312546877,0.19236842105263158,-0.24958632101489245,"{""type"":""Point"",""coordinates"":[72.63621624050688,23.086481459464146]}"
125,23.90883869371919,1973.4165354330707,48.77104982000003,29.440000000000055,0.04437140509449466,0.3437319468515309,-0.44114002478314746,"{""type"":""Point"",""coordinates"":[72.47773129857185,23.081300184454534]}"
126,23.921801185607933,1675.0316929133855,43.96873172000005,30.29000000000002,-0.13169514302169322,0.5724193118164844,-0.5715809117568649,"{""type"":""Point"",""coordinates"":[72.48757061155447,22.99685832229094]}"
127,24.041129684448265,2005.6704724409449,46.16310056000003,32.27000000000004,0.06988487174308221,0.08085905410163126,-0.149812734082397,"{""type"":""Point"",""coordinates"":[72.65394096459251,23.040246401356452]}"
128,24.035934315557085,1606.8870078740158,50.42878952000001,31.07000000000005,0.054840049854590775,0.30954094114261044,-0.3874066168623266,"{""type"":""Point"",""coordinates"":[72.57534069703178,22.958837553914186]}"
129,23.90883869371919,1636.9160433070867,42.528036290000045,31.510000000000048,-0.20218579234972678,0.6571957182502973,-0.6428665007205555,"{""type"":""Point"",""coordinates"":[72.5295258384277,23.083033512439755]}"
130,24.041129684448265,1627.1517716535434,50.01008207000001,30.410000000000025,0.004415011037527594,0.2629515541865024,-0.29672225416906267,"{""type"":""Point"",""coordinates"":[72.68498069543116,23.033835852977646]}"
131,23.921801185607933,1455.0297244094486,49.27178975000004,28.190000000000055,-0.018935516888433982,0.2424336973478939,-0.2968571893828367,"{""type"":""Point"",""coordinates"":[72.47515071893956,22.958105199329022]}"
132,23.90883869371919,1985.1261811023621,52.47789251000006,29.470000000000027,0.1061550759392486,0.30906110981034884,-0.41580146872625984,"{""type"":""Point"",""coordinates"":[72.4859017302738,23.113022708611123]}"
133,24.035934315557085,1664.1621062992124,45.823007570000016,32.27000000000004,-0.01282194224551232,0.2488314544954633,-0.28723253507156016,"{""type"":""Point"",""coordinates"":[72.5774554201038,23.036071012600736]}"
134,23.921801185607933,2210.6729330708663,47.14919932999999,29.79000000000002,0.07775628626692456,0.2294997421351212,-0.32798573975044565,"{""type"":""Point"",""coordinates"":[72.54477336429197,22.987979497665222]}"
135,23.921801185607933,2064.049409448819,47.831094320000034,32.25000000000006,0.052205050885789674,0.15066925981009038,-0.21738077947228274,"{""type"":""Point"",""coordinates"":[72.54140951281177,23.047387876254568]}"
136,24.151162719726585,1285.5567913385828,35.339940230000025,28.250000000000057,-0.3055969643583141,0.5790853958367481,-0.5543723781865117,"{""type"":""Point"",""coordinates"":[72.58374883457294,22.91956421326613]}"
137,24.034184354894307,1700.0991141732284,47.44314904999999,28.750000000000057,-0.039313237732904106,0.41187384044526903,-0.4610532089961602,"{""type"":""Point"",""coordinates"":[72.52864182927344,22.928005131037327]}"
138,23.915034565172732,2125.010531496063,47.26199399000001,29.690000000000055,0.0177484352224985,0.22773550530489764,-0.3053783044667274,"{""type"":""Point"",""coordinates"":[72.68467887654943,23.09614693204051]}"
139,24.035934315557085,1587.8978346456693,52.46763844999998,32.27000000000004,0.11062696683611717,0.09917726252804787,-0.17025003981525721,"{""type"":""Point"",""coordinates"":[72.62906191439173,23.046407590035706]}"
140,24.151162719726585,1758.567125984252,46.72194682999998,29.04000000000002,-0.02704194260485651,0.425871536202273,-0.5036358739563696,"{""type"":""Point"",""coordinates"":[72.64945611458992,22.930184628297667]}"
141,23.90355904319074,1498.3353346456693,45.922130150000044,30.110000000000014,0.11020324788070678,0.3504882963881569,-0.4483790523690773,"{""type"":""Point"",""coordinates"":[72.64962871180109,23.101789002893078]}"
142,24.034184354894307,2009.8943897637794,49.36236728000006,28.340000000000032,0.06917680490187372,0.18507631430186547,-0.29136380436121717,"{""type"":""Point"",""coordinates"":[72.45909161925421,22.923795521812693]}"
143,23.921801185607933,1779.379625984252,49.47003490999998,32.150000000000034,0.06333166583291645,0.21096882680119,-0.29721490924206734,"{""type"":""Point"",""coordinates"":[72.53289005276598,23.03819916957459]}"
144,24.035934315557085,1956.9568897637794,50.59798151000001,30.83000000000004,0.06221804511278196,0.1829282750444576,-0.2630379746835443,"{""type"":""Point"",""coordinates"":[72.62989880997914,22.951882718397854]}"
145,23.921801185607933,2238.9824803149604,46.53908276000004,31.590000000000032,0.0033513312232358963,0.10599173553719009,-0.16192750162795747,"{""type"":""Point"",""coordinates"":[72.51032601418821,22.999014417618714]}"
146,23.90355904319074,2154.0125000000003,47.62943114000001,30.80000000000001,0.02188444281659189,0.12596184252134499,-0.2096025365190805,"{""type"":""Point"",""coordinates"":[72.56152691960875,23.124416751671767]}"
147,24.035934315557085,1781.6453740157478,44.40965630000005,32.31,-0.018128368446839783,0.3128632802628254,-0.36190850701271465,"{""type"":""Point"",""coordinates"":[72.57342889811487,23.02306499900627]}"
148,24.035934315557085,1611.8540354330707,47.062039819999995,32.43000000000001,-0.0018389113644722325,0.15049978882162465,-0.21625241851465993,"{""type"":""Point"",""coordinates"":[72.63256254443927,23.048992557536213]}"
149,23.921801185607933,1784.7418307086614,47.01418754000002,30.33000000000004,-0.007201341619808622,0.2791280380856928,-0.35933963520170414,"{""type"":""Point"",""coordinates"":[72.45786766559218,23.040500565667024]}"
150,23.921801185607933,1715.766437007874,46.151137489999996,30.410000000000025,-0.006099390060993901,0.33465976920015916,-0.38614134178261467,"{""type"":""Point"",""coordinates"":[72.49498953128862,23.00517213550493]}"
151,23.915034565172732,1817.3747047244094,48.95220488000001,31.690000000000055,0.04349648883764805,0.1638821578880245,-0.23742372881355933,"{""type"":""Point"",""coordinates"":[72.66470970491163,23.082223426109444]}"
152,24.035934315557085,1638.518405511811,48.260055830000056,30.610000000000014,0.010701298701298701,0.3049198300671509,-0.38885647607934654,"{""type"":""Point"",""coordinates"":[72.59088544033567,22.952640037232612]}"
153,24.035934315557085,2160.986909448819,45.75122915000003,31.49000000000001,0.04887888169621916,0.10822037603847835,-0.17270098322729902,"{""type"":""Point"",""coordinates"":[72.55127965497611,22.9983596724671]}"
154,23.90355904319074,1459.8555118110237,49.61017373000004,32.29000000000002,0.08288148721920992,0.1290527654164018,-0.21936148300720906,"{""type"":""Point"",""coordinates"":[72.63175090696616,23.055115041301026]}"
155,23.921801185607933,1453.8589566929136,44.423328380000044,29.170000000000016,0.009409751924721984,0.2673545966228893,-0.34427860696517415,"{""type"":""Point"",""coordinates"":[72.54647768924083,22.977333154610147]}"
156,23.90883869371919,2104.674409448819,46.142592440000044,29.370000000000005,0.002620545073375262,0.25279789335088876,-0.31377286848463926,"{""type"":""Point"",""coordinates"":[72.49588696715585,23.12812545266129]}"
157,23.915034565172732,1743.119783464567,50.77571855000002,30.880000000000052,0.07978430725211841,0.11866220735785953,-0.20351180195739782,"{""type"":""Point"",""coordinates"":[72.66348701488882,23.08372288561922]}"
158,23.90883869371919,2349.8254921259845,46.20753481999998,31.510000000000048,-0.002089776811836496,0.1574780341797818,-0.23168601664440563,"{""type"":""Point"",""coordinates"":[72.52065025421057,23.07824437133815]}"
159,24.041129684448265,2106.3107283464565,46.74416396000004,29.930000000000007,0.05423821204687926,0.1611823759063023,-0.22831858407079647,"{""type"":""Point"",""coordinates"":[72.67407661408457,22.99767062297457]}"
160,24.041129684448265,2192.136023622047,46.44508721,30.130000000000052,0.04809619238476954,0.09907446360959192,-0.17892599277978338,"{""type"":""Point"",""coordinates"":[72.67760876146122,23.006360737587915]}"
161,23.90355904319074,1911.5543307086614,48.02421245000005,31.950000000000045,0.022850721108821876,0.24258663808503036,-0.3281568228105906,"{""type"":""Point"",""coordinates"":[72.57391317845557,23.087447473492396]}"
162,23.90883869371919,1960.262992125984,47.78153302999999,29.370000000000005,0.005977087829985057,0.37965203364442907,-0.46113483831604635,"{""type"":""Point"",""coordinates"":[72.49442614494875,23.125363319999682]}"
163,23.921801185607933,1867.1498031496067,48.53691545000004,29.610000000000014,0.004611837048424289,0.26403123474865786,-0.32633465625400077,"{""type"":""Point"",""coordinates"":[72.46930542413637,22.996017128702817]}"
164,23.90883869371919,1812.8353346456693,51.079922330000045,29.180000000000007,0.08876891760332772,0.30411652944901835,-0.42643391521197005,"{""type"":""Point"",""coordinates"":[72.46730090123849,23.108146591243692]}"
165,23.921801185607933,1794.5853346456693,45.84009766999998,29.110000000000014,0.08115317533600082,0.15905267244726284,-0.24113082039911307,"{""type"":""Point"",""coordinates"":[72.52702911504791,22.968853624311553]}"
166,23.921801185607933,1972.4121062992124,46.26222314000006,30.930000000000007,-0.015122702164266956,0.2790963030579644,-0.3563218390804598,"{""type"":""Point"",""coordinates"":[72.4989495402243,23.042113901337032]}"
167,24.041129684448265,2020.3958661417323,49.03936439000006,28.83000000000004,0.021841890790546048,0.3428059968673081,-0.44081632653061226,"{""type"":""Point"",""coordinates"":[72.66871930746095,22.9640793903372]}"
168,24.035934315557085,2096.024803149606,48.53178842,32.150000000000034,0.04267161410018553,0.1570803901782711,-0.2236186862698601,"{""type"":""Point"",""coordinates"":[72.5768655930866,23.000383074769978]}"
169,23.90355904319074,1547.3048228346454,44.04905518999999,30.470000000000027,0.02001274697259401,0.12217194570135746,-0.16909975669099755,"{""type"":""Point"",""coordinates"":[72.60714573818241,23.09273951632963]}"
170,24.034184354894307,1733.2974409448818,47.98832324,28.99000000000001,0.04643730024440684,0.3179160711965701,-0.4225213854999299,"{""type"":""Point"",""coordinates"":[72.5366339593483,22.926061762082202]}"
171,24.151162719726585,2292.202460629921,45.18725585000004,29.690000000000055,0.026456950631875625,0.08292880258899676,-0.1447509087021595,"{""type"":""Point"",""coordinates"":[72.5934293525285,22.947440816804587]}"
172,23.90355904319074,2812.600098425197,44.748040280000055,31.730000000000018,0.033091202582728005,0.07716200752002615,-0.14611236736823796,"{""type"":""Point"",""coordinates"":[72.56930452814699,23.11204001684868]}"
173,23.915034565172732,1747.576968503937,45.269288329999995,29.660000000000025,-0.07722366951991068,0.4728406055209261,-0.5126731120982493,"{""type"":""Point"",""coordinates"":[72.68468961379244,23.079992887852235]}"
174,23.921801185607933,2116.5858267716535,45.01293683000006,30.400000000000034,0.029427892524218607,0.16141732283464566,-0.24823695345557123,"{""type"":""Point"",""coordinates"":[72.47491247452864,23.01985706355518]}"
175,24.034184354894307,1530.8117125984252,50.076733460000014,28.33000000000004,0.013290923548790185,0.29217494793216303,-0.36507936507936506,"{""type"":""Point"",""coordinates"":[72.50741551068376,22.936132841239264]}"
176,23.921801185607933,2299.7393700787397,48.97442201000001,29.210000000000036,0.0725380787211582,0.22048025401865448,-0.3228651322865132,"{""type"":""Point"",""coordinates"":[72.53810966191163,22.970472890527713]}"
177,23.915034565172732,2455.194094488189,44.76171236000005,31.950000000000045,0.052225020990764065,0.07648292962044631,-0.14610620367550006,"{""type"":""Point"",""coordinates"":[72.65626571917421,23.055186378934135]}"
178,24.035934315557085,1826.5479330708658,48.11820799999998,32.25000000000006,0.07109212400043817,0.08997429305912596,-0.1677223905260259,"{""type"":""Point"",""coordinates"":[72.61137475601392,23.01783508429536]}"
179,23.921801185607933,2055.263976377953,47.308137260000024,29.29000000000002,0.07423063916131215,0.21275888802746706,-0.31452581032412963,"{""type"":""Point"",""coordinates"":[72.52481858427244,22.97061737975846]}"
180,24.041129684448265,1846.2748031496062,50.10407762,31.250000000000057,0.07214799588900309,0.13217958364685228,-0.22479989146655813,"{""type"":""Point"",""coordinates"":[72.6731272756049,23.019458050747048]}"
181,24.041129684448265,1520.7428149606299,49.40509253000005,32.09000000000003,0.05846153846153846,0.16704805491990846,-0.24897959183673468,"{""type"":""Point"",""coordinates"":[72.65124652770648,23.022047832852056]}"
182,23.921801185607933,2145.25561023622,51.69687494000004,30.05000000000001,0.06494320407363885,0.2586734155857851,-0.3760664053493198,"{""type"":""Point"",""coordinates"":[72.46994923399798,23.046394903131354]}"
183,23.90883869371919,1857.4578740157478,51.56015414000001,29.610000000000014,0.009899270580062522,0.37738584199081904,-0.4744601060390534,"{""type"":""Point"",""coordinates"":[72.52702894629027,23.12379158714311]}"
184,23.921801185607933,1881.776279527559,49.19488430000001,30.090000000000032,0.0619091186337298,0.13785450061652282,-0.22306163021868788,"{""type"":""Point"",""coordinates"":[72.54444921433245,22.990952438425182]}"
185,23.90883869371919,1970.028248031496,50.32453991,29.610000000000014,0.08698133202902095,0.28898607434687534,-0.4164664221575819,"{""type"":""Point"",""coordinates"":[72.51908429401318,23.124153338711324]}"
186,24.035934315557085,1954.5937007874018,47.214141710000035,32.33000000000004,0.06990759341100844,0.10408966257302969,-0.1826309067688378,"{""type"":""Point"",""coordinates"":[72.63800840394795,23.03069408859706]}"
187,24.165128102022095,1963.4485236220473,50.23225337000002,28.760000000000048,0.05983052298211076,0.27247451343836887,-0.3738586616635397,"{""type"":""Point"",""coordinates"":[72.65691558094588,22.923407752445982]}"
188,23.921801185607933,2166.2187007874018,45.317140610000024,30.810000000000002,0.06640013905788285,0.15059982862039417,-0.23400344629523262,"{""type"":""Point"",""coordinates"":[72.47032366677023,23.025505477549697]}"
189,23.90883869371919,1665.350590551181,46.363054730000044,29.610000000000014,0.0446915195116634,0.17527155692637789,-0.21908471275559882,"{""type"":""Point"",""coordinates"":[72.5160003234832,23.119819526046385]}"
190,24.034184354894307,1660.7984251968503,43.27829168000005,28.420000000000016,-0.2195925087466557,0.5557889209766342,-0.5517151086671903,"{""type"":""Point"",""coordinates"":[72.46546959932093,22.93995619044677]}"
191,23.90883869371919,1985.1360236220473,51.33969185000001,29.710000000000036,0.04712041884816754,0.2859259259259259,-0.39257065284462545,"{""type"":""Point"",""coordinates"":[72.48751543950603,23.082483730399776]}"
192,24.151162719726585,1900.069094488189,45.24878021000001,29.010000000000048,0.04850953527124607,0.25832517140058764,-0.33134715025906736,"{""type"":""Point"",""coordinates"":[72.64163029891377,22.927116816513177]}"
193,23.90355904319074,2356.7841535433067,46.33912859000003,30.590000000000032,0.0317794824243446,0.12475518997258128,-0.19248338870431894,"{""type"":""Point"",""coordinates"":[72.58363346031926,23.12005296469246]}"
194,24.035934315557085,1805.4775590551178,47.94730700000002,32.27000000000004,0.0955898813521379,0.07275624004248539,-0.12315818737837086,"{""type"":""Point"",""coordinates"":[72.59720720332663,23.02946254234269]}"
195,23.90355904319074,1696.1045275590552,48.09940889000001,32.190000000000055,0.05450828980240745,0.13774255261000273,-0.21087841768470042,"{""type"":""Point"",""coordinates"":[72.58397054800963,23.08127908681505]}"
196,23.90883869371919,2010.485433070866,52.358261810000045,29.410000000000025,0.03082437275985663,0.22477635601857093,-0.3029755451150464,"{""type"":""Point"",""coordinates"":[72.49982343461319,23.117211163632703]}"
197,23.921801185607933,2004.985433070866,47.70291857000001,30.450000000000045,0.05894308943089431,0.18607359105728924,-0.24935606525205445,"{""type"":""Point"",""coordinates"":[72.50651402865292,22.978367326576617]}"
198,24.035934315557085,2242.5174212598426,45.81617153000002,32.13000000000005,0.03890945201769432,0.11196991852935033,-0.1693760984182777,"{""type"":""Point"",""coordinates"":[72.56258148477295,22.99964678451259]}"
199,23.90355904319074,1664.381594488189,44.79589256000003,31.870000000000005,0.007974159685071161,0.31636753281542995,-0.398406374501992,"{""type"":""Point"",""coordinates"":[72.5853801605675,23.058948320703625]}"
200,23.90355904319074,2010.3751968503934,48.28569098000003,30.57000000000005,0.08417618270799347,0.2665538635081782,-0.3923611111111111,"{""type"":""Point"",""coordinates"":[72.6386148491955,23.09789012415104]}"
201,23.90355904319074,834.43031496063,40.98821828000001,31.27000000000004,0.09600717810677434,0.09959072305593451,-0.11913357400722022,"{""type"":""Point"",""coordinates"":[72.63222572245931,23.091377501872376]}"
202,23.915034565172732,2135.7915354330707,45.67774172000003,29.80000000000001,0.02536691429606813,0.1577701248385708,-0.2313150967151196,"{""type"":""Point"",""coordinates"":[72.66145809817864,23.109660463314675]}"
203,23.90883869371919,2839.148818897638,47.771278970000026,29.99000000000001,0.09014565017714211,0.08973754518308974,-0.2089617295789382,"{""type"":""Point"",""coordinates"":[72.50165758494573,23.0854433674581]}"
204,24.035934315557085,2102.563681102362,44.27806253000006,32.35000000000002,0.006945105127961183,0.1613262127280819,-0.20670520231213874,"{""type"":""Point"",""coordinates"":[72.55888005108667,23.002013880826052]}"
205,24.035934315557085,1926.578937007874,44.906978210000034,32.49000000000001,0.02072538860103627,0.13363723608445296,-0.20905834186284544,"{""type"":""Point"",""coordinates"":[72.60371313257863,23.003851388396953]}"
206,23.921801185607933,1815.7949803149604,49.83063602000004,29.930000000000007,0.08040547190237181,0.2798246815504725,-0.28722964595674333,"{""type"":""Point"",""coordinates"":[72.48841581627393,23.007533124188942]}"
207,23.921801185607933,1672.1507874015747,43.27145564,28.250000000000057,-0.0875,0.49096264560182085,-0.5054751926456672,"{""type"":""Point"",""coordinates"":[72.50622103408334,22.954207160519992]}"
208,24.034184354894307,1358.7339566929134,38.19740495000002,28.340000000000032,-0.28626668329799176,0.5755538579067991,-0.5614778921865536,"{""type"":""Point"",""coordinates"":[72.45886515070701,22.917794579331378]}"
209,23.90883869371919,1896.7221456692912,46.94240911999998,31.170000000000016,0.015853334514214862,0.310377358490566,-0.40800810947795235,"{""type"":""Point"",""coordinates"":[72.54971920732133,23.10860581446047]}"
210,23.921801185607933,1563.32844488189,45.21630902000004,29.27000000000004,-0.08050632911392405,0.5457047660437491,-0.5560740848767682,"{""type"":""Point"",""coordinates"":[72.54197195369605,22.964292997810166]}"
211,23.921801185607933,2348.55531496063,48.48222713000001,29.180000000000007,0.055625195863365715,0.16972343522561864,-0.24976671850699844,"{""type"":""Point"",""coordinates"":[72.49087735114006,22.974383498846816]}"
212,24.035934315557085,1914.6990157480313,46.31691146000003,32.09000000000003,0.0016842105263157896,0.1467956469165659,-0.21263265567063036,"{""type"":""Point"",""coordinates"":[72.5837757378092,23.045429530681748]}"
213,24.151162719726585,1371.6719488188976,38.730616069999996,29.090000000000032,-0.2732535192737798,0.518594068727444,-0.4875499538887181,"{""type"":""Point"",""coordinates"":[72.60196951560715,22.938109414956028]}"
214,23.90883869371919,1966.7191929133855,46.03150678999998,32.410000000000025,0.05629860031104199,0.08112602446846419,-0.13562071116656269,"{""type"":""Point"",""coordinates"":[72.53250376650429,23.065566233123814]}"
215,23.921801185607933,3058.403248031496,47.93363492000003,31.870000000000005,0.04192886003841823,0.10269116413814135,-0.16654568916848134,"{""type"":""Point"",""coordinates"":[72.50777283077376,23.030339956267632]}"
216,23.90355904319074,1956.4603346456693,44.58055730000001,32.49000000000001,0.009052995626080765,0.1478732178626134,-0.19416523657759255,"{""type"":""Point"",""coordinates"":[72.55347700107917,23.061188352981837]}"
217,24.035934315557085,2242.6207677165353,46.34767364000004,32.170000000000016,0.05009375837128315,0.10215499378367178,-0.18423689190693532,"{""type"":""Point"",""coordinates"":[72.64842815859434,23.027459315849438]}"
218,24.035934315557085,1616.932775590551,46.595480090000024,32.31,0.06224972697488169,0.11306351721158,-0.1881918819188192,"{""type"":""Point"",""coordinates"":[72.60222513695405,22.98390472957541]}"
219,23.921801185607933,1421.307283464567,49.23248252000002,32.210000000000036,0.08022388059701492,0.13613168724279837,-0.2200813151847269,"{""type"":""Point"",""coordinates"":[72.5289362760807,23.049843546788164]}"
220,23.921801185607933,1736.6424212598426,45.269288329999995,29.110000000000014,-0.02936515335135639,0.44113808405116156,-0.4817498658078368,"{""type"":""Point"",""coordinates"":[72.53378292785656,22.9727227109385]}"
221,23.921801185607933,1992.2816929133858,50.902185290000034,28.250000000000057,0.12639972853749576,0.21653868871825163,-0.30552738336713997,"{""type"":""Point"",""coordinates"":[72.49328196921279,22.9580538943716]}"
222,23.915034565172732,2569.1301181102363,46.88601179,31.77000000000004,0.07106679328901551,0.07010666423557298,-0.13410628019323673,"{""type"":""Point"",""coordinates"":[72.66285644064716,23.073168534948557]}"
223,23.921801185607933,1763.1576771653542,43.826883889999976,28.810000000000002,-0.033783783783783786,0.4402747742017555,-0.49228944246737844,"{""type"":""Point"",""coordinates"":[72.46109260709974,22.980665066406203]}"
224,23.90883869371919,1791.352559055118,47.15090834,30.180000000000007,0.07638483965014577,0.22584805881594222,-0.31180124223602484,"{""type"":""Point"",""coordinates"":[72.53737414203049,23.114393758405]}"
225,23.921801185607933,1868.9189960629924,48.04813859000001,30.410000000000025,0.0727155132588007,0.24207920792079207,-0.3313876359777129,"{""type"":""Point"",""coordinates"":[72.49361248661711,23.004959362129302]}"
226,24.035934315557085,1960.1443897637794,47.21072369000001,32.210000000000036,0.046999138508662774,0.16923076923076924,-0.24481120280070018,"{""type"":""Point"",""coordinates"":[72.61543570512141,22.982417537209887]}"
227,24.151162719726585,1758.0941929133858,46.419452060000026,28.310000000000002,-0.03661558227034964,0.4344126984126984,-0.4918119387216059,"{""type"":""Point"",""coordinates"":[72.61848863094343,22.9293005182578]}"
228,24.035934315557085,1600.5877952755907,48.29252702000002,32.23000000000002,0.027254707631318136,0.14577557274186487,-0.1927692541394501,"{""type"":""Point"",""coordinates"":[72.58447479973462,23.038826677958614]}"
229,23.921801185607933,1975.3791338582678,48.66167317999998,29.510000000000048,0.05324698686814175,0.21393149579056625,-0.29200932858721,"{""type"":""Point"",""coordinates"":[72.51674653915629,22.973739093799356]}"
230,23.921801185607933,1662.682775590551,47.49612836000006,29.560000000000002,5.030687191870409E-4,0.3458880910445739,-0.393658810325477,"{""type"":""Point"",""coordinates"":[72.46592025001986,22.998392713516882]}"
231,23.90883869371919,2142.307775590551,45.19409188999998,32.410000000000025,0.034262220191868434,0.1497878820841945,-0.2049703602371181,"{""type"":""Point"",""coordinates"":[72.53369065320128,23.060308159269752]}"
232,23.921801185607933,2036.3973425196848,45.19921892000002,30.77000000000004,-0.02065570888634965,0.286363132823751,-0.339640055376096,"{""type"":""Point"",""coordinates"":[72.49249561308724,23.03554376024427]}"
233,23.915034565172732,2444.109940944882,45.92042114000003,31.870000000000005,0.05249408114948159,0.11510376633358954,-0.18091168091168092,"{""type"":""Point"",""coordinates"":[72.66608583800192,23.06357719302658]}"
234,23.90883869371919,1342.7403543307084,49.15557707000005,30.730000000000018,0.04387514723203769,0.11523269792203332,-0.19112252384446074,"{""type"":""Point"",""coordinates"":[72.5318046214518,23.099557490055023]}"
235,24.035934315557085,1943.231496062992,46.95608120000003,32.25000000000006,0.0620215897939156,0.14480776140855192,-0.21959933648079621,"{""type"":""Point"",""coordinates"":[72.62844792357467,23.023946283460138]}"
236,24.035934315557085,1860.8274606299212,50.42195348000001,32.03000000000003,0.034884931792148285,0.13370030581039755,-0.20802919708029197,"{""type"":""Point"",""coordinates"":[72.58659265860534,23.046324470022856]}"
237,24.165128102022095,1977.0184055118111,46.026379760000054,28.450000000000045,0.021148036253776436,0.37682324566440795,-0.4621295279912184,"{""type"":""Point"",""coordinates"":[72.66191957330915,22.914863680051496]}"
238,24.165128102022095,1681.6985236220473,47.55936172999998,28.640000000000043,-0.025466250118337593,0.4566971490048413,-0.5065368567454799,"{""type"":""Point"",""coordinates"":[72.68012154210732,22.941347192520592]}"
239,24.034184354894307,2169.3811023622047,49.17608518999998,29.05000000000001,0.07937075437969253,0.0974960042621204,-0.19447987939232286,"{""type"":""Point"",""coordinates"":[72.54028211639336,22.928150130927094]}"
240,23.915034565172732,1710.119783464567,49.64606293999998,28.850000000000023,-0.062161905665749265,0.4536952851019613,-0.5335708413263908,"{""type"":""Point"",""coordinates"":[72.67418737565781,23.12998691124759]}"
241,23.915034565172732,1750.1936023622047,51.82846871000004,28.720000000000027,-0.001207617278216442,0.36689917564996827,-0.46420323325635104,"{""type"":""Point"",""coordinates"":[72.68497298339129,23.127456541515443]}"
242,23.915034565172732,1853.5070866141732,48.88897151000003,29.74000000000001,0.059357964869775896,0.17696097006441833,-0.23384533898305085,"{""type"":""Point"",""coordinates"":[72.68079944414073,23.050044575855335]}"
243,23.90883869371919,1963.602559055118,50.435625560000005,31.170000000000016,0.06105221829603455,0.13247306736119333,-0.20737094534898398,"{""type"":""Point"",""coordinates"":[72.54154789193204,23.09089158682389]}"
244,24.041129684448265,1914.3299212598426,50.915857370000026,29.49000000000001,0.07588179218303145,0.17946222168146977,-0.2605981794538362,"{""type"":""Point"",""coordinates"":[72.65426035501177,22.971491411769378]}"
245,23.921801185607933,2158.5312007874018,46.30153037000002,31.49000000000001,0.06526828354714861,0.0982506326328529,-0.16707587980825442,"{""type"":""Point"",""coordinates"":[72.54809151009567,22.996905181924728]}"
246,23.921801185607933,1835.164566929134,44.77196642000001,29.110000000000014,0.012242626599888704,0.32281704136132156,-0.3836559698583864,"{""type"":""Point"",""coordinates"":[72.53085847866487,22.967027026876757]}"
247,24.035934315557085,2041.2615157480313,48.357469400000014,31.110000000000014,0.07296530257255333,0.1487237663074305,-0.23337393422655298,"{""type"":""Point"",""coordinates"":[72.64814154150952,22.98221305827083]}"
248,23.921801185607933,1833.0686023622047,46.764672080000025,29.610000000000014,0.038638145369022284,0.08342799444654803,-0.1439232409381663,"{""type"":""Point"",""coordinates"":[72.47205985865205,22.99399784088036]}"
249,23.90355904319074,273.28120078740153,35.425390730000004,31.870000000000005,0.12567132116004295,-0.25797629899726526,0.4591362126245847,"{""type"":""Point"",""coordinates"":[72.59403634816826,23.065509493603425]}"
250,23.90883869371919,2199.644881889764,50.539875170000016,29.680000000000007,0.07465172622652938,0.2532813781788351,-0.38445854100589033,"{""type"":""Point"",""coordinates"":[72.53252497469686,23.12130583141683]}"
251,24.041129684448265,1577.4583661417323,45.69141380000002,29.160000000000025,-0.029313317780707983,0.44024978711325574,-0.49279199764636655,"{""type"":""Point"",""coordinates"":[72.66247622356587,22.96565742366349]}"
252,24.035934315557085,2098.036122047244,47.54910767000001,32.47000000000003,0.0724923562481507,0.085786860639649,-0.15301618440411965,"{""type"":""Point"",""coordinates"":[72.63297876711341,23.005023194142108]}"
253,23.90355904319074,1984.3427165354328,45.98194550000005,32.39000000000004,0.04223290821660046,0.07737535277516464,-0.13419163159197822,"{""type"":""Point"",""coordinates"":[72.564711111333,23.074415321646637]}"
254,24.151162719726585,1328.914566929134,38.86050082999998,27.950000000000045,-0.14356955380577427,0.4576781532285045,-0.44823001495762005,"{""type"":""Point"",""coordinates"":[72.61965086041785,22.91967401354751]}"
255,23.90355904319074,323.9273622047244,41.03436155000003,30.660000000000025,0.1701492537313433,-0.14329738058551617,0.3071651090342679,"{""type"":""Point"",""coordinates"":[72.64539900916516,23.097982760908472]}"
256,23.915034565172732,1929.4214566929131,49.65289898000003,30.150000000000034,0.09437246180622703,0.1314327132157526,-0.217787023794045,"{""type"":""Point"",""coordinates"":[72.67838163807228,23.058356714272136]}"
257,24.151162719726585,1504.073031496063,35.01693734000003,27.710000000000036,-0.15116022099447513,0.5151250727166957,-0.5289110654534781,"{""type"":""Point"",""coordinates"":[72.58109153292966,22.91460772310984]}"
258,24.035934315557085,2336.6276574803155,45.20605496000002,31.49000000000001,0.06262661851492997,0.07429840500706643,-0.13273017562533262,"{""type"":""Point"",""coordinates"":[72.5518035956793,22.995603618300727]}"
259,23.90355904319074,1900.5686023622045,46.57155395000001,30.930000000000007,0.023615874571288584,0.19831629585087193,-0.26962283384301733,"{""type"":""Point"",""coordinates"":[72.59414497936008,23.112702184739575]}"
260,23.90355904319074,2269.3299212598426,44.85741691999999,32.370000000000005,0.04576951130561634,0.08590993982153974,-0.1313371527402443,"{""type"":""Point"",""coordinates"":[72.55649623602044,23.070265563601595]}"
261,23.921801185607933,1888.245275590551,45.64014350000002,30.470000000000027,9.319664492078285E-4,0.2707444286391655,-0.34,"{""type"":""Point"",""coordinates"":[72.49219021147027,23.04830653039207]}"
262,24.041129684448265,1795.4249015748032,46.74416396000004,30.53000000000003,0.08694243438816286,0.10697918030640303,-0.17416666666666666,"{""type"":""Point"",""coordinates"":[72.65941090879582,22.99551494198653]}"
263,23.915034565172732,1883.9229330708663,46.985134370000026,28.850000000000023,0.05926113788147772,0.3431502715751358,-0.4536903984323971,"{""type"":""Point"",""coordinates"":[72.67367358405552,23.12847540537565]}"
264,23.90883869371919,1817.506594488189,48.65483714000004,29.370000000000005,-0.027634320920540002,0.41651055326589237,-0.4644286636539703,"{""type"":""Point"",""coordinates"":[72.47837647113612,23.074920173066687]}"
265,24.035934315557085,1745.4436023622045,49.42730965999999,32.370000000000005,0.07558745225141798,0.09098360655737706,-0.14691943127962084,"{""type"":""Point"",""coordinates"":[72.63420789834014,23.01871000483483]}"
266,24.034184354894307,1407.7162401574801,42.84933017000003,28.190000000000055,-0.22603151690123902,0.551529913228802,-0.551529913228802,"{""type"":""Point"",""coordinates"":[72.47082282926183,22.94375714778041]}"
267,23.921801185607933,1763.1576771653542,43.826883889999976,28.810000000000002,-0.033783783783783786,0.4402747742017555,-0.49228944246737844,"{""type"":""Point"",""coordinates"":[72.46157086537856,22.9799860161283]}"
268,23.90883869371919,2219.092224409449,46.414325029999986,31.730000000000018,0.04191809477834098,0.21299786085362127,-0.3210561349012647,"{""type"":""Point"",""coordinates"":[72.54897131309814,23.09690728451303]}"
269,23.921801185607933,1995.592716535433,44.20115708000003,32.210000000000036,-0.020816812053925455,0.18001604216798442,-0.23684842661542158,"{""type"":""Point"",""coordinates"":[72.52958424899965,23.046127154701285]}"
270,24.165128102022095,2435.8146653543304,46.60573414999999,28.930000000000007,0.054654749663845606,0.12351945854483926,-0.20788276907529055,"{""type"":""Point"",""coordinates"":[72.65128002589452,22.933901466006013]}"
271,23.915034565172732,1487.938681102362,48.11820799999998,30.880000000000052,-0.006095374686267479,0.2905105013030814,-0.34236963801626535,"{""type"":""Point"",""coordinates"":[72.6684358091747,23.089326820599997]}"
272,23.921801185607933,2000.1995078740156,43.97214974000002,30.77000000000004,-0.062174746644754864,0.3200953137410643,-0.35184754822217057,"{""type"":""Point"",""coordinates"":[72.49058602024917,23.034214647753153]}"
273,23.90355904319074,2128.0159448818895,46.24000601,32.210000000000036,0.059824159021406725,0.08527302813017099,-0.15077786875657972,"{""type"":""Point"",""coordinates"":[72.634218212562,23.061984908135052]}"
274,24.035934315557085,2327.4455708661417,50.33650297999998,31.170000000000016,0.09212447176334998,0.14997566909975668,-0.28072837632776937,"{""type"":""Point"",""coordinates"":[72.64626162173408,22.990857971455213]}"
275,24.165128102022095,1907.6256889763777,47.82425827999998,28.80000000000001,0.09322738612214727,0.19931565440547477,-0.29284679225398497,"{""type"":""Point"",""coordinates"":[72.65108823715488,22.91702072820595]}"
276,23.90883869371919,2159.0528543307087,45.46240646000001,31.910000000000025,0.004602472701019764,0.17690994451557832,-0.2326776933392937,"{""type"":""Point"",""coordinates"":[72.54687349167463,23.086268214136297]}"
277,23.90355904319074,2215.3845472440944,44.56688522000002,32.150000000000034,0.009541117673784643,0.1368377138089278,-0.19491339618504713,"{""type"":""Point"",""coordinates"":[72.57759553276544,23.106135072619708]}"
278,24.165128102022095,1771.586318897638,48.79326695000003,28.670000000000016,0.05382486833883781,0.37305699481865284,-0.4738598442714127,"{""type"":""Point"",""coordinates"":[72.67516235265784,22.93000310617309]}"
279,23.921801185607933,1439.8875,41.80341605000001,28.250000000000057,-0.2705274286385528,0.5833699311960181,-0.5859237536656892,"{""type"":""Point"",""coordinates"":[72.4554116515842,22.972631069823954]}"
280,24.035934315557085,1870.3530511811025,48.98296706000002,30.950000000000045,0.1093512031678343,0.10118001506402209,-0.19558402616873383,"{""type"":""Point"",""coordinates"":[72.60021679273432,22.956349494552242]}"
281,24.165128102022095,1734.8717519685038,48.25321979,28.870000000000005,0.016124573850548236,0.39036458333333335,-0.466355396868992,"{""type"":""Point"",""coordinates"":[72.66397703983954,22.941091044755723]}"
282,23.90883869371919,1427.3323818897638,44.765130380000016,28.83000000000004,-0.12482160500603798,0.6064597052367513,-0.5890198511166254,"{""type"":""Point"",""coordinates"":[72.47080918220922,23.088319701126025]}"
283,24.041129684448265,1821.6365157480316,49.519596200000024,28.720000000000027,0.05262191202130591,0.3002268716914545,-0.3889861316817019,"{""type"":""Point"",""coordinates"":[72.68733232050467,22.95606928247679]}"
284,23.90883869371919,1831.9253937007873,51.93955435999999,29.77000000000004,0.12532682586717797,0.26159648020113135,-0.3975769391449659,"{""type"":""Point"",""coordinates"":[72.48222869970617,23.0733631701339]}"
285,24.151162719726585,1802.565649606299,49.74518552000001,28.970000000000027,0.0935000459685575,0.23993963782696176,-0.37613398464759246,"{""type"":""Point"",""coordinates"":[72.61253167330283,22.941845922063663]}"
286,23.90355904319074,2178.2408464566925,48.40873970000001,31.55000000000001,0.07710343583731626,0.10054844606946983,-0.1884798513529207,"{""type"":""Point"",""coordinates"":[72.62706271323766,23.07872376182369]}"
287,23.90355904319074,1614.3948818897638,43.18771415000003,30.77000000000004,-0.18036978756884342,0.6391696257853046,-0.6075542459148138,"{""type"":""Point"",""coordinates"":[72.61126491638193,23.0886266108151]}"
288,24.151162719726585,1928.3520669291336,48.894098540000016,28.950000000000045,0.05754356141096473,0.3070847577507957,-0.42044581091468103,"{""type"":""Point"",""coordinates"":[72.56650624138338,22.92842880406781]}"
289,23.921801185607933,2386.124704724409,44.315660750000006,29.560000000000002,0.010677924012912838,0.1527777777777778,-0.2073946863319527,"{""type"":""Point"",""coordinates"":[72.46066085574664,22.993242408806175]}"
290,23.90355904319074,1891.553346456693,44.66258978000002,30.890000000000043,0.011275964391691394,0.21295959228248998,-0.2586250314782171,"{""type"":""Point"",""coordinates"":[72.60223146383011,23.099981570702315]}"
291,24.035934315557085,1542.5489173228348,47.904581750000034,32.27000000000004,0.015489233094068758,0.1665174574753805,-0.22347417840375586,"{""type"":""Point"",""coordinates"":[72.57867476211139,23.03993941291434]}"
292,23.921801185607933,1842.7733267716537,49.83747205999998,29.27000000000004,0.09123530994886517,0.27630086934610054,-0.37879406560500883,"{""type"":""Point"",""coordinates"":[72.54074161936869,22.962400547136323]}"
293,24.035934315557085,1799.2226377952752,50.50227695000001,31.890000000000043,0.08218344155844155,0.1522099095656604,-0.2591870824053452,"{""type"":""Point"",""coordinates"":[72.6408465024183,22.989061850837203]}"
294,23.915034565172732,1930.8008858267715,47.19705161000002,31.24000000000001,0.0351269825824657,0.1817423429865332,-0.2510724198839263,"{""type"":""Point"",""coordinates"":[72.67533127537995,23.0666281325767]}"
295,24.035934315557085,2386.2792322834644,46.15455551000002,32.55000000000001,0.05773355065625804,0.07950859950859951,-0.15039798910766652,"{""type"":""Point"",""coordinates"":[72.6236493632334,22.985543140832004]}"
296,24.035934315557085,2102.7964566929136,45.38379200000003,32.27000000000004,0.07141496857741382,0.08451957295373666,-0.1536732520998462,"{""type"":""Point"",""coordinates"":[72.64732719399058,23.041205466282786]}"
297,23.921801185607933,1848.0065944881885,42.65963006000004,29.79000000000002,-0.13442298167409608,0.37992529220388,-0.39522417153996103,"{""type"":""Point"",""coordinates"":[72.46044806048684,23.00298180127376]}"
298,23.921801185607933,2348.161122047244,44.68480691000002,32.23000000000002,0.04642149685642925,0.09928514694201747,-0.16168292938831183,"{""type"":""Point"",""coordinates"":[72.54203200675808,23.028229692021664]}"
299,24.151162719726585,1892.1685039370077,53.51355257,28.390000000000043,0.12338325391422736,0.24480425326244562,-0.39631336405529954,"{""type"":""Point"",""coordinates"":[72.56048861849982,22.922300030392826]}"
300,23.921801185607933,1898.3215551181104,47.494419350000044,30.77000000000004,0.04099333515931708,0.2612872238232469,-0.3351976611160544,"{""type"":""Point"",""coordinates"":[72.4886232249104,23.033982582976655]}"
301,24.034184354894307,1374.0188976377954,47.99003225000001,28.05000000000001,-0.14081087642631707,0.5318663406682966,-0.5102040816326531,"{""type"":""Point"",""coordinates"":[72.49190326940607,22.942093820884956]}"
302,23.90883869371919,2079.9293307086614,46.68947564000001,31.07000000000005,0.029954719609892023,0.21034332898739677,-0.2980657189466325,"{""type"":""Point"",""coordinates"":[72.50147679635536,23.05561493797767]}"
303,24.034184354894307,1555.8461614173227,48.07035572000001,27.870000000000005,0.02189001601708489,0.3588488354843495,-0.415327564894932,"{""type"":""Point"",""coordinates"":[72.49333384695174,22.91533813219642]}"
304,23.90355904319074,1573.297933070866,40.39519181000003,31.090000000000032,-0.03341208234897064,0.30575692963752665,-0.3582729557888511,"{""type"":""Point"",""coordinates"":[72.60227348090802,23.079241769027288]}"
305,23.90883869371919,1697.4450787401574,49.32647807000001,29.05000000000001,0.022768670309653915,0.42933262288530705,-0.5324193087689232,"{""type"":""Point"",""coordinates"":[72.47025776058183,23.079248284124567]}"
306,24.041129684448265,1904.1099409448818,46.78859822000004,30.130000000000052,0.09222624686542212,0.18803938252096755,-0.2716627634660422,"{""type"":""Point"",""coordinates"":[72.6731279818154,23.004145430943318]}"
307,23.90883869371919,1719.6173228346454,47.85502045999999,29.730000000000018,0.022753567296567682,0.33561734088812756,-0.4103241964658411,"{""type"":""Point"",""coordinates"":[72.48639011684118,23.097061633948883]}"
308,23.921801185607933,2377.236909448819,44.68480691000002,32.29000000000002,0.02951676099259904,0.0837141468157511,-0.14142345110087046,"{""type"":""Point"",""coordinates"":[72.5256662364634,23.02033366106886]}"
309,24.035934315557085,1541.4952755905513,53.79383021000001,30.370000000000005,0.11046636578551472,0.24913233740757507,-0.3691696989745286,"{""type"":""Point"",""coordinates"":[72.57256273296264,22.964529151131654]}"
310,23.921801185607933,2633.2531496062993,45.823007570000016,29.510000000000048,0.028748341441839895,0.15255423372988103,-0.22761576446473494,"{""type"":""Point"",""coordinates"":[72.50958621221463,22.97200139456719]}"
311,23.921801185607933,1893.6084645669293,44.64037265000002,32.210000000000036,0.03500314399496961,0.1374922791846819,-0.1852233234650534,"{""type"":""Point"",""coordinates"":[72.52121570695792,23.01861184330051]}"
312,23.915034565172732,1642.2669291338584,47.472202219999986,29.640000000000043,0.05605509852687966,0.3644911504424779,-0.4630096367679763,"{""type"":""Point"",""coordinates"":[72.65205458607022,23.108504558801883]}"
313,23.90355904319074,1543.9977362204722,46.393816910000055,30.100000000000023,0.12563413906296628,0.32140709561034275,-0.4435867958613894,"{""type"":""Point"",""coordinates"":[72.6225140568445,23.10198553606874]}"
314,24.035934315557085,1384.9490157480316,48.86675438000003,30.120000000000005,0.03956501619620546,0.3802161263507897,-0.4513986013986014,"{""type"":""Point"",""coordinates"":[72.64399473464422,22.955738456669053]}"
315,24.151162719726585,2022.3087598425197,47.602086980000024,29.230000000000018,0.04160218479745107,0.2063710324280967,-0.26889237073641076,"{""type"":""Point"",""coordinates"":[72.61657014598234,22.935881087748335]}"
316,24.035934315557085,1702.9352362204725,50.6475428,32.25000000000006,0.07594361073215097,0.1273231622746186,-0.18952144007024732,"{""type"":""Point"",""coordinates"":[72.61225339072989,23.01149559318039]}"
317,23.921801185607933,1655.9185039370077,52.18223378000005,32.210000000000036,0.10724289715886355,0.22970924624500483,-0.3699723672090881,"{""type"":""Point"",""coordinates"":[72.52354087706463,23.046771968773353]}"
318,24.035934315557085,1939.631594488189,45.90674906000004,32.01000000000005,0.04334743770568877,0.20530742802985427,-0.29423737437984987,"{""type"":""Point"",""coordinates"":[72.5949177242153,22.98656239292455]}"
319,23.90355904319074,1376.3742125984254,45.053953070000034,31.090000000000032,-0.04695996045477014,0.37131757850437036,-0.44081632653061226,"{""type"":""Point"",""coordinates"":[72.59690677161532,23.078639949853983]}"
320,24.035934315557085,1809.047933070866,45.788827370000035,32.25000000000006,9.796451507565038E-4,0.17847971237801746,-0.2100197758734344,"{""type"":""Point"",""coordinates"":[72.57092704173343,23.043046720079236]}"
321,23.90883869371919,2147.8870078740156,46.443378199999984,30.970000000000027,-0.032797532066893974,0.31629591308846355,-0.38719877875913206,"{""type"":""Point"",""coordinates"":[72.50381743503438,23.061272792936926]}"
322,24.035934315557085,2287.719192913386,47.248321910000016,32.27000000000004,0.05681301699845469,0.07190082644628099,-0.14310895670375676,"{""type"":""Point"",""coordinates"":[72.63403539589946,22.997920759563378]}"
323,23.90355904319074,2430.580413385827,44.45579957000001,32.28000000000003,0.033105888299216575,0.09575178997613365,-0.1516002809270593,"{""type"":""Point"",""coordinates"":[72.57165125567596,23.078252928905798]}"
324,23.921801185607933,1575.3786417322835,46.64845939999998,29.180000000000007,0.06980503081119305,0.3420784142253316,-0.4428078972109057,"{""type"":""Point"",""coordinates"":[72.48138848256842,22.96920683589448]}"
325,23.921801185607933,1395.2044291338584,46.56471791000001,28.440000000000055,-0.3079792995546997,0.6213635685513949,-0.6003534089235754,"{""type"":""Point"",""coordinates"":[72.4855801965229,22.960615179381914]}"
326,23.921801185607933,2022.0971456692912,42.14521805000004,29.690000000000055,-0.08672308672308672,0.31912073345852204,-0.3422501966955153,"{""type"":""Point"",""coordinates"":[72.52710220398073,22.978111892153024]}"
327,24.034184354894307,1661.0371062992124,40.63787123000003,28.750000000000057,-0.2219485764949266,0.6403067971436128,-0.5876103929348522,"{""type"":""Point"",""coordinates"":[72.5366997062897,22.934172936724487]}"
328,24.151162719726585,1335.096653543307,39.21084788000002,29.090000000000032,-0.1833946400420389,0.47430441898527004,-0.4473007712082262,"{""type"":""Point"",""coordinates"":[72.60006478018518,22.938199638672174]}"
329,24.041129684448265,1897.7511811023624,49.62897284000002,31.130000000000052,0.0678987545198875,0.11632383014555515,-0.21069797782126548,"{""type"":""Point"",""coordinates"":[72.67989353378607,23.037663538334808]}"
330,23.921801185607933,1763.2816929133858,46.70143871000005,31.850000000000023,-0.02846027846027846,0.29508830733531005,-0.3396452860381384,"{""type"":""Point"",""coordinates"":[72.51638602720523,22.99687985818146]}"
331,23.915034565172732,2270.326476377953,47.969524130000025,30.360000000000014,0.05712135150957598,0.1459646269566985,-0.2345597897503285,"{""type"":""Point"",""coordinates"":[72.65928777672707,23.105942904280383]}"
332,24.035934315557085,1655.2310039370082,49.02911032999998,32.450000000000045,0.09448349815322292,0.0838562464346834,-0.16154669112028122,"{""type"":""Point"",""coordinates"":[72.59738491636126,23.022086577551406]}"
333,23.921801185607933,1830.2497047244094,47.04494971999998,30.010000000000048,0.0015707290030490622,0.3342387949129522,-0.40941698187035347,"{""type"":""Point"",""coordinates"":[72.474442124927,22.999989975891793]}"
334,23.921801185607933,1717.8806102362207,44.00291192000003,29.210000000000036,-0.08816551200531461,0.5108709974963763,-0.5170680074093675,"{""type"":""Point"",""coordinates"":[72.53923099894799,22.973486402931975]}"
335,23.921801185607933,2182.238877952756,45.86915084000003,30.370000000000005,0.002108350902924191,0.1511050015861267,-0.2125194920917799,"{""type"":""Point"",""coordinates"":[72.46152590933966,23.02300391849918]}"
336,23.921801185607933,1724.7570866141732,41.68720337000002,28.590000000000032,-0.05782792665726375,0.3922036595067621,-0.3972055888223553,"{""type"":""Point"",""coordinates"":[72.53122596942985,22.950178810849444]}"
337,23.921801185607933,1238.4504921259843,42.35200826000005,29.690000000000055,-0.19114863881205416,0.4445621468926554,-0.4141030072589008,"{""type"":""Point"",""coordinates"":[72.52237252536476,22.975621240149863]}"
338,24.165128102022095,2051.9878937007875,52.81627649000001,29.230000000000018,0.12628210388118488,0.19105145413870245,-0.3210918114143921,"{""type"":""Point"",""coordinates"":[72.6577586709733,22.94792328561314]}"
339,24.151162719726585,1906.5833661417323,49.02227429000004,28.49000000000001,0.026350117401513176,0.33651665273964426,-0.43116451489198515,"{""type"":""Point"",""coordinates"":[72.62920927569476,22.92929226528817]}"
340,24.035934315557085,1910.3382874015747,47.95414304000002,31.79000000000002,0.05532263012577973,0.12452830188679245,-0.18939101326123342,"{""type"":""Point"",""coordinates"":[72.62696477164167,22.973599678315615]}"
341,23.90883869371919,1986.2172244094488,46.97146228999998,29.370000000000005,-0.028719359275139553,0.41635108041880153,-0.5281817089292152,"{""type"":""Point"",""coordinates"":[72.49483776821626,23.127538795646867]}"
342,24.035934315557085,2111.451968503937,47.28421112000001,32.09000000000003,0.03653238546603475,0.06972155229116422,-0.13782649253731344,"{""type"":""Point"",""coordinates"":[72.6072015727116,23.046991191338815]}"
343,24.041129684448265,1735.7777559055116,48.54887852000002,28.83000000000004,0.029075220408928907,0.3694933192221193,-0.42786206896551726,"{""type"":""Point"",""coordinates"":[72.67275950099406,22.969679417054778]}"
344,24.165128102022095,1650.0134842519683,48.32670722,29.04000000000002,-0.08799060389546834,0.5113528212100612,-0.5398254605901094,"{""type"":""Point"",""coordinates"":[72.65351462571168,22.941187845372802]}"
345,24.151162719726585,1505.6689960629922,35.03573645000006,28.430000000000007,-0.34523672387973736,0.6098704163220292,-0.5947016250170695,"{""type"":""Point"",""coordinates"":[72.58545675903972,22.926699871471254]}"
346,23.921801185607933,2163.894881889764,47.76444293000003,32.150000000000034,0.04540123973864969,0.19831756046267088,-0.28362243748592025,"{""type"":""Point"",""coordinates"":[72.53422046832877,23.041671950395408]}"
347,24.035934315557085,1576.7383858267715,47.805459170000006,32.25000000000006,0.03220338983050847,0.1654760169120863,-0.22720294749769726,"{""type"":""Point"",""coordinates"":[72.61800413242219,23.012744921816463]}"
348,24.034184354894307,1901.3732283464567,54.479143220000026,28.210000000000036,0.1223750905141202,0.1794185622187082,-0.30603448275862066,"{""type"":""Point"",""coordinates"":[72.51641422271375,22.921301533688787]}"
349,24.035934315557085,1824.7905511811023,44.78905652000003,32.410000000000025,0.02335456475583864,0.16293768170901277,-0.2102078400420942,"{""type"":""Point"",""coordinates"":[72.56310873330281,23.035480733604363]}"
350,24.035934315557085,1813.0115157480316,49.153868060000036,29.57000000000005,0.07558444281371213,0.13854099418979987,-0.21159659247045892,"{""type"":""Point"",""coordinates"":[72.5718810814107,22.955670421219963]}"
351,24.034184354894307,2331.34812992126,48.56255060000001,28.450000000000045,0.0450435774211941,0.16067716067716067,-0.24936061381074168,"{""type"":""Point"",""coordinates"":[72.54001258872167,22.916850887777958]}"
352,23.921801185607933,1731.4042322834646,42.44258579000001,28.590000000000032,-0.03690223435446365,0.34929614524404684,-0.37314232159592986,"{""type"":""Point"",""coordinates"":[72.53006580698742,22.950444571086855]}"
353,23.90883869371919,1784.2196850393702,48.01395839000003,29.640000000000043,-0.03927870023210141,0.4634820867379007,-0.5220290234017518,"{""type"":""Point"",""coordinates"":[72.50910913239271,23.109579062792598]}"
354,23.915034565172732,2168.5562992125983,45.45044339000003,28.950000000000045,-0.047790339157245634,0.2630600867231055,-0.3247428262046562,"{""type"":""Point"",""coordinates"":[72.65843350921881,23.12730428583311]}"
355,23.90355904319074,309.0700787401575,42.62032283000002,32.09000000000003,0.04627766599597585,-0.2651162790697674,0.4086088583905178,"{""type"":""Point"",""coordinates"":[72.57601658282411,23.051634607630525]}"
356,24.034184354894307,1474.6753937007873,46.20069878000004,28.810000000000002,-0.04702598239209792,0.4827428918960012,-0.5359899196723894,"{""type"":""Point"",""coordinates"":[72.5303282219121,22.920789530586447]}"
357,23.90355904319074,1667.5085629921261,44.94799445000001,31.49000000000001,-0.003175825233375036,0.4153428377460964,-0.4787913179174351,"{""type"":""Point"",""coordinates"":[72.61116950253154,23.066034214746065]}"
358,23.90883869371919,2008.113877952756,45.188964860000056,31.55000000000001,6.813978389954249E-4,0.18545034642032332,-0.2349332370985204,"{""type"":""Point"",""coordinates"":[72.51702907720191,23.060736964073808]}"
359,24.041129684448265,1741.3235236220473,49.78961978000001,30.890000000000043,0.06221752091547264,0.27028787286700534,-0.3955352032054951,"{""type"":""Point"",""coordinates"":[72.6717996795351,23.00929742349276]}"
360,23.90883869371919,1823.061712598425,50.11091366000005,29.29000000000002,0.06353142368533561,0.3712282458995868,-0.4612408272181454,"{""type"":""Point"",""coordinates"":[72.4925225564024,23.12096669463759]}"
361,23.90883869371919,2035.9746062992126,51.06795926000001,29.610000000000014,0.0699661454135096,0.28342602892102337,-0.39685230024213075,"{""type"":""Point"",""coordinates"":[72.51914442297857,23.122180712434243]}"
362,23.921801185607933,1848.3077755905513,45.88624093999999,31.310000000000002,-0.02208942482125707,0.1933715424869175,-0.2338013654515007,"{""type"":""Point"",""coordinates"":[72.50032959488692,23.036851196229627]}"
363,24.035934315557085,1921.948031496063,51.13461065000001,31.110000000000014,0.05866331447726796,0.14050006345982993,-0.17771952817824377,"{""type"":""Point"",""coordinates"":[72.64056158101006,22.977605550397303]}"
364,23.90355904319074,1789.196062992126,46.28102224999998,29.610000000000014,0.03869998121360135,0.28037032403352935,-0.3940879989102302,"{""type"":""Point"",""coordinates"":[72.63135040760595,23.120484204974485]}"
365,24.035934315557085,2064.789566929134,50.36555615000003,31.49000000000001,0.07561255742725881,0.08431570674750197,-0.17408217845854607,"{""type"":""Point"",""coordinates"":[72.58358325692406,22.970370023279]}"
366,24.035934315557085,2275.4062007874013,47.166289430000006,31.750000000000057,0.06605718383077888,0.07979274611398963,-0.14972967008716762,"{""type"":""Point"",""coordinates"":[72.59394131501676,22.980826461427828]}"
367,23.90355904319074,1988.3845472440944,50.44587962000003,31.950000000000045,0.1192841163310962,0.1500350549193737,-0.25280040733197556,"{""type"":""Point"",""coordinates"":[72.56460538257896,23.105173336685038]}"
368,23.921801185607933,2032.1857283464565,43.58420447000003,32.150000000000034,7.134848639282438E-4,0.11244752070804494,-0.15763372298972725,"{""type"":""Point"",""coordinates"":[72.5247066142381,23.03601280272834]}"
369,24.035934315557085,1805.9706692913385,45.25390723999999,32.410000000000025,0.0032212603180994566,0.2569179994922569,-0.3225591024442367,"{""type"":""Point"",""coordinates"":[72.64179043997503,23.037446492200512]}"
370,24.034184354894307,3017.179822834646,48.82744715000001,28.810000000000002,0.040083073727933544,0.07098169460106589,-0.13173359451518118,"{""type"":""Point"",""coordinates"":[72.46053689631667,22.941483163492553]}"
371,23.90883869371919,2079.9293307086614,46.68947564000001,31.07000000000005,0.029954719609892023,0.21034332898739677,-0.2980657189466325,"{""type"":""Point"",""coordinates"":[72.50152747096517,23.055538835266155]}"
372,24.035934315557085,1476.9273622047247,48.523243370000046,32.35000000000002,0.11160949868073879,0.08946772366930918,-0.16384376080193572,"{""type"":""Point"",""coordinates"":[72.58725003659497,23.02690679449773]}"
373,24.041129684448265,1781.3702755905513,48.21049454000001,28.590000000000032,0.046209386281588445,0.3411167512690355,-0.44985594731787626,"{""type"":""Point"",""coordinates"":[72.6826743472567,22.983584881836876]}"
374,23.921801185607933,1755.0735236220473,45.905040050000025,30.690000000000055,-0.041456640263347395,0.2982816106694024,-0.3411047820903431,"{""type"":""Point"",""coordinates"":[72.48176474961157,23.040020642876634]}"
375,23.90883869371919,1156.3102362204722,51.03377906000003,29.03000000000003,-0.007735792918774174,0.3243401759530792,-0.4027749016359495,"{""type"":""Point"",""coordinates"":[72.46307897882409,23.11278498523036]}"
376,24.035934315557085,1729.4204724409446,49.56915749000001,32.03000000000003,0.05231252806466098,0.13498252218338264,-0.19575070821529744,"{""type"":""Point"",""coordinates"":[72.58618192939804,23.045658500659997]}"
377,24.035934315557085,1678.0233267716537,47.279084090000026,32.24000000000001,0.026042224841924765,0.2374727668845316,-0.3161477190441709,"{""type"":""Point"",""coordinates"":[72.61290798157728,23.0430428057112]}"
378,24.041129684448265,1838.2536417322838,45.37695596000003,30.24000000000001,-0.07807010026566115,0.5143854580474299,-0.5606004217838978,"{""type"":""Point"",""coordinates"":[72.6824477566956,23.00914185962259]}"
379,24.035934315557085,1879.7260826771653,47.53372658000001,32.33000000000004,0.04739578024666191,0.16056128150999627,-0.22747570265300762,"{""type"":""Point"",""coordinates"":[72.62530399046199,23.027250177282696]}"
380,24.035934315557085,1503.1330708661417,51.03890609000001,29.410000000000025,0.08273034249879402,0.2057704502219404,-0.27489104927924907,"{""type"":""Point"",""coordinates"":[72.55522933118449,22.957634814645516]}"
381,24.041129684448265,1867.7807086614175,49.85798018000003,28.870000000000005,0.05629787992161055,0.3119504643962848,-0.390106285264401,"{""type"":""Point"",""coordinates"":[72.68419094882373,22.98237168153725]}"
382,23.915034565172732,2081.073031496063,51.05941421,28.950000000000045,0.11520666255397903,0.24460353617529015,-0.39960966089290073,"{""type"":""Point"",""coordinates"":[72.66198735041648,23.128133290297725]}"
383,24.151162719726585,2069.5858267716535,47.79862313000001,29.120000000000005,0.0795198799699925,0.12375500858614769,-0.19751128461632306,"{""type"":""Point"",""coordinates"":[72.63596315304929,22.93543557896749]}"
384,24.035934315557085,2030.5351377952757,45.98194550000005,31.890000000000043,0.037632864119505886,0.1331604464990416,-0.19799737751817856,"{""type"":""Point"",""coordinates"":[72.64945380274364,23.006383193806766]}"
385,23.921801185607933,1986.835334645669,47.54739866,28.250000000000057,-0.005719970156677443,0.35296085647373704,-0.45276014848521134,"{""type"":""Point"",""coordinates"":[72.46137068711273,22.969996434456405]}"
386,23.90355904319074,1974.680807086614,49.06841756000006,32.190000000000055,0.12477642449535814,0.21739130434782608,-0.33523908523908524,"{""type"":""Point"",""coordinates"":[72.57861677426294,23.080974091925125]}"
387,24.035934315557085,1446.324507874016,50.266433570000004,31.05000000000001,0.03189772868313268,0.2390786338363781,-0.31026373257181256,"{""type"":""Point"",""coordinates"":[72.63904818474481,22.973144330123922]}"
388,23.90355904319074,1675.7634842519683,45.87256886,32.39000000000004,-0.008558119380348825,0.27098976109215017,-0.31608707944585807,"{""type"":""Point"",""coordinates"":[72.55185215883095,23.05229060145924]}"
389,23.90355904319074,2157.7777559055116,46.535664740000016,31.670000000000016,0.05307125307125307,0.21551724137931033,-0.2982259151134067,"{""type"":""Point"",""coordinates"":[72.59214139406355,23.067737566571633]}"
390,23.921801185607933,2453.331889763779,46.10499421999998,30.170000000000016,0.040454467206059566,0.05348705348705349,-0.11636290807129981,"{""type"":""Point"",""coordinates"":[72.47715479138041,23.045377170616707]}"
391,23.921801185607933,1990.744783464567,48.967585970000016,30.33000000000004,0.11588873173031589,0.12260536398467432,-0.19561336393777098,"{""type"":""Point"",""coordinates"":[72.48845152399498,22.98809928922481]}"
392,23.90355904319074,2043.3525590551178,48.67534526000003,30.02000000000004,-0.0040256175663311985,0.22889137737961926,-0.2860658619477323,"{""type"":""Point"",""coordinates"":[72.58778469705732,23.12728859655759]}"
393,23.90355904319074,1808.5961614173227,49.282043810000005,31.950000000000045,0.06634321274127201,0.12721253024321916,-0.22197680839315295,"{""type"":""Point"",""coordinates"":[72.58581403556579,23.070050840157684]}"
394,23.90883869371919,2325.3446850393702,50.66292389,29.870000000000005,0.11880487114131974,0.20542372881355933,-0.3714600550964187,"{""type"":""Point"",""coordinates"":[72.49402904668473,23.06244929448738]}"
395,24.151162719726585,2090.0154527559052,46.52882870000002,29.010000000000048,0.08182228236355435,0.12414402474044621,-0.2225825825825826,"{""type"":""Point"",""coordinates"":[72.64207913223632,22.92580329631744]}"
396,24.041129684448265,1647.9445866141732,46.25538710000001,28.760000000000048,-0.11348261076703192,0.5914476372055019,-0.5726012649710671,"{""type"":""Point"",""coordinates"":[72.67846696935409,22.96170751370719]}"
397,24.165128102022095,1941.7930118110235,52.799186390000045,29.230000000000018,0.11157347204161248,0.21048901488306165,-0.33229329173166927,"{""type"":""Point"",""coordinates"":[72.65681522931307,22.946874643828075]}"
398,24.034184354894307,1896.311712598425,46.28273125999999,28.750000000000057,-0.021424126589030135,0.3554323463489442,-0.4148503878832656,"{""type"":""Point"",""coordinates"":[72.53684116342232,22.938100074120175]}"
399,23.90355904319074,2289.4500000000003,50.98079975000002,31.850000000000023,0.09498991257565569,0.13350178985049485,-0.21856253537068476,"{""type"":""Point"",""coordinates"":[72.63602805991474,23.077068386552778]}"
400,24.034184354894307,1337.754625984252,39.35611373000006,28.420000000000016,-0.39448829085263293,0.6487685482637295,-0.6467532467532467,"{""type"":""Point"",""coordinates"":[72.46270230509835,22.936681166978286]}"
401,23.921801185607933,1822.3678149606299,47.49783737000001,30.010000000000048,-0.037120149602618044,0.3693827160493827,-0.4319648851019881,"{""type"":""Point"",""coordinates"":[72.47964135601852,23.006557899979995]}"
402,24.151162719726585,1452.5548228346458,35.797954910000044,28.05000000000001,-0.31279223114734445,0.5832851359167148,-0.5231603839198776,"{""type"":""Point"",""coordinates"":[72.5650288896583,22.92032221179029]}"
403,23.921801185607933,1382.5218503937008,46.05372392000004,28.190000000000055,-0.22643849206349206,0.5101542220186288,-0.5357142857142857,"{""type"":""Point"",""coordinates"":[72.47250457437202,22.954943849721566]}"
404,23.90355904319074,1786.6793307086614,45.93238421000001,30.150000000000034,-0.01631878557874763,0.3339975093399751,-0.40854700854700854,"{""type"":""Point"",""coordinates"":[72.619713113411,23.094069541893447]}"
405,24.035934315557085,2231.144881889764,45.091551289999984,32.370000000000005,0.07605446695450016,0.16340825927861996,-0.23301939058171744,"{""type"":""Point"",""coordinates"":[72.55210054978149,23.019432610128742]}"
406,24.035934315557085,1569.641437007874,51.649022660000014,32.25000000000006,0.08453959372339132,0.11894142134998513,-0.20860767624859483,"{""type"":""Point"",""coordinates"":[72.62886356674841,23.01182649229359]}"
407,23.921801185607933,1663.575,44.73607721000002,31.870000000000005,-0.011436111722014515,0.26659322500688515,-0.31212553495007134,"{""type"":""Point"",""coordinates"":[72.5093214056005,23.027998687195428]}"
408,23.921801185607933,2148.4234251968505,43.905498350000016,29.100000000000023,-0.030509691313711413,0.254259501965924,-0.28975741239892183,"{""type"":""Point"",""coordinates"":[72.4620320439579,22.990787904564552]}"
409,23.921801185607933,1799.528248031496,49.85114414000003,29.77000000000004,0.10152827801031832,0.19389470961065838,-0.291993281075028,"{""type"":""Point"",""coordinates"":[72.47875105179025,22.98912194165546]}"
410,24.151162719726585,1470.8712598425195,49.91950454000005,29.04000000000002,0.07372770769899957,0.33469131933563145,-0.4400676246830093,"{""type"":""Point"",""coordinates"":[72.64734885156992,22.925065383971155]}"
411,23.921801185607933,1564.7221456692914,47.49954638000003,32.25000000000006,0.0850880433444157,0.12100181050090525,-0.1874700335624101,"{""type"":""Point"",""coordinates"":[72.54087347623924,23.046153342163905]}"
412,23.921801185607933,2030.8313976377954,44.94286742000003,32.29000000000002,0.0467622343054869,0.12692847124824685,-0.1956845238095238,"{""type"":""Point"",""coordinates"":[72.52402106265832,23.02800761150451]}"
413,24.041129684448265,1684.055807086614,49.43585471000006,29.130000000000052,0.037606677295320266,0.3946724653438434,-0.4699899727832689,"{""type"":""Point"",""coordinates"":[72.67094852223764,22.97948882157528]}"
414,24.165128102022095,1593.2398622047244,41.78632594999999,28.430000000000007,-0.12727272727272726,0.6080190663115099,-0.601284378053888,"{""type"":""Point"",""coordinates"":[72.66917391860272,22.92450168399361]}"
415,24.035934315557085,1931.577460629921,44.765130380000016,32.410000000000025,3.096294767261843E-4,0.1750576246512192,-0.22840837032339886,"{""type"":""Point"",""coordinates"":[72.56297583278445,23.036846210663878]}"
416,23.915034565172732,1720.264468503937,48.52153436000003,29.150000000000034,0.02565569861707201,0.3420914345769837,-0.43001119820828665,"{""type"":""Point"",""coordinates"":[72.657614953751,23.118566347626764]}"
417,24.041129684448265,1968.6566929133858,52.69322777000002,29.53000000000003,0.12216104611149346,0.19666940307259295,-0.3246786966117097,"{""type"":""Point"",""coordinates"":[72.67847915458448,22.99903843875129]}"
418,23.915034565172732,1845.600590551181,51.31405670000004,29.180000000000007,0.08982035928143713,0.27794263105835804,-0.40683272083843747,"{""type"":""Point"",""coordinates"":[72.67663472169735,23.113817655381407]}"
419,23.921801185607933,2346.8023622047244,49.68195215000003,30.680000000000007,0.09591349529560456,0.22839152833428736,-0.3657191344929996,"{""type"":""Point"",""coordinates"":[72.48177063238052,23.036580431104177]}"
420,23.921801185607933,1623.7812007874015,43.70041715000002,29.360000000000014,-0.1570664783617472,0.5462388784038824,-0.55420054200542,"{""type"":""Point"",""coordinates"":[72.45859618068845,22.997857524099633]}"
421,24.034184354894307,1526.7669291338582,40.44646211000003,28.190000000000055,-0.338971733808146,0.622875640679795,-0.6301314185069774,"{""type"":""Point"",""coordinates"":[72.46965607606016,22.94492393294319]}"
422,23.915034565172732,1814.426377952756,49.47345293000001,29.53000000000003,0.06095849207940646,0.20463022508038586,-0.27968301680557456,"{""type"":""Point"",""coordinates"":[72.68033678599603,23.10305826888425]}"
423,23.90355904319074,1498.8023622047244,45.07787920999999,32.03000000000003,-0.014677728142948309,0.4437046004842615,-0.4988216810683425,"{""type"":""Point"",""coordinates"":[72.61201137034662,23.05263026727572]}"
424,23.90883869371919,1624.3825787401577,47.675574410000024,31.07000000000005,-0.0025473474360394287,0.26142697881828314,-0.32145985401459853,"{""type"":""Point"",""coordinates"":[72.5050084605159,23.055360652475407]}"
425,23.90883869371919,2134.912106299212,52.16514368000003,29.470000000000027,0.1246785688046433,0.291350531107739,-0.4139568003797769,"{""type"":""Point"",""coordinates"":[72.48846774508858,23.11608092125933]}"
426,23.90883869371919,1836.2088582677163,49.98444691999998,29.77000000000004,0.05858230814294083,0.20404595404595405,-0.28903743315508024,"{""type"":""Point"",""coordinates"":[72.48750028298139,23.06938326079532]}"
427,23.921801185607933,2006.750688976378,48.716361500000005,28.810000000000002,0.00992535476991223,0.3363596102745793,-0.4309425014819206,"{""type"":""Point"",""coordinates"":[72.45991921688663,22.9785011953976]}"
428,24.035934315557085,1911.209842519685,50.65950587000003,30.77000000000004,0.0724986129091918,0.21443274004116722,-0.3004019188383249,"{""type"":""Point"",""coordinates"":[72.56186477342048,22.98684883583767]}"
429,23.90355904319074,1721.9037401574803,51.951517430000024,31.500000000000057,0.1115455855114221,0.15427807486631015,-0.2743911439114391,"{""type"":""Point"",""coordinates"":[72.64544472780861,23.08961993601831]}"
430,23.90883869371919,1950.828937007874,48.58818574999998,30.350000000000023,0.07666777298373714,0.2915506035283194,-0.4199310960826847,"{""type"":""Point"",""coordinates"":[72.52317506482319,23.08824902290859]}"
431,23.90883869371919,1825.7871062992124,46.48610345000003,31.07000000000005,-0.040627227369921595,0.27510917030567683,-0.31633178773827925,"{""type"":""Point"",""coordinates"":[72.50686438337807,23.054717283366596]}"
432,23.915034565172732,1996.7408464566927,50.05793434999998,28.74000000000001,0.0269657038135963,0.2596023497514686,-0.3541413650716541,"{""type"":""Point"",""coordinates"":[72.68744404199875,23.12331356638468]}"
433,24.165128102022095,1809.0223425196853,48.75395972000001,28.430000000000007,0.04421052631578947,0.3402644076498524,-0.423391494002181,"{""type"":""Point"",""coordinates"":[72.6654401134617,22.918965908197954]}"
434,23.915034565172732,1789.3225393700789,47.91141779000003,29.200000000000045,0.03171556530481674,0.32856784549786805,-0.41782655246252676,"{""type"":""Point"",""coordinates"":[72.65181188993625,23.121235332281884]}"
435,23.90883869371919,2029.6857283464565,49.14703201999998,29.150000000000034,0.0821929309042062,0.22624789680314078,-0.3333333333333333,"{""type"":""Point"",""coordinates"":[72.47724611035878,23.091988379743515]}"
436,23.90355904319074,2199.2905511811023,45.84009766999998,32.07000000000005,0.03308957952468007,0.10810810810810811,-0.18058035714285714,"{""type"":""Point"",""coordinates"":[72.55968695226292,23.08921538209301]}"
437,23.90355904319074,2141.8638779527564,50.254470500000025,30.510000000000048,0.13466697325055568,0.20298348428343102,-0.341970759538809,"{""type"":""Point"",""coordinates"":[72.55462883493888,23.12475219893757]}"
438,24.034184354894307,1670.5700787401574,46.60573414999999,28.79000000000002,-0.05950598802395209,0.5557082016760544,-0.5308909017169122,"{""type"":""Point"",""coordinates"":[72.53539678655348,22.917982820089364]}"
439,24.041129684448265,1948.8884842519685,50.12116772000002,29.130000000000052,-0.013165618448637317,0.4021121039805037,-0.4666181111920369,"{""type"":""Point"",""coordinates"":[72.66859128406847,22.98315888586581]}"
440,23.921801185607933,1640.516437007874,42.60665075000003,29.610000000000014,-0.12464338416133793,0.5591925804691762,-0.5640990559584075,"{""type"":""Point"",""coordinates"":[72.46980012379662,22.992578799002537]}"
441,24.041129684448265,1833.4347440944882,49.227355490000036,29.690000000000055,0.08767583827302486,0.28386454183266935,-0.4062457384426565,"{""type"":""Point"",""coordinates"":[72.66636793123406,22.987122546080062]}"
442,23.90883869371919,2083.768897637795,48.430956830000014,30.510000000000048,0.06237816764132553,0.26205313217448345,-0.3585971519359774,"{""type"":""Point"",""coordinates"":[72.54408142118994,23.117708616996335]}"
443,23.90355904319074,1853.4450787401574,45.676032710000015,30.230000000000018,0.06061864230849076,0.11811218186310847,-0.20042445947738427,"{""type"":""Point"",""coordinates"":[72.5504651501944,23.12966754469919]}"
444,23.90355904319074,2102.7684055118107,44.207993120000026,31.090000000000032,0.011839284049594482,0.14880242765796034,-0.22515025427646787,"{""type"":""Point"",""coordinates"":[72.6176817847115,23.08631468268622]}"
445,24.151162719726585,1413.1502952755907,36.56017337000003,28.410000000000025,-0.1991932613595919,0.5465116279069767,-0.5252753885619436,"{""type"":""Point"",""coordinates"":[72.60770667628597,22.922146754603904]}"
446,24.035934315557085,1575.4283464566931,51.1773359,31.07000000000005,0.09614542268944372,0.21453796350794585,-0.3103667248769646,"{""type"":""Point"",""coordinates"":[72.57793898183075,22.96132865388857]}"
447,24.035934315557085,2188.4795275590554,52.03525892000005,29.53000000000003,0.09074858757062147,0.13348739958182018,-0.22037914691943128,"{""type"":""Point"",""coordinates"":[72.55369140748161,22.960450311326404]}"
448,23.90355904319074,1368.2182086614173,55.96427290999998,31.890000000000043,0.108774565026912,0.17861281244827015,-0.31413805832410485,"{""type"":""Point"",""coordinates"":[72.6303864433537,23.074926438840542]}"
449,23.90883869371919,1935.7319881889762,50.55183824000005,29.77000000000004,0.08291917342401256,0.2382858488344714,-0.34725246573587804,"{""type"":""Point"",""coordinates"":[72.48505349134878,23.069754865642288]}"
450,23.915034565172732,2158.0267716535436,45.49658666000005,30.670000000000016,0.028333962976955042,0.10540453422155367,-0.1592112676056338,"{""type"":""Point"",""coordinates"":[72.67553707737899,23.072224049520702]}"
451,24.035934315557085,1907.5922244094486,48.10453591999999,32.25000000000006,0.04905112516851602,0.11191948587365103,-0.18998183233843757,"{""type"":""Point"",""coordinates"":[72.63158208890772,23.02231506014924]}"
452,23.90883869371919,1846.2718503937006,50.16047494999998,29.870000000000005,0.025513033832501388,0.28749389350268684,-0.3748043818466354,"{""type"":""Point"",""coordinates"":[72.51321794388542,23.10191246449611]}"
453,23.90883869371919,1961.2063976377954,51.25082333,29.610000000000014,0.10885744663449742,0.27737397420867527,-0.39121552604698673,"{""type"":""Point"",""coordinates"":[72.52028418301555,23.12040929201031]}"
454,23.921801185607933,1526.0021653543306,43.922588450000035,28.170000000000016,-0.22023939064200218,0.5732323232323232,-0.5727910238429172,"{""type"":""Point"",""coordinates"":[72.48282410867016,22.955052568240237]}"
455,23.90355904319074,1776.1463582677166,49.394838470000025,30.230000000000018,0.02603586262789991,0.2577184720041863,-0.2991891891891892,"{""type"":""Point"",""coordinates"":[72.55203457305079,23.126399978005217]}"
456,24.034184354894307,1527.6148622047244,54.13050518,28.05000000000001,0.191716621253406,0.18107978977544195,-0.28884254431699685,"{""type"":""Point"",""coordinates"":[72.4880992557961,22.947293975368797]}"
457,24.035934315557085,1801.3732283464565,46.12892036000005,29.430000000000007,-0.007925768412913203,0.3267175572519084,-0.3773609826971338,"{""type"":""Point"",""coordinates"":[72.55080788578469,22.980864887200802]}"
458,23.90355904319074,1957.3776574803146,52.47960152000002,29.500000000000057,0.10178617212204086,0.2175625579240037,-0.34760866777792027,"{""type"":""Point"",""coordinates"":[72.63901903554384,23.113471525625005]}"
459,23.90355904319074,2058.1345472440944,49.188048260000016,29.950000000000045,0.023368401452378736,0.1753501400560224,-0.24348032242769085,"{""type"":""Point"",""coordinates"":[72.60526427488041,23.12287442318362]}"
460,23.90355904319074,2194.3284448818895,47.43289499000002,30.590000000000032,0.03599821348816436,0.12839815976578836,-0.2127205303966738,"{""type"":""Point"",""coordinates"":[72.5873979536506,23.11882392253394]}"
461,24.035934315557085,1966.876181102362,43.63718377999999,32.43000000000001,0.007438681141938078,0.17087631922210364,-0.2169090460931723,"{""type"":""Point"",""coordinates"":[72.56670641001958,23.032205979866283]}"
462,24.035934315557085,1987.1527559055116,48.54204248000002,32.29000000000002,0.09562729873314263,0.06355881292803076,-0.11880687563195147,"{""type"":""Point"",""coordinates"":[72.6047897862004,23.01284913955024]}"
463,23.90355904319074,2095.854527559055,46.761254060000056,32.03000000000003,0.05630209219254975,0.2093732970027248,-0.3060263653483992,"{""type"":""Point"",""coordinates"":[72.60849342911115,23.0539793180248]}"
464,24.041129684448265,1366.5287401574806,47.57474281999998,28.760000000000048,-0.018454724409448817,0.3769128409846973,-0.43765196248697463,"{""type"":""Point"",""coordinates"":[72.67595382797931,22.96140766759545]}"
465,24.035934315557085,1659.9037401574803,53.28112721000002,31.750000000000057,0.1495575221238938,0.16697024893746204,-0.23641042135734963,"{""type"":""Point"",""coordinates"":[72.5841668056181,22.976601765593678]}"
466,24.035934315557085,2268.1124015748032,45.78711836000002,32.39000000000004,0.036343812465927675,0.08357172047404986,-0.1620466747014353,"{""type"":""Point"",""coordinates"":[72.64258218967241,23.00325747853036]}"
467,23.921801185607933,2087.8358267716535,46.15797353000005,30.77000000000004,0.0013409961685823754,0.14596614640580347,-0.20741169658367112,"{""type"":""Point"",""coordinates"":[72.49851987833317,23.040702960186298]}"
468,24.165128102022095,1515.7915354330707,44.072981330000005,28.450000000000045,-0.030665826507036337,0.4552194543297746,-0.5168469860896445,"{""type"":""Point"",""coordinates"":[72.66455358706304,22.915937968478733]}"
469,23.90883869371919,2091.3377952755905,44.754876319999994,29.870000000000005,-0.09144178874325366,0.5075612353567626,-0.5391975644231815,"{""type"":""Point"",""coordinates"":[72.51331972520842,23.105594611823054]}"
470,23.921801185607933,2012.7590551181104,44.773675430000026,32.410000000000025,0.0040680473372781065,0.22117673733136833,-0.28559493973027805,"{""type"":""Point"",""coordinates"":[72.53807779998984,23.006597491517173]}"
471,24.151162719726585,1540.090748031496,50.842369940000026,28.310000000000002,0.04338549075391181,0.20286182739603517,-0.28851987865240303,"{""type"":""Point"",""coordinates"":[72.61522591347827,22.932876835550317]}"
472,24.035934315557085,1968.3929133858267,47.48416529000002,32.450000000000045,0.06108414239482201,0.10827265130715052,-0.1777242166687809,"{""type"":""Point"",""coordinates"":[72.62565971042068,22.993092081105353]}"
473,24.034184354894307,1792.8633858267717,49.312805990000015,28.170000000000016,-0.030462579917262127,0.38998097653772984,-0.4254129275588503,"{""type"":""Point"",""coordinates"":[72.5041281816107,22.9257136067905]}"
474,23.90355904319074,2646.7836614173234,50.53303913000002,31.810000000000002,0.1141711229946524,0.10304644581321791,-0.2546866123840182,"{""type"":""Point"",""coordinates"":[72.56454230116398,23.098823707997038]}"
475,23.90355904319074,1916.4062007874013,46.33741958000002,31.730000000000018,-0.02170767004341534,0.25757035981474885,-0.3011426465167711,"{""type"":""Point"",""coordinates"":[72.55197729579614,23.09836810306829]}"
476,23.90883869371919,1968.5075787401574,52.028422879999994,29.410000000000025,0.10905914649363614,0.24476987447698745,-0.3706168415664193,"{""type"":""Point"",""coordinates"":[72.50123258029575,23.119611602082912]}"
477,24.151162719726585,1458.4017716535432,37.197634100000016,27.950000000000045,-0.24395604395604395,0.4648454349388929,-0.497794766245222,"{""type"":""Point"",""coordinates"":[72.61640252153614,22.91751538984471]}"
478,23.90883869371919,2118.5341535433067,46.99026140000001,29.510000000000048,0.021038096011696858,0.3008094981111711,-0.36520163117353877,"{""type"":""Point"",""coordinates"":[72.46244733135386,23.066498039273608]}"
479,24.041129684448265,1377.9032480314957,48.95904092000001,29.49000000000001,-0.009208103130755065,0.3647683878465881,-0.4130995358432182,"{""type"":""Point"",""coordinates"":[72.65757016877463,22.971639057776958]}"
480,23.90355904319074,1935.4411417322835,45.49316864000002,30.380000000000052,-0.09580212506531963,0.44753796594569717,-0.4805836667451165,"{""type"":""Point"",""coordinates"":[72.62492381572534,23.093459251369183]}"
481,23.921801185607933,1850.586811023622,45.58716419000001,30.29000000000002,0.024064756070881644,0.12198189134808853,-0.17117353636124968,"{""type"":""Point"",""coordinates"":[72.46097416797538,23.010305986593714]}"
482,24.035934315557085,1494.012992125984,48.043011560000025,32.27000000000004,0.06949602122015915,0.07988302293366169,-0.16312997347480107,"{""type"":""Point"",""coordinates"":[72.60230124683525,23.03167089377694]}"
483,24.035934315557085,1550.7029527559052,48.18485939000004,32.25000000000006,0.0754478930103457,0.12340947416832745,-0.1817448798580874,"{""type"":""Point"",""coordinates"":[72.63068573890176,23.021936014617996]}"
484,24.041129684448265,1873.4332677165355,52.61119529000001,28.74000000000001,0.033681971281687643,0.33766871165644174,-0.4011052563937797,"{""type"":""Point"",""coordinates"":[72.6842417871094,22.971500177781728]}"
485,24.035934315557085,2289.4322834645664,48.40532168000004,31.890000000000043,0.08673387742038727,0.15538009920032392,-0.2414618229279965,"{""type"":""Point"",""coordinates"":[72.63957071139353,22.984347324583027]}"
486,24.151162719726585,1931.663090551181,45.21801803000005,29.690000000000055,0.043003412969283276,0.17294131707900084,-0.24369534913192245,"{""type"":""Point"",""coordinates"":[72.59336892772312,22.945848419219338]}"
487,23.90355904319074,2516.1178149606294,49.417055600000026,31.950000000000045,0.08581671521398163,0.09765940274414851,-0.21645796064400716,"{""type"":""Point"",""coordinates"":[72.56289471684813,23.101583611257166]}"
488,23.921801185607933,1861.0326771653545,46.62795128000005,30.410000000000025,-0.01217263002582073,0.3400073251129288,-0.3985728848114169,"{""type"":""Point"",""coordinates"":[72.49593498280676,23.00398705710305]}"
489,23.921801185607933,2010.8102362204725,46.01441669000002,30.08000000000004,0.020175789053136238,0.1255162918770078,-0.18621523579201935,"{""type"":""Point"",""coordinates"":[72.47840678716794,23.015322629318167]}"
490,24.041129684448265,1256.4583661417323,50.55012923000004,31.730000000000018,0.059090173223247534,0.08493559828262087,-0.1600798403193613,"{""type"":""Point"",""coordinates"":[72.67233031817793,23.0246409804541]}"
491,23.90883869371919,2057.3235236220476,49.82209096999998,29.470000000000027,0.03745469190495369,0.33400312569770035,-0.4077040876428319,"{""type"":""Point"",""coordinates"":[72.46022728292591,23.054479375531987]}"
492,23.90883869371919,2472.152263779528,47.44998509000004,29.610000000000014,0.06410918480265584,0.15600510297065792,-0.26531019349690804,"{""type"":""Point"",""coordinates"":[72.51673191156468,23.116583678411313]}"
493,24.165128102022095,2041.543503937008,46.53224671999999,28.640000000000043,0.010575589459084605,0.2800269148816867,-0.3451974071891573,"{""type"":""Point"",""coordinates"":[72.67737777515366,22.937112092562085]}"
494,24.151162719726585,1401.9470472440944,34.94515892000004,27.630000000000052,-0.33273930753564157,0.564788521895083,-0.5345156089696614,"{""type"":""Point"",""coordinates"":[72.57721632180659,22.915838579763058]}"
495,23.921801185607933,1946.914566929134,45.12573149000002,32.29000000000002,0.042497482376636454,0.13541915452591355,-0.1977828168304359,"{""type"":""Point"",""coordinates"":[72.52594657712507,23.018624046009418]}"
496,23.921801185607933,2173.6163385826767,44.26439045000001,32.23000000000002,-0.009146877748460862,0.21960034013605442,-0.25838999780653654,"{""type"":""Point"",""coordinates"":[72.54515898556777,23.033067314183075]}"
497,24.165128102022095,1795.9780511811023,47.468784200000016,28.670000000000016,0.07125827814569537,0.34432515337423314,-0.4487603305785124,"{""type"":""Point"",""coordinates"":[72.66927796912732,22.93232687088319]}"
498,23.90355904319074,2036.8067913385823,46.31349344,30.970000000000027,0.006943818198214447,0.24359119141727836,-0.30381245560028414,"{""type"":""Point"",""coordinates"":[72.5994802250144,23.106292823237652]}"
499,24.151162719726585,1955.1921259842522,49.97077483999999,29.250000000000057,0.09259259259259259,0.2151629664619745,-0.303026465746486,"{""type"":""Point"",""coordinates"":[72.6254855445506,22.937265019055065]}"
500,23.90355904319074,2542.0095472440944,45.305177540000045,32.28000000000003,0.04104041741297407,0.12703642687168223,-0.19056366624770377,"{""type"":""Point"",""coordinates"":[72.56549002804823,23.077054245895816]}"
501,24.151162719726585,1333.6852362204725,49.329896090000034,29.05000000000001,-0.031776208582292235,0.3115829449335405,-0.33438707411310153,"{""type"":""Point"",""coordinates"":[72.55350303082078,22.949176661364497]}"
502,23.90883869371919,1874.0179133858267,44.033674099999985,30.33000000000004,-0.11625216888374783,0.3744807121661721,-0.40414696253182975,"{""type"":""Point"",""coordinates"":[72.50486226295169,23.080379035535877]}"
503,23.921801185607933,1427.6271653543306,45.653815580000014,28.440000000000055,-0.1826764219966958,0.5317132813694024,-0.5368808464959363,"{""type"":""Point"",""coordinates"":[72.48447785913679,22.959952765511684]}"
504,23.915034565172732,2741.8747047244096,45.28125140000003,31.77000000000004,0.041411159058217885,0.07168853152771901,-0.14061796234573462,"{""type"":""Point"",""coordinates"":[72.66286837789683,23.067463734382557]}"
505,23.90883869371919,2008.346161417323,44.76342137000006,30.950000000000045,-0.011918842689473205,0.2517726505346089,-0.3058588704943055,"{""type"":""Point"",""coordinates"":[72.51099102624586,23.06946054824086]}"
506,24.034184354894307,1396.1379921259845,42.845912150000004,27.730000000000018,-0.2855430352433469,0.581477658162513,-0.5630374580964874,"{""type"":""Point"",""coordinates"":[72.49495378488248,22.9227019466094]}"
507,24.034184354894307,2052.580905511811,49.88532434000001,28.170000000000016,0.01934143222506394,0.3479072833131934,-0.4319057066168748,"{""type"":""Point"",""coordinates"":[72.50704678229371,22.925852514162344]}"
508,24.151162719726585,1751.1857283464565,48.64971011,29.010000000000048,0.04258090371706242,0.26402116402116405,-0.3327754532775453,"{""type"":""Point"",""coordinates"":[72.6477146761506,22.932771666532652]}"
509,23.921801185607933,2472.566633858268,48.95733190999999,30.610000000000014,0.11915581914811677,0.09477311889718552,-0.17884754149056797,"{""type"":""Point"",""coordinates"":[72.52668721630361,22.984016745889495]}"
510,23.90883869371919,1983.7767716535434,45.66065162000001,31.230000000000018,0.006930136729724668,0.2330232558139535,-0.2830006049606776,"{""type"":""Point"",""coordinates"":[72.54951849824955,23.103678504198307]}"
511,23.921801185607933,1550.6330708661417,43.56198734000003,32.370000000000005,-0.03296921549155909,0.5038311406679196,-0.563740228502706,"{""type"":""Point"",""coordinates"":[72.54730438455903,23.019495150611107]}"
512,23.90883869371919,1888.1640748031496,45.50171369000003,30.03000000000003,0.012043622569938359,0.23920542405138576,-0.3261201629327902,"{""type"":""Point"",""coordinates"":[72.54161826201006,23.121428627432483]}"
513,23.90355904319074,1798.3929133858267,50.008373060000054,29.49000000000001,0.06412930135557873,0.34658664666166544,-0.48756906077348067,"{""type"":""Point"",""coordinates"":[72.60829107038616,23.12989478325321]}"
514,24.035934315557085,1643.3441929133858,48.591603770000006,30.83000000000004,0.036011080332409975,0.21559312561128965,-0.29464285714285715,"{""type"":""Point"",""coordinates"":[72.63091138303172,22.95447654856334]}"
515,23.90883869371919,1746.1891732283464,48.29594503999999,29.450000000000045,0.016219463356027232,0.30786636496738984,-0.3521398101004541,"{""type"":""Point"",""coordinates"":[72.48507496235331,23.098840783122558]}"
516,24.041129684448265,1632.8609251968503,51.68662088000002,31.810000000000002,0.053615812522191976,0.12020173718128327,-0.2135377143724389,"{""type"":""Point"",""coordinates"":[72.67513693571577,23.03196154454706]}"
517,23.90883869371919,2142.5385826771653,45.37695596000003,32.35000000000002,0.008985879332477536,0.17045700671431666,-0.21848928974069898,"{""type"":""Point"",""coordinates"":[72.54635924828551,23.055793872510897]}"
518,24.041129684448265,1744.1502952755902,50.51594903,29.77000000000004,0.005543129436934747,0.353361566966649,-0.4173250173250173,"{""type"":""Point"",""coordinates"":[72.65729935886759,22.96421896336082]}"
519,23.921801185607933,2139.143405511811,46.932155060000014,30.08000000000004,0.018834370705682644,0.27943501633814694,-0.35878204410612335,"{""type"":""Point"",""coordinates"":[72.48557577438862,23.015522224093512]}"
520,24.034184354894307,1406.102559055118,44.74974929000001,28.090000000000032,-0.17759961127308066,0.4829432461373719,-0.4982998454404946,"{""type"":""Point"",""coordinates"":[72.48193739352241,22.9473141536762]}"
521,24.035934315557085,1951.23592519685,45.525639830000046,32.110000000000014,0.043622422546886336,0.09554896142433235,-0.1624685138539043,"{""type"":""Point"",""coordinates"":[72.60937604019543,22.97150628597812]}"
522,24.165128102022095,1938.4007874015747,45.90845807000005,28.640000000000043,-0.10439285117755136,0.5082116788321168,-0.534997098084736,"{""type"":""Point"",""coordinates"":[72.67499819085715,22.941622276178947]}"
523,23.921801185607933,2057.1886811023624,45.67774172000003,32.49000000000001,0.07759448372174217,0.1725285698435593,-0.269887046383081,"{""type"":""Point"",""coordinates"":[72.5460039548549,23.009276669360304]}"
524,23.90883869371919,1684.6384842519683,48.461719010000024,28.680000000000007,-0.11495441300874143,0.5820218724993331,-0.5757173219978746,"{""type"":""Point"",""coordinates"":[72.45599413354401,23.11682061970234]}"
525,23.921801185607933,2018.1916338582678,48.51982535000002,30.180000000000007,0.03275011215791835,0.21752880054212786,-0.30098962104755006,"{""type"":""Point"",""coordinates"":[72.48676063072008,23.013993126900374]}"
526,23.921801185607933,1993.2930118110237,47.966106110000055,31.49000000000001,0.07337446606549597,0.13895694784739238,-0.22177722152690862,"{""type"":""Point"",""coordinates"":[72.54388747962584,22.995421741145332]}"
527,23.90883869371919,1941.2974409448818,51.89341109000003,29.920000000000016,0.032385336182804536,0.33545093590470787,-0.4672815654991898,"{""type"":""Point"",""coordinates"":[72.5300560433053,23.11606581039422]}"
528,23.921801185607933,2018.9883858267715,44.65404473000001,32.23000000000002,0.036340038935756006,0.3161976512297806,-0.4124360955891095,"{""type"":""Point"",""coordinates"":[72.54302148470612,23.030427362459307]}"
529,24.041129684448265,1966.1562007874015,46.284440270000005,31.130000000000052,0.008247613752200908,0.24586728754365542,-0.30099683929005594,"{""type"":""Point"",""coordinates"":[72.67112325292283,23.039017882474628]}"
530,24.041129684448265,1640.8993110236222,45.91871213000002,31.200000000000045,0.008733102045699246,0.16490932096161956,-0.2185294117647059,"{""type"":""Point"",""coordinates"":[72.67351563304214,23.048618031866848]}"
531,24.151162719726585,1878.2521653543308,48.42070277000005,30.05000000000001,0.06641990540818425,0.13514189273659208,-0.19836346839118385,"{""type"":""Point"",""coordinates"":[72.62410937375107,22.94876209990689]}"
532,23.90355904319074,803.5508858267716,40.65496132999999,31.650000000000034,-0.02151394422310757,0.08399098083427282,-0.06537396121883657,"{""type"":""Point"",""coordinates"":[72.59692828791837,23.06676443993551]}"
533,23.90883869371919,1817.8988188976377,44.57713927999998,32.13000000000005,-0.028942115768463075,0.2858568221501621,-0.34209841187190837,"{""type"":""Point"",""coordinates"":[72.51649095829265,23.052213835068198]}"
534,24.035934315557085,1711.4116141732286,44.155013810000014,32.31,-0.041822721598002495,0.32512901945216355,-0.36041298736584704,"{""type"":""Point"",""coordinates"":[72.56677654313985,23.020985329803196]}"
535,24.151162719726585,1861.4170275590552,47.92167185000005,28.80000000000001,-0.055302421156079695,0.42364710136193806,-0.4730016211497693,"{""type"":""Point"",""coordinates"":[72.6465203909108,22.92123345213541]}"
536,24.035934315557085,1894.7826771653542,47.07400289000003,32.23000000000002,0.06359368331199317,0.10099109271107766,-0.15747823793194407,"{""type"":""Point"",""coordinates"":[72.58244303457447,23.0376759326765]}"
537,23.90355904319074,1810.0818897637796,48.54204248000002,31.870000000000005,0.04152046783625731,0.24041372351160445,-0.3339663591969615,"{""type"":""Point"",""coordinates"":[72.57248802681437,23.100054175907424]}"
538,23.915034565172732,2549.594192913386,44.61986453000003,31.870000000000005,0.04122112480613827,0.0720087615223145,-0.14260700389105058,"{""type"":""Point"",""coordinates"":[72.66269464857263,23.06373522834473]}"
539,23.90355904319074,2034.7826771653542,46.40236196000001,30.930000000000007,0.041414338738034774,0.13996979904750842,-0.18899927307971892,"{""type"":""Point"",""coordinates"":[72.59244258789217,23.109412804008436]}"
540,23.90355904319074,1676.780708661417,43.473118820000025,29.610000000000014,-0.07864038616251005,0.4408919935518538,-0.4691138200246542,"{""type"":""Point"",""coordinates"":[72.62678497867738,23.11822629216873]}"
541,23.915034565172732,2388.86781496063,46.35450967999998,31.77000000000004,0.05982494178109692,0.1374720683959973,-0.21200828157349896,"{""type"":""Point"",""coordinates"":[72.66468845535421,23.070062300361386]}"
542,24.151162719726585,2013.6035433070867,47.740516790000015,29.04000000000002,0.027942264988897115,0.2078638767532766,-0.27145104683528987,"{""type"":""Point"",""coordinates"":[72.6500764089786,22.934583523110494]}"
543,23.90355904319074,1975.325,47.00393348,30.150000000000034,0.01930080116533139,0.24733672996757758,-0.32090741876149603,"{""type"":""Point"",""coordinates"":[72.61456803425993,23.096243659968557]}"
544,24.034184354894307,1654.1399606299215,45.58716419000001,28.190000000000055,0.031739314430808296,0.26199669056811914,-0.3215884476534296,"{""type"":""Point"",""coordinates"":[72.4783185384773,22.949767721545623]}"
545,23.921801185607933,1848.639468503937,44.35667698999998,30.79000000000002,0.0051715039577836415,0.17282568122433745,-0.2334467416906569,"{""type"":""Point"",""coordinates"":[72.50338241587117,23.01455352429919]}"
546,24.165128102022095,1760.4775590551183,46.68605762000004,28.640000000000043,0.08386845689822922,0.2412338518323227,-0.3395931142410016,"{""type"":""Point"",""coordinates"":[72.6754821531546,22.935850128734607]}"
547,23.921801185607933,1970.7073818897636,45.47949656000003,32.450000000000045,0.05353229677554002,0.07745307674031837,-0.13930410752418038,"{""type"":""Point"",""coordinates"":[72.52904538525492,23.005200951630293]}"
548,24.035934315557085,2167.6434055118107,47.44485806,32.31,0.05441723053464214,0.09538529476705675,-0.16373445930096175,"{""type"":""Point"",""coordinates"":[72.59722789721495,23.01736790528822]}"
549,23.915034565172732,2513.63061023622,45.39404606000005,31.870000000000005,0.040199750312109865,0.06886643803874316,-0.13481598110608148,"{""type"":""Point"",""coordinates"":[72.66217193923323,23.06470449429432]}"
550,24.035934315557085,1651.3811023622047,51.96689852000003,31.850000000000023,0.08316430020283976,0.16062767475035664,-0.24384650665035928,"{""type"":""Point"",""coordinates"":[72.5928114863647,22.969135208355304]}"
551,23.90883869371919,2376.6074803149604,48.894098540000016,29.760000000000048,0.09374519747963732,0.12699474438604874,-0.2349738219895288,"{""type"":""Point"",""coordinates"":[72.48273801738947,23.06537607004151]}"
552,23.90883869371919,2094.5538385826776,47.62088609,32.370000000000005,0.05126994618071948,0.12255613897888504,-0.19576341782696655,"{""type"":""Point"",""coordinates"":[72.53931120042103,23.074567239502944]}"
553,24.035934315557085,1805.0661417322835,52.194196850000026,30.370000000000005,0.13063357282821686,0.07758737012548914,-0.14347079037800686,"{""type"":""Point"",""coordinates"":[72.57360318101071,22.959790403475377]}"
554,24.035934315557085,1434.163090551181,45.06591614000001,32.170000000000016,-0.005889825614967086,0.36370753092218566,-0.42250530785562634,"{""type"":""Point"",""coordinates"":[72.60478553808724,23.038709489422164]}"
555,24.035934315557085,2186.9691929133855,51.233733229999984,31.110000000000014,0.05893306023647705,0.08060722685482147,-0.157581310123683,"{""type"":""Point"",""coordinates"":[72.64610469951133,22.976336059757635]}"
556,23.90883869371919,2094.5538385826776,47.62088609,32.370000000000005,0.05126994618071948,0.12255613897888504,-0.19576341782696655,"{""type"":""Point"",""coordinates"":[72.53927749680888,23.0747272657044]}"
557,23.921801185607933,1396.3358267716533,44.04905518999999,28.120000000000005,-0.10291636538925042,0.46996466431095407,-0.44947735191637633,"{""type"":""Point"",""coordinates"":[72.46045306150361,22.963182876532784]}"
558,24.035934315557085,1865.133562992126,46.64162336000004,32.47000000000003,0.07308225754827696,0.09269274305118853,-0.16025641025641027,"{""type"":""Point"",""coordinates"":[72.61711432607088,23.000647331024414]}"
559,23.90355904319074,1332.309251968504,44.99926475000001,29.610000000000014,0.005082592121982211,0.3655388908266481,-0.4177077675176534,"{""type"":""Point"",""coordinates"":[72.6330939988244,23.124114016887436]}"
560,23.90883869371919,1782.7954724409449,48.12333503000002,32.210000000000036,0.01644359464627151,0.3186362471161241,-0.3898946230748446,"{""type"":""Point"",""coordinates"":[72.52801834916328,23.071818509243506]}"
561,24.034184354894307,1270.3240157480318,43.65085585999998,27.810000000000002,-0.31424619640387275,0.5132982959069916,-0.5254454968694815,"{""type"":""Point"",""coordinates"":[72.48761128864248,22.926601976824475]}"
562,23.915034565172732,457.7748031496063,40.60369103000005,29.07000000000005,0.11093375897845172,0.2188183807439825,-0.13673469387755102,"{""type"":""Point"",""coordinates"":[72.65475949842205,23.125902616999287]}"
563,23.90883869371919,1865.1463582677163,46.957790209999985,30.950000000000045,0.017562533262373604,0.14829559591938293,-0.20088472547488942,"{""type"":""Point"",""coordinates"":[72.5171639890798,23.074119911027584]}"
564,23.90883869371919,1856.6247047244094,49.47857996000005,29.130000000000052,0.14340444057466262,0.22775489829027828,-0.3588397790055249,"{""type"":""Point"",""coordinates"":[72.45932664259085,23.07589194752215]}"
565,24.035934315557085,2353.3875000000003,45.29663248999998,32.110000000000014,0.07011959046717715,0.07778220981252493,-0.1496649292628444,"{""type"":""Point"",""coordinates"":[72.61326853195092,22.975291298304548]}"
566,23.90883869371919,1664.6192913385828,53.06750096000002,29.150000000000034,0.06618257261410788,0.22276555283890248,-0.3289046353705344,"{""type"":""Point"",""coordinates"":[72.46967217239342,23.11802791451633]}"
567,24.034184354894307,1284.4578740157483,42.02558735000002,28.110000000000014,-0.06005695055656226,0.4147521160822249,-0.45444858817261585,"{""type"":""Point"",""coordinates"":[72.4593156133771,22.929668873322246]}"
568,23.915034565172732,1815.0080708661417,48.50273525,29.690000000000055,0.05663134819145049,0.30272452068617556,-0.408235614944096,"{""type"":""Point"",""coordinates"":[72.6873785917899,23.09648950991745]}"
569,24.035934315557085,1839.5543307086612,50.07331543999999,31.950000000000045,0.0772192513368984,0.08446455505279035,-0.17164584464964694,"{""type"":""Point"",""coordinates"":[72.63948977246346,22.99300037087036]}"
570,24.035934315557085,1651.5887795275592,52.77867827,31.850000000000023,0.09899888765294772,0.15171335134366556,-0.2413793103448276,"{""type"":""Point"",""coordinates"":[72.59417540570716,22.97221420082743]}"
571,24.151162719726585,1566.8875,47.76956996000001,29.230000000000018,-0.030742518639566948,0.473714953271028,-0.48827606547706826,"{""type"":""Point"",""coordinates"":[72.61925795702997,22.939187112762117]}"
572,23.90355904319074,1996.7575787401572,48.35063336000002,31.57000000000005,0.014560179202205566,0.2975609756097561,-0.37261490459618385,"{""type"":""Point"",""coordinates"":[72.55694864923484,23.10661488827422]}"
573,23.90355904319074,2133.8732283464565,46.20240779000005,31.730000000000018,0.012577435704899569,0.1353334772285776,-0.1991337056879061,"{""type"":""Point"",""coordinates"":[72.55689354885557,23.097627019075258]}"
574,24.034184354894307,2211.2885826771653,49.86823423999999,28.170000000000016,0.07077476299444263,0.25110035211267606,-0.3038990825688073,"{""type"":""Point"",""coordinates"":[72.50852210664812,22.93006430232765]}"
575,23.915034565172732,1664.994783464567,49.77252968000005,30.610000000000014,0.00130718954248366,0.33065380493033225,-0.4251686038169034,"{""type"":""Point"",""coordinates"":[72.67740406029446,23.088939746135292]}"
576,24.165128102022095,2098.7019685039368,45.05908010000002,28.930000000000007,0.05134680134680135,0.23574561403508773,-0.3132137030995106,"{""type"":""Point"",""coordinates"":[72.66115385177253,22.937189355805696]}"
577,23.90883869371919,2400.0046259842525,47.79691412,29.79000000000002,0.07483194208465686,0.175520931105688,-0.2939353238970968,"{""type"":""Point"",""coordinates"":[72.49198528097438,23.08968133664014]}"
578,23.921801185607933,1830.3318897637796,46.272477200000026,32.25000000000006,0.028064021048015787,0.12813335029902023,-0.18513567704852293,"{""type"":""Point"",""coordinates"":[72.54003967370456,23.047832669737357]}"
579,24.035934315557085,1378.4608267716533,46.67409455000001,32.24000000000001,-0.03453908984830805,0.41946845981428116,-0.4786524349566378,"{""type"":""Point"",""coordinates"":[72.6182530534716,23.043513480646144]}"
580,23.90883869371919,2210.7999015748032,45.12402248000001,32.27000000000004,0.0498872350022553,0.11994895789025946,-0.1819099988777915,"{""type"":""Point"",""coordinates"":[72.54709550097884,23.07549573293773]}"
581,23.915034565172732,881.1345472440945,41.473577120000016,28.74000000000001,0.028166239905455977,0.3302777028848746,-0.33531799729364004,"{""type"":""Point"",""coordinates"":[72.68396463566079,23.12047995184718]}"
582,24.035934315557085,1820.5917322834646,48.06351968000001,32.29000000000002,0.050334168755221384,0.1491028556987617,-0.22247613926603038,"{""type"":""Point"",""coordinates"":[72.60664329984523,23.034932021444455]}"
583,24.035934315557085,1778.4288385826771,45.31884962000004,32.410000000000025,0.02366385778598638,0.11480163437458811,-0.15546448087431694,"{""type"":""Point"",""coordinates"":[72.57118628950548,23.03802487857806]}"
584,23.90355904319074,2497.2816929133855,48.64629209000003,31.810000000000002,0.07588199513381995,0.11617228395628616,-0.21930176565008025,"{""type"":""Point"",""coordinates"":[72.56678820922154,23.096608097783303]}"
585,23.90883869371919,2125.2984251968505,49.01543824999999,29.450000000000045,0.03907872380592788,0.11966564012318522,-0.17579117579117579,"{""type"":""Point"",""coordinates"":[72.4828617932558,23.09957408709806]}"
586,23.90883869371919,2044.9593503937008,46.332292550000034,31.910000000000025,0.03186761229314421,0.15422773393461106,-0.21678155455193726,"{""type"":""Point"",""coordinates"":[72.54748019391674,23.086851324510487]}"
587,24.035934315557085,286.65718503937006,36.35851019000006,31.470000000000027,0.056768558951965066,-0.04,0.21908893709327548,"{""type"":""Point"",""coordinates"":[72.56064869297516,22.994780830012733]}"
588,24.035934315557085,1725.1611220472444,48.00028630999998,32.47000000000003,0.07660878447395301,0.10814491964042496,-0.18135617830695513,"{""type"":""Point"",""coordinates"":[72.63020397122848,23.00559226265368]}"
589,24.041129684448265,1587.4357283464565,48.76421377999998,31.83000000000004,0.03860058309037901,0.21646746347941567,-0.28211508553654746,"{""type"":""Point"",""coordinates"":[72.66154206031004,23.023440815238022]}"
590,24.041129684448265,2065.91407480315,49.67340710000002,29.690000000000055,0.06092725948701351,0.29185218165627785,-0.3901065995927656,"{""type"":""Point"",""coordinates"":[72.66805452375448,22.985005154987963]}"
591,23.921801185607933,1786.0262795275587,43.53122516000002,32.25000000000006,-0.03271751470740014,0.27221869040050856,-0.3071195297191378,"{""type"":""Point"",""coordinates"":[72.53726946810076,23.028050747842716]}"
592,24.151162719726585,1465.264960629921,35.10409685000002,27.870000000000005,-0.289522484932777,0.6645721125074806,-0.5901100471630699,"{""type"":""Point"",""coordinates"":[72.61096884509773,22.923531742626565]}"
593,23.90883869371919,1738.9662401574801,50.129712770000026,28.980000000000018,0.10813030385984122,0.3079084704937776,-0.4144717800289436,"{""type"":""Point"",""coordinates"":[72.45975396323169,23.101570366744102]}"
594,24.034184354894307,1441.8496062992126,43.18942316000005,28.49000000000001,-0.10795996186844614,0.44918952618453867,-0.45782376920664786,"{""type"":""Point"",""coordinates"":[72.53203704905083,22.94606046646952]}"
595,23.90883869371919,2282.646850393701,44.95141247000004,32.210000000000036,0.028348173723423586,0.09379155160069551,-0.1544855878225197,"{""type"":""Point"",""coordinates"":[72.53407138781843,23.072760806559497]}"
596,23.90355904319074,1460.4396653543308,50.669759930000055,31.630000000000052,0.0695416250178495,0.04039597636915216,-0.12480580010357328,"{""type"":""Point"",""coordinates"":[72.6230299395254,23.071937076576464]}"
597,23.90355904319074,2075.4627952755905,45.20605496000002,32.43000000000001,0.04229142637447136,0.11180540058022763,-0.17763857700035457,"{""type"":""Point"",""coordinates"":[72.5652185987006,23.061510283043525]}"
598,23.921801185607933,1949.0287401574801,47.77469699000005,31.49000000000001,0.08557938225457407,0.10798569725864124,-0.18707700166006896,"{""type"":""Point"",""coordinates"":[72.54585585382465,22.993542979866522]}"
599,24.041129684448265,1643.3712598425195,47.35769855000001,31.33000000000004,0.05962297238053485,0.17647058823529413,-0.2692307692307692,"{""type"":""Point"",""coordinates"":[72.66331697070937,23.00955758030051]}"
600,23.90883869371919,1723.2088582677166,46.89968386999999,28.83000000000004,0.036057256749411126,0.41357778663478145,-0.47368421052631576,"{""type"":""Point"",""coordinates"":[72.46415763154549,23.089017486704872]}"
601,24.035934315557085,1784.0341535433072,45.85889678000001,32.47000000000003,-0.010175556301017555,0.1668819426504779,-0.2208108108108108,"{""type"":""Point"",""coordinates"":[72.62525208384865,23.007927311923563]}"
602,24.035934315557085,2325.7108267716535,46.24000601,31.55000000000001,0.02975778546712803,0.11181601903251388,-0.188135593220339,"{""type"":""Point"",""coordinates"":[72.63553050375971,22.982615139584837]}"
603,24.034184354894307,2011.7570866141732,47.82767630000001,28.33000000000004,0.09923264736658528,0.1914648212226067,-0.2862657203337069,"{""type"":""Point"",""coordinates"":[72.50026157019906,22.938363176478667]}"
604,24.035934315557085,1907.0877952755907,45.84180667999999,32.27000000000004,0.06804979253112033,0.08410763846989261,-0.16827048114434331,"{""type"":""Point"",""coordinates"":[72.64906745995877,23.038798829359735]}"
605,24.151162719726585,1741.9992125984252,49.70587828999999,28.950000000000045,0.17126737860165223,0.17296449451019535,-0.2281277993430875,"{""type"":""Point"",""coordinates"":[72.56067564357208,22.932197590410485]}"
606,23.90883869371919,1962.1857283464567,49.16754014000003,29.33000000000004,0.0917541469669044,0.3378186968838527,-0.4434538970962812,"{""type"":""Point"",""coordinates"":[72.45872511347096,23.068542145144068]}"
607,23.921801185607933,2150.0690944881885,45.60425429000003,32.450000000000045,0.024857685009487665,0.11487146111291897,-0.16596710153148042,"{""type"":""Point"",""coordinates"":[72.53016755380635,23.005183334423545]}"
608,24.035934315557085,1798.41062992126,49.080380630000036,32.370000000000005,0.06854480922803904,0.09950248756218906,-0.16866128583356527,"{""type"":""Point"",""coordinates"":[72.63699043742446,23.016140245304747]}"
609,23.90883869371919,1731.7457677165353,47.109892100000025,32.210000000000036,0.04949655537890832,0.17259414225941422,-0.2753128555176337,"{""type"":""Point"",""coordinates"":[72.53195980175792,23.070180852123727]}"
610,23.921801185607933,2270.297440944882,45.63501646999998,30.730000000000018,0.00937555280382098,0.1462491044928871,-0.20365394948952176,"{""type"":""Point"",""coordinates"":[72.46033269685789,23.033111203686634]}"
611,23.90355904319074,1798.393405511811,54.90468671000002,31.630000000000052,0.16218768781660514,0.24766653880577932,-0.40950455005055614,"{""type"":""Point"",""coordinates"":[72.62406899024955,23.069125193394637]}"
612,23.90355904319074,1445.512992125984,46.75783604000003,31.670000000000016,0.03939075630252101,0.15448950607543002,-0.2425271739130435,"{""type"":""Point"",""coordinates"":[72.59110134986621,23.072739054580857]}"
613,24.034184354894307,1733.0036417322835,49.615300760000025,28.750000000000057,0.06823574072316599,0.3097652081109925,-0.40237108984430797,"{""type"":""Point"",""coordinates"":[72.53063810632202,22.928710128537258]}"
614,24.035934315557085,1823.6040354330707,48.27030989000002,32.33000000000004,0.019157088122605363,0.3020717032626225,-0.3848792716717245,"{""type"":""Point"",""coordinates"":[72.63009637569657,23.026664577919764]}"
615,24.035934315557085,1410.5503937007875,49.59650165000005,32.25000000000006,0.05,0.15846103684382132,-0.23668639053254437,"{""type"":""Point"",""coordinates"":[72.63101757629481,23.02020612933395]}"
616,23.921801185607933,1896.511023622047,46.086195110000006,30.55000000000001,0.01332272817657586,0.20583232077764277,-0.25779467680608364,"{""type"":""Point"",""coordinates"":[72.46430242315556,23.035384360235323]}"
617,24.034184354894307,1827.3363188976377,44.652335719999996,28.510000000000048,-0.02851452883135693,0.4088034717916925,-0.45387076135636595,"{""type"":""Point"",""coordinates"":[72.52554012143567,22.939549819648633]}"
618,23.90883869371919,1990.6571850393702,50.780845580000005,29.760000000000048,0.08275414697433046,0.13809359549269865,-0.23879849812265333,"{""type"":""Point"",""coordinates"":[72.4828945383239,23.06645441195267]}"
619,24.035934315557085,1738.5740157480316,50.07844247000003,32.370000000000005,0.10718446601941747,0.20350739432011516,-0.3362394652717233,"{""type"":""Point"",""coordinates"":[72.63737785189458,23.010175012531946]}"
620,24.151162719726585,1792.4475393700786,49.30767896000003,28.370000000000005,0.028310691693456392,0.19729108101201123,-0.2823320104009854,"{""type"":""Point"",""coordinates"":[72.61228173706756,22.93181017546511]}"
621,24.034184354894307,1837.231003937008,46.90651991000004,28.210000000000036,-0.054692775151924375,0.3619830592924763,-0.39074026965148817,"{""type"":""Point"",""coordinates"":[72.5015550257771,22.948892875293318]}"
622,24.034184354894307,1506.084842519685,40.51140449000002,27.730000000000018,-0.20044543429844097,0.5876288659793815,-0.568,"{""type"":""Point"",""coordinates"":[72.4972388779156,22.919268086114947]}"
623,24.041129684448265,1821.7561023622047,49.338441139999986,29.930000000000007,0.04659949622166247,0.14006024096385541,-0.2112,"{""type"":""Point"",""coordinates"":[72.66505433397587,22.991720488715167]}"
624,23.90883869371919,1763.7561023622045,43.78074062000002,29.510000000000048,-0.05469515781219369,0.3764871434053985,-0.42857142857142855,"{""type"":""Point"",""coordinates"":[72.46165803637001,23.061667714214824]}"
625,23.921801185607933,2137.663090551181,46.87575773000003,30.450000000000045,0.033010762412951075,0.17223988597741477,-0.23549803559047838,"{""type"":""Point"",""coordinates"":[72.50591738086491,22.98109274393598]}"
626,23.90883869371919,2629.883070866141,46.694602669999995,29.180000000000007,0.03963510537905002,0.05539711347333852,-0.13917910447761195,"{""type"":""Point"",""coordinates"":[72.46596911639375,23.100317446134856]}"
627,23.921801185607933,1773.9642716535432,47.581578860000036,28.930000000000007,0.019834248998975696,0.34689699296225207,-0.4332788671023965,"{""type"":""Point"",""coordinates"":[72.53085845218527,22.962062067926112]}"
628,23.90883869371919,2366.73937007874,51.32260174999999,29.150000000000034,0.12414694351677073,0.17035312378734963,-0.2994398965962947,"{""type"":""Point"",""coordinates"":[72.47810799264985,23.090331277138734]}"
629,24.151162719726585,2000.0818897637796,50.71077617000003,27.950000000000045,0.07315875613747955,0.27890695573622404,-0.4038175508180466,"{""type"":""Point"",""coordinates"":[72.62358024964551,22.917675323794196]}"
630,23.921801185607933,1809.0809055118111,46.08448610000005,28.250000000000057,-0.006055209260908282,0.41792168674698793,-0.47358810486500585,"{""type"":""Point"",""coordinates"":[72.50195783447737,22.95637309665518]}"
631,23.921801185607933,2039.1000984251968,44.695060969999986,32.210000000000036,0.03463419502944406,0.11300345224395858,-0.16222062004325882,"{""type"":""Point"",""coordinates"":[72.5201684174509,23.01779293925532]}"
632,23.90355904319074,2018.7816929133855,50.837242909999986,31.99000000000001,0.10029662588060809,0.10307989544266394,-0.21355338834708676,"{""type"":""Point"",""coordinates"":[72.57635271940075,23.064095888203205]}"
633,24.035934315557085,1410.3008858267717,44.64891770000003,32.49000000000001,0.00558659217877095,0.18186234817813765,-0.2191780821917808,"{""type"":""Point"",""coordinates"":[72.59945505758101,23.003240858962027]}"
634,24.035934315557085,1636.0095472440944,48.232711670000015,31.510000000000048,0.04934894408578619,0.21205357142857142,-0.3054845980465815,"{""type"":""Point"",""coordinates"":[72.5991365987855,22.965744481945354]}"
635,24.035934315557085,1805.967716535433,48.14213414000005,32.47000000000003,0.08617021276595745,0.10924586776859505,-0.18826947018951445,"{""type"":""Point"",""coordinates"":[72.63554328496362,23.00652960585392]}"
636,23.90355904319074,1684.1906496062993,44.086653410000054,29.07000000000005,-0.13226086118871014,0.5417103882476391,-0.5411039727284647,"{""type"":""Point"",""coordinates"":[72.64895494750378,23.128282415340955]}"
637,23.90355904319074,2220.567125984252,47.005642490000014,32.210000000000036,0.06028432607522044,0.09809694038481757,-0.17493531330858364,"{""type"":""Point"",""coordinates"":[72.63668481796753,23.073650744569285]}"
638,23.90883869371919,1999.4475393700789,48.65312813000003,31.07000000000005,0.04684281236005374,0.2199931216324659,-0.2954351795496044,"{""type"":""Point"",""coordinates"":[72.50349324489802,23.05772064639154]}"
639,23.90355904319074,1327.3230314960629,43.685036060000016,30.470000000000027,-0.2058093346573982,0.6074797286116167,-0.5818270639960919,"{""type"":""Point"",""coordinates"":[72.60911080216194,23.0967872757206]}"
640,24.035934315557085,1896.0794291338582,47.972942149999994,32.25000000000006,0.06791518673985578,0.09274447949526814,-0.1514426273101981,"{""type"":""Point"",""coordinates"":[72.61298441187647,23.018423108391737]}"
641,23.90355904319074,1679.7211614173227,48.79155794000002,32.190000000000055,0.04413900994524528,0.14772574802093116,-0.23827446438911407,"{""type"":""Point"",""coordinates"":[72.58293774998909,23.08277591164577]}"
642,24.035934315557085,1249.2477362204727,37.06262231000005,32.49000000000001,-0.010849124837263127,0.24142831764078876,-0.2643387009227429,"{""type"":""Point"",""coordinates"":[72.60101774151445,23.006420168953788]}"
643,23.90883869371919,1687.6694881889764,49.24273658000004,29.450000000000045,0.04938977879481312,0.3420379593484991,-0.4263233190271817,"{""type"":""Point"",""coordinates"":[72.4770193972591,23.09313388128817]}"
644,23.921801185607933,1711.2270669291336,51.19784402000005,28.170000000000016,0.07006978300353695,0.3373659609568326,-0.4047653429602888,"{""type"":""Point"",""coordinates"":[72.48535224673908,22.955938019376582]}"
645,23.921801185607933,2049.347637795275,45.44189834000002,30.77000000000004,-0.0011880515953835709,0.2964835164835165,-0.36345776031434185,"{""type"":""Point"",""coordinates"":[72.49405852861823,23.03743747754954]}"
646,23.921801185607933,1960.2118110236217,46.34254661,31.670000000000016,0.04891969017529556,0.1113492914136001,-0.18366311516996447,"{""type"":""Point"",""coordinates"":[72.51207892911133,23.049859625883066]}"
647,24.035934315557085,518.086811023622,36.15171998000005,32.410000000000025,0.07646048109965636,-0.022282855843565257,0.11376751854905194,"{""type"":""Point"",""coordinates"":[72.57477540293998,23.033164534883497]}"
648,23.921801185607933,2134.3589566929136,46.93386407000003,31.29000000000002,0.06856977529173498,0.06682867557715674,-0.137171788531732,"{""type"":""Point"",""coordinates"":[72.51480244888504,22.985518142567336]}"
649,23.90883869371919,2233.9977362204722,48.49077218000002,30.510000000000048,0.06420125386874058,0.17625935162094764,-0.2971070289297107,"{""type"":""Point"",""coordinates"":[72.54839288554624,23.124473918212114]}"
650,23.90883869371919,1770.0735236220473,44.180648959999985,29.55000000000001,-0.050616152357673895,0.3143075551025608,-0.35558475689881736,"{""type"":""Point"",""coordinates"":[72.49572968825083,23.10111073343987]}"
651,23.90883869371919,1907.082874015748,46.4604683,30.970000000000027,0.010754716981132076,0.23728613569321533,-0.3128834355828221,"{""type"":""Point"",""coordinates"":[72.50851861306954,23.066824055209953]}"
652,23.90355904319074,1995.4391732283464,45.23339912000006,32.09000000000003,0.026464646464646465,0.14424789267481894,-0.19504029758214508,"{""type"":""Point"",""coordinates"":[72.57176262364995,23.050728049206327]}"
653,23.90355904319074,2042.3973425196848,46.37672681000004,30.910000000000025,0.08046707443005799,0.2947097640085002,-0.3896758703481393,"{""type"":""Point"",""coordinates"":[72.60944031773155,23.08120921931955]}"
654,23.90883869371919,1914.6345472440944,44.65062670999998,31.57000000000005,-0.02655531575490288,0.3020709354915496,-0.34861932938856016,"{""type"":""Point"",""coordinates"":[72.50625420811329,23.051216810297795]}"
655,24.035934315557085,1887.1876968503939,47.26712101999999,32.09000000000003,0.0665825181445251,0.10980490245122561,-0.16106241004841032,"{""type"":""Point"",""coordinates"":[72.60577147777089,23.042757810432306]}"
656,23.921801185607933,2018.043996062992,44.889888110000015,30.78000000000003,-0.09860332859412896,0.4680375502905677,-0.4673815907059875,"{""type"":""Point"",""coordinates"":[72.48386935047942,23.025421278976456]}"
657,23.90355904319074,2259.2437992125983,46.33400156000005,31.77000000000004,0.053341617111919766,0.11069457461210039,-0.17700286912381372,"{""type"":""Point"",""coordinates"":[72.58264663029115,23.113679905184107]}"
658,24.151162719726585,2044.0730314960626,49.60846472000003,28.55000000000001,0.08653680399931046,0.18891631142023782,-0.29433317049340496,"{""type"":""Point"",""coordinates"":[72.60273547915313,22.929171774915172]}"
659,24.035934315557085,1761.8067913385826,47.60037797000001,32.27000000000004,0.07641498690354173,0.09861826063397454,-0.15002836074872378,"{""type"":""Point"",""coordinates"":[72.58635797024542,23.01227433019917]}"
660,24.034184354894307,2166.468208661417,49.32306004999998,28.79000000000002,0.061635893319061635,0.12489307100085544,-0.21128382268278642,"{""type"":""Point"",""coordinates"":[72.54286924972607,22.919945407531948]}"
661,24.151162719726585,1414.659153543307,43.96702271000004,28.370000000000005,-0.057265290222049084,0.31449790119470455,-0.33562992125984253,"{""type"":""Point"",""coordinates"":[72.57599534046037,22.92681226791943]}"
662,24.034184354894307,1457.0444881889762,39.80216533999999,28.090000000000032,-0.3117852975495916,0.6057706041994001,-0.5973287865870986,"{""type"":""Point"",""coordinates"":[72.48118524932623,22.943991782800165]}"
663,24.035934315557085,1916.479035433071,47.67728341999998,31.110000000000014,-0.030927835051546393,0.30665097115950557,-0.36229749631811486,"{""type"":""Point"",""coordinates"":[72.64625441618246,22.98268388408592]}"
664,23.921801185607933,1795.3550196850395,41.98798913000002,31.29000000000002,-0.09703008609848118,0.4153769345981028,-0.4396343785705218,"{""type"":""Point"",""coordinates"":[72.5005881762697,23.024532262018795]}"
665,23.90883869371919,2158.9096456692914,44.96508455000003,32.210000000000036,0.030326746233613776,0.06523374529822676,-0.12957264957264958,"{""type"":""Point"",""coordinates"":[72.53294680505009,23.073599171004176]}"
666,23.921801185607933,2133.279724409449,44.99584673000004,32.410000000000025,0.002240896358543417,0.15799739921976594,-0.20229522952295229,"{""type"":""Point"",""coordinates"":[72.5419219184525,23.006441986270396]}"
667,24.035934315557085,2020.612893700787,46.52541068000005,31.79000000000002,0.02299854439592431,0.14669703872437356,-0.21491492699408712,"{""type"":""Point"",""coordinates"":[72.61942318952362,22.972711670419777]}"
668,23.915034565172732,1642.0484251968505,47.66361133999999,30.880000000000052,0.056567796610169495,0.2442022911427773,-0.3190165876777251,"{""type"":""Point"",""coordinates"":[72.66792685296869,23.084199548986465]}"
669,23.915034565172732,1919.9618110236217,51.17220887000002,29.390000000000043,0.10884101040118871,0.14469760229034953,-0.2593175853018373,"{""type"":""Point"",""coordinates"":[72.67318712683338,23.11211442108604]}"
670,24.165128102022095,2164.129133858268,46.97317129999999,28.870000000000005,0.05002389676597101,0.25788418943149455,-0.3564604185623294,"{""type"":""Point"",""coordinates"":[72.66452551183127,22.933743189029173]}"
671,24.035934315557085,1899.170964566929,50.15876594000002,31.55000000000001,0.057861505020184244,0.111083984375,-0.18747553816046966,"{""type"":""Point"",""coordinates"":[72.63395574918515,22.978854770784046]}"
672,24.035934315557085,1567.3176181102365,52.38047893999999,30.210000000000036,0.06354060482500849,0.27553224313483493,-0.3197126895450918,"{""type"":""Point"",""coordinates"":[72.56487477049438,22.96701824619533]}"
673,23.915034565172732,1912.5499015748032,48.967585970000016,29.010000000000048,0.056815410875396245,0.37634918752223934,-0.4784048923429736,"{""type"":""Point"",""coordinates"":[72.66489576720616,23.12381139256773]}"
674,23.921801185607933,1518.9076771653542,38.44350239000005,28.120000000000005,-0.21447140381282495,0.5760472308124824,-0.5842871273138336,"{""type"":""Point"",""coordinates"":[72.46589444834922,22.96198656735114]}"
675,24.151162719726585,1711.996751968504,50.52107606000004,29.230000000000018,0.0165947242206235,0.35680254102699843,-0.4394832912103342,"{""type"":""Point"",""coordinates"":[72.6206903176856,22.93633273599507]}"
676,24.035934315557085,1819.883562992126,49.65973502000003,31.890000000000043,0.024764494512964943,0.25776553106212424,-0.33857637963209813,"{""type"":""Point"",""coordinates"":[72.63659106849332,22.98539035858065]}"
677,23.90355904319074,2375.629133858268,46.04859689,31.77000000000004,0.04564524249035073,0.11258925951286315,-0.1811007268951194,"{""type"":""Point"",""coordinates"":[72.58294889007202,23.113033630440786]}"
678,23.90883869371919,1732.5449803149606,45.37524695000002,31.950000000000045,0.01891631933311959,0.20837172568118995,-0.27041239966786607,"{""type"":""Point"",""coordinates"":[72.52163285042673,23.060826945406134]}"
679,23.921801185607933,2214.385531496063,45.35644783999999,29.840000000000032,0.011666221391041055,0.1526796842542584,-0.2059111159404542,"{""type"":""Point"",""coordinates"":[72.46541695272332,23.04374992045643]}"
680,23.921801185607933,1652.1143700787402,45.927257180000026,29.170000000000016,-0.044211392144766604,0.3956300673354404,-0.44036306906821726,"{""type"":""Point"",""coordinates"":[72.54293626922406,22.97933543264913]}"
681,23.921801185607933,2158.1832677165353,50.13996683000005,30.850000000000023,0.07553151809026483,0.10932080116370146,-0.17131379962192816,"{""type"":""Point"",""coordinates"":[72.49587766390837,22.987526677354758]}"
682,24.151162719726585,2258.546456692913,48.682181300000025,29.150000000000034,0.04318418314255983,0.15927715906703088,-0.22084531976100907,"{""type"":""Point"",""coordinates"":[72.57659616947386,22.94187432874013]}"
683,23.921801185607933,1546.8102362204722,45.58203716000003,28.190000000000055,-0.3483798882681564,0.6216070948669713,-0.6339019767126997,"{""type"":""Point"",""coordinates"":[72.47487193324825,22.95381068848845]}"
684,24.034184354894307,2006.782677165354,51.46615859000002,28.79000000000002,0.07474370922646785,0.13204104903078678,-0.2294736842105263,"{""type"":""Point"",""coordinates"":[72.54578483403441,22.924645695869557]}"
685,23.90355904319074,2338.4263779527555,47.46707519000006,31.810000000000002,0.07367112216350637,0.15447941888619854,-0.26030873334743077,"{""type"":""Point"",""coordinates"":[72.5640675172411,23.096455668647756]}"
686,23.90355904319074,2481.284153543307,48.526661390000015,29.950000000000045,0.0659544476593219,0.17685548700691717,-0.2669819865150448,"{""type"":""Point"",""coordinates"":[72.5967091258162,23.117474247563635]}"
687,23.921801185607933,1760.573031496063,41.35565543000001,29.170000000000016,-0.16368992819002026,0.5905373096766076,-0.565518949715135,"{""type"":""Point"",""coordinates"":[72.54888221141661,22.982121353435208]}"
688,23.921801185607933,1975.938188976378,47.355989539999996,32.25000000000006,0.039327987781596026,0.15161917839569744,-0.25003105204322446,"{""type"":""Point"",""coordinates"":[72.54549368264504,23.044438718966386]}"
689,24.035934315557085,2095.981988188976,49.20001133000005,30.77000000000004,0.04072873784707016,0.2004822974898608,-0.28544600938967135,"{""type"":""Point"",""coordinates"":[72.56325436982414,22.989530600605573]}"
690,24.151162719726585,1503.698031496063,35.74839362,28.05000000000001,-0.3260670032124828,0.5999446290143965,-0.5497452400107268,"{""type"":""Point"",""coordinates"":[72.56576554769343,22.919384435143176]}"
691,23.921801185607933,1622.514468503937,42.26655776000001,29.30000000000001,-0.13892030848329048,0.49675675675675673,-0.5235213204951857,"{""type"":""Point"",""coordinates"":[72.46296806071895,22.985539905625057]}"
692,24.035934315557085,1998.7428149606299,52.028422879999994,29.590000000000032,0.07870075516331544,0.17090656799259946,-0.2659082385298162,"{""type"":""Point"",""coordinates"":[72.5551128580284,22.96912862045404]}"
693,24.035934315557085,2122.244291338583,48.88213546999998,29.430000000000007,0.08034588362457215,0.1657912765471569,-0.20614294152392204,"{""type"":""Point"",""coordinates"":[72.55589207548365,22.977715641139866]}"
694,23.921801185607933,1973.6611220472441,47.13894527000002,29.890000000000043,-0.013796172674677348,0.30097087378640774,-0.3603248536964051,"{""type"":""Point"",""coordinates"":[72.47733980528042,22.99157441085557]}"
695,23.921801185607933,1932.1429133858264,49.62897284000002,31.670000000000016,0.07993699547154952,0.11995206710605152,-0.20097661269596503,"{""type"":""Point"",""coordinates"":[72.53589479757184,22.996063245979297]}"
696,23.90355904319074,1961.1601377952757,45.61963537999998,29.180000000000007,0.03594424973510474,0.37025023169601484,-0.46259428712748857,"{""type"":""Point"",""coordinates"":[72.64147992578734,23.127648990987346]}"
697,24.035934315557085,272.9007874015748,34.65975424999999,32.35000000000002,-0.08977035490605428,-0.10463121783876501,0.43628509719222464,"{""type"":""Point"",""coordinates"":[72.59940805051153,23.007119547341254]}"
698,23.90883869371919,2083.6650590551185,48.64629209000003,29.83000000000004,0.0666874658762967,0.295021645021645,-0.4252024773701763,"{""type"":""Point"",""coordinates"":[72.5001724948666,23.09578377242663]}"
699,24.041129684448265,1754.1202755905513,52.41978617000001,31.010000000000048,0.08839556004036327,0.1699041699041699,-0.2968705139247775,"{""type"":""Point"",""coordinates"":[72.68188571702876,23.030062187876336]}"
700,24.035934315557085,2194.1837598425195,46.42799710999998,31.79000000000002,0.028409609938796015,0.11453421355967724,-0.1911748236084668,"{""type"":""Point"",""coordinates"":[72.61959461785659,22.969096446813943]}"
701,23.90883869371919,1649.0676181102365,53.77332209000002,29.140000000000043,0.16006280594809272,0.3175891046073602,-0.4434920634920635,"{""type"":""Point"",""coordinates"":[72.46808856862307,23.09341760258405]}"
702,23.90355904319074,1900.5686023622045,46.57155395000001,30.930000000000007,0.023615874571288584,0.19831629585087193,-0.26962283384301733,"{""type"":""Point"",""coordinates"":[72.59416431757556,23.112513946122423]}"
703,24.151162719726585,1594.7871062992126,48.13017107000002,28.370000000000005,0.014806789454676778,0.17687661777394306,-0.2473708276177412,"{""type"":""Point"",""coordinates"":[72.57911329527421,22.928278921549897]}"
704,23.921801185607933,1798.8338582677168,49.343568170000026,30.180000000000007,0.010876256925918325,0.23875610382934978,-0.297442799461642,"{""type"":""Point"",""coordinates"":[72.48642757861204,23.009392673562413]}"
705,23.90355904319074,1657.0700787401574,51.59604335000006,31.630000000000052,0.03406762295081967,0.06948383437322746,-0.12701733413030483,"{""type"":""Point"",""coordinates"":[72.61743194538829,23.06885587296705]}"
706,24.035934315557085,1386.8545275590554,48.863336360000005,31.250000000000057,0.03896103896103896,0.21616635921516014,-0.2794636556104446,"{""type"":""Point"",""coordinates"":[72.59134098395702,22.95963889454613]}"
707,23.921801185607933,1539.6547244094486,43.597876550000024,30.79000000000002,-0.11324697033012955,0.5259916941142775,-0.5472629591984899,"{""type"":""Point"",""coordinates"":[72.50090599599649,23.011702683118116]}"
708,24.035934315557085,2205.0267716535436,51.21835213999998,29.110000000000014,0.10731395720217184,0.16204136784118076,-0.27698458023986294,"{""type"":""Point"",""coordinates"":[72.55119617014564,22.951112421028885]}"
709,23.921801185607933,1604.567125984252,47.10818309000001,28.660000000000025,-0.08187946074544013,0.5245145970107556,-0.5447983014861996,"{""type"":""Point"",""coordinates"":[72.46655680506048,22.973707568833905]}"
710,24.165128102022095,1853.0538385826771,47.18679755000005,28.640000000000043,0.07443641003828158,0.353738957322384,-0.44431169520775254,"{""type"":""Point"",""coordinates"":[72.68070422074025,22.939830484588125]}"
711,24.035934315557085,1384.4450787401577,45.831552620000025,32.05000000000001,-0.014415613218008428,0.5043578358822562,-0.5531409168081494,"{""type"":""Point"",""coordinates"":[72.59372227763511,23.0433566809389]}"
712,23.90355904319074,1661.780708661417,48.35063336000002,31.950000000000045,0.08538667967797024,0.16086081436754915,-0.18264984227129338,"{""type"":""Point"",""coordinates"":[72.57846759859201,23.08689065320798]}"
713,23.90355904319074,2281.6453740157485,45.947765300000015,30.930000000000007,0.043200827800293176,0.12844503203498422,-0.19878997407087295,"{""type"":""Point"",""coordinates"":[72.59473635174787,23.110398014192903]}"
714,23.921801185607933,1787.9027559055116,46.95608120000003,30.29000000000002,0.03158478019948282,0.3166750376695128,-0.41702702702702704,"{""type"":""Point"",""coordinates"":[72.46627577563326,23.0147597137551]}"
715,23.915034565172732,1758.3166338582678,48.07206473000002,32.210000000000036,0.09010698136097937,0.09518120270808443,-0.17789834380354083,"{""type"":""Point"",""coordinates"":[72.65754554259509,23.073005692573023]}"
716,24.151162719726585,1675.655708661417,49.05987250999999,29.690000000000055,0.05057316250842886,0.16668968374533905,-0.24454920447849146,"{""type"":""Point"",""coordinates"":[72.5898346301174,22.944516865804623]}"
717,23.90883869371919,1720.386023622047,50.78768162000006,29.150000000000034,0.09888134238913304,0.2088972263164947,-0.30943396226415093,"{""type"":""Point"",""coordinates"":[72.47766377021209,23.119498140024096]}"
718,24.041129684448265,1846.3924212598426,45.88453192999998,31.190000000000055,0.08171120642252282,0.062476142002799336,-0.1317430197885606,"{""type"":""Point"",""coordinates"":[72.6548350857848,22.993054826111173]}"
719,24.034184354894307,1097.4529527559055,42.613486790000024,28.99000000000001,-0.11546909319108879,0.47265948632974314,-0.41492537313432837,"{""type"":""Point"",""coordinates"":[72.52969847736674,22.926374287535882]}"
720,24.035934315557085,1922.8417322834644,49.27178975000004,32.29000000000002,0.08055380742605413,0.0858416945373467,-0.15039370078740158,"{""type"":""Point"",""coordinates"":[72.60497893552242,23.011377486119752]}"
721,24.041129684448265,1817.7536417322833,48.993221120000044,31.250000000000057,0.08740611733971917,0.08968027034052509,-0.15673289183222958,"{""type"":""Point"",""coordinates"":[72.67463106487527,23.01918141139952]}"
722,23.915034565172732,2211.6173228346456,45.53589389000001,30.810000000000002,0.043640234167110166,0.1389035597338122,-0.1991991991991992,"{""type"":""Point"",""coordinates"":[72.67078568706673,23.07620211179615]}"
723,24.041129684448265,1762.467716535433,49.43072768000002,29.930000000000007,0.07650387759379584,0.16191983122362869,-0.2592169191197485,"{""type"":""Point"",""coordinates"":[72.66772729396062,22.996472596749644]}"
724,24.035934315557085,1802.365846456693,50.34675704000006,32.150000000000034,0.09924610141485077,0.17183931210533387,-0.2324431256181998,"{""type"":""Point"",""coordinates"":[72.57292546440982,23.000708907196394]}"
725,23.90883869371919,1768.141929133858,49.52985025999999,28.99000000000001,0.06642066420664207,0.3735780765253361,-0.4654530409598676,"{""type"":""Point"",""coordinates"":[72.457939368447,23.09347952947254]}"
726,24.035934315557085,2159.670964566929,49.43243669000003,31.650000000000034,0.055125966575205784,0.2007607776838546,-0.28770538243626065,"{""type"":""Point"",""coordinates"":[72.57094482296904,22.99703816598219]}"
727,23.915034565172732,2012.0828740157478,48.33012524000003,30.670000000000016,0.0659606094388703,0.15842839036755388,-0.23180592991913745,"{""type"":""Point"",""coordinates"":[72.67542065446008,23.06834362960233]}"
728,23.90355904319074,583.8919291338582,41.818797140000015,31.27000000000004,0.0851063829787234,0.0420032310177706,-0.044534412955465584,"{""type"":""Point"",""coordinates"":[72.63505289264783,23.091070065974716]}"
729,23.90883869371919,2028.382086614173,51.484957699999995,30.090000000000032,0.10653363373028645,0.2524249943604782,-0.36866757056575866,"{""type"":""Point"",""coordinates"":[72.508125286508,23.087648143057994]}"
730,24.035934315557085,1981.4381889763777,49.91095948999998,31.170000000000016,0.040006478781988986,0.35381452718136136,-0.45251807376546993,"{""type"":""Point"",""coordinates"":[72.64784871836754,22.984285470730825]}"
731,23.90883869371919,1971.3122047244094,51.744727220000016,29.450000000000045,0.0998914223669924,0.1680169073617471,-0.2716349226639397,"{""type"":""Point"",""coordinates"":[72.50253689248423,23.11428820070147]}"
732,24.035934315557085,1504.897342519685,47.27737508000001,32.450000000000045,0.05594491577523669,0.19112627986348124,-0.26386831275720163,"{""type"":""Point"",""coordinates"":[72.58595983914094,23.020430932601027]}"
733,23.921801185607933,1796.0139763779528,46.34254661,29.690000000000055,-0.05225156754702641,0.372320654194028,-0.4190903267136451,"{""type"":""Point"",""coordinates"":[72.53140010080907,22.98079981618844]}"
734,24.041129684448265,1610.3968503937008,50.07844247000003,28.940000000000055,0.028200905722519556,0.35973502304147464,-0.41262716935966487,"{""type"":""Point"",""coordinates"":[72.66296921500893,22.972446385698944]}"
735,24.035934315557085,1748.1463582677163,48.88213546999998,32.47000000000003,0.07611017425519954,0.1081445523193096,-0.1874006646438376,"{""type"":""Point"",""coordinates"":[72.63025462920545,23.00796457934787]}"
736,23.90883869371919,1857.7580708661417,48.92656972999998,29.33000000000004,-0.060107268355835027,0.39346055670353713,-0.4356919223544145,"{""type"":""Point"",""coordinates"":[72.47240496024426,23.07388440387942]}"
737,23.90883869371919,1882.3998031496062,50.616780619999986,29.480000000000018,-0.016440194598221776,0.43782629330802086,-0.523318667504714,"{""type"":""Point"",""coordinates"":[72.48218470830004,23.11192938069019]}"
738,23.921801185607933,1485.1040354330707,42.94674373999999,30.950000000000045,-0.004757373929590866,0.15843911612599906,-0.19534282018111254,"{""type"":""Point"",""coordinates"":[72.49473604741769,23.02515084233948]}"
739,23.921801185607933,2491.913090551181,44.021711030000006,30.690000000000055,0.01182033096926714,0.1317337316777145,-0.18633783519279704,"{""type"":""Point"",""coordinates"":[72.47133199021269,23.03654327193331]}"
740,24.041129684448265,2070.7639763779525,48.16093325000003,31.730000000000018,0.05722124240642759,0.08969422423556059,-0.16573782408529197,"{""type"":""Point"",""coordinates"":[72.66650721857162,23.01945777206424]}"
741,24.035934315557085,1989.9007874015747,45.46069745,32.35000000000002,0.024695776664280602,0.22375659593578084,-0.30538922155688625,"{""type"":""Point"",""coordinates"":[72.55238008475932,23.04788464082788]}"
742,24.035934315557085,1852.0031496062993,48.49077218000002,31.950000000000045,0.08180476491671937,0.11338361242490093,-0.1795774647887324,"{""type"":""Point"",""coordinates"":[72.6267969986784,22.979425714656408]}"
743,24.035934315557085,2133.9022637795274,46.68434861000003,32.110000000000014,0.05844825968664978,0.10662697100011026,-0.1735266604303087,"{""type"":""Point"",""coordinates"":[72.60976495264836,22.966672262570203]}"
744,23.921801185607933,2122.9672244094486,43.144988900000044,32.13000000000005,-0.0383885827838497,0.23096691294571153,-0.28518725544997203,"{""type"":""Point"",""coordinates"":[72.50976711264462,23.024599416757898]}"
745,23.921801185607933,1580.696062992126,42.54170837000004,29.29000000000002,-0.031566820276497695,0.28686404139120436,-0.3206489675516224,"{""type"":""Point"",""coordinates"":[72.52043585511817,22.971417540715965]}"
746,23.921801185607933,1501.80187007874,44.030256080000015,28.440000000000055,-0.35474319553581596,0.6309295311214697,-0.6196051735874745,"{""type"":""Point"",""coordinates"":[72.48560895522996,22.96164755876695]}"
747,24.035934315557085,1400.0134842519683,49.71784136000002,31.05000000000001,0.03250427687853665,0.25976696367374913,-0.3044712562100781,"{""type"":""Point"",""coordinates"":[72.63249921003921,22.961679913300337]}"
748,24.034184354894307,1708.5267716535432,53.01110362999998,29.05000000000001,0.07984069789493647,0.30045564191905655,-0.42454492072812683,"{""type"":""Point"",""coordinates"":[72.54134579033524,22.925382633497346]}"
749,23.921801185607933,1920.4662401574803,42.65279401999999,29.560000000000002,-0.10349229506701924,0.39762097239866034,-0.4469153515064562,"{""type"":""Point"",""coordinates"":[72.4622643418765,22.995787771702776]}"
750,23.921801185607933,1925.133562992126,44.9907197,30.78000000000003,0.03724704272167367,0.18722121760096444,-0.2450063211125158,"{""type"":""Point"",""coordinates"":[72.48417303386522,23.026161896181364]}"
751,23.921801185607933,2048.855511811024,47.01076952000005,30.80000000000001,0.044126416219439475,0.10361445783132531,-0.16978837265872052,"{""type"":""Point"",""coordinates"":[72.48207408944491,23.026603956052877]}"
752,23.90883869371919,2019.2388779527557,44.281480550000026,29.610000000000014,-0.043493419332345504,0.3512415349887133,-0.3783099240156574,"{""type"":""Point"",""coordinates"":[72.47112867219643,23.064907370908386]}"
753,23.90883869371919,1736.9534448818897,47.30984626999998,29.900000000000034,-0.01404520509720026,0.42064112587959346,-0.483467138386175,"{""type"":""Point"",""coordinates"":[72.53091313606862,23.13026476632493]}"
754,23.90355904319074,1528.3220472440944,46.29127631000006,32.09000000000003,0.03500243072435586,0.21388166946950007,-0.2742737923286792,"{""type"":""Point"",""coordinates"":[72.57625950199683,23.054919661870183]}"
755,23.90355904319074,1963.342716535433,44.63182760000001,32.07000000000005,0.059541984732824425,0.15140186915887852,-0.23555221261125736,"{""type"":""Point"",""coordinates"":[72.59703298438508,23.057525069674277]}"
756,23.90355904319074,1869.961318897638,47.87723759000005,30.380000000000052,0.03995422904548489,0.23306797305572566,-0.3176285826462505,"{""type"":""Point"",""coordinates"":[72.63073760649489,23.098545344909578]}"
757,23.915034565172732,1602.3166338582678,41.30780315000004,29.650000000000034,-0.02431215607803902,0.43329133417331656,-0.5292008961911875,"{""type"":""Point"",""coordinates"":[72.68635351760206,23.0615167450235]}"
758,23.90883869371919,1802.272834645669,49.338441139999986,28.760000000000048,0.06228118665929611,0.29244444444444445,-0.39233926128590974,"{""type"":""Point"",""coordinates"":[72.46355734828695,23.12151271732429]}"
759,24.035934315557085,1720.863877952756,50.68855904000003,30.110000000000014,0.06775130737943057,0.10162043394671794,-0.16480325250471903,"{""type"":""Point"",""coordinates"":[72.64878030896487,22.976980861837614]}"
760,23.90355904319074,2214.9490157480313,51.29696660000002,29.500000000000057,0.11625708884688091,0.14466435421342583,-0.2840466926070039,"{""type"":""Point"",""coordinates"":[72.64633724629141,23.114537899906153]}"
761,23.915034565172732,2165.453937007874,49.010311220000006,28.850000000000023,0.06813321112129544,0.25890001031885257,-0.3825929283771532,"{""type"":""Point"",""coordinates"":[72.67183464283683,23.12930268801824]}"
762,23.921801185607933,2135.8560039370077,45.03857198000003,30.55000000000001,0.03292357947219118,0.21726898939623457,-0.27233657543542183,"{""type"":""Point"",""coordinates"":[72.46582583602573,23.037161637501722]}"
763,24.041129684448265,1696.8943897637794,47.70291857000001,28.83000000000004,-0.04298707515557683,0.4408147070493321,-0.49110320284697506,"{""type"":""Point"",""coordinates"":[72.67120458679985,22.96182830702429]}"
764,24.151162719726585,1406.017913385827,35.37924745999999,28.310000000000002,-0.277175222945288,0.6038135593220338,-0.5437727603787327,"{""type"":""Point"",""coordinates"":[72.61308136622031,22.925551707357844]}"
765,23.90355904319074,2037.2949803149606,48.46513703000005,29.560000000000002,0.009540481400437636,0.26932136848008975,-0.3347487615003539,"{""type"":""Point"",""coordinates"":[72.63668991031042,23.110376216067998]}"
766,23.90355904319074,2209.262992125984,45.15991169000006,31.850000000000023,0.04337985665786496,0.07720080705107783,-0.1515495515949597,"{""type"":""Point"",""coordinates"":[72.64827387654671,23.080370651357942]}"
767,23.90355904319074,1979.1832677165353,47.88578264,29.49000000000001,-0.04092526690391459,0.4387926215762996,-0.5144739938809132,"{""type"":""Point"",""coordinates"":[72.60704152259154,23.127133628612192]}"
768,23.90355904319074,2114.2177165354333,42.59810570000002,31.090000000000032,-0.0011467889908256881,0.2827455919395466,-0.3729498988991238,"{""type"":""Point"",""coordinates"":[72.62189048396866,23.088514460734856]}"
769,23.921801185607933,1801.6901574803146,49.55719442000003,29.350000000000023,-0.06289424860853432,0.4340425531914894,-0.48689332987282635,"{""type"":""Point"",""coordinates"":[72.49400115585003,22.96832961647557]}"
770,24.035934315557085,1588.2014763779525,46.96462625000004,32.170000000000016,0.030653430784335117,0.27525832376578646,-0.34943052391799545,"{""type"":""Point"",""coordinates"":[72.60686046359336,23.038583952364224]}"
771,23.921801185607933,1607.9475393700789,49.08892567999999,30.460000000000036,0.054638646847770374,0.30291042667420176,-0.40279890477639185,"{""type"":""Point"",""coordinates"":[72.4806770763062,23.017484431329326]}"
772,23.921801185607933,1819.3254921259843,48.167769290000024,31.27000000000004,0.009826302729528537,0.2690497392189289,-0.31748547279450606,"{""type"":""Point"",""coordinates"":[72.4981648982506,22.985507148544002]}"
773,23.90883869371919,2433.6419291338584,45.262452290000056,32.190000000000055,0.037145313843508165,0.07096403978576894,-0.13248381877022652,"{""type"":""Point"",""coordinates"":[72.54013267426936,23.077729461680608]}"
774,23.90883869371919,2013.825,46.527119690000006,30.33000000000004,0.015646258503401362,0.31965344277245783,-0.3870117421519291,"{""type"":""Point"",""coordinates"":[72.51209710075987,23.08052058428294]}"
775,24.035934315557085,2375.0056102362205,46.70143871000005,32.210000000000036,0.04588429178593113,0.08641975308641975,-0.15050726911410942,"{""type"":""Point"",""coordinates"":[72.61350926983182,22.977846660466454]}"
776,24.035934315557085,2353.250688976378,47.55765272000002,32.03000000000003,0.02778490211165256,0.12438204469052798,-0.1774694553737834,"{""type"":""Point"",""coordinates"":[72.58971010314217,23.045301188175937]}"
777,24.151162719726585,1562.3412401574803,50.12800376000001,29.05000000000001,0.036694214876033054,0.3213422007255139,-0.3728015075376884,"{""type"":""Point"",""coordinates"":[72.55653093845174,22.947865054824263]}"
778,23.915034565172732,2617.1168307086614,45.83667965000001,31.77000000000004,0.03930407275603005,0.07580588026921714,-0.14387947269303203,"{""type"":""Point"",""coordinates"":[72.66517521894359,23.073821762701808]}"
779,24.035934315557085,2098.6394685039368,45.68286875000001,32.55000000000001,0.048515707560764725,0.10228158041179744,-0.16257776734358492,"{""type"":""Point"",""coordinates"":[72.61553691746983,22.98531328414878]}"
780,23.90883869371919,1990.9652559055119,46.77834416000002,29.510000000000048,-0.015721358464344654,0.3326495726495726,-0.3751175917215428,"{""type"":""Point"",""coordinates"":[72.48827070038854,23.089626668525185]}"
781,24.035934315557085,1448.325,49.061581520000004,31.55000000000001,0.06772716317184864,0.24955580681634632,-0.34891020052310373,"{""type"":""Point"",""coordinates"":[72.63529217664284,22.97922459408863]}"
782,24.035934315557085,1150.0523622047242,40.10978713999998,32.410000000000025,0.07349165596919127,0.1534159009188973,-0.2148116978750263,"{""type"":""Point"",""coordinates"":[72.57567143496178,23.029901607518617]}"
783,23.90355904319074,2298.313188976378,51.58237127000001,30.110000000000014,0.11203200914547014,0.2177150695669214,-0.3706849012903937,"{""type"":""Point"",""coordinates"":[72.58990389658577,23.12189311576236]}"
784,24.041129684448265,1784.1409448818897,48.59502179000003,29.470000000000027,0.06602664576802508,0.22576497814348162,-0.3137660190161224,"{""type"":""Point"",""coordinates"":[72.66145047945213,22.97787454557192]}"
785,23.921801185607933,812.8200787401574,37.758189379999976,29.29000000000002,-0.2527881040892193,0.46880958866793787,-0.3297163995067818,"{""type"":""Point"",""coordinates"":[72.51727401386982,22.970310065928963]}"
786,23.90355904319074,1677.3919291338582,47.59012390999999,32.27000000000004,0.07847584486278067,0.12486157253599114,-0.2108478617195649,"{""type"":""Point"",""coordinates"":[72.62389467500785,23.053003358374298]}"
787,23.921801185607933,2154.339763779528,47.62088609,32.05000000000001,-0.0011422976501305484,0.265470297029703,-0.3589544800088603,"{""type"":""Point"",""coordinates"":[72.52048678405393,23.0317043849867]}"
788,23.90883869371919,1988.8422244094486,45.16332971000003,29.55000000000001,-0.07308316950166681,0.41901209449530913,-0.44067018590773466,"{""type"":""Point"",""coordinates"":[72.49748384195712,23.105799334783935]}"
789,24.041129684448265,1819.053346456693,49.05816349999998,30.310000000000002,0.05755825532762398,0.1984297834620742,-0.2890220648324707,"{""type"":""Point"",""coordinates"":[72.65498778566983,22.988718841300724]}"
790,24.165128102022095,1885.5134842519685,48.85308229999998,28.760000000000048,0.10004323389537398,0.2737730999877616,-0.3834906287385352,"{""type"":""Point"",""coordinates"":[72.66199059913082,22.921231734260303]}"
791,23.915034565172732,1837.9647637795276,49.454653819999976,31.060000000000002,0.07326654881162836,0.17086487157215535,-0.27841755859639616,"{""type"":""Point"",""coordinates"":[72.65778449108124,23.093738195625882]}"
792,23.90883869371919,2433.020374015748,45.758065190000025,32.370000000000005,0.04631452786576492,0.06725426326882544,-0.12981744421906694,"{""type"":""Point"",""coordinates"":[72.53773971642416,23.069989977607705]}"
793,24.035934315557085,1837.46968503937,49.658026010000015,32.25000000000006,0.05816246056782334,0.1862428606903402,-0.27183173588924386,"{""type"":""Point"",""coordinates"":[72.60614674249535,23.024897343530576]}"
794,23.90883869371919,1621.8269685039368,48.40361267000003,31.57000000000005,0.038382920735861914,0.18815771011645854,-0.2534043812907046,"{""type"":""Point"",""coordinates"":[72.51235561028723,23.050857148427983]}"
795,24.035934315557085,1848.3875,44.54637710000003,32.35000000000002,0.017293155224189706,0.18684342171085544,-0.24052287581699347,"{""type"":""Point"",""coordinates"":[72.59557288631078,23.005160266579484]}"
796,24.041129684448265,2064.4613188976377,50.86971410000001,29.130000000000052,0.11740890688259109,0.20319891867537734,-0.3174642328564381,"{""type"":""Point"",""coordinates"":[72.6675402326556,22.980928892203003]}"
797,24.151162719726585,1437.036122047244,47.41922291000003,28.55000000000001,-0.06955982641041537,0.34802312861384593,-0.3915147604452331,"{""type"":""Point"",""coordinates"":[72.60068898875394,22.930115161766818]}"
798,23.90355904319074,2442.374704724409,45.79908143,32.370000000000005,0.03717856858530372,0.13271518216727546,-0.20770920711004592,"{""type"":""Point"",""coordinates"":[72.56134759428542,23.07269155313049]}"
799,24.035934315557085,1883.0981299212597,46.61940622999998,30.120000000000005,0.026180127362781764,0.19203167532788915,-0.24711974110032361,"{""type"":""Point"",""coordinates"":[72.64186612336078,22.950701625283262]}"
800,23.90355904319074,1895.9327755905513,47.59183292,30.930000000000007,0.01484007742649092,0.2671013633669235,-0.3479631731618111,"{""type"":""Point"",""coordinates"":[72.60203208031683,23.115762743656376]}"
801,23.90355904319074,1887.336811023622,48.767631800000004,30.29000000000002,0.05013045098770034,0.22303539292141572,-0.32252205500778414,"{""type"":""Point"",""coordinates"":[72.61173242094998,23.100311051660597]}"
802,23.921801185607933,1788.692125984252,50.11945871,30.980000000000018,0.04253688446062464,0.2617093801287716,-0.36250852079072937,"{""type"":""Point"",""coordinates"":[72.4965206756389,22.994790798392476]}"
803,24.151162719726585,2225.80531496063,49.02227429000004,29.230000000000018,0.06867588932806325,0.16011898656272439,-0.2587646076794658,"{""type"":""Point"",""coordinates"":[72.62473999704672,22.939196780157356]}"
804,23.90883869371919,1636.0223425196853,48.36088742000004,28.83000000000004,0.11073156846000569,0.3409643725854915,-0.4478603429630774,"{""type"":""Point"",""coordinates"":[72.4659164108139,23.08613924868005]}"
805,24.034184354894307,1302.731003937008,45.87769589000004,27.890000000000043,-0.2775948460987831,0.46007853403141363,-0.46055646481178397,"{""type"":""Point"",""coordinates"":[72.49321905700282,22.92573715450787]}"
806,23.90355904319074,1908.2260826771653,48.60527585,29.950000000000045,0.04760288502333475,0.32155893088425763,-0.4424881120678576,"{""type"":""Point"",""coordinates"":[72.60492332764663,23.124484601524593]}"
807,24.035934315557085,1939.4027559055119,48.68730833000001,32.47000000000003,0.06966434452184928,0.09368407991065889,-0.16402535657686212,"{""type"":""Point"",""coordinates"":[72.62895572734321,23.007717709236303]}"
808,24.035934315557085,2190.731496062992,45.01977287,31.110000000000014,0.06287851799073745,0.09993727785908425,-0.18597835888187556,"{""type"":""Point"",""coordinates"":[72.6414778414166,22.98335080659138]}"
809,24.041129684448265,1968.1315944881892,46.660422470000015,30.730000000000018,0.03548935319404179,0.15076335877862596,-0.19332096474953617,"{""type"":""Point"",""coordinates"":[72.669518188322,23.006611098946397]}"
810,24.165128102022095,2079.022342519685,48.444628910000006,28.970000000000027,0.07677975312475739,0.3096916299559471,-0.4262413048692732,"{""type"":""Point"",""coordinates"":[72.6749423117477,22.944870637839518]}"
811,23.915034565172732,2583.0966535433067,45.676032710000015,32.23000000000002,0.07100219918316054,0.07021353601158162,-0.13982846680158043,"{""type"":""Point"",""coordinates"":[72.65316895083475,23.065790536152434]}"
812,24.151162719726585,1847.7221456692914,50.95516459999999,29.250000000000057,0.08299319727891157,0.2659654395191585,-0.3660316173490069,"{""type"":""Point"",""coordinates"":[72.62446684788038,22.934858606421887]}"
813,24.034184354894307,1629.3855314960629,47.2978832,28.210000000000036,-0.052873083741787466,0.439612148866391,-0.448493543758967,"{""type"":""Point"",""coordinates"":[72.50028759480088,22.946129945541003]}"
814,23.90355904319074,1290.395374015748,42.821986010000046,29.53000000000003,0.054057412700385235,0.3705437522506302,-0.44166666666666665,"{""type"":""Point"",""coordinates"":[72.61965339689296,23.13029400334024]}"
815,24.035934315557085,1864.575,46.86721268000002,31.750000000000057,0.07492323439099284,0.13400250941028857,-0.2039429865458905,"{""type"":""Point"",""coordinates"":[72.61006170354084,22.96368973072226]}"
816,23.90355904319074,2232.2098425196846,47.248321910000016,30.970000000000027,0.011121408711770158,0.09492047203694202,-0.1633231574356738,"{""type"":""Point"",""coordinates"":[72.57307851650687,23.122615500708584]}"
817,23.90355904319074,365.17588582677166,40.65837935000002,29.370000000000005,0.27217435377597565,0.07646176911544228,0.0595939751146038,"{""type"":""Point"",""coordinates"":[72.62100974434581,23.130076679792257]}"
818,24.151162719726585,1889.5695866141734,47.51321846000002,28.690000000000055,0.040985851209493385,0.2645642753972075,-0.3605283605283605,"{""type"":""Point"",""coordinates"":[72.5747026310414,22.927417246233937]}"
819,23.921801185607933,1889.028248031496,48.14726116999998,30.100000000000023,0.017050067658998646,0.29160739687055476,-0.3783681214421252,"{""type"":""Point"",""coordinates"":[72.46840984952425,23.00800984895381]}"
820,24.035934315557085,1551.2073818897638,46.95949922,32.51000000000005,0.005552531301034295,0.3402787967718269,-0.40221062327295054,"{""type"":""Point"",""coordinates"":[72.61182051507903,22.999593684749694]}"
821,24.041129684448265,1827.1429133858267,47.07229388000002,29.350000000000023,0.026948815337312353,0.3558467741935484,-0.424410908128144,"{""type"":""Point"",""coordinates"":[72.67369312394219,22.983675637489092]}"
822,24.035934315557085,1851.077460629921,45.54272993000001,32.31,-0.02354039199419268,0.22822299651567945,-0.27289141088470464,"{""type"":""Point"",""coordinates"":[72.5797745307728,23.02446932774893]}"
823,23.921801185607933,2145.4372047244096,48.05497463000006,28.890000000000043,0.083632447954056,0.12789927104042412,-0.20438730982427172,"{""type"":""Point"",""coordinates"":[72.5374374819661,22.96517644142079]}"
824,23.915034565172732,1859.5380905511809,47.205596660000026,31.24000000000001,0.011032531824611032,0.2694262890341322,-0.34358186010760955,"{""type"":""Point"",""coordinates"":[72.66971800072594,23.064721527339927]}"
825,24.034184354894307,2009.6606299212601,51.784034450000036,28.610000000000014,0.09596860506600072,0.15720972713780113,-0.26636681659170414,"{""type"":""Point"",""coordinates"":[72.54638944727508,22.92494335786803]}"
826,24.035934315557085,1947.6158464566927,46.78176217999999,32.39000000000004,0.03989129379792294,0.1629438043733835,-0.24037617554858934,"{""type"":""Point"",""coordinates"":[72.55009117666087,23.003152849051897]}"
827,23.90883869371919,1841.4937992125983,49.94001265999998,29.920000000000016,0.0499862423186279,0.26889623912777166,-0.37776004256451184,"{""type"":""Point"",""coordinates"":[72.52187174185634,23.109797574443]}"
828,24.034184354894307,1665.2191929133858,47.53372658000001,28.670000000000016,-0.0038457745784439405,0.3824008690928843,-0.43866591294516677,"{""type"":""Point"",""coordinates"":[72.45615354026909,22.946690282017943]}"
829,24.035934315557085,1654.996751968504,48.52837040000003,32.23000000000002,0.05929428883230266,0.10670470756062768,-0.16731868793259103,"{""type"":""Point"",""coordinates"":[72.58550098679488,23.037680532762867]}"
830,24.151162719726585,1743.1896653543306,47.58670589000002,29.690000000000055,0.0356073898235112,0.24057355284121085,-0.31217525628422976,"{""type"":""Point"",""coordinates"":[72.58631054017827,22.94331250527112]}"
831,23.90355904319074,2278.4544291338584,46.71681980000005,31.950000000000045,0.046562039365299575,0.12009778954874198,-0.1927540948042087,"{""type"":""Point"",""coordinates"":[72.56300012196087,23.1036401434016]}"
832,23.90883869371919,1896.162598425197,50.87313212000004,29.610000000000014,0.04305530535038732,0.2659675881792183,-0.3711925658234383,"{""type"":""Point"",""coordinates"":[72.51783149923898,23.122258695740317]}"
833,23.90883869371919,2061.8919291338584,49.82379997999999,30.730000000000018,0.08277755982738329,0.08542246982358404,-0.16058575328865723,"{""type"":""Point"",""coordinates"":[72.53236853608674,23.09781387128031]}"
834,23.90355904319074,2287.4790354330707,45.77173727000002,32.07000000000005,0.04169838450477882,0.13572574178027266,-0.21893491124260356,"{""type"":""Point"",""coordinates"":[72.55760450146438,23.09014739290962]}"
835,23.90883869371919,2055.949507874016,46.50661157000002,31.970000000000027,0.021476375986414945,0.11635327635327636,-0.17092995457805402,"{""type"":""Point"",""coordinates"":[72.5343589785335,23.08260179249272]}"
836,23.921801185607933,1890.4062007874015,48.449755940000045,28.210000000000036,0.06221321097001387,0.09836270466191727,-0.16320317670416942,"{""type"":""Point"",""coordinates"":[72.46773101485063,22.952771689167037]}"
837,23.921801185607933,2107.19655511811,44.134505690000026,32.150000000000034,0.047192760533229544,0.08618968386023294,-0.152,"{""type"":""Point"",""coordinates"":[72.52521105077423,23.03452127086694]}"
838,24.035934315557085,2310.6379921259845,47.70462758000002,31.210000000000036,0.10596026490066225,0.09533468559837728,-0.183691363437089,"{""type"":""Point"",""coordinates"":[72.60727590904675,22.95068758271698]}"
839,23.90355904319074,2516.356496062992,45.351320810000004,31.49000000000001,0.04400779473855148,0.07712011709816119,-0.1462227414330218,"{""type"":""Point"",""coordinates"":[72.5648244106701,23.11576849133144]}"
840,24.034184354894307,1814.326968503937,45.529057850000015,28.970000000000027,-0.07318840579710145,0.4462890625,-0.5094916549878965,"{""type"":""Point"",""coordinates"":[72.54542186589359,22.933438212814476]}"
841,23.921801185607933,2167.194094488189,45.231690110000045,28.590000000000032,-0.030564890382461195,0.3358224434764572,-0.3889787555267982,"{""type"":""Point"",""coordinates"":[72.53411375258779,22.95283049560648]}"
842,24.035934315557085,1779.4327755905515,46.467304340000055,32.13000000000005,-0.02583896215288946,0.272002127093858,-0.28257372654155494,"{""type"":""Point"",""coordinates"":[72.57042895267536,23.008224043413655]}"
843,24.041129684448265,1733.0981299212597,47.48587429999998,31.690000000000055,0.07603507603507603,0.1244090233689045,-0.20900508351488745,"{""type"":""Point"",""coordinates"":[72.65464741043444,23.012847046069933]}"
844,24.041129684448265,1636.5892716535432,50.53303913000002,31.010000000000048,0.08818878481936504,0.07085714285714285,-0.14338010982306285,"{""type"":""Point"",""coordinates"":[72.67816523125802,23.02499181722476]}"
845,23.921801185607933,1905.7172244094486,49.99299197000005,29.350000000000023,-0.0912917653249145,0.4576549139041818,-0.5164513770411894,"{""type"":""Point"",""coordinates"":[72.49365011530193,22.969539194345035]}"
846,23.90883869371919,1423.6611220472437,44.23021025000003,30.610000000000014,-0.06241180939976121,0.5573587907716786,-0.564828137490008,"{""type"":""Point"",""coordinates"":[72.54192416007504,23.114794986636472]}"
847,23.90355904319074,1812.4416338582676,45.89820401000003,31.890000000000043,0.02285401858939311,0.1494726009776177,-0.19673228873710996,"{""type"":""Point"",""coordinates"":[72.58927851308975,23.090001399610827]}"
848,24.034184354894307,2035.4475393700789,48.88555349000001,27.890000000000043,0.08941526090376715,0.19049251514112672,-0.2801671172278201,"{""type"":""Point"",""coordinates"":[72.50016423256692,22.93135455885749]}"
849,23.921801185607933,2154.0892716535436,46.69631168000001,32.450000000000045,0.024028584189370254,0.17509141750914176,-0.23611268243013916,"{""type"":""Point"",""coordinates"":[72.52944170776902,23.001914404198786]}"
850,24.034184354894307,1428.6847440944882,43.97214974000002,27.680000000000007,-0.21628560948771244,0.5036275695284159,-0.5176201372997712,"{""type"":""Point"",""coordinates"":[72.46950904273598,22.917404515061083]}"
851,24.151162719726585,1815.463287401575,47.024441600000046,29.04000000000002,-0.12516632662113014,0.5404420694680593,-0.5701906412478336,"{""type"":""Point"",""coordinates"":[72.64763794961326,22.939546173774882]}"
852,23.921801185607933,1835.2654527559055,47.12185517,30.680000000000007,-0.03238990497598856,0.2526655095462435,-0.2932292333290669,"{""type"":""Point"",""coordinates"":[72.49015600685667,23.038660406067294]}"
853,24.035934315557085,504.75708661417326,37.1292737,32.410000000000025,0.07908163265306123,-0.007332722273143905,0.036048064085447265,"{""type"":""Point"",""coordinates"":[72.57408481719095,23.027023369077984]}"
854,23.921801185607933,2025.3028543307087,47.95927007,30.350000000000023,0.05914556652654218,0.12154760517422211,-0.178256611165524,"{""type"":""Point"",""coordinates"":[72.49798431103476,22.978842063589862]}"
855,24.041129684448265,2192.123228346457,47.157744380000054,31.690000000000055,0.0457421804375339,0.10766002098635886,-0.18766876687668768,"{""type"":""Point"",""coordinates"":[72.65083470677095,23.010137795532252]}"
856,23.90355904319074,1683.0503937007875,47.299592210000014,30.510000000000048,-0.04380260137719969,0.4497874601487779,-0.5012379642365887,"{""type"":""Point"",""coordinates"":[72.55053950422759,23.122318940576633]}"
857,23.915034565172732,1588.8038385826771,50.11774969999999,30.090000000000032,0.08446991404011461,0.16954612005856515,-0.258349086326402,"{""type"":""Point"",""coordinates"":[72.67375439350863,23.09452170593629]}"
858,24.035934315557085,2185.4844488188974,45.905040050000025,32.39000000000004,0.05690298507462686,0.08861849897706471,-0.1530565693430657,"{""type"":""Point"",""coordinates"":[72.63373628956887,23.00014198151978]}"
859,24.034184354894307,420.52234251968497,37.82996780000002,28.99000000000001,-0.1571500757958565,0.27932960893854747,-0.2065331928345627,"{""type"":""Point"",""coordinates"":[72.52938459295014,22.925643451634315]}"
860,24.034184354894307,1531.5986220472441,52.99401353000002,28.090000000000032,0.056461426137746414,0.1674194519722975,-0.24782748632121018,"{""type"":""Point"",""coordinates"":[72.4840446916752,22.949106363487186]}"
861,23.90883869371919,1910.2265748031496,47.34573548000003,29.910000000000025,-0.048219458170046005,0.4399063779988297,-0.4843768850283508,"{""type"":""Point"",""coordinates"":[72.47396784378337,23.057118261399598]}"
862,24.035934315557085,1649.084842519685,51.727637120000054,31.49000000000001,0.06876272336575436,0.16463932107496465,-0.2507975087346195,"{""type"":""Point"",""coordinates"":[72.57999634839702,22.96640279147825]}"
863,23.915034565172732,2238.4037401574806,46.798852280000006,31.910000000000025,0.03554291807357384,0.11989269500619067,-0.19616486665197266,"{""type"":""Point"",""coordinates"":[72.65039421703047,23.078025808948333]}"
864,24.035934315557085,1580.901279527559,50.102368609999985,29.430000000000007,0.09688694702348444,0.23182359952324194,-0.3105087969567285,"{""type"":""Point"",""coordinates"":[72.55453580288373,22.98154255589086]}"
865,23.915034565172732,1459.8658464566931,46.306657400000006,30.090000000000032,-0.018776765125727464,0.41584007324889366,-0.4818719054464143,"{""type"":""Point"",""coordinates"":[72.67692950777572,23.093382692320578]}"
866,24.035934315557085,1860.6788385826771,46.516865629999984,32.33000000000004,0.05878731917513081,0.15556115379770752,-0.2230369284095454,"{""type"":""Point"",""coordinates"":[72.62733725414435,23.02998783833634]}"
867,23.921801185607933,2193.269881889764,45.433353290000014,31.090000000000032,0.02354239470296119,0.11580496006725514,-0.17338932478726932,"{""type"":""Point"",""coordinates"":[72.52523777762123,22.989452664387915]}"
868,23.90355904319074,2428.6414370078737,49.07183558000003,30.77000000000004,0.04087982056291151,0.19520331800559013,-0.31560142913854705,"{""type"":""Point"",""coordinates"":[72.60099472126991,23.09129508227184]}"
869,23.915034565172732,2026.0449803149604,46.40407097000002,30.670000000000016,0.04299911443471416,0.12478316179021626,-0.16955266955266957,"{""type"":""Point"",""coordinates"":[72.6719637136833,23.067147795228443]}"
870,24.041129684448265,1929.0075787401574,47.195342600000004,28.590000000000032,0.07814939600624538,0.33930276981852914,-0.4359959037378392,"{""type"":""Point"",""coordinates"":[72.68137403251635,22.983452751947684]}"
871,24.041129684448265,1763.329429133858,46.62966029000006,30.730000000000018,0.038415496789639784,0.15082052617869238,-0.21943141043334252,"{""type"":""Point"",""coordinates"":[72.66374293409321,23.00318545651841]}"
872,24.035934315557085,1398.4519685039368,44.91723227,31.77000000000004,-0.020549773151854817,0.24722765818656228,-0.2564481682273698,"{""type"":""Point"",""coordinates"":[72.62059084626709,22.96563471510746]}"
873,24.035934315557085,1346.8550196850392,45.02489990000004,32.31,0.02565494773992127,0.22910958904109588,-0.28799569352233984,"{""type"":""Point"",""coordinates"":[72.56926075997494,23.024509223362667]}"
874,23.921801185607933,1791.5041338582676,46.332292550000034,31.29000000000002,-0.015912576687116563,0.3383002904407122,-0.38391224862888484,"{""type"":""Point"",""coordinates"":[72.51243509899703,22.9877398732785]}"
875,24.151162719726585,1451.559744094488,35.74497560000003,28.970000000000027,-0.244434190794786,0.6325665859564165,-0.5508913168487637,"{""type"":""Point"",""coordinates"":[72.60788670855872,22.935148020665267]}"
876,24.035934315557085,1814.4706692913385,49.31622401000004,31.430000000000007,0.06957997454391175,0.1263482280431433,-0.2090971743625086,"{""type"":""Point"",""coordinates"":[72.62167301490186,22.96209965025482]}"
877,23.90355904319074,1453.7344488188978,46.462177310000015,31.650000000000034,-0.03376129339039467,0.3457134014237078,-0.3940365501763386,"{""type"":""Point"",""coordinates"":[72.60027424423487,23.06583680054102]}"
878,24.035934315557085,2053.4116141732284,47.745643820000055,32.55000000000001,0.09096209912536443,0.0796398891966759,-0.1495637212731965,"{""type"":""Point"",""coordinates"":[72.62012699475363,22.989341384239008]}"
879,23.921801185607933,1963.8166338582676,46.64675039000002,30.55000000000001,0.08474913065077,0.10336567253563302,-0.16829422954977805,"{""type"":""Point"",""coordinates"":[72.46250899994841,23.033822925298303]}"
880,24.035934315557085,2306.9244094488195,49.55377640000006,31.210000000000036,0.08683045933160384,0.17957815888034692,-0.3008695652173913,"{""type"":""Point"",""coordinates"":[72.62047453396816,22.956051976328904]}"
881,23.921801185607933,1959.0439960629924,46.91335594999998,30.350000000000023,0.06628694883629578,0.13936488915518275,-0.20095995958064924,"{""type"":""Point"",""coordinates"":[72.50375252499008,22.981236057060045]}"
882,24.035934315557085,1980.915059055118,45.831552620000025,32.410000000000025,0.01662240582275991,0.1640470369076726,-0.2210552027357108,"{""type"":""Point"",""coordinates"":[72.57733908069886,23.028524765080768]}"
883,23.90883869371919,1752.3146653543306,48.14897017999999,28.99000000000001,0.045919753645503124,0.37699346405228756,-0.4457864397474609,"{""type"":""Point"",""coordinates"":[72.46044136017788,23.092196947680158]}"
884,23.90883869371919,2072.0720472440944,43.456028720000006,31.510000000000048,-0.06457431457431458,0.2887869854787641,-0.3298783235691753,"{""type"":""Point"",""coordinates"":[72.52332976862562,23.079475930779225]}"
885,24.151162719726585,2064.2738188976377,40.90960382000003,27.710000000000036,0.027874564459930314,0.2800961328381036,-0.3742230561745045,"{""type"":""Point"",""coordinates"":[72.61938817675787,22.915615245891242]}"
886,24.041129684448265,2216.4145669291343,47.91996284000004,29.79000000000002,-0.015208529319535905,0.3301150369761709,-0.358581619806966,"{""type"":""Point"",""coordinates"":[72.68613137422918,23.046568451139958]}"
887,24.034184354894307,1632.5375984251966,43.162079000000006,28.420000000000016,-0.07893034289411258,0.37520615722924683,-0.4094942949711227,"{""type"":""Point"",""coordinates"":[72.4651653727009,22.941133474351492]}"
888,24.041129684448265,1993.3309055118107,47.03982269000005,29.350000000000023,0.07468744926124371,0.303224331122799,-0.41326720396776195,"{""type"":""Point"",""coordinates"":[72.67458965358311,22.985542487887983]}"
889,24.035934315557085,2073.422440944882,52.38560597000003,29.590000000000032,0.14785714285714285,0.12773248257119224,-0.21332316297991355,"{""type"":""Point"",""coordinates"":[72.55341084555103,22.97157772490449]}"
890,23.90355904319074,2200.6375,46.09132213999999,31.950000000000045,0.09255273353422298,0.11181434599156118,-0.2105202710462846,"{""type"":""Point"",""coordinates"":[72.58476597327866,23.073003135087173]}"
891,23.90355904319074,2051.4362204724407,44.674552850000055,29.850000000000023,0.008242664029014177,0.3334811038457276,-0.4038035235095088,"{""type"":""Point"",""coordinates"":[72.61446251513418,23.123195743616975]}"
892,24.041129684448265,1751.3948818897636,49.615300760000025,31.730000000000018,0.04642381163927144,0.14541088580576308,-0.19515590200445435,"{""type"":""Point"",""coordinates"":[72.67077127410825,23.02427753353485]}"
893,23.90883869371919,1423.6114173228348,46.89455684000001,32.35000000000002,-0.014694305956441878,0.24081501684582063,-0.28814123917388407,"{""type"":""Point"",""coordinates"":[72.5469374122091,23.05204949747304]}"
894,23.915034565172732,1759.7078740157478,50.11945871,29.53000000000003,0.027898326100433975,0.2320586694604505,-0.29444138690148597,"{""type"":""Point"",""coordinates"":[72.6815832118874,23.104932906363103]}"
895,23.90883869371919,1828.9372047244094,46.37501780000002,29.440000000000055,-0.018210197710718003,0.45160093954753366,-0.5096425816405246,"{""type"":""Point"",""coordinates"":[72.47595014203034,23.076077365394767]}"
896,23.90883869371919,1950.8663385826771,47.89090967000004,29.910000000000025,0.06902592852137351,0.25330188679245286,-0.3333333333333333,"{""type"":""Point"",""coordinates"":[72.48039907977315,23.055090905480018]}"
897,24.151162719726585,1926.984940944882,49.394838470000025,29.33000000000004,0.06720708832123669,0.20682926829268292,-0.2805383022774327,"{""type"":""Point"",""coordinates"":[72.56906297047405,22.935270156295662]}"
898,24.034184354894307,1339.7546259842518,41.991407149999986,27.810000000000002,-0.345926800472255,0.5757948087851329,-0.5673693858845096,"{""type"":""Point"",""coordinates"":[72.48702660487675,22.929294225939717]}"
899,24.035934315557085,2149.3751968503934,47.03811368000004,31.890000000000043,0.04938039804731506,0.10065217391304347,-0.16672427699043668,"{""type"":""Point"",""coordinates"":[72.63426505421518,22.98740666763386]}"
900,23.90883869371919,1423.534153543307,46.90139288,28.880000000000052,0.022407987925229304,0.37088896125040705,-0.417985853822836,"{""type"":""Point"",""coordinates"":[72.45565213705964,23.113183231006637]}"
901,23.90355904319074,2421.1079724409446,44.36180402000002,32.210000000000036,0.024787832955213848,0.10638703527168732,-0.17066774258624168,"{""type"":""Point"",""coordinates"":[72.56954678741386,23.064272265083147]}"
902,24.041129684448265,2237.271850393701,47.39358776000006,30.53000000000003,0.07246111619396157,0.06963494408102976,-0.13235786887076958,"{""type"":""Point"",""coordinates"":[72.66185151912303,22.998698868579467]}"
903,24.034184354894307,1775.764960629921,46.29982136000001,28.210000000000036,-0.023792226661823464,0.46682279469164717,-0.4857670005271481,"{""type"":""Point"",""coordinates"":[72.50140371550889,22.946944568808995]}"
904,24.151162719726585,2156.842224409449,45.727303010000014,29.890000000000043,0.036454881166556194,0.10500597241828646,-0.17410868812737973,"{""type"":""Point"",""coordinates"":[72.59795914031025,22.9487342414468]}"
905,23.90883869371919,1935.2383858267715,47.35428052999998,32.190000000000055,0.036299329858525686,0.21826097187904459,-0.2955455455455455,"{""type"":""Point"",""coordinates"":[72.54624500513013,23.077020927271516]}"
906,23.90883869371919,1968.8343503937006,45.51709477999998,31.03000000000003,0.009036922282468371,0.3124358828222957,-0.3925979680696662,"{""type"":""Point"",""coordinates"":[72.51237407114509,23.079948881111154]}"
907,24.165128102022095,2094.086811023622,46.00587164000001,28.640000000000043,-0.05626758361988121,0.4323866044934294,-0.478289401728098,"{""type"":""Point"",""coordinates"":[72.67582218053174,22.94137133193209]}"
908,23.90355904319074,2016.5095472440942,49.135068950000004,29.200000000000045,0.06212328216668006,0.31138330149454996,-0.4271737801149566,"{""type"":""Point"",""coordinates"":[72.64457674444314,23.12077167459537]}"
909,23.921801185607933,2183.3043307086614,49.94684870000003,29.77000000000004,0.05808,0.21506707946336429,-0.32321870083164755,"{""type"":""Point"",""coordinates"":[72.4814907107007,22.98994353554907]}"
910,23.915034565172732,1922.1675196850395,49.12652390000005,29.690000000000055,0.08420307801167522,0.22998336897125207,-0.3368624919302776,"{""type"":""Point"",""coordinates"":[72.6876748992928,23.093431304731006]}"
911,23.921801185607933,1863.6453740157478,44.79247454000006,32.43000000000001,0.03217847229361571,0.16322748053873717,-0.2211700609677001,"{""type"":""Point"",""coordinates"":[72.54927913423212,23.011433950503356]}"
912,24.035934315557085,1929.430807086614,50.03913524000001,32.01000000000005,0.08013743151638963,0.17425320056899005,-0.29591836734693877,"{""type"":""Point"",""coordinates"":[72.5950395518834,22.98974617130266]}"
913,23.90883869371919,2394.7708661417323,48.94024181000003,29.180000000000007,0.06611706512778236,0.10023310023310024,-0.17437279701430644,"{""type"":""Point"",""coordinates"":[72.47042804649709,23.103528299193805]}"
914,24.151162719726585,1821.5705708661417,51.05257817000006,29.05000000000001,0.13894206549118387,0.16908344733242134,-0.24305454545454547,"{""type"":""Point"",""coordinates"":[72.55234604922212,22.942313984156687]}"
915,23.90883869371919,1579.7457677165355,47.63455816999999,29.140000000000043,0.06773531424103216,0.3913931436907367,-0.46625672559569564,"{""type"":""Point"",""coordinates"":[72.464399544501,23.09239651581687]}"
916,24.035934315557085,1736.7531496062993,50.62703468000001,31.05000000000001,0.11128216406421816,0.10666849240038341,-0.18556549801965674,"{""type"":""Point"",""coordinates"":[72.64221229384,22.970005174296965]}"
917,23.921801185607933,2134.1778543307087,54.060435770000026,29.53000000000003,0.12092905831860641,0.13149913344887348,-0.24579606440071555,"{""type"":""Point"",""coordinates"":[72.5483733973956,22.961582318633532]}"
918,23.90883869371919,1517.7034448818897,49.37433035000004,29.150000000000034,-0.0474693492612386,0.4926086307301777,-0.5254082099801618,"{""type"":""Point"",""coordinates"":[72.47626331635229,23.11888813237874]}"
919,23.90355904319074,1784.321062992126,43.066374440000004,30.29000000000002,-0.08635373341255695,0.3886075949367089,-0.4153012514514256,"{""type"":""Point"",""coordinates"":[72.60767962505588,23.101891616402703]}"
920,24.034184354894307,1733.387992125984,45.66919667000002,28.07000000000005,-0.02065884980457845,0.42980054751662106,-0.47956292998785915,"{""type"":""Point"",""coordinates"":[72.51163027787258,22.946010051201323]}"
921,24.035934315557085,2483.5169291338575,45.29663248999998,32.13000000000005,0.03694581280788178,0.09955005624296963,-0.1536191974822974,"{""type"":""Point"",""coordinates"":[72.56280205228062,23.0004755433555]}"
922,23.90355904319074,1618.6340551181102,55.118312960000026,31.890000000000043,0.10953555281545417,0.21050426037156028,-0.35512118842845974,"{""type"":""Point"",""coordinates"":[72.62909322958456,23.073677983709793]}"
923,23.90355904319074,1640.2915354330707,43.360324160000005,30.910000000000025,-0.0903010033444816,0.5008801624915369,-0.5322090129941941,"{""type"":""Point"",""coordinates"":[72.60474641407471,23.08212014426338]}"
924,23.90355904319074,1798.9219488188974,50.25105248,31.55000000000001,0.05248934622180647,0.1903891355445286,-0.2537477650942099,"{""type"":""Point"",""coordinates"":[72.62673740053971,23.078334344802062]}"
925,23.90883869371919,1625.1537401574801,45.10351436000002,29.370000000000005,-0.17010108864696735,0.6420679307052244,-0.6156220641524628,"{""type"":""Point"",""coordinates"":[72.47306880066746,23.068707249198035]}"
926,23.915034565172732,2391.5371062992126,45.59570924000002,32.23000000000002,0.05201636469900643,0.10705928237129485,-0.17438973934629706,"{""type"":""Point"",""coordinates"":[72.6520652427564,23.06489771997483]}"
927,23.921801185607933,2315.671948818898,46.69802069000002,32.25000000000006,0.03541616014263717,0.15307111024995157,-0.25113003258698624,"{""type"":""Point"",""coordinates"":[72.5460988764462,23.042836512647416]}"
928,24.041129684448265,1898.82155511811,50.31770387000006,31.730000000000018,0.05071749370139117,0.07425313003594892,-0.13951347797501643,"{""type"":""Point"",""coordinates"":[72.66208239219537,23.021474883796145]}"
929,23.90883869371919,1822.9244094488188,45.58374617000004,29.910000000000025,-0.04508356004663817,0.32610035753914435,-0.37879759005255736,"{""type"":""Point"",""coordinates"":[72.47986238619612,23.056257198786014]}"
930,23.90883869371919,1818.276279527559,46.578389990000005,30.180000000000007,-0.008185393855639418,0.18713230692201777,-0.22690815006468304,"{""type"":""Point"",""coordinates"":[72.53262186095,23.10849533498443]}"
931,23.921801185607933,2361.8535433070865,48.04984760000002,29.510000000000048,0.07957559681697612,0.0900166879356042,-0.18911972585136003,"{""type"":""Point"",""coordinates"":[72.51457463974234,22.972886008177067]}"
932,24.041129684448265,2104.0115157480313,46.05714194000001,32.170000000000016,0.03570386224340889,0.09187045604758758,-0.15443745632424877,"{""type"":""Point"",""coordinates"":[72.65707505499928,23.032756801145904]}"
933,23.921801185607933,1909.317125984252,48.68047229000001,29.510000000000048,0.03380903839619436,0.35549994041234656,-0.42263914946841774,"{""type"":""Point"",""coordinates"":[72.50422794812472,22.971488386204296]}"
934,24.041129684448265,1848.4293307086614,49.30938796999999,31.250000000000057,0.03957149103629209,0.10529626368096616,-0.1692840031940378,"{""type"":""Point"",""coordinates"":[72.6709118323975,23.016830651545547]}"
935,23.921801185607933,1849.758562992126,46.35621868999999,30.930000000000007,0.0042321075895796105,0.2812197483059051,-0.36040087369908774,"{""type"":""Point"",""coordinates"":[72.49666498426348,23.04320612690123]}"
936,24.035934315557085,1691.6463582677166,43.98240380000004,32.43000000000001,-0.03839842468001313,0.28478613968597727,-0.31687014428412874,"{""type"":""Point"",""coordinates"":[72.56221162372428,23.03356895933436]}"
937,23.90355904319074,2020.356003937008,49.59137462000001,32.23000000000002,0.03321840047094441,0.2487508146860743,-0.37232899606064224,"{""type"":""Point"",""coordinates"":[72.649398354624,23.064083143529672]}"
938,23.921801185607933,1423.8919291338582,41.74189168999999,28.120000000000005,-0.023744292237442923,0.4239441092410289,-0.45655351632288454,"{""type"":""Point"",""coordinates"":[72.4587575158711,22.960226622397165]}"
939,23.90355904319074,1803.3082677165355,45.60083627000006,29.850000000000023,-0.061238938053097346,0.47484934202435125,-0.5370417841579083,"{""type"":""Point"",""coordinates"":[72.61344259554882,23.124147136818042]}"
940,24.035934315557085,1871.120275590551,51.41830631000005,31.410000000000025,0.10165389269866881,0.10933997509339975,-0.20394647925395323,"{""type"":""Point"",""coordinates"":[72.5810300921242,22.981162989645053]}"
941,23.90883869371919,1726.6645669291338,49.10772479000002,29.05000000000001,0.1391706709378893,0.32357367628950606,-0.4247422680412371,"{""type"":""Point"",""coordinates"":[72.45789734529656,23.091373182321377]}"
942,23.915034565172732,2136.2816929133855,50.081860490000054,30.390000000000043,0.10263980548801667,0.09691115592824541,-0.2229585798816568,"{""type"":""Point"",""coordinates"":[72.66935743153678,23.104421558089854]}"
943,23.921801185607933,1042.930807086614,38.88100895000002,29.29000000000002,-0.0220521232002916,0.2055030094582975,-0.24983285045687542,"{""type"":""Point"",""coordinates"":[72.52386221075292,22.972402451289287]}"
944,23.921801185607933,1617.6911417322835,47.675574410000024,29.79000000000002,0.039722421631969373,0.15084599942644106,-0.20023927022581128,"{""type"":""Point"",""coordinates"":[72.46217435476245,23.007422910631536]}"
945,23.90883869371919,1730.1714566929134,50.345048030000044,29.27000000000004,0.07465916468296906,0.1511643559025441,-0.22416261093615802,"{""type"":""Point"",""coordinates"":[72.46847821474562,23.109838879123465]}"
946,24.035934315557085,1801.485433070866,47.57474281999998,31.430000000000007,0.0789980732177264,0.11479657942472143,-0.1928462498267018,"{""type"":""Point"",""coordinates"":[72.6220021358447,22.96412570585603]}"
947,24.034184354894307,1885.4440944881887,49.538395310000055,28.610000000000014,-0.07000895255147717,0.42863973224958163,-0.4462729912875121,"{""type"":""Point"",""coordinates"":[72.52732247541276,22.935506504220232]}"
948,24.151162719726585,1666.2674212598424,41.82221516000004,28.970000000000027,-0.03775708584876701,0.3874145006839945,-0.4125348189415042,"{""type"":""Point"",""coordinates"":[72.60897710037162,22.934272548924593]}"
949,23.90355904319074,1250.3397637795274,54.892723639999986,31.890000000000043,0.12417400881057268,0.18561311964219157,-0.30182115817474936,"{""type"":""Point"",""coordinates"":[72.62706893585796,23.071567687112534]}"
950,23.915034565172732,1527.9627952755907,49.429018670000005,29.640000000000043,-0.02367531003382187,0.3550216385614087,-0.4123502877585939,"{""type"":""Point"",""coordinates"":[72.6542003271919,23.11459335352644]}"
951,24.041129684448265,1995.7300196850395,47.77811501000002,30.53000000000003,0.062234095181557335,0.11545251265152406,-0.17578464210395733,"{""type"":""Point"",""coordinates"":[72.66046120975787,22.997853835633304]}"
952,24.151162719726585,1781.5912401574803,50.65950587000003,28.370000000000005,0.05942801745031508,0.24320861096873397,-0.3391304347826087,"{""type"":""Point"",""coordinates"":[72.61290722941021,22.932710780874437]}"
953,23.921801185607933,1558.4652559055116,45.031735939999976,30.930000000000007,-0.0900197731293579,0.493512049051761,-0.5277129521586931,"{""type"":""Point"",""coordinates"":[72.49549071247684,23.04535281859955]}"
954,24.165128102022095,1940.6379921259843,47.31668231000003,28.220000000000027,0.06176218990590248,0.29783457578984734,-0.38519828239454407,"{""type"":""Point"",""coordinates"":[72.68056608940793,22.92542572171013]}"
955,24.151162719726585,1788.879625984252,49.290588860000014,27.850000000000023,-0.04858486217387296,0.4330351518205871,-0.45150587034201123,"{""type"":""Point"",""coordinates"":[72.6254061684956,22.915730206123584]}"
956,23.90883869371919,1735.1803149606299,49.929758600000014,29.29000000000002,0.11818181818181818,0.2962715488440465,-0.4177141186787489,"{""type"":""Point"",""coordinates"":[72.4855081130149,23.1288902985659]}"
957,23.921801185607933,1354.4957677165353,46.33741958000002,32.210000000000036,-0.045763842561707804,0.3206402695871946,-0.3690829694323144,"{""type"":""Point"",""coordinates"":[72.52963297521559,23.049492812738322]}"
958,23.921801185607933,1949.0287401574801,47.77469699000005,31.49000000000001,0.08557938225457407,0.10798569725864124,-0.18707700166006896,"{""type"":""Point"",""coordinates"":[72.54576036539939,22.993591217293634]}"
959,24.035934315557085,2455.9436023622047,46.26222314000006,32.370000000000005,0.04989447024060785,0.06967018344263853,-0.13573519023110303,"{""type"":""Point"",""coordinates"":[72.64842917270441,23.029783252386924]}"
960,24.035934315557085,1942.2388779527557,48.453173960000015,32.25000000000006,0.048296802353164435,0.183341198678622,-0.27381254762509527,"{""type"":""Point"",""coordinates"":[72.60726720360273,23.021763007561727]}"
961,24.035934315557085,2211.1798228346456,45.59570924000002,32.410000000000025,0.049141177551207865,0.09163766740482969,-0.15445522471283596,"{""type"":""Point"",""coordinates"":[72.63752528923524,23.0369761590646]}"
962,23.90355904319074,2124.7206692913383,46.36134572000003,30.970000000000027,0.05654430849091583,0.11613115473187849,-0.1848661233993015,"{""type"":""Point"",""coordinates"":[72.60218808097352,23.10530285950023]}"
963,23.921801185607933,1645.9573818897638,49.230773510000006,31.670000000000016,0.054278043655888876,0.13760179724796406,-0.20871251678352976,"{""type"":""Point"",""coordinates"":[72.53944828078677,22.996795070860944]}"
964,24.151162719726585,1839.5823818897636,48.31132613,28.350000000000023,0.03189526403655215,0.3592400690846287,-0.4353830119854091,"{""type"":""Point"",""coordinates"":[72.63567481885457,22.921635392622402]}"
965,23.921801185607933,2134.624704724409,45.74781113000006,32.23000000000002,0.04855121620312046,0.08967813540510544,-0.14589169000933708,"{""type"":""Point"",""coordinates"":[72.53795008730411,23.049742433743532]}"
966,23.90883869371919,2061.74281496063,51.179044910000016,29.870000000000005,0.06686478454680535,0.3021936047146131,-0.43327327327327325,"{""type"":""Point"",""coordinates"":[72.51060912931567,23.106982783018022]}"
967,23.921801185607933,1897.5543307086616,47.18167052000001,31.27000000000004,0.028959092750101254,0.17380660954712362,-0.23439310078517184,"{""type"":""Point"",""coordinates"":[72.50637858241113,22.990519679298398]}"
968,24.041129684448265,1903.6891732283464,47.938761950000014,31.33000000000004,0.060624743115495275,0.12544626369567893,-0.19176117846434623,"{""type"":""Point"",""coordinates"":[72.66743132625004,23.01661761628626]}"
969,23.921801185607933,1467.3742125984252,40.3763927,29.510000000000048,-0.19698375870069607,0.5443795838946266,-0.4861011090306784,"{""type"":""Point"",""coordinates"":[72.51609780488708,22.970882570424063]}"
970,23.90355904319074,2607.34124015748,44.27635352000004,32.32000000000005,0.03820795932957344,0.08416905444126074,-0.13636790239324262,"{""type"":""Point"",""coordinates"":[72.56375630214407,23.07666233518658]}"
971,23.90883869371919,1785.2482283464567,45.77686430000006,29.760000000000048,0.0026875699888017916,0.16570680628272252,-0.20221382289416848,"{""type"":""Point"",""coordinates"":[72.4789680982144,23.061350844110205]}"
972,23.90355904319074,1931.6306102362205,46.17848164999998,31.810000000000002,0.07825002597942429,0.07593401261523532,-0.14201107248615938,"{""type"":""Point"",""coordinates"":[72.56033351579612,23.099779891907367]}"
973,23.921801185607933,1877.3225393700784,43.07662850000003,30.730000000000018,-0.043526069824979384,0.3536193985498633,-0.424390243902439,"{""type"":""Point"",""coordinates"":[72.46362348565609,23.027750750238194]}"
974,24.151162719726585,1843.8437007874015,49.52985025999999,28.450000000000045,0.08168666196189132,0.3456566701137539,-0.42994505494505497,"{""type"":""Point"",""coordinates"":[72.63800750861198,22.91954076605461]}"
975,23.90883869371919,1675.5671259842518,48.25834682000004,29.480000000000018,-0.01846864178530204,0.4269541778975741,-0.4843684284312351,"{""type"":""Point"",""coordinates"":[72.477859668304,23.114352056110437]}"
976,24.151162719726585,1835.6660433070867,39.04336490000003,29.090000000000032,0.0036371194014340642,0.1791907514450867,-0.25349718917505554,"{""type"":""Point"",""coordinates"":[72.58959650031817,22.938497313386712]}"
977,23.921801185607933,1778.5646653543306,50.65096082000002,31.850000000000023,0.05360178970917226,0.34111082931777836,-0.45614759741153793,"{""type"":""Point"",""coordinates"":[72.51432817903638,22.997707229859547]}"
978,24.041129684448265,1757.2639763779528,50.13483980000001,28.83000000000004,-0.01707455890722823,0.37074916901048327,-0.4403546480386889,"{""type"":""Point"",""coordinates"":[72.66881437624765,22.96459932445069]}"
979,23.915034565172732,1368.8806102362205,47.26028498000005,29.640000000000043,0.09665304319010273,0.3863366672317342,-0.49643183897529736,"{""type"":""Point"",""coordinates"":[72.65423673469064,23.112719318018573]}"
980,23.90883869371919,2191.6458661417323,50.63045269999998,29.610000000000014,0.12316284538506761,0.23955952628298358,-0.384543977721049,"{""type"":""Point"",""coordinates"":[72.4738485321662,23.06509314721261]}"
981,24.035934315557085,1453.168996062992,47.217559730000005,32.47000000000003,0.03957922419460881,0.1752212389380531,-0.22942265611849857,"{""type"":""Point"",""coordinates"":[72.61955510054878,23.002000222837047]}"
982,23.921801185607933,1990.7334645669291,42.94503473000003,30.560000000000002,0.01834673263244692,0.12736742424242425,-0.18119806523626442,"{""type"":""Point"",""coordinates"":[72.46975068171612,23.01719989414884]}"
983,23.90883869371919,1460.5454724409449,50.47322378000001,28.680000000000007,0.08189158016147635,0.264094013022074,-0.345958741968211,"{""type"":""Point"",""coordinates"":[72.46064053149811,23.122902371444415]}"
984,24.035934315557085,1802.254625984252,47.783242040000005,32.52000000000004,0.013717556498569032,0.25980083196772974,-0.333422281521014,"{""type"":""Point"",""coordinates"":[72.61258125060249,22.986861516158182]}"
985,24.035934315557085,2483.5169291338575,45.29663248999998,32.13000000000005,0.03694581280788178,0.09955005624296963,-0.1536191974822974,"{""type"":""Point"",""coordinates"":[72.56275650534954,23.00058175425452]}"
986,23.921801185607933,2043.3569881889766,45.73926607999999,32.23000000000002,-0.025431820154500476,0.30354187355180406,-0.3599631633475308,"{""type"":""Point"",""coordinates"":[72.53658180981834,23.044795289961748]}"
987,24.165128102022095,2044.3663385826771,47.511509450000005,28.690000000000055,0.1106328710345927,0.2565315315315315,-0.3893662059519363,"{""type"":""Point"",""coordinates"":[72.65074006856489,22.91602484809731]}"
988,24.041129684448265,1764.2605314960629,50.80135370000005,28.870000000000005,0.09085719722195795,0.25654174884944114,-0.368662274419937,"{""type"":""Point"",""coordinates"":[72.68291317171756,22.98267959140077]}"
989,23.921801185607933,835.3186023622047,37.39246123999999,28.670000000000016,-0.17588375623509,0.4818256354195135,-0.41714584422373235,"{""type"":""Point"",""coordinates"":[72.53534774529192,22.95057938868864]}"
990,23.90355904319074,1556.9544291338584,46.62453326000002,31.090000000000032,0.016061226689662606,0.3185035389282103,-0.38491882870581096,"{""type"":""Point"",""coordinates"":[72.59712939108982,23.08181278041482]}"
991,24.035934315557085,1910.0863188976377,46.58864405000003,31.79000000000002,0.047779770066448686,0.10380242083384277,-0.15565796210957503,"{""type"":""Point"",""coordinates"":[72.61760814210591,22.97130160522648]}"
992,24.041129684448265,1826.0804133858267,48.20194949000006,29.000000000000057,-0.018275418275418277,0.43854545454545457,-0.5335314640134384,"{""type"":""Point"",""coordinates"":[72.68478246309628,23.00554600314932]}"
993,24.034184354894307,1592.9883858267715,46.39210790000004,27.950000000000045,0.05191089311260985,0.3361175115207373,-0.4128216841784681,"{""type"":""Point"",""coordinates"":[72.48141361110828,22.939231558067476]}"
994,23.921801185607933,1733.2255905511809,43.64914685000002,32.35000000000002,-0.025252525252525252,0.18226340172071476,-0.2223894895305871,"{""type"":""Point"",""coordinates"":[72.54906736096568,23.044434052341035]}"
995,24.035934315557085,1985.9386811023621,47.55936172999998,32.29000000000002,0.06230807330361565,0.11194643486432515,-0.18695924764890282,"{""type"":""Point"",""coordinates"":[72.61642301674135,23.026610747041406]}"
996,24.041129684448265,1805.5922244094488,47.42605895000003,31.33000000000004,0.05552525362714083,0.10475947428863086,-0.17380694143167028,"{""type"":""Point"",""coordinates"":[72.65849513508685,23.004950666523115]}"
997,23.921801185607933,2062.4583661417323,46.95608120000003,31.890000000000043,0.06470759949401576,0.09289368959636157,-0.1580722891566265,"{""type"":""Point"",""coordinates"":[72.52809321217413,22.99463392407288]}"
998,23.921801185607933,1691.7969488188974,46.69802069000002,30.79000000000002,-0.015873015873015872,0.2292813969106783,-0.2881069669247009,"{""type"":""Point"",""coordinates"":[72.50210725944375,23.010224442109507]}"
999,23.90355904319074,2222.371751968504,51.852394849999996,30.110000000000014,0.11543914633236325,0.2182939362795478,-0.35042150831624513,"{""type"":""Point"",""coordinates"":[72.59581088940394,23.12398605416062]}"
