system:index,Air_Temp_Baseline,Albedo,LST_Day,LST_Night,NDBI,NDVI,NDWI,.geo
0,21.906890634390038,1825.3564960629922,43.03903028000002,25.220000000000027,0.16075230660042583,0.20448179271708683,-0.3323943661971831,"{""type"":""Point"",""coordinates"":[77.67088823895064,12.94770293187321]}"
1,21.906890634390038,1569.0395669291338,42.047804480000025,25.07000000000005,0.0056292722155207075,0.3788681349316978,-0.504257907542579,"{""type"":""Point"",""coordinates"":[77.69012545698999,12.870356100739555]}"
2,21.901760864257824,1631.2620078740158,37.70008303999998,28.250000000000057,0.008152173913043478,0.24857468643101482,-0.30124777183600715,"{""type"":""Point"",""coordinates"":[77.57673330254448,12.907467140608372]}"
3,21.906890634390038,2027.0779527559055,40.89934976000001,25.470000000000027,0.166890781413417,0.24854455888938648,-0.41846858305774615,"{""type"":""Point"",""coordinates"":[77.68956590974382,12.884394710813162]}"
4,22.181694382887656,1468.2748031496062,39.07754510000001,27.310000000000002,-0.09690535351253671,0.4791349375571124,-0.5076063334368208,"{""type"":""Point"",""coordinates"":[77.58740040613272,13.061581894080224]}"
5,22.028686777750693,1739.7344488188976,39.32364254000004,25.000000000000057,0.015430937147158449,0.37575598211937944,-0.4083445491251682,"{""type"":""Point"",""coordinates"":[77.66788635026619,13.077861442575456]}"
6,21.90634932084521,2569.568110236221,43.44919268000001,28.07000000000005,0.06939100437839989,0.2387848816672554,-0.3411089866156788,"{""type"":""Point"",""coordinates"":[77.58591954809512,13.0088803543957]}"
7,22.29895782470703,1732.086811023622,41.07025076000002,28.32000000000005,-0.011116051578479324,0.21474358974358973,-0.2577433628318584,"{""type"":""Point"",""coordinates"":[77.51098296009823,13.05524050274156]}"
8,22.27262140909835,1824.811220472441,41.78461693999998,27.060000000000002,0.050062060405461316,0.1921079958463136,-0.23806956052844433,"{""type"":""Point"",""coordinates"":[77.50967995784292,13.027116352624327]}"
9,21.90634932084521,1689.9145669291338,38.12391752000002,28.230000000000018,0.04425971691754662,0.16452231042978374,-0.23019086176980913,"{""type"":""Point"",""coordinates"":[77.57559181170566,13.000918058327862]}"
10,21.853410165960156,1499.7078740157478,44.67626186000001,26.33000000000004,0.15190639499697398,0.34830019243104554,-0.4178752107925801,"{""type"":""Point"",""coordinates"":[77.66591894023799,12.950881923528192]}"
11,21.90634932084521,1883.5887795275592,40.00724653999998,28.590000000000032,0.047019311502938706,0.12320633349826818,-0.19599578503688092,"{""type"":""Point"",""coordinates"":[77.63437871267631,13.014812301864783]}"
12,21.853410165960156,2037.8870078740156,39.32364254000004,27.05000000000001,0.0656326839417439,0.10861759425493717,-0.19699539617155318,"{""type"":""Point"",""coordinates"":[77.70397751657048,12.971662236091008]}"
13,22.29895782470703,1859.1517716535434,41.24798780000003,26.29000000000002,0.05369415807560137,0.09574732653568764,-0.15947368421052632,"{""type"":""Point"",""coordinates"":[77.53257235798657,13.063025649424175]}"
14,21.901760864257824,1360.4027559055116,37.0267331,25.980000000000018,0.048785921140565826,0.4623287671232877,-0.5343154868846568,"{""type"":""Point"",""coordinates"":[77.55174538196223,12.868045690507538]}"
15,21.906890634390038,2314.657677165354,41.82221516000004,25.640000000000043,0.09983079526226735,0.23792902850494474,-0.36907570233755094,"{""type"":""Point"",""coordinates"":[77.67759329985404,12.892491138328495]}"
16,21.90634932084521,1838.6232283464565,37.426641440000026,27.52000000000004,-0.028436877377286722,0.3341165413533835,-0.4518026080286372,"{""type"":""Point"",""coordinates"":[77.60712598416788,13.048930434687367]}"
17,22.29895782470703,1857.1970472440944,41.17279136000002,26.150000000000034,0.08990536277602523,0.1445574014381354,-0.23224773091297385,"{""type"":""Point"",""coordinates"":[77.5069042726882,13.07846035432573]}"
18,22.38918151855472,1548.9391732283466,40.93011194000002,25.750000000000057,0.14151313210505684,0.34314627414903404,-0.43324607329842935,"{""type"":""Point"",""coordinates"":[77.50184131597,12.880932541372468]}"
19,22.38918151855472,1795.4037401574801,38.88955400000003,28.53000000000003,-0.019933554817275746,0.2569089048106448,-0.30847096430474163,"{""type"":""Point"",""coordinates"":[77.54434678672642,12.91214762258277]}"
20,21.853410165960156,1924.7836614173227,42.167435179999984,27.190000000000055,0.09123505976095618,0.11376953125,-0.1901904513435951,"{""type"":""Point"",""coordinates"":[77.69056231135072,13.023623261812823]}"
21,22.27262140909835,2094.6114173228348,42.58443362000003,27.55000000000001,0.13521082931383227,0.1377686796315251,-0.32744208263673275,"{""type"":""Point"",""coordinates"":[77.53116323415745,13.038217020276974]}"
22,21.90634932084521,1335.2659448818897,36.65758693999999,27.930000000000007,-0.15488518685276903,0.7065868263473054,-0.6908371786420567,"{""type"":""Point"",""coordinates"":[77.64143835817457,13.003243512424287]}"
23,21.90634932084521,1734.5937007874018,39.689370680000025,28.670000000000016,0.04511448651099524,0.1325625168055929,-0.19557195571955718,"{""type"":""Point"",""coordinates"":[77.63687254370402,13.024933124063336]}"
24,22.29895782470703,1904.5799212598426,41.97944408000001,26.630000000000052,0.07238409382444566,0.21682692307692308,-0.31514679137438295,"{""type"":""Point"",""coordinates"":[77.50846906510634,13.072071177630077]}"
25,21.853410165960156,1829.2423228346454,39.06387302000002,26.52000000000004,0.0493930514859774,0.14006024096385541,-0.22392886014551333,"{""type"":""Point"",""coordinates"":[77.65629553037681,12.954179937364579]}"
26,22.38918151855472,1668.1694881889764,40.540457660000015,27.880000000000052,0.04835847382431233,0.1850828729281768,-0.26176470588235295,"{""type"":""Point"",""coordinates"":[77.49466899346618,12.943860969560191]}"
27,21.901760864257824,1606.9874015748032,37.09851151999999,26.08000000000004,0.0764166470726546,0.20269442743417024,-0.23560868197546397,"{""type"":""Point"",""coordinates"":[77.59154791565356,12.864112957088826]}"
28,21.90634932084521,1727.1901574803146,38.065811180000026,28.250000000000057,-0.0051985859846121855,0.26544502617801047,-0.33425338117582115,"{""type"":""Point"",""coordinates"":[77.62889916116156,13.037526725266144]}"
29,21.90634932084521,1846.2009842519685,41.66498624000002,28.77000000000004,0.07640354579991558,0.12551440329218108,-0.19562841530054645,"{""type"":""Point"",""coordinates"":[77.61553502661704,13.027197642672947]}"
30,21.906890634390038,1636.5287401574803,39.45352730000002,26.05000000000001,0.0655491081022996,0.2694890510948905,-0.3017964071856287,"{""type"":""Point"",""coordinates"":[77.69292788906488,12.928385938148812]}"
31,21.90634932084521,1818.2206692913387,39.897869900000046,28.660000000000025,0.08706571787358727,0.12277992277992278,-0.1914777383228626,"{""type"":""Point"",""coordinates"":[77.60769340646756,13.018008677121157]}"
32,21.906890634390038,815.5425196850395,36.00474512000005,25.630000000000052,0.2579245912579246,0.3865336658354115,-0.4699272967614012,"{""type"":""Point"",""coordinates"":[77.65719711811191,12.915001132253538]}"
33,22.27262140909835,1915.1232283464565,42.02729636000004,29.150000000000034,0.10625379477838494,0.12395011453296004,-0.17822838847385272,"{""type"":""Point"",""coordinates"":[77.53009121588036,12.981788177023882]}"
34,21.853410165960156,1937.1704724409449,43.4184305,26.33000000000004,0.15221579961464354,0.17162914548535463,-0.27301420305102575,"{""type"":""Point"",""coordinates"":[77.65967130577623,12.952437001760883]}"
35,21.901760864257824,1664.5287401574801,38.95449638000002,28.27000000000004,0.02629863073244947,0.24895455812656817,-0.30917592051431914,"{""type"":""Point"",""coordinates"":[77.60887490454323,12.934343406843455]}"
36,22.27262140909835,1896.4903543307084,43.13815285999999,27.30000000000001,0.09351068117694478,0.11446977205153618,-0.18306154655444504,"{""type"":""Point"",""coordinates"":[77.49219707057017,13.012433905784414]}"
37,21.901760864257824,1521.2029527559055,36.578972480000004,28.510000000000048,-0.1436123348017621,0.5137026239067055,-0.5167981302950628,"{""type"":""Point"",""coordinates"":[77.61174504153666,12.91205117547202]}"
38,21.90634932084521,1562.9490157480313,38.13417158000004,29.370000000000005,-0.1210387323943662,0.45045558086560367,-0.483401281304601,"{""type"":""Point"",""coordinates"":[77.56930766488422,12.954625808360854]}"
39,21.901760864257824,2070.8515748031496,35.69712332000006,24.650000000000034,-0.12968130415626378,0.6102156164957087,-0.6474619832940672,"{""type"":""Point"",""coordinates"":[77.64564241680563,12.931163364461005]}"
40,21.901760864257824,1768.04842519685,37.180544000000054,27.950000000000045,-0.007316590864148704,0.2792566549472627,-0.3760129659643436,"{""type"":""Point"",""coordinates"":[77.59467779792433,12.899748082835753]}"
41,22.181694382887656,1923.3840551181102,38.25380228000006,26.53000000000003,-0.025660666411336654,0.24761239226648032,-0.3211642821904292,"{""type"":""Point"",""coordinates"":[77.59794185488454,13.069486698177583]}"
42,22.38918151855472,1848.7206692913385,40.410572900000034,28.350000000000023,0.03868078175895766,0.21014864172219375,-0.25218774860779636,"{""type"":""Point"",""coordinates"":[77.51312394940636,12.919661034282274]}"
43,22.38918151855472,1612.0789370078737,39.27579026000001,25.77000000000004,0.09491235570756734,0.2347623213764946,-0.3088098918083462,"{""type"":""Point"",""coordinates"":[77.49689755886054,12.88121476702239]}"
44,22.181694382887656,1843.811220472441,40.472097260000055,26.630000000000052,0.025027603974972397,0.3175826908729172,-0.3630048880885001,"{""type"":""Point"",""coordinates"":[77.64518913053647,13.06612461872948]}"
45,22.38918151855472,1344.5562992125986,38.77675934000001,26.08000000000004,0.14710450410472597,0.3487719298245614,-0.4505660377358491,"{""type"":""Point"",""coordinates"":[77.49792040775391,12.899537611732418]}"
46,22.27262140909835,1669.8299212598424,42.23921360000003,27.950000000000045,0.1072,0.12112514351320322,-0.18904109589041096,"{""type"":""Point"",""coordinates"":[77.53781727121162,13.025227478293136]}"
47,21.90634932084521,1791.3102362204725,41.357364440000026,27.450000000000045,0.017620273213225103,0.2942097026604069,-0.3278030505753278,"{""type"":""Point"",""coordinates"":[77.64242925490299,13.037358946911628]}"
48,21.853410165960156,1922.2954724409446,40.58147389999999,25.99000000000001,0.09215686274509804,0.11620057859209257,-0.1979301423027167,"{""type"":""Point"",""coordinates"":[77.69470585113059,13.03474143323057]}"
49,22.38918151855472,1446.1940944881887,38.45204744,27.49000000000001,-0.037628278221208664,0.3922888616891065,-0.43759873617693523,"{""type"":""Point"",""coordinates"":[77.52481745839509,12.912090983188973]}"
50,21.901760864257824,1374.3220472440946,38.53749793999998,26.180000000000007,0.07119671066868644,0.4297135243171219,-0.5263157894736842,"{""type"":""Point"",""coordinates"":[77.60013969956911,12.87025079572316]}"
51,22.27262140909835,1728.8338582677168,41.213807599999996,28.700000000000045,0.046467218332272436,0.21821631878557876,-0.28620492272467085,"{""type"":""Point"",""coordinates"":[77.51705570766984,12.974863405344147]}"
52,21.906890634390038,1931.620275590551,41.18646344000001,25.80000000000001,0.07133288680509042,0.32079066444391524,-0.3934673366834171,"{""type"":""Point"",""coordinates"":[77.6632298825757,12.889216550618173]}"
53,22.38918151855472,1213.7521653543306,40.71135866000003,26.090000000000032,0.12972714217328865,0.4016962220508867,-0.5213389121338912,"{""type"":""Point"",""coordinates"":[77.5192661700585,12.880535773110902]}"
54,22.27262140909835,1655.9421259842518,39.00234866000005,29.130000000000052,0.03847061600188813,0.13671875,-0.19297218155197657,"{""type"":""Point"",""coordinates"":[77.5337074763257,13.00123001273095]}"
55,21.90634932084521,2312.850590551181,41.524847420000015,28.930000000000007,0.11725955204216074,0.10401647785787847,-0.16775599128540306,"{""type"":""Point"",""coordinates"":[77.61395419206855,13.022562722412312]}"
56,21.901760864257824,1324.6035433070865,38.30165456000003,28.27000000000004,-7.968127490039841E-4,0.33569656150301314,-0.35247666905958364,"{""type"":""Point"",""coordinates"":[77.60493146562227,12.9367353239191]}"
57,22.27262140909835,1646.682283464567,41.767526840000016,27.49000000000001,0.0280680188485966,0.3188768418126216,-0.4119047619047619,"{""type"":""Point"",""coordinates"":[77.52230817343953,13.028475545278075]}"
58,22.181694382887656,1699.977559055118,35.905622540000024,25.870000000000005,0.019248738553541395,0.39278131634819535,-0.4541424217234691,"{""type"":""Point"",""coordinates"":[77.5819601538292,13.076231896179069]}"
59,21.90634932084521,1411.4076771653545,36.30211286000002,27.80000000000001,-0.022757111597374178,0.4866412213740458,-0.5569620253164557,"{""type"":""Point"",""coordinates"":[77.61155332133224,12.959592037064883]}"
60,22.38918151855472,1972.102559055118,41.38129058000004,25.750000000000057,0.07997118155619597,0.19877962919502465,-0.2885973763874874,"{""type"":""Point"",""coordinates"":[77.50553049815393,12.882685178637312]}"
61,21.90634932084521,1843.7826771653545,40.509695480000005,28.690000000000055,0.06192806980208555,0.10670348983178508,-0.1786096256684492,"{""type"":""Point"",""coordinates"":[77.63724243850334,13.0154474211769]}"
62,21.853410165960156,2370.4765748031496,40.834407380000016,27.27000000000004,0.11298873426110007,0.14011925042589438,-0.18451327433628317,"{""type"":""Point"",""coordinates"":[77.6530258856641,12.990540697568738]}"
63,22.29895782470703,1605.1370078740156,38.725489040000014,25.930000000000007,-0.054491352055049284,0.5598349381017882,-0.5767519466073415,"{""type"":""Point"",""coordinates"":[77.49361464659674,13.076315569860588]}"
64,22.27262140909835,1282.0208661417323,40.07218892000003,27.410000000000025,0.025402895383774923,0.2738307747233131,-0.3494704992435703,"{""type"":""Point"",""coordinates"":[77.54265805142528,13.039048023021454]}"
65,21.906890634390038,1876.069094488189,41.295840080000005,25.370000000000005,0.10891089108910891,0.1487481590574374,-0.2536833645861238,"{""type"":""Point"",""coordinates"":[77.68173396571805,12.946000391017753]}"
66,22.29895782470703,1122.2984251968503,34.90414268000001,26.310000000000002,-0.195357833655706,0.691164972634871,-0.6417457305502846,"{""type"":""Point"",""coordinates"":[77.54029953236449,13.060983492292568]}"
67,22.27262140909835,1892.9893700787402,42.82369502000006,27.07000000000005,0.1065264828407062,0.13422311760261899,-0.19787234042553192,"{""type"":""Point"",""coordinates"":[77.48955954489107,12.973650398046058]}"
68,22.181694382887656,1735.0120078740158,40.89251372000001,26.930000000000007,0.059278350515463915,0.1739480032162959,-0.23449830890642615,"{""type"":""Point"",""coordinates"":[77.64121544733887,13.060936688839819]}"
69,22.181694382887656,559.2551181102361,37.61463254,26.750000000000057,-0.22978994271164863,0.5296912114014252,-0.24084778420038536,"{""type"":""Point"",""coordinates"":[77.61483879276936,13.05827111593742]}"
70,22.181694382887656,1545.9312992125986,41.835887240000034,25.670000000000016,0.19764243614931237,0.22385376086305064,-0.3981513180417665,"{""type"":""Point"",""coordinates"":[77.59696904280332,13.076038180857232]}"
71,21.901760864257824,1925.9076771653545,39.05703698000002,27.430000000000007,0.04742268041237113,0.10341533317411034,-0.1702127659574468,"{""type"":""Point"",""coordinates"":[77.61006489742066,12.901471449635627]}"
72,21.901760864257824,1510.2807086614173,38.95107836,28.230000000000018,-0.042814163388104606,0.3555956678700361,-0.39894442719652284,"{""type"":""Point"",""coordinates"":[77.6145251722309,12.91470412757042]}"
73,22.38918151855472,1632.692125984252,45.50000468000002,28.110000000000014,0.2315856506049671,0.1280772826425678,-0.2002652519893899,"{""type"":""Point"",""coordinates"":[77.54331762717862,12.900852053382035]}"
74,22.38918151855472,1946.1242125984252,41.066832739999995,27.590000000000032,0.06369661266568483,0.21413225113392217,-0.27821060567981903,"{""type"":""Point"",""coordinates"":[77.50338543090174,12.924932478246628]}"
75,22.028686777750693,1430.3742125984252,44.30027966,24.750000000000057,0.11205432937181664,0.3615359583468923,-0.49588845191276365,"{""type"":""Point"",""coordinates"":[77.69766258974803,13.05680750568499]}"
76,21.90634932084521,2015.2462598425195,42.32124608000004,27.410000000000025,0.08070041872858774,0.12639925373134328,-0.2096168294515402,"{""type"":""Point"",""coordinates"":[77.62300148778631,12.964071331323247]}"
77,21.906890634390038,1414.2600393700786,42.59468767999999,25.07000000000005,0.1536575398447078,0.3638459005597629,-0.5116788321167883,"{""type"":""Point"",""coordinates"":[77.69092322773231,12.870859702087253]}"
78,21.90634932084521,1391.5021653543308,35.98423700000001,28.850000000000023,-0.033396946564885496,0.43729263437292637,-0.4779938587512794,"{""type"":""Point"",""coordinates"":[77.5902219513692,12.95217526248823]}"
79,21.90634932084521,1791.2324803149606,40.9061858,28.840000000000032,0.06385696040868455,0.12682551883166795,-0.20990371389270976,"{""type"":""Point"",""coordinates"":[77.60344422726126,13.030761887139594]}"
80,21.901760864257824,1672.928346456693,37.94276246000004,26.07000000000005,-0.011955786149334537,0.20107095046854084,-0.26437429537767754,"{""type"":""Point"",""coordinates"":[77.61997141301953,12.874104668397187]}"
81,22.27262140909835,1740.7314960629922,42.33491816000003,26.850000000000023,0.12538559245146072,0.26409651193286127,-0.4015702239022972,"{""type"":""Point"",""coordinates"":[77.50252458257224,13.029882545886668]}"
82,21.90634932084521,2126.4568897637796,43.042448300000046,29.130000000000052,0.13066666666666665,0.0825426944971537,-0.1074981800533851,"{""type"":""Point"",""coordinates"":[77.55065680984256,12.957493598317885]}"
83,22.27262140909835,1905.4214566929134,43.30221782000001,27.060000000000002,0.12354592860008022,0.09168123907069697,-0.1712677566336103,"{""type"":""Point"",""coordinates"":[77.50549208051056,13.030756974183715]}"
84,22.38918151855472,1761.120275590551,39.91154198000004,27.29000000000002,0.0425531914893617,0.2843798650752465,-0.3643880926130099,"{""type"":""Point"",""coordinates"":[77.50307618279565,12.915383705428148]}"
85,22.27262140909835,2282.0307086614175,45.17529278000001,27.650000000000034,0.08518719479110147,0.05265348595213319,-0.10581547879317883,"{""type"":""Point"",""coordinates"":[77.4987643721481,13.013483225141131]}"
86,22.29895782470703,1932.688188976378,41.43256087999998,28.32000000000005,0.08514386376981797,0.13144517066085692,-0.20557131802940418,"{""type"":""Point"",""coordinates"":[77.5043492525697,13.05702116265116]}"
87,21.90634932084521,1659.9027559055116,40.89593174000004,27.710000000000036,0.06974657995066158,0.1625560538116592,-0.23710110348941246,"{""type"":""Point"",""coordinates"":[77.57177632542766,13.048540635280895]}"
88,21.906890634390038,1831.4716535433072,41.459905040000024,25.590000000000032,0.09420157307481251,0.2376905773556611,-0.3471164309031556,"{""type"":""Point"",""coordinates"":[77.69652941958816,12.865720589984473]}"
89,21.901760864257824,1801.4706692913385,39.18008570000001,26.390000000000043,0.055104656129859035,0.14226697650400205,-0.20610687022900764,"{""type"":""Point"",""coordinates"":[77.6290709221425,12.881613555578726]}"
90,21.90634932084521,1431.5877952755905,36.45592376000002,27.970000000000027,-0.15014415613218007,0.5859327217125382,-0.5873890419344965,"{""type"":""Point"",""coordinates"":[77.58558610536448,12.984383571216789]}"
91,22.028686777750693,1964.5238188976375,46.49123048000001,24.910000000000025,0.15520282186948853,0.1440171960831144,-0.2361290322580645,"{""type"":""Point"",""coordinates"":[77.70179861932088,13.069672756995747]}"
92,21.906890634390038,2168.957874015748,40.06193486000001,25.33000000000004,0.1420850519129569,0.25666666666666665,-0.3946820809248555,"{""type"":""Point"",""coordinates"":[77.68228096001607,12.875084326334783]}"
93,21.90634932084521,1427.5582677165353,43.23043940000002,28.57000000000005,0.07144874329285512,0.1191286589516678,-0.1452455590386625,"{""type"":""Point"",""coordinates"":[77.59416070454573,12.956238337548921]}"
94,22.38918151855472,1303.3545275590552,37.08825746000002,25.83000000000004,0.1625222024866785,0.3721353219352492,-0.48914330833004344,"{""type"":""Point"",""coordinates"":[77.50658092148113,12.89126801480087]}"
95,22.38918151855472,1946.2118110236217,41.753854760000024,29.180000000000007,0.12596401028277635,0.0967741935483871,-0.1742826780021254,"{""type"":""Point"",""coordinates"":[77.54651589594387,12.94723417786205]}"
96,21.90634932084521,1775.5385826771656,39.378330860000005,27.74000000000001,0.044251535041287315,0.1634020618556701,-0.2326597487711633,"{""type"":""Point"",""coordinates"":[77.56866776190546,13.049282163305667]}"
97,22.38918151855472,1739.7826771653545,37.891492159999984,28.000000000000057,-0.06269527181837117,0.3508075191951284,-0.37705802968960866,"{""type"":""Point"",""coordinates"":[77.49449713201412,12.941246058630869]}"
98,21.906890634390038,2260.1281496062998,39.542395820000024,24.05000000000001,-0.014691478942213516,0.23701492537313432,-0.3094586054350116,"{""type"":""Point"",""coordinates"":[77.66257464570728,12.926952275607926]}"
99,22.38918151855472,2587.3811023622047,44.457508580000024,28.750000000000057,0.1387835583194297,0.11137208847132511,-0.15242541100060888,"{""type"":""Point"",""coordinates"":[77.52492670522518,12.937302588759188]}"
100,22.38918151855472,1528.1852362204725,39.65177246000002,26.510000000000048,-0.03715670436187399,0.49606757937663853,-0.5432692307692307,"{""type"":""Point"",""coordinates"":[77.51506798404152,12.894356123964043]}"
101,21.90634932084521,2047.981496062992,44.46092659999999,28.77000000000004,0.12956169144622515,0.09790550414028251,-0.14853503184713376,"{""type"":""Point"",""coordinates"":[77.61936008532824,13.028164524840728]}"
102,22.38918151855472,1615.446062992126,38.07264722000002,26.57000000000005,0.04388382446470214,0.27257336343115124,-0.36089318044659024,"{""type"":""Point"",""coordinates"":[77.54457635833182,12.88329719047905]}"
103,22.181694382887656,1830.1675196850395,40.27043408000003,25.970000000000027,-0.012321909896033885,0.2944362383062531,-0.3502824858757062,"{""type"":""Point"",""coordinates"":[77.61083211779955,13.077497740918414]}"
104,22.29895782470703,1810.025787401575,41.04974263999998,26.750000000000057,0.06773773339122884,0.09820971867007673,-0.16748232735182164,"{""type"":""Point"",""coordinates"":[77.52927284761263,13.063843657822297]}"
105,22.181694382887656,2138.100590551181,41.982862100000034,26.750000000000057,0.10599226804123711,0.1861508869416542,-0.30159474671669795,"{""type"":""Point"",""coordinates"":[77.64389771794376,13.074946063350609]}"
106,22.27262140909835,1681.828937007874,39.26553620000004,29.260000000000048,0.05903723887375113,0.1434878587196468,-0.22494827076559268,"{""type"":""Point"",""coordinates"":[77.53262351981401,12.976689238056695]}"
107,22.38918151855472,1966.126181102362,40.000410500000044,27.630000000000052,0.05673758865248227,0.21812484936129187,-0.27658499621116445,"{""type"":""Point"",""coordinates"":[77.48525686388653,12.948550438868896]}"
108,21.901760864257824,2027.7688976377954,39.58683008000003,26.650000000000034,0.04880972769309813,0.2794287030638102,-0.3386358158592432,"{""type"":""Point"",""coordinates"":[77.55923991873937,12.883143387206172]}"
109,22.028686777750693,2015.8309055118111,41.58295376000001,24.77000000000004,0.10761072988147224,0.276092774308653,-0.42055610724925524,"{""type"":""Point"",""coordinates"":[77.69118122809337,13.061137031478886]}"
110,22.27262140909835,1845.1084645669291,41.51801138000002,29.150000000000034,0.06830701432243849,0.2375609756097561,-0.3702403456656765,"{""type"":""Point"",""coordinates"":[77.52038373342629,12.959779894591252]}"
111,21.90634932084521,1674.9588582677168,38.906644099999994,27.450000000000045,0.11657559198542805,0.09915014164305949,-0.18328758767917047,"{""type"":""Point"",""coordinates"":[77.61922781249726,12.956004860207639]}"
112,21.901760864257824,2013.6635826771653,40.591727960000014,28.090000000000032,0.07624398073836276,0.07872539831302718,-0.14101610904584883,"{""type"":""Point"",""coordinates"":[77.5634693573164,12.888221480785464]}"
113,21.906890634390038,2742.5799212598426,41.41205276000005,26.130000000000052,0.14143660866152036,0.09384897482913819,-0.21428571428571427,"{""type"":""Point"",""coordinates"":[77.69841516826017,12.930430467007938]}"
114,21.853410165960156,2111.2885826771653,39.66544454000001,27.670000000000016,0.0664571877454831,0.3024989039894783,-0.3948356807511737,"{""type"":""Point"",""coordinates"":[77.67172848373457,12.966045952267839]}"
115,21.901760864257824,2074.2009842519683,41.603461880000054,26.07000000000005,0.10433145009416196,0.10348027842227378,-0.16,"{""type"":""Point"",""coordinates"":[77.63791952678457,12.873752477612957]}"
116,21.90634932084521,1776.319094488189,38.5990223,27.850000000000023,0.020859940400170286,0.21180189673340358,-0.25958378970427165,"{""type"":""Point"",""coordinates"":[77.5801844510978,13.009166822408892]}"
117,22.181694382887656,1318.9814960629922,31.76981834000003,25.870000000000005,-0.03161246304298385,0.5277871337150556,-0.5755470649531087,"{""type"":""Point"",""coordinates"":[77.58560887588342,13.07570055995186]}"
118,21.90634932084521,1764.9194881889762,35.84751620000003,27.78000000000003,0.008758568164508759,0.3270456283456538,-0.4077879935100054,"{""type"":""Point"",""coordinates"":[77.6170832361518,12.977940004975363]}"
119,22.27262140909835,1887.8811023622047,39.77823920000003,27.430000000000007,-0.04020396156109041,0.2796139927623643,-0.31515001239771884,"{""type"":""Point"",""coordinates"":[77.50388787475049,12.978870503642508]}"
120,21.90634932084521,1916.5090551181102,40.33879448000005,28.79000000000002,0.05763272051229085,0.11159844054580896,-0.17094455852156057,"{""type"":""Point"",""coordinates"":[77.62444860065463,13.024542983916847]}"
121,21.853410165960156,1613.7324803149606,38.98867658000006,25.99000000000001,0.011946902654867256,0.2680295286768881,-0.32013006207508127,"{""type"":""Point"",""coordinates"":[77.69599237478316,13.033694598954911]}"
122,21.901760864257824,1652.7206692913385,37.41638738000006,27.29000000000002,-0.05979202772963605,0.3189538959288218,-0.3680089485458613,"{""type"":""Point"",""coordinates"":[77.64079863950235,12.915900268745913]}"
123,21.90634932084521,1849.5208661417323,42.276811820000034,27.090000000000032,0.06636921360847742,0.23542435424354244,-0.33457347860749403,"{""type"":""Point"",""coordinates"":[77.64433600967608,12.9941516003949]}"
124,21.853410165960156,2018.9913385826771,39.309970460000045,26.730000000000018,0.05464382326420198,0.2170884606454609,-0.27449550206661805,"{""type"":""Point"",""coordinates"":[77.65580423281409,13.035567938506611]}"
125,22.27262140909835,1958.123228346457,42.998014040000044,27.060000000000002,0.12328236887942713,0.10085054678007291,-0.1833855799373041,"{""type"":""Point"",""coordinates"":[77.50611720507173,13.03039331902324]}"
126,22.38918151855472,1753.017913385827,43.16891504,28.120000000000005,-0.005729564553093965,0.3617791569692268,-0.4313672193530851,"{""type"":""Point"",""coordinates"":[77.51541356832492,12.945948939376514]}"
127,21.853410165960156,1882.979527559055,38.704980920000025,28.010000000000048,0.05092496362502598,0.11474609375,-0.18844351900052056,"{""type"":""Point"",""coordinates"":[77.67254190680335,12.989336623858984]}"
128,21.901760864257824,1545.766929133858,38.32216268000002,28.450000000000045,-0.07699379452999311,0.3504322766570605,-0.4025740796168812,"{""type"":""Point"",""coordinates"":[77.5983001805633,12.907918029998186]}"
129,21.90634932084521,1698.0277559055116,40.08927902000005,27.950000000000045,0.01614310645724258,0.21171413218699625,-0.2808861119000284,"{""type"":""Point"",""coordinates"":[77.55502287571987,13.032116527355203]}"
130,21.853410165960156,2497.0720472440944,39.38174888000003,26.99000000000001,0.13423327771879265,0.05958789678856506,-0.14365858545381688,"{""type"":""Point"",""coordinates"":[77.7018665399685,12.982934810353015]}"
131,22.38918151855472,1195.7580708661417,39.231356000000005,26.630000000000052,0.12411847672778561,0.4785714285714286,-0.5434962717481359,"{""type"":""Point"",""coordinates"":[77.5036892826475,12.907199042990248]}"
132,22.29895782470703,1905.1822834645668,40.540457660000015,26.850000000000023,0.06183368869936034,0.3544873312810798,-0.45918367346938777,"{""type"":""Point"",""coordinates"":[77.51383460497182,13.06211373600647]}"
133,21.90634932084521,1656.088779527559,39.25186412000005,28.090000000000032,0.13143631436314362,0.11252531096326295,-0.20112429731417863,"{""type"":""Point"",""coordinates"":[77.6002809304353,12.98515153012088]}"
134,21.901760864257824,1954.735433070866,37.79920562000001,28.930000000000007,0.023201403782413726,0.22583802299975533,-0.2572145545796738,"{""type"":""Point"",""coordinates"":[77.5694265962357,12.93706099094138]}"
135,21.90634932084521,1386.9490157480316,40.46184320000003,29.150000000000034,0.03444730077120823,0.23878627968337732,-0.31236897274633124,"{""type"":""Point"",""coordinates"":[77.56623392079919,12.996469651649104]}"
136,21.901760864257824,2372.96968503937,38.57167814000002,26.180000000000007,0.09901974712317091,0.19863919863919863,-0.3001230012300123,"{""type"":""Point"",""coordinates"":[77.60625631160319,12.868644875746343]}"
137,21.901760864257824,2445.155708661417,38.28456446000001,26.650000000000034,-0.0247074122236671,0.2003046458492003,-0.2264591439688716,"{""type"":""Point"",""coordinates"":[77.55420899317727,12.877088238220404]}"
138,21.853410165960156,1473.0996062992126,43.55173328000001,24.450000000000045,0.06278291674867152,0.4634296250768285,-0.5567178816606734,"{""type"":""Point"",""coordinates"":[77.70158208655636,13.045245787272139]}"
139,21.90634932084521,1324.8279527559057,38.02821296000002,27.33000000000004,-0.13172708849358253,0.7177033492822966,-0.6731025299600533,"{""type"":""Point"",""coordinates"":[77.64903866426612,12.995492811246987]}"
140,21.906890634390038,1622.0464566929134,39.21426589999999,25.970000000000027,0.017603634298693924,0.46444695259593677,-0.5296198054818745,"{""type"":""Point"",""coordinates"":[77.66830635111619,12.87927381139947]}"
141,22.028686777750693,1722.6832677165353,40.82415332000005,25.410000000000025,-0.0146900752418488,0.45193540117918485,-0.5362082994304312,"{""type"":""Point"",""coordinates"":[77.66847552944502,13.050878232121347]}"
142,22.38918151855472,1746.7580708661415,42.36568034000004,26.02000000000004,0.0650319829424307,0.3663983380940016,-0.47394957983193275,"{""type"":""Point"",""coordinates"":[77.48852483254728,12.872894198344204]}"
143,21.90634932084521,1648.2669291338584,38.31874465999999,28.960000000000036,0.0401241409886943,0.21697582911748173,-0.2944693572496263,"{""type"":""Point"",""coordinates"":[77.55819357603315,12.987281787474132]}"
144,21.901760864257824,1821.6527559055116,38.97842251999998,26.310000000000002,0.06885919835560124,0.16302952503209242,-0.23366013071895425,"{""type"":""Point"",""coordinates"":[77.64982413751538,12.900968070788108]}"
145,22.38918151855472,1579.2875984251968,41.029234520000045,29.150000000000034,0.128739800543971,0.16097855632739352,-0.23960012899064817,"{""type"":""Point"",""coordinates"":[77.53689869291097,12.948100277167228]}"
146,22.181694382887656,1330.011023622047,34.37434958000006,26.430000000000007,0.008528318390553248,0.5312394461330632,-0.5992945326278659,"{""type"":""Point"",""coordinates"":[77.58526822875412,13.07349737829355]}"
147,21.90634932084521,1372.1448818897638,36.43883366,27.930000000000007,0.03258713516576934,0.1219191587249425,-0.2016895459345301,"{""type"":""Point"",""coordinates"":[77.5964720438274,12.972145469514082]}"
148,21.853410165960156,1485.6793307086616,37.884656120000045,27.33000000000004,0.06515957446808511,0.2887259395050413,-0.39345887016848363,"{""type"":""Point"",""coordinates"":[77.65234626632056,12.99807837506615]}"
149,22.27262140909835,1657.3053149606296,41.27533196000002,27.630000000000052,-0.036011080332409975,0.4255377075959706,-0.4707865168539326,"{""type"":""Point"",""coordinates"":[77.48736783697001,12.98959963356655]}"
150,22.27262140909835,1972.6222440944882,39.01260272000002,28.890000000000043,-0.044061302681992334,0.26157407407407407,-0.3044518908568693,"{""type"":""Point"",""coordinates"":[77.52241740048584,12.954261037817865]}"
151,21.853410165960156,2192.6192913385826,42.39986054000002,27.260000000000048,0.09768346023003402,0.1395253682487725,-0.2679262463009333,"{""type"":""Point"",""coordinates"":[77.68271880270828,13.03131636458201]}"
152,21.901760864257824,1418.0641732283464,31.920211220000056,27.430000000000007,-0.3251908396946565,0.8110283159463487,-0.7601390498261877,"{""type"":""Point"",""coordinates"":[77.61298201801067,12.901721028754991]}"
153,21.901760864257824,1742.6448818897638,39.70304276000002,28.880000000000052,0.03319224771664068,0.14451476793248946,-0.22150295524908528,"{""type"":""Point"",""coordinates"":[77.5755667764216,12.947440726081444]}"
154,21.853410165960156,1857.39094488189,38.16835178000002,27.810000000000002,0.03250625120215426,0.22414212703820882,-0.3088732760863908,"{""type"":""Point"",""coordinates"":[77.65158060533736,13.004200717800208]}"
155,21.901760864257824,1659.3062992125983,38.380269020000014,28.77000000000004,-0.02143985556307831,0.25513033832501386,-0.2968481375358166,"{""type"":""Point"",""coordinates"":[77.5710389779283,12.9264145193727]}"
156,22.29895782470703,1949.1704724409449,41.12835710000002,26.250000000000057,0.10955625115080096,0.14705882352941177,-0.23809523809523808,"{""type"":""Point"",""coordinates"":[77.52327511745476,13.077214168350848]}"
157,21.853410165960156,2115.6970472440944,41.22064364000005,27.260000000000048,0.0391304347826087,0.11358387570858702,-0.22409416108931457,"{""type"":""Point"",""coordinates"":[77.68156395325305,13.03281549896845]}"
158,22.27262140909835,1549.1694881889764,37.67273888,27.950000000000045,0.04741980474198047,0.21350310926858157,-0.2842369163271702,"{""type"":""Point"",""coordinates"":[77.54663633919326,13.02732857085112]}"
159,21.906890634390038,2758.28562992126,39.27237223999998,25.30000000000001,0.05891059798697454,0.060904388453195395,-0.12590756153709934,"{""type"":""Point"",""coordinates"":[77.69156308144593,12.946766197598158]}"
160,21.853410165960156,1649.188188976378,40.22258180000006,26.52000000000004,0.11705685618729098,0.13013698630136986,-0.21249234537660747,"{""type"":""Point"",""coordinates"":[77.69490084439555,12.955457370907707]}"
161,21.90634932084521,1760.2718503937008,41.59320782000003,28.460000000000036,0.12277730736663844,0.13378932968536253,-0.20046349942062572,"{""type"":""Point"",""coordinates"":[77.59695320055249,13.03652795670956]}"
162,22.29895782470703,1877.0858267716533,40.06193486000001,26.57000000000005,0.06162630439062808,0.14898746383799422,-0.2401769450949779,"{""type"":""Point"",""coordinates"":[77.52189370401926,13.074452355881677]}"
163,22.38918151855472,1387.5169291338582,39.340732640000056,27.880000000000052,-0.05734678808761998,0.4131578947368421,-0.4445191661062542,"{""type"":""Point"",""coordinates"":[77.49816773183753,12.945112643381336]}"
164,22.29895782470703,2144.842716535433,41.42572484000004,28.010000000000048,0.0781974817760106,0.17458306945324045,-0.28350634371395617,"{""type"":""Point"",""coordinates"":[77.49627065745655,13.057242697302856]}"
165,21.901760864257824,1711.4913385826771,39.21768392000001,29.370000000000005,-0.010679391047489207,0.18803418803418803,-0.24628747548332866,"{""type"":""Point"",""coordinates"":[77.55267649880612,12.917936938101699]}"
166,22.27262140909835,1709.1035433070865,41.98628012000006,29.220000000000027,0.10183252145673857,0.08764044943820225,-0.14862058736280034,"{""type"":""Point"",""coordinates"":[77.52615110847532,12.991201954264374]}"
167,21.906890634390038,1725.8220472440944,36.14146592000003,25.78000000000003,-0.037299437382788084,0.30450733752620546,-0.3523499049171421,"{""type"":""Point"",""coordinates"":[77.68649895489011,12.913173427849504]}"
168,21.901760864257824,1523.9145669291338,38.81435756000002,28.370000000000005,0.06696100073583518,0.17953488372093024,-0.2427311336164652,"{""type"":""Point"",""coordinates"":[77.59972393938183,12.949463577328663]}"
169,21.90634932084521,2060.418503937008,41.93159179999998,27.650000000000034,0.04617055947854427,0.1902394938996837,-0.2495256166982922,"{""type"":""Point"",""coordinates"":[77.62834590283138,13.041821810196112]}"
170,21.901760864257824,1965.7482283464567,39.050200940000025,26.670000000000016,-0.006276150627615063,0.3265915881406573,-0.38783361384948306,"{""type"":""Point"",""coordinates"":[77.56175738271423,12.875143972453401]}"
171,21.901760864257824,1743.6133858267717,38.704980920000025,27.910000000000025,0.029327453142227122,0.15842105263157893,-0.2320179121186678,"{""type"":""Point"",""coordinates"":[77.61538662958523,12.896521958171997]}"
172,22.181694382887656,1699.5877952755905,38.48280962000001,27.05000000000001,-0.021357580883907802,0.2838915470494418,-0.3229252259654889,"{""type"":""Point"",""coordinates"":[77.59260927518245,13.061120503478048]}"
173,21.853410165960156,2074.803346456693,40.51311350000003,26.650000000000034,0.06614509246088193,0.14099500325874428,-0.24484474994074426,"{""type"":""Point"",""coordinates"":[77.70159204886708,13.029091747583475]}"
174,22.27262140909835,1928.9273622047244,39.17324966000001,28.230000000000018,0.0530938123752495,0.1445114595898673,-0.21051288594029088,"{""type"":""Point"",""coordinates"":[77.50346036945884,12.968950972031905]}"
175,22.38918151855472,1595.9145669291336,36.934446560000026,26.83000000000004,-0.054859256215327716,0.42255472430036023,-0.48510269019380964,"{""type"":""Point"",""coordinates"":[77.53416119077895,12.885219223228946]}"
176,21.901760864257824,1908.1468503937008,37.737681260000045,29.060000000000002,0.010438413361169102,0.27606461086637296,-0.32133806386213887,"{""type"":""Point"",""coordinates"":[77.56313924345106,12.919554959986502]}"
177,21.853410165960156,1860.0799212598426,40.834407380000016,28.03000000000003,0.053613053613053616,0.1178973717146433,-0.17774261603375527,"{""type"":""Point"",""coordinates"":[77.67473974116108,13.004277159757118]}"
178,21.90634932084521,1458.588779527559,35.04769952000004,28.130000000000052,0.040158870255957636,0.3615023474178404,-0.4178617992177314,"{""type"":""Point"",""coordinates"":[77.63232208291885,12.966917829161302]}"
179,21.901760864257824,1800.4903543307087,37.77869750000002,29.370000000000005,-0.053927813163481955,0.2544857215061916,-0.2860103626943005,"{""type"":""Point"",""coordinates"":[77.5505887368962,12.919700984267381]}"
180,21.853410165960156,2017.7561023622045,39.32022452000001,27.05000000000001,0.07763475462590506,0.047989031078610606,-0.1331850753644675,"{""type"":""Point"",""coordinates"":[77.6906671174056,12.968553346102208]}"
181,21.853410165960156,1504.7,36.790889719999996,27.83000000000004,0.005591219714226548,0.44074407440744073,-0.49455337690631807,"{""type"":""Point"",""coordinates"":[77.66999418977126,12.971137427495004]}"
182,22.27262140909835,1952.2383858267715,42.62544986,28.350000000000023,0.06389117889530091,0.10376670716889429,-0.14783927217589082,"{""type"":""Point"",""coordinates"":[77.49877320571298,12.99549022709885]}"
183,22.181694382887656,1803.2354330708663,37.19079806000002,26.690000000000055,-0.030254458024444,0.29586693548387094,-0.33005690636316604,"{""type"":""Point"",""coordinates"":[77.55268537432947,13.072874921080068]}"
184,21.901760864257824,2410.553346456693,37.26599450000003,29.210000000000036,0.0460239651416122,0.23279957768784093,-0.4167846309403438,"{""type"":""Point"",""coordinates"":[77.56911967458898,12.94003395718589]}"
185,22.29895782470703,2089.0759842519687,34.75033178000001,26.27000000000004,-0.07096124811273276,0.430427963253417,-0.453551912568306,"{""type"":""Point"",""coordinates"":[77.5451820164726,13.073237780648084]}"
186,21.853410165960156,1523.9293307086612,37.46765768,27.730000000000018,0.018047200370198982,0.3082614056720099,-0.34815756035578144,"{""type"":""Point"",""coordinates"":[77.657488128607,12.979780902785862]}"
187,21.906890634390038,1635.6419291338584,38.99209460000003,25.620000000000005,0.04614812058057313,0.41719657174453967,-0.5045494570002935,"{""type"":""Point"",""coordinates"":[77.67535550665303,12.87249868707217]}"
188,22.27262140909835,1829.1074803149606,40.014082580000036,27.810000000000002,0.04518743667679838,0.19230769230769232,-0.2615796519410977,"{""type"":""Point"",""coordinates"":[77.4991277074581,12.974600692925259]}"
189,22.29895782470703,1503.664566929134,36.28844078000003,26.27000000000004,-0.08402848423194303,0.5861863649895802,-0.6019242333132893,"{""type"":""Point"",""coordinates"":[77.54226687985398,13.068904445996083]}"
190,22.38918151855472,1848.4883858267717,41.23773374000001,25.850000000000023,0.06688358640636298,0.2911455727863932,-0.36380449141347426,"{""type"":""Point"",""coordinates"":[77.49454783456818,12.889052858214816]}"
191,22.27262140909835,2351.932283464567,39.94230416000005,27.310000000000002,0.09935097353969047,0.09156918112141993,-0.14177215189873418,"{""type"":""Point"",""coordinates"":[77.5153525564274,13.03157436122038]}"
192,21.906890634390038,1959.7561023622045,41.46674108000002,25.950000000000045,0.10424028268551237,0.19858156028368795,-0.2854969574036511,"{""type"":""Point"",""coordinates"":[77.66091743014627,12.8762043320288]}"
193,22.181694382887656,1551.2433070866139,39.511633640000014,26.57000000000005,-0.03322823186999758,0.24234470691163604,-0.2913003940588057,"{""type"":""Point"",""coordinates"":[77.60614587740211,13.06913365344991]}"
194,21.90634932084521,1569.698031496063,36.56530040000001,27.78000000000003,-0.09029569358999802,0.5248404107688037,-0.5679223744292238,"{""type"":""Point"",""coordinates"":[77.61893970405946,12.978543954954084]}"
195,21.90634932084521,1824.9234251968503,40.84466143999998,28.840000000000032,0.07187630589218554,0.13664278403275332,-0.21266721266721267,"{""type"":""Point"",""coordinates"":[77.60645128297412,13.030359782100719]}"
196,22.29895782470703,2181.524803149606,43.25778356000001,26.750000000000057,0.12319809778570368,0.23663802137916579,-0.3666898309010887,"{""type"":""Point"",""coordinates"":[77.52698637074562,13.066299042826957]}"
197,22.38918151855472,1916.5513779527557,35.068207640000026,28.690000000000055,-0.46673455532926,0.8553027050236153,-0.7311698717948718,"{""type"":""Point"",""coordinates"":[77.53330287397225,12.92745387823412]}"
198,21.901760864257824,1387.3368110236217,34.514488400000005,28.670000000000016,-0.20754716981132076,0.7622027534418022,-0.694344163658243,"{""type"":""Point"",""coordinates"":[77.58623739265147,12.948727362321703]}"
199,21.90634932084521,2187.985433070866,40.769465000000025,27.99000000000001,0.0892253417609878,0.2259596359319351,-0.3656601278377783,"{""type"":""Point"",""coordinates"":[77.60777545732654,13.008029066059592]}"
200,21.853410165960156,1448.7797244094488,35.95347482,25.810000000000002,9.041591320072332E-4,0.4018395179194418,-0.38731952291274324,"{""type"":""Point"",""coordinates"":[77.65807177007682,13.046977057471489]}"
201,21.853410165960156,1809.705905511811,40.37981072000002,27.090000000000032,0.013747758517632994,0.2471655328798186,-0.31789137380191695,"{""type"":""Point"",""coordinates"":[77.6520356738327,13.040463262787302]}"
202,22.028686777750693,2393.8053149606294,42.22212350000001,25.05000000000001,0.10409924487594391,0.20405944182674882,-0.3203497615262321,"{""type"":""Point"",""coordinates"":[77.67964964637751,13.058752546474622]}"
203,22.27262140909835,1883.9391732283468,41.57611772000001,27.55000000000001,0.08782936010037641,0.08345752608047691,-0.17258064516129032,"{""type"":""Point"",""coordinates"":[77.5287011545702,13.034530866481393]}"
204,21.90634932084521,1644.2718503937008,39.48428948000003,28.850000000000023,0.08516746411483253,0.10043165467625899,-0.18097591105620753,"{""type"":""Point"",""coordinates"":[77.58274176804827,12.951094574330721]}"
205,21.90634932084521,1625.0356299212597,36.924192500000004,27.450000000000045,-0.003094606542882405,0.28920454545454544,-0.33943329397874855,"{""type"":""Point"",""coordinates"":[77.62507944722778,12.952933338945105]}"
206,22.27262140909835,1720.2738188976377,39.12881540000001,28.890000000000043,0.03856382978723404,0.17784414879174587,-0.22404063205417607,"{""type"":""Point"",""coordinates"":[77.51621046290882,12.956623537971847]}"
207,22.38918151855472,2011.4499999999998,40.10978713999998,27.810000000000002,0.11346695378499255,0.18223989396951623,-0.31305201177625125,"{""type"":""Point"",""coordinates"":[77.53303017649326,12.90329376611911]}"
208,22.38918151855472,1617.860433070866,43.82175686000005,25.910000000000025,0.14426949835225192,0.31810490693739424,-0.4702736709657125,"{""type"":""Point"",""coordinates"":[77.48831102296361,12.866893329761865]}"
209,22.181694382887656,1984.9047244094488,36.462759800000015,27.750000000000057,0.06114769520225776,0.18190431075319755,-0.2357602773650322,"{""type"":""Point"",""coordinates"":[77.5741090908801,13.057686979985693]}"
210,21.901760864257824,1463.9834645669291,42.12300091999998,28.900000000000034,0.12159061942391028,0.09955328653477984,-0.201953261248692,"{""type"":""Point"",""coordinates"":[77.5667880430565,12.913374715924]}"
211,22.38918151855472,1659.5976377952757,37.70350106000001,28.350000000000023,-6.322444678609062E-4,0.31015452538631344,-0.35967926689576174,"{""type"":""Point"",""coordinates"":[77.51853835311915,12.923473331697227]}"
212,21.90634932084521,1614.6625984251968,39.85001762000002,28.28000000000003,0.09888546359971544,0.12392783200236616,-0.19760479041916168,"{""type"":""Point"",""coordinates"":[77.60625525108578,12.99451021416268]}"
213,21.901760864257824,1797.4913385826771,41.04974263999998,27.190000000000055,0.05417276720351391,0.1627667780920545,-0.2361946418808092,"{""type"":""Point"",""coordinates"":[77.62345594162483,12.887191196987647]}"
214,21.90634932084521,1270.8151574803148,37.573616300000026,28.33000000000004,-0.016194331983805668,0.4347981421936406,-0.500186776242062,"{""type"":""Point"",""coordinates"":[77.55782712713385,13.014648897462335]}"
215,22.27262140909835,1707.1990157480316,39.785075240000026,29.260000000000048,4.4543429844097997E-4,0.20807537012113056,-0.26815484600169537,"{""type"":""Point"",""coordinates"":[77.53448271420713,12.979426276809855]}"
216,21.90634932084521,1611.91062992126,36.66784100000001,27.850000000000023,-0.06179125202499421,0.26286815304156347,-0.31574419271580156,"{""type"":""Point"",""coordinates"":[77.57763792815716,13.010269294274725]}"
217,21.853410165960156,1779.0110236220473,38.93057024000001,27.610000000000014,-0.0014934926392148496,0.20420728578758338,-0.27036535859269284,"{""type"":""Point"",""coordinates"":[77.66733206887363,12.976548276371172]}"
218,21.901760864257824,1702.8082677165355,38.61269437999999,27.74000000000001,-0.007534983853606028,0.26520681265206814,-0.3168261114237479,"{""type"":""Point"",""coordinates"":[77.62367574293302,12.932986542682325]}"
219,21.90634932084521,1769.4667322834644,39.21768392000001,29.120000000000005,0.0755287009063444,0.13483443708609272,-0.21153846153846154,"{""type"":""Point"",""coordinates"":[77.55445820983213,12.99892662813004]}"
220,21.901760864257824,1315.2905511811023,40.42766300000005,29.060000000000002,0.041678016889131024,0.2422316384180791,-0.3121969414397613,"{""type"":""Point"",""coordinates"":[77.55905303520791,12.921805224476993]}"
221,22.38918151855472,1681.916535433071,39.22451996000001,26.970000000000027,0.01706938594546664,0.23716517857142858,-0.2748706152961472,"{""type"":""Point"",""coordinates"":[77.52081095321805,12.907143176510308]}"
222,21.853410165960156,1897.5503937007875,40.53362162000002,27.460000000000036,0.05070827345514268,0.13751537515375153,-0.19514086327216335,"{""type"":""Point"",""coordinates"":[77.6809674508376,13.022260982419628]}"
223,22.38918151855472,1700.8614173228345,38.28456446000001,28.060000000000002,-0.03473792394655704,0.3550471063257066,-0.38830667402095975,"{""type"":""Point"",""coordinates"":[77.49041351737473,12.92976309720139]}"
224,22.181694382887656,347.2383858267717,30.204365180000025,27.390000000000043,-0.49843260188087773,0.1964956195244055,0.15919085312225154,"{""type"":""Point"",""coordinates"":[77.56245164034564,13.063475919641784]}"
225,22.27262140909835,1602.2561023622047,37.37195312000006,28.890000000000043,-0.06119951040391677,0.4271604938271605,-0.5047729245010124,"{""type"":""Point"",""coordinates"":[77.52111726665028,12.954048570758868]}"
226,21.901760864257824,1869.0641732283464,36.83190596000003,26.150000000000034,0.04025463396367721,0.25822287677957784,-0.32249742002063986,"{""type"":""Point"",""coordinates"":[77.63615068169585,12.931500767676742]}"
227,21.901760864257824,2068.262992125984,39.15957758000002,26.310000000000002,0.07405313736574336,0.10228802153432032,-0.1815340226015869,"{""type"":""Point"",""coordinates"":[77.63906090510127,12.878384137058463]}"
228,21.90634932084521,1878.8417322834646,42.01020626000002,28.010000000000048,0.1529362938368956,0.07761351636747624,-0.14953534215713885,"{""type"":""Point"",""coordinates"":[77.60691347903997,12.987907385794639]}"
229,22.38918151855472,1716.2846456692916,39.54581384000005,29.03000000000003,0.11820802838766911,0.11905432029271039,-0.18863976083707026,"{""type"":""Point"",""coordinates"":[77.54296586712185,12.922823879065085]}"
230,22.38918151855472,1796.3210629921261,39.86368970000001,27.880000000000052,0.008297115764519953,0.27314227745371544,-0.33050622846541217,"{""type"":""Point"",""coordinates"":[77.49497137962994,12.947489241317296]}"
231,21.90634932084521,1676.078937007874,37.75135334000004,28.07000000000005,-0.08635961027457928,0.30966364121729845,-0.3533793103448276,"{""type"":""Point"",""coordinates"":[77.55894573115914,13.009390691350243]}"
232,22.27262140909835,1928.5464566929134,43.309053860000006,28.840000000000032,0.07872298235177473,0.15860349127182044,-0.21021099244594946,"{""type"":""Point"",""coordinates"":[77.52005907716256,12.984633221780703]}"
233,21.853410165960156,2219.723622047244,32.908019000000024,27.79000000000002,-0.47537194857720644,0.8775735294117647,-0.7586088154269972,"{""type"":""Point"",""coordinates"":[77.68401739413888,13.012670502888371]}"
234,21.90634932084521,1313.7767716535432,37.36853510000003,27.630000000000052,-0.1315240083507307,0.6563667232597623,-0.6270847231487658,"{""type"":""Point"",""coordinates"":[77.55718373052972,13.048640240403682]}"
235,21.90634932084521,1597.5041338582676,38.04530306000004,27.950000000000045,0.04454545454545455,0.24710768318006526,-0.29993815708101423,"{""type"":""Point"",""coordinates"":[77.64845430657358,12.973031402355884]}"
236,21.90634932084521,1699.9765748031498,37.16003588000001,28.28000000000003,0.08400718778077268,0.12156215621562157,-0.20117820324005892,"{""type"":""Point"",""coordinates"":[77.6089167733619,12.99540526395876]}"
237,21.906890634390038,2137.025787401575,42.601523720000046,25.970000000000027,0.10761245674740484,0.12595503165247762,-0.20542182752979668,"{""type"":""Point"",""coordinates"":[77.68008708371397,12.863955878480855]}"
238,21.906890634390038,2516.041535433071,40.766046980000056,25.470000000000027,0.17907393195190585,0.1371367824238129,-0.3252116456741689,"{""type"":""Point"",""coordinates"":[77.69727338479485,12.890444604310087]}"
239,21.901760864257824,1631.0139763779528,40.21232773999998,26.670000000000016,0.1338958180484226,0.34798743933771054,-0.4565083281924738,"{""type"":""Point"",""coordinates"":[77.56520220644443,12.877231993383933]}"
240,22.028686777750693,2261.973622047244,43.606421599999976,24.670000000000016,0.08343536820010496,0.09417414909166841,-0.15013169446883232,"{""type"":""Point"",""coordinates"":[77.69167367074127,13.079082512362733]}"
241,22.028686777750693,1696.8968503937008,43.00485007999998,24.970000000000027,0.06894496324259884,0.24993331555081355,-0.3453919035314384,"{""type"":""Point"",""coordinates"":[77.70186021036304,13.076555490369017]}"
242,21.853410165960156,1835.5405511811025,42.20503340000005,27.53000000000003,0.044924488625501816,0.27579162410623087,-0.33761713520749664,"{""type"":""Point"",""coordinates"":[77.69791661105184,12.999142194344374]}"
243,21.90634932084521,1623.3240157480313,37.10534756000004,28.010000000000048,-0.05007587253414264,0.32821497120921306,-0.38995695839311334,"{""type"":""Point"",""coordinates"":[77.56638272063613,13.039973358291057]}"
244,21.906890634390038,2391.2305118110235,38.07948326000002,25.910000000000025,0.1324441687344913,0.05130614546137944,-0.162993762993763,"{""type"":""Point"",""coordinates"":[77.67283617301806,12.920581709436265]}"
245,21.901760864257824,1846.194094488189,38.985258560000034,28.880000000000052,0.055520371543170785,0.11626746506986028,-0.19721701899919722,"{""type"":""Point"",""coordinates"":[77.57255699989773,12.945986436145493]}"
246,21.901760864257824,1754.9588582677166,38.64687458000003,29.05000000000001,0.06928601605407689,0.17556029882604055,-0.2456884365281312,"{""type"":""Point"",""coordinates"":[77.55629294699607,12.916109870436408]}"
247,21.906890634390038,1885.9667322834648,35.755229660000055,24.05000000000001,-0.11562073669849932,0.5105056568921728,-0.5367629786234437,"{""type"":""Point"",""coordinates"":[77.6670554677953,12.931301954580432]}"
248,22.38918151855472,1218.7324803149609,36.934446560000026,27.880000000000052,0.05856515373352855,0.4542027892951376,-0.5432,"{""type"":""Point"",""coordinates"":[77.50076856925058,12.943092555543535]}"
249,21.90634932084521,1970.6527559055119,42.13667300000003,28.49000000000001,0.08428887547777107,0.0902994011976048,-0.15328097289080314,"{""type"":""Point"",""coordinates"":[77.6159548271315,13.014590691193064]}"
250,22.181694382887656,1951.2600393700786,38.85879182000002,26.690000000000055,0.022536287242169595,0.16689466484268126,-0.25441176470588234,"{""type"":""Point"",""coordinates"":[77.55787501342559,13.070388504531875]}"
251,21.906890634390038,2368.11437007874,40.130295260000025,26.010000000000048,-0.015980113636363636,0.09240168003054601,-0.13961362278430592,"{""type"":""Point"",""coordinates"":[77.68059942336261,12.914749772619775]}"
252,21.853410165960156,1989.1881889763777,38.79726746000006,26.52000000000004,0.0983515465827005,0.1654297342590376,-0.22035597894209075,"{""type"":""Point"",""coordinates"":[77.65273169469728,12.954109082577135]}"
253,21.90634932084521,1917.30531496063,40.66008836000003,28.600000000000023,0.07782426778242678,0.076171875,-0.137842023748064,"{""type"":""Point"",""coordinates"":[77.58825580537004,13.023495862561784]}"
254,21.901760864257824,1627.3683070866143,36.36705524000001,26.07000000000005,-0.011453396524486572,0.41452637392985364,-0.4782106782106782,"{""type"":""Point"",""coordinates"":[77.64016360330311,12.868757789329946]}"
255,21.853410165960156,2020.122244094488,31.80058052000004,25.630000000000052,-0.4297752808988764,0.8690330477356181,-0.7773035887487876,"{""type"":""Point"",""coordinates"":[77.66447984306981,13.047071067168417]}"
256,21.853410165960156,2343.312204724409,41.965772000000015,27.510000000000048,0.14032634032634034,0.16512215669755687,-0.23371989295272078,"{""type"":""Point"",""coordinates"":[77.69563273228344,13.007453581675277]}"
257,21.901760864257824,1924.5316929133858,37.02331508000003,25.870000000000005,-0.019172932330827067,0.2793770646531383,-0.32308443142996585,"{""type"":""Point"",""coordinates"":[77.60374864824121,12.86368831667504]}"
258,21.901760864257824,1540.6507874015747,37.330936880000024,28.880000000000052,0.05848651229410361,0.20796324655436446,-0.26046660274848193,"{""type"":""Point"",""coordinates"":[77.5760623303032,12.944684641371866]}"
259,22.181694382887656,745.2108267716536,31.13064860000003,26.750000000000057,-0.2184873949579832,0.4250614250614251,-0.23469930814262907,"{""type"":""Point"",""coordinates"":[77.61607169117359,13.061783395065921]}"
260,21.90634932084521,1425.6202755905515,36.43883366,27.660000000000025,-0.13809121621621623,0.6713178294573643,-0.6437938395852394,"{""type"":""Point"",""coordinates"":[77.58049397427988,13.01934636264975]}"
261,22.27262140909835,1762.8062992125983,42.228959540000005,28.970000000000027,0.03957049115132233,0.2747426761678543,-0.33499170812603646,"{""type"":""Point"",""coordinates"":[77.51976923603233,12.997396061751624]}"
262,21.906890634390038,1998.8053149606299,40.048262780000016,25.370000000000005,0.017932086989698587,0.18699561909153792,-0.24167872648335745,"{""type"":""Point"",""coordinates"":[77.6777054953658,12.944606502827854]}"
263,22.028686777750693,1618.8722440944882,42.07856665999998,24.670000000000016,0.14824016563146997,0.22149643705463182,-0.3258137286496938,"{""type"":""Point"",""coordinates"":[77.69118834528959,13.077570856790997]}"
264,22.27262140909835,1697.6655511811025,42.53316332000003,27.190000000000055,0.11259619279060348,0.22231520223152024,-0.31315552891819,"{""type"":""Point"",""coordinates"":[77.50672667594753,13.024013134148769]}"
265,21.853410165960156,1593.1606299212597,36.16197404000002,28.200000000000045,-2.3250406882120437E-4,0.23231165855055858,-0.2849462365591398,"{""type"":""Point"",""coordinates"":[77.65389542085885,12.967796113213003]}"
266,22.38918151855472,1381.471653543307,37.32068282,26.08000000000004,0.07589765641797463,0.44228187919463086,-0.5075412136092599,"{""type"":""Point"",""coordinates"":[77.49960310472305,12.892852220639961]}"
267,22.38918151855472,1735.4903543307087,40.608818059999976,28.060000000000002,0.1388775092175338,0.1590846429556107,-0.2598142043751873,"{""type"":""Point"",""coordinates"":[77.49086512490216,12.929083895143213]}"
268,21.90634932084521,1665.523818897638,41.059996700000056,27.710000000000036,0.08045433033601515,0.0863852390271177,-0.16138673042438734,"{""type"":""Point"",""coordinates"":[77.57339745612423,13.045988495690846]}"
269,21.90634932084521,1736.3338582677168,38.246966240000006,29.120000000000005,-0.08731935680846734,0.4106152627409559,-0.4310206268416823,"{""type"":""Point"",""coordinates"":[77.5550708001559,12.99521015686671]}"
270,21.906890634390038,1938.261023622047,39.50479760000002,25.970000000000027,0.09835174787176236,0.22129538763493622,-0.2866373739984492,"{""type"":""Point"",""coordinates"":[77.67002652855606,12.882991063801615]}"
271,21.853410165960156,2090.4608267716535,41.92475576000004,26.130000000000052,0.13492621222768797,0.11985444621332726,-0.20715861730816376,"{""type"":""Point"",""coordinates"":[77.68623897686916,13.038420776121136]}"
272,22.27262140909835,1138.21968503937,40.95403808000003,28.930000000000007,0.04966078697421981,0.4058610999598555,-0.5062365591397849,"{""type"":""Point"",""coordinates"":[77.51825644007074,12.983304549107993]}"
273,21.853410165960156,1882.3751968503936,38.35634288000006,28.57000000000005,0.013411721477126584,0.2668082094833687,-0.3674560733384263,"{""type"":""Point"",""coordinates"":[77.65391265674201,13.011071020540419]}"
274,21.906890634390038,533.2629921259843,31.817670620000058,24.010000000000048,-0.3579502637528259,0.509212730318258,-0.2505204718945177,"{""type"":""Point"",""coordinates"":[77.66528023072694,12.939946459026324]}"
275,21.906890634390038,2246.9224409448816,42.58785164000005,26.230000000000018,0.15101576928540986,0.20048212133386903,-0.3387096774193548,"{""type"":""Point"",""coordinates"":[77.66985600781287,12.866110278198354]}"
276,21.90634932084521,1732.7137795275592,36.65758693999999,28.010000000000048,-0.11291303466450436,0.37801204819277107,-0.4267151767151767,"{""type"":""Point"",""coordinates"":[77.5714111015318,13.035349565954013]}"
277,22.181694382887656,1937.7541338582676,41.00530838000003,27.250000000000057,0.05766920304365238,0.11887779362815026,-0.19502285424073135,"{""type"":""Point"",""coordinates"":[77.60043816937063,13.05521560278307]}"
278,21.906890634390038,1070.1950787401577,41.059996700000056,25.29000000000002,0.20949868073878627,0.4045944678856071,-0.5154274152756702,"{""type"":""Point"",""coordinates"":[77.6925861583775,12.879099005102399]}"
279,22.38918151855472,1760.1330708661417,37.573616300000026,27.890000000000043,0.032976265490443184,0.2329941081949652,-0.2764069864153036,"{""type"":""Point"",""coordinates"":[77.48504930945113,12.921730954882321]}"
280,21.901760864257824,1762.086811023622,40.52336756,28.04000000000002,0.08843537414965986,0.08239095315024232,-0.1423699914748508,"{""type"":""Point"",""coordinates"":[77.62179221623568,12.905431131019377]}"
281,21.906890634390038,2694.142913385827,41.641060100000004,25.720000000000027,0.14109812790551576,0.12471207634090162,-0.27370970747158563,"{""type"":""Point"",""coordinates"":[77.6820157695561,12.890183789694253]}"
282,22.27262140909835,1800.2925196850395,39.38174888000003,27.190000000000055,-0.05530407400118087,0.32657100445324094,-0.38696326952922916,"{""type"":""Point"",""coordinates"":[77.49958290556846,13.037414773274383]}"
283,21.906890634390038,2176.356496062992,40.81731728,26.090000000000032,0.06862068965517241,0.16097141629056522,-0.23305181465418853,"{""type"":""Point"",""coordinates"":[77.70408807428782,12.90516901976835]}"
284,22.27262140909835,2456.815157480315,42.84078512000002,27.510000000000048,0.07986463620981388,0.04036732351253109,-0.0981421647819063,"{""type"":""Point"",""coordinates"":[77.51036309738888,13.022455119655943]}"
285,21.901760864257824,1765.2954724409449,39.77823920000003,27.110000000000014,0.0452469904524699,0.24391563007030828,-0.2874335292471313,"{""type"":""Point"",""coordinates"":[77.63342876425737,12.890928789791515]}"
286,21.90634932084521,1769.0454724409446,39.47403542000001,28.55000000000001,0.05155979202772964,0.14877984780897402,-0.20839083632348882,"{""type"":""Point"",""coordinates"":[77.64715630146355,13.02780866043145]}"
287,21.90634932084521,1998.9687007874015,40.73186678000002,28.250000000000057,0.11724400456794823,0.096194753013472,-0.17180394138453764,"{""type"":""Point"",""coordinates"":[77.63223577483838,13.03770934969244]}"
288,21.901760864257824,2746.813188976378,37.460821640000006,26.880000000000052,0.10070384407146725,0.06304,-0.1919626838894869,"{""type"":""Point"",""coordinates"":[77.5899685305276,12.877509292312766]}"
289,22.38918151855472,1751.3358267716535,40.24308991999999,27.870000000000005,0.09207898824051476,0.11256117455138662,-0.17823207601497265,"{""type"":""Point"",""coordinates"":[77.49000561122322,12.942340576514793]}"
290,21.90634932084521,1679.386023622047,39.00234866000005,27.83000000000004,0.011822660098522168,0.09887701999452204,-0.15022935779816513,"{""type"":""Point"",""coordinates"":[77.62370598270988,13.049063397770894]}"
291,21.90634932084521,1653.5346456692912,39.12539737999998,28.090000000000032,0.0960425827354779,0.14377745241581258,-0.20555555555555555,"{""type"":""Point"",""coordinates"":[77.60143427557865,12.989019953832468]}"
292,21.901760864257824,1738.4942913385826,38.920316179999986,28.900000000000034,0.008304195804195804,0.19767748746371075,-0.2651240591023139,"{""type"":""Point"",""coordinates"":[77.56562676071368,12.911482372116508]}"
293,21.906890634390038,1501.8712598425195,38.98867658000006,23.750000000000057,0.1034937376400791,0.23861566484517305,-0.3541320942582144,"{""type"":""Point"",""coordinates"":[77.6601631816055,12.938149217188908]}"
294,21.853410165960156,1706.4135826771653,39.870525740000005,27.590000000000032,-0.03333333333333333,0.4641826292311729,-0.51754147402774,"{""type"":""Point"",""coordinates"":[77.69275142842893,13.015724076593193]}"
295,21.901760864257824,1451.4627952755907,36.196154240000055,25.350000000000023,-0.008028904054596548,0.5683947532792005,-0.6085842408712364,"{""type"":""Point"",""coordinates"":[77.64391268186004,12.934627505278087]}"
296,21.853410165960156,1890.696062992126,38.609276360000024,27.630000000000052,0.10281543274244004,0.06537890044576523,-0.14445331205107742,"{""type"":""Point"",""coordinates"":[77.66629369158717,12.99029418558149]}"
297,22.27262140909835,1806.3102362204725,37.594124420000014,27.630000000000052,-0.04750733137829912,0.32952853598014886,-0.3773778920308483,"{""type"":""Point"",""coordinates"":[77.48980451979737,12.952080036448848]}"
298,21.90634932084521,2045.1773622047244,37.313846780000006,28.630000000000052,-0.032628182144137687,0.2868632707774799,-0.3407821229050279,"{""type"":""Point"",""coordinates"":[77.56682691957187,12.977311411923923]}"
299,21.901760864257824,2064.502165354331,38.78701339999998,26.410000000000025,0.05208692652638841,0.23201075991930062,-0.30422401518747033,"{""type"":""Point"",""coordinates"":[77.5842874811122,12.871380658058406]}"
300,22.27262140909835,1493.9805118110235,41.85981337999999,28.930000000000007,0.054227156276686596,0.35556915544675644,-0.45532194480946125,"{""type"":""Point"",""coordinates"":[77.51640344121462,12.983072947353273]}"
301,22.38918151855472,2042.5759842519685,38.16835178000002,25.870000000000005,0.028009645705805972,0.17805755395683454,-0.2470252260828177,"{""type"":""Point"",""coordinates"":[77.51951090773987,12.891183416372057]}"
302,22.27262140909835,1906.0139763779528,40.86858758000005,29.08000000000004,0.07289484708839547,0.08853910477127398,-0.15230408747721946,"{""type"":""Point"",""coordinates"":[77.52853495004264,13.004702472401265]}"
303,22.38918151855472,1351.2767716535434,37.197634100000016,25.890000000000043,0.08740295517155021,0.21588254921588254,-0.3551506136110078,"{""type"":""Point"",""coordinates"":[77.52086518431037,12.864427402255375]}"
304,21.90634932084521,1927.9529527559055,42.345172219999995,28.590000000000032,0.01998546511627907,0.2960115329168669,-0.3485,"{""type"":""Point"",""coordinates"":[77.62373995162511,13.02832359755758]}"
305,22.27262140909835,1874.2748031496062,40.70110460000001,26.850000000000023,0.02886186240697041,0.2765449773323789,-0.3647959183673469,"{""type"":""Point"",""coordinates"":[77.49906286146935,13.02834351687669]}"
306,21.853410165960156,1901.4381889763777,38.09315534000001,25.970000000000027,-0.02689225289403384,0.38372930165586755,-0.4268745360059391,"{""type"":""Point"",""coordinates"":[77.690667046328,12.953240727016649]}"
307,22.27262140909835,1744.7964566929134,41.48383118000004,28.55000000000001,0.05734689461155594,0.16315086782376503,-0.2371485373473445,"{""type"":""Point"",""coordinates"":[77.51428887645208,13.04615253873389]}"
308,21.90634932084521,1643.6753937007875,39.754313060000015,29.650000000000034,0.0940570893776322,0.12069464544138929,-0.19138461538461538,"{""type"":""Point"",""coordinates"":[77.55137789890385,12.969417156472248]}"
309,21.901760864257824,1548.9263779527557,37.73426324000002,28.450000000000045,0.01787787322962619,0.2729461330123382,-0.31203473945409427,"{""type"":""Point"",""coordinates"":[77.5956747626576,12.91360960906769]}"
310,22.38918151855472,2019.0917322834644,36.91393844000004,28.730000000000018,0.023519599666388658,0.30407663176654043,-0.38131193959414816,"{""type"":""Point"",""coordinates"":[77.53620490530304,12.921087383981822]}"
311,22.27262140909835,1538.842716535433,39.65519047999999,29.650000000000034,0.03434544549527128,0.18292682926829268,-0.23842962017235877,"{""type"":""Point"",""coordinates"":[77.54717643778787,12.967695955015085]}"
312,22.028686777750693,1742.8870078740156,42.57759758000003,25.410000000000025,0.0706002034587996,0.20337197049525815,-0.2896668548842462,"{""type"":""Point"",""coordinates"":[77.67076766643956,13.0575943406318]}"
313,22.181694382887656,1878.8860236220473,41.31293018000002,27.07000000000005,0.10365853658536585,0.15265866209262435,-0.24873904964162463,"{""type"":""Point"",""coordinates"":[77.64286443571648,13.051069740713668]}"
314,21.906890634390038,2082.4263779527555,37.83338581999999,25.680000000000007,-0.01894521249359959,0.25763640193806614,-0.34671779833070154,"{""type"":""Point"",""coordinates"":[77.66313326185018,12.904826463551522]}"
315,21.901760864257824,2459.912598425197,36.001327100000026,27.110000000000014,-0.1891891891891892,0.5524956970740104,-0.5736217725052338,"{""type"":""Point"",""coordinates"":[77.63724566293459,12.884964454036075]}"
316,21.90634932084521,1327.576968503937,34.50423434000004,27.870000000000005,0.015489749430523917,0.466078697421981,-0.5895549834497977,"{""type"":""Point"",""coordinates"":[77.63315068974534,12.960578439169506]}"
317,22.27262140909835,1697.8466535433067,40.46867924000003,29.150000000000034,0.07820976491862568,0.14873239436619717,-0.21080760095011877,"{""type"":""Point"",""coordinates"":[77.54936550018303,12.995855753446117]}"
318,21.901760864257824,1736.7285433070863,39.4364372,28.170000000000016,0.07046678635547576,0.1292257360959651,-0.1783783783783784,"{""type"":""Point"",""coordinates"":[77.61677463681131,12.935643638190516]}"
319,21.90634932084521,1899.6891732283461,42.92623562000006,28.77000000000004,0.10265848670756646,0.0866765725606736,-0.1620762711864407,"{""type"":""Point"",""coordinates"":[77.61867026446828,13.027721346191626]}"
320,21.90634932084521,1655.1507874015747,38.95107836,27.83000000000004,0.03090866837090402,0.16512992455993294,-0.2239506897563839,"{""type"":""Point"",""coordinates"":[77.59411580172407,12.992127189138015]}"
321,22.27262140909835,1704.2354330708663,38.56484210000002,28.710000000000036,-0.012109623964308477,0.26399575484213317,-0.3303546495392348,"{""type"":""Point"",""coordinates"":[77.53074363997156,13.010359863411306]}"
322,21.906890634390038,1335.2580708661417,38.882717960000036,25.310000000000002,0.10808510638297872,0.44054982817869415,-0.5474344776670358,"{""type"":""Point"",""coordinates"":[77.65372882789651,12.947006835858542]}"
323,21.90634932084521,1716.696062992126,38.869045880000044,28.750000000000057,0.040183218821569854,0.2182875264270613,-0.3285302593659942,"{""type"":""Point"",""coordinates"":[77.59481315964828,13.02733340285084]}"
324,22.38918151855472,1864.5297244094488,39.23819204000006,27.880000000000052,0.025798525798525797,0.17626699629171816,-0.230411171450737,"{""type"":""Point"",""coordinates"":[77.5095787769747,12.91829900331001]}"
325,22.38918151855472,1897.0562992125986,40.87200560000002,27.470000000000027,0.1452991452991453,0.09192483494159472,-0.1593421407387436,"{""type"":""Point"",""coordinates"":[77.51353777946791,12.909706283492717]}"
326,21.901760864257824,1680.604527559055,39.20401184000002,29.630000000000052,-0.03594914511179308,0.27660723933009185,-0.3153353743389925,"{""type"":""Point"",""coordinates"":[77.55274337690932,12.927195197346041]}"
327,21.901760864257824,1486.2875984251968,34.81185614000003,26.670000000000016,-0.04124132298897509,0.5324519230769231,-0.5917602996254682,"{""type"":""Point"",""coordinates"":[77.56181735310263,12.883255141286565]}"
328,21.901760864257824,1776.442125984252,39.97990238,27.190000000000055,-0.03652682112293884,0.2632917832612567,-0.31480010590415675,"{""type"":""Point"",""coordinates"":[77.62165710241314,12.887281259257906]}"
329,21.853410165960156,1929.8929133858264,39.08779916000003,27.350000000000023,0.06874615226759696,0.11911220715166461,-0.16150499104172,"{""type"":""Point"",""coordinates"":[77.69706045496532,12.986760874212488]}"
330,22.38918151855472,1702.4332677165353,39.66886255999998,29.010000000000048,0.06435185185185185,0.11166116611661166,-0.17227378190255221,"{""type"":""Point"",""coordinates"":[77.54262089646679,12.945964702022776]}"
331,22.028686777750693,2366.4883858267717,44.90526920000002,25.170000000000016,0.1476003622094778,0.07254082795290544,-0.20838682071031236,"{""type"":""Point"",""coordinates"":[77.67759938035269,13.055034433774024]}"
332,21.90634932084521,1381.2590551181104,35.35873934000006,27.890000000000043,-0.2216725559481743,0.630304935554857,-0.6333858267716536,"{""type"":""Point"",""coordinates"":[77.61910545565007,12.971168002458628]}"
333,22.38918151855472,1332.7649606299215,38.12391752000002,27.880000000000052,0.0907469342251951,0.3814363143631436,-0.5047970479704798,"{""type"":""Point"",""coordinates"":[77.5030175391491,12.949084016035812]}"
334,21.901760864257824,1758.6429133858267,37.26599450000003,28.83000000000004,0.017731254005554368,0.17535787321063395,-0.2670157068062827,"{""type"":""Point"",""coordinates"":[77.56419728426856,12.922568366465802]}"
335,22.27262140909835,1996.368307086614,42.51607322000001,27.07000000000005,0.032642089093702,0.17353831819240625,-0.21867440735365265,"{""type"":""Point"",""coordinates"":[77.49082178011697,12.972101809428333]}"
336,21.901760864257824,1560.4372047244094,36.65075090000005,28.140000000000043,-0.025815217391304348,0.31609529343404996,-0.3583208395802099,"{""type"":""Point"",""coordinates"":[77.55664407850354,12.89926160999693]}"
337,22.38918151855472,1816.9834645669293,39.35098670000002,29.370000000000005,0.050206476852858076,0.11451160418260647,-0.17631224764468373,"{""type"":""Point"",""coordinates"":[77.54827789802448,12.924705182960178]}"
338,21.906890634390038,2719.6744094488186,41.470159100000046,25.83000000000004,0.13616969401438497,0.14345651121510408,-0.32522910043014774,"{""type"":""Point"",""coordinates"":[77.67613967116614,12.897014432928657]}"
339,21.901760864257824,2053.5435039370077,41.56928168000002,26.02000000000004,0.09926854754440961,0.17013574660633485,-0.2599269183922046,"{""type"":""Point"",""coordinates"":[77.6491855925073,12.87837749774883]}"
340,21.901760864257824,1741.3023622047242,38.441793380000036,26.410000000000025,0.07913340935005701,0.09046718876586551,-0.15834767641996558,"{""type"":""Point"",""coordinates"":[77.64704314191059,12.922684554544912]}"
341,22.29895782470703,1895.3771653543306,40.84466143999998,26.250000000000057,0.09024877428727075,0.20664739884393063,-0.3142707240293809,"{""type"":""Point"",""coordinates"":[77.52228382192065,13.076627741004094]}"
342,21.90634932084521,1613.8722440944882,43.69529011999998,27.77000000000004,0.1634135270086246,0.09767718880285885,-0.20182588849038147,"{""type"":""Point"",""coordinates"":[77.62838675457034,12.99607348635118]}"
343,21.906890634390038,1751.6812992125983,37.37878916,26.230000000000018,-0.04541832669322709,0.33096626933806744,-0.3677352097993224,"{""type"":""Point"",""coordinates"":[77.69031718020463,12.918774606845643]}"
344,21.906890634390038,1773.011023622047,40.820735300000024,25.80000000000001,0.17400665492268547,0.14115738236884803,-0.23391812865497075,"{""type"":""Point"",""coordinates"":[77.67213223960621,12.890277964920525]}"
345,21.901760864257824,1859.75905511811,39.884197820000054,26.870000000000005,0.0876340821696013,0.12756378189094547,-0.2056699652313453,"{""type"":""Point"",""coordinates"":[77.60786636408004,12.87578059916631]}"
346,21.90634932084521,1727.0080708661415,39.97990238,28.960000000000036,0.054337899543379,0.12738160043549265,-0.18342857142857144,"{""type"":""Point"",""coordinates"":[77.55944868762643,12.99075442314061]}"
347,21.90634932084521,1552.354527559055,37.21472419999998,28.010000000000048,0.045739910313901344,0.25582767778105636,-0.3493975903614458,"{""type"":""Point"",""coordinates"":[77.63858449777747,12.961828488434383]}"
348,22.38918151855472,1947.3072834645668,38.89297202,26.27000000000004,0.07107670654468684,0.2449893892949776,-0.32231404958677684,"{""type"":""Point"",""coordinates"":[77.54266238541379,12.870386368298009]}"
349,21.90634932084521,1298.3653543307084,36.50377604000005,27.970000000000027,0.02579750346740638,0.24893314366998578,-0.3021876158694846,"{""type"":""Point"",""coordinates"":[77.58672651275906,12.984561303331331]}"
350,21.901760864257824,1646.5553149606296,38.12733553999999,27.99000000000001,0.032119914346895075,0.23497267759562843,-0.3204791118901548,"{""type"":""Point"",""coordinates"":[77.59503439843006,12.904750876530668]}"
351,21.901760864257824,1560.7383858267717,32.12529242000005,26.010000000000048,0.13933236574746008,0.1042830540037244,-0.1673228346456693,"{""type"":""Point"",""coordinates"":[77.56495073711405,12.86593277348184]}"
352,21.901760864257824,1742.6783464566927,37.61463254,28.140000000000043,-0.05838115970710469,0.38800934336880355,-0.4055190538764783,"{""type"":""Point"",""coordinates"":[77.55554842309058,12.899527507035137]}"
353,22.29895782470703,1158.0188976377951,37.05749528000001,26.29000000000002,0.09640644361833953,0.45143312101910826,-0.5567890691716482,"{""type"":""Point"",""coordinates"":[77.53575232162454,13.058665149414793]}"
354,22.028686777750693,947.6320866141732,33.42072200000001,24.970000000000027,0.02046204620462046,0.40997624703087887,-0.4421768707482993,"{""type"":""Point"",""coordinates"":[77.67679453252526,13.076395600996022]}"
355,21.90634932084521,1690.3476377952757,38.39052307999998,27.99000000000001,0.05492626629621714,0.22799222438211608,-0.27877385772122615,"{""type"":""Point"",""coordinates"":[77.59892717524751,13.000715106015026]}"
356,21.901760864257824,2324.804330708661,36.96862676000001,25.980000000000018,0.13818006740491093,0.07464478687212327,-0.1646063760572544,"{""type"":""Point"",""coordinates"":[77.55580338706395,12.869872432635878]}"
357,21.90634932084521,1751.5001968503934,39.73380494000003,28.590000000000032,0.016351118760757316,0.21305386044043512,-0.26298342541436465,"{""type"":""Point"",""coordinates"":[77.63214006416938,13.015116940658972]}"
358,22.27262140909835,1619.9224409448818,40.86175154,28.660000000000025,0.027616616384311905,0.19714285714285715,-0.25336524080167516,"{""type"":""Point"",""coordinates"":[77.5432153659309,13.009821710437997]}"
359,21.853410165960156,1813.495275590551,38.920316179999986,26.760000000000048,-0.015446120298019263,0.3794124907430264,-0.44504784070338765,"{""type"":""Point"",""coordinates"":[77.6894122529522,12.958392334054833]}"
360,22.29895782470703,2344.457874015748,41.8461413,26.57000000000005,0.14146883243093156,0.1765601217656012,-0.3502183406113537,"{""type"":""Point"",""coordinates"":[77.52009305284109,13.070056156766077]}"
361,22.29895782470703,1307.5799212598426,36.790889719999996,26.27000000000004,-0.11159107271418287,0.5765827093260721,-0.5912057712126417,"{""type"":""Point"",""coordinates"":[77.54523773624709,13.07126514489002]}"
362,22.27262140909835,2026.4490157480318,42.61861382000001,29.220000000000027,0.13088177145116647,0.08919722497522299,-0.1292062676599024,"{""type"":""Point"",""coordinates"":[77.52745471150263,12.985938963328895]}"
363,21.906890634390038,1235.9864173228348,35.102387840000006,24.05000000000001,-0.05071090047393365,0.6428306780288996,-0.6526276556093925,"{""type"":""Point"",""coordinates"":[77.65989220708519,12.92669285965423]}"
364,22.028686777750693,1576.811220472441,40.97112818000005,26.000000000000057,0.06700827749310209,0.336155800169348,-0.4706430568499534,"{""type"":""Point"",""coordinates"":[77.65121417536177,13.06956981603737]}"
365,21.901760864257824,1900.3240157480313,39.00234866000005,28.53000000000003,0.027584754685196885,0.12854349951124144,-0.18258642765685018,"{""type"":""Point"",""coordinates"":[77.60607900493896,12.919450688509814]}"
366,21.901760864257824,1391.1251968503936,37.38220718000002,28.590000000000032,-0.21162205444978266,0.6786053882725832,-0.6457426973275326,"{""type"":""Point"",""coordinates"":[77.61585523940343,12.929907641371894]}"
367,22.181694382887656,1773.511023622047,40.14396734000002,27.210000000000036,0.006202849958088852,0.4872052182639237,-0.6051990251827782,"{""type"":""Point"",""coordinates"":[77.5881681306348,13.054253884733583]}"
368,21.90634932084521,1810.9175196850395,39.00576668000002,28.960000000000036,-0.030227743271221533,0.26551373346897256,-0.30432503276539974,"{""type"":""Point"",""coordinates"":[77.55046839912417,12.985096427452145]}"
369,21.853410165960156,1650.5779527559055,34.99642921999998,27.57000000000005,-0.21119304216297977,0.6826897819805621,-0.6822478991596639,"{""type"":""Point"",""coordinates"":[77.66106231686125,12.986534049625348]}"
370,22.38918151855472,1671.8072834645668,41.68891238000003,26.07000000000005,0.15316642120765833,0.29104687061465057,-0.42238713667285094,"{""type"":""Point"",""coordinates"":[77.48988948073851,12.890581373706103]}"
371,22.27262140909835,1906.0139763779528,40.86858758000005,29.08000000000004,0.07289484708839547,0.08853910477127398,-0.15230408747721946,"{""type"":""Point"",""coordinates"":[77.528582798487,13.004626359472953]}"
372,21.90634932084521,2007.600590551181,40.294360220000044,27.840000000000032,0.019783024888321635,0.39509536784741145,-0.4930741190765492,"{""type"":""Point"",""coordinates"":[77.60953152852917,12.975987614899589]}"
373,21.906890634390038,2892.068110236221,40.83098935999999,26.130000000000052,0.11668538624734806,0.09464893287967832,-0.21074238795757783,"{""type"":""Point"",""coordinates"":[77.69968669278794,12.932683097792392]}"
374,22.27262140909835,1735.705905511811,46.54250078000001,28.560000000000002,0.14243133915265063,0.13624823695345556,-0.19312796208530805,"{""type"":""Point"",""coordinates"":[77.50992801093315,12.989112712240274]}"
375,22.29895782470703,1638.666535433071,38.38710506000001,26.690000000000055,-0.002272257797975625,0.3348005502063274,-0.4015020219526285,"{""type"":""Point"",""coordinates"":[77.49228573195103,13.061882383042958]}"
376,21.90634932084521,1451.8929133858267,36.53453822000006,28.28000000000003,-0.22105263157894736,0.7033263410248727,-0.6752136752136753,"{""type"":""Point"",""coordinates"":[77.60852852823963,12.994739276999939]}"
377,21.90634932084521,1533.4627952755907,37.01306102000001,27.33000000000004,0.03929594760540319,0.4045481747456613,-0.4705513784461153,"{""type"":""Point"",""coordinates"":[77.63377679041673,12.992125731767583]}"
378,21.853410165960156,1793.3909448818897,38.475973580000016,26.83000000000004,0.05604091199659067,0.14588722193481635,-0.21971365638766518,"{""type"":""Point"",""coordinates"":[77.69947304875734,12.95824000183151]}"
379,21.90634932084521,1471.9647637795274,35.27670685999999,27.470000000000027,-0.11026785714285714,0.5173886516168396,-0.5408921933085502,"{""type"":""Point"",""coordinates"":[77.64548458682152,12.976334796401531]}"
380,21.901760864257824,1546.791535433071,36.83532398,28.250000000000057,-0.026241799437675725,0.31334332833583206,-0.33781307269395233,"{""type"":""Point"",""coordinates"":[77.5793090950258,12.906715654869139]}"
381,21.906890634390038,2411.931299212599,40.77630104000002,26.130000000000052,0.10252555622369212,0.11818692639070986,-0.21961184882533197,"{""type"":""Point"",""coordinates"":[77.70111975819809,12.931470385450897]}"
382,22.028686777750693,1789.104527559055,40.184983579999994,24.970000000000027,0.061505832449628844,0.3587512794268168,-0.4362997024614552,"{""type"":""Point"",""coordinates"":[77.6801510903313,13.077225510446011]}"
383,21.906890634390038,1354.1114173228345,40.742120839999984,25.80000000000001,0.04795580110497238,0.4598441206370722,-0.5451936872309899,"{""type"":""Point"",""coordinates"":[77.6555604596466,12.884521999305099]}"
384,21.853410165960156,2177.338779527559,44.59081136000003,26.33000000000004,0.1102336294833827,0.2541743970315399,-0.280909521553766,"{""type"":""Point"",""coordinates"":[77.6682984680978,12.955472382071974]}"
385,22.38918151855472,1357.495275590551,39.197175800000025,27.910000000000025,0.07183829554766458,0.1770003463803256,-0.24423288172830465,"{""type"":""Point"",""coordinates"":[77.49067630986148,12.919094377477233]}"
386,21.90634932084521,1764.5041338582678,40.67717846000005,28.840000000000032,0.042936882782310004,0.152235719824244,-0.2153762268266085,"{""type"":""Point"",""coordinates"":[77.60139391930593,13.030054637596619]}"
387,21.906890634390038,1287.860433070866,40.18840160000002,25.730000000000018,0.030677655677655676,0.4998228834573149,-0.5810306198655714,"{""type"":""Point"",""coordinates"":[77.65846142344967,12.922231342139742]}"
388,21.90634932084521,1848.0907480314959,38.04530306000004,28.230000000000018,0.012972148035101107,0.24524669073405536,-0.34180497925311204,"{""type"":""Point"",""coordinates"":[77.57609907998796,13.001371629403707]}"
389,21.90634932084521,2028.1133858267717,41.60004386000003,28.930000000000007,0.10136041387238935,0.1103219696969697,-0.16870171941191128,"{""type"":""Point"",""coordinates"":[77.61416541526538,13.016818647222708]}"
390,22.27262140909835,1848.5877952755905,42.37935242000003,28.690000000000055,0.06761565836298933,0.13448802852776362,-0.19410187667560322,"{""type"":""Point"",""coordinates"":[77.50557557541542,12.994470461974569]}"
391,22.38918151855472,1952.9765748031496,41.72992862000001,28.07000000000005,0.07220708446866485,0.27737397420867527,-0.3866123695596844,"{""type"":""Point"",""coordinates"":[77.51624625857215,12.93718969432146]}"
392,22.181694382887656,1922.0887795275592,40.68401449999999,25.970000000000027,0.11123553564762971,0.1485769416304872,-0.2368831168831169,"{""type"":""Point"",""coordinates"":[77.61006901451529,13.076369454578042]}"
393,21.90634932084521,1916.0592519685042,41.309512160000054,28.660000000000025,0.09465524275805794,0.09445129469790382,-0.16482939632545932,"{""type"":""Point"",""coordinates"":[77.60818898061235,13.01913160450388]}"
394,22.27262140909835,1778.0769685039368,43.17233306000003,28.730000000000018,0.08477997577714978,0.18134445023449713,-0.2732378545352429,"{""type"":""Point"",""coordinates"":[77.52150338048766,13.01153841093093]}"
395,22.29895782470703,2113.3309055118107,41.9486819,26.210000000000036,0.0535230352303523,0.19325218876788383,-0.2983271375464684,"{""type"":""Point"",""coordinates"":[77.52823358796333,13.068379934228517]}"
396,21.906890634390038,2047.8811023622045,41.41547078000002,25.890000000000043,0.08356142328127515,0.25678957827334953,-0.36335329341317363,"{""type"":""Point"",""coordinates"":[77.6957103394588,12.91080441180601]}"
397,21.906890634390038,1732.830905511811,39.94914019999999,25.83000000000004,0.027723545490042953,0.31259884027411705,-0.39809096013475576,"{""type"":""Point"",""coordinates"":[77.67524797251384,12.895965558475789]}"
398,21.901760864257824,1619.4096456692914,37.512091940000005,27.79000000000002,0.039831302717900655,0.20175953079178885,-0.24672954061454214,"{""type"":""Point"",""coordinates"":[77.56194991503251,12.887182264895712]}"
399,21.853410165960156,1856.5277559055119,40.198655659999986,28.310000000000002,0.12985571587125416,0.18131592164741336,-0.2859486057955167,"{""type"":""Point"",""coordinates"":[77.65562490242775,13.026154830257218]}"
400,22.38918151855472,1544.137992125984,41.64789614000006,26.07000000000005,0.13317757009345793,0.35938931297709925,-0.47710683477106836,"{""type"":""Point"",""coordinates"":[77.49193454846299,12.885778691665985]}"
401,22.27262140909835,1764.0021653543308,38.09657335999998,27.190000000000055,0.0137546468401487,0.37925656355601767,-0.44028230184581973,"{""type"":""Point"",""coordinates"":[77.50792605011797,12.95565052507087]}"
402,21.901760864257824,1388.8574803149604,35.478370040000016,26.410000000000025,0.008796395623256811,0.4855305466237942,-0.5602836879432624,"{""type"":""Point"",""coordinates"":[77.58857615750297,12.86940272370021]}"
403,22.38918151855472,1401.3338582677166,37.47107570000003,26.630000000000052,0.1287003989082511,0.39355271994627267,-0.47686832740213525,"{""type"":""Point"",""coordinates"":[77.50119065787209,12.904038438352512]}"
404,21.90634932084521,1514.9903543307087,41.55902762000005,27.05000000000001,0.06810344827586207,0.2846108140225787,-0.40162074554294974,"{""type"":""Point"",""coordinates"":[77.6402170681718,13.043153347276016]}"
405,21.90634932084521,1957.5041338582676,40.90276777999998,28.860000000000014,0.14246031746031745,0.09417721518987342,-0.15007982969664715,"{""type"":""Point"",""coordinates"":[77.5763352980987,12.968513619390446]}"
406,21.90634932084521,1567.5090551181102,36.80456179999999,28.110000000000014,-0.05234285714285714,0.3131774101540217,-0.36495701156240734,"{""type"":""Point"",""coordinates"":[77.64884470021575,12.960911678678126]}"
407,22.27262140909835,1625.2383858267715,39.74405899999999,29.260000000000048,-0.010787992495309569,0.22687161969826358,-0.2635590735854588,"{""type"":""Point"",""coordinates"":[77.53594511001461,12.977084726757782]}"
408,22.38918151855472,1948.606496062992,40.424244980000026,27.610000000000014,0.0666406858924396,0.14813039309683604,-0.22131565527791944,"{""type"":""Point"",""coordinates"":[77.49130034950495,12.939885637232265]}"
409,22.38918151855472,1506.0001968503939,36.613152679999985,27.610000000000014,-0.026025236593059938,0.5679421512503766,-0.5875533862111043,"{""type"":""Point"",""coordinates"":[77.50708678378845,12.938214803761477]}"
410,21.906890634390038,3014.5592519685038,38.41786724000002,25.83000000000004,0.1253087805973501,0.16599311480317316,-0.26563769293257516,"{""type"":""Point"",""coordinates"":[77.66631939154122,12.874154099719426]}"
411,21.90634932084521,1620.6537401574803,39.330478579999976,29.150000000000034,0.0532015065913371,0.1511161991986262,-0.21363910681955342,"{""type"":""Point"",""coordinates"":[77.56572822522968,12.995235164333257]}"
412,21.90634932084521,1794.2167322834648,41.61371594000002,28.980000000000018,0.039473684210526314,0.30831699803976476,-0.3024811820462782,"{""type"":""Point"",""coordinates"":[77.54982296266557,12.977091328724612]}"
413,21.906890634390038,2203.9864173228348,39.38516690000006,26.05000000000001,0.08917197452229299,0.05649717514124294,-0.11029915505823247,"{""type"":""Point"",""coordinates"":[77.68860639449268,12.92858348873553]}"
414,21.906890634390038,2511.3003937007875,41.719674560000044,25.07000000000005,0.12511708818412953,0.1323172843782473,-0.2742155525238745,"{""type"":""Point"",""coordinates"":[77.68693188168656,12.873595847792025]}"
415,21.90634932084521,1184.2078740157478,36.84216002000005,27.970000000000027,0.025854383358098067,0.297190344281757,-0.34786184210526316,"{""type"":""Point"",""coordinates"":[77.58660150191074,12.985926783867047]}"
416,22.028686777750693,1591.5858267716537,44.12254261999999,25.03000000000003,0.1102123356926188,0.27610208816705334,-0.40485312899106,"{""type"":""Point"",""coordinates"":[77.67602057635506,13.067657459541264]}"
417,21.906890634390038,1840.2590551181104,37.970106620000024,26.57000000000005,-0.01682835082161948,0.22724014336917564,-0.3199691595990748,"{""type"":""Point"",""coordinates"":[77.6957230131957,12.94813533887326]}"
418,22.028686777750693,1771.9480314960629,42.61519580000004,24.79000000000002,0.0294498981292832,0.30705911698677973,-0.4250747892303508,"{""type"":""Point"",""coordinates"":[77.69398449075858,13.062913988534756]}"
419,22.27262140909835,1883.9903543307087,46.37501780000002,28.560000000000002,0.15282954930532022,0.2027904738994467,-0.37513751375137516,"{""type"":""Point"",""coordinates"":[77.50993385954172,12.985672498973619]}"
420,22.38918151855472,1893.4647637795276,40.23967190000002,27.870000000000005,0.07327419976860779,0.15779330281859794,-0.25614218504966024,"{""type"":""Point"",""coordinates"":[77.48805608131445,12.946956356979719]}"
421,22.38918151855472,1499.64094488189,38.527243880000015,26.08000000000004,0.05894350397715684,0.4067073170731707,-0.4812199036918138,"{""type"":""Point"",""coordinates"":[77.4985012104338,12.894019346333053]}"
422,22.028686777750693,3048.4578740157476,43.770486559999995,24.750000000000057,0.13587891296869625,0.09106703344433184,-0.21941747572815534,"{""type"":""Point"",""coordinates"":[77.69748086121166,13.05215573968348]}"
423,21.90634932084521,1509.3692913385826,39.73038692,28.250000000000057,-0.004031301873369694,0.28575766778013967,-0.3432741116751269,"{""type"":""Point"",""coordinates"":[77.63293207064724,13.001713088799546]}"
424,22.27262140909835,1777.6566929133858,39.781657220000056,29.130000000000052,0.08217669090107953,0.10503978779840849,-0.16727374614738022,"{""type"":""Point"",""coordinates"":[77.5318689002641,13.004447492582079]}"
425,22.29895782470703,1732.6055118110237,41.30267612,26.850000000000023,0.045444937645318116,0.21889338731443994,-0.2855109592940507,"{""type"":""Point"",""coordinates"":[77.5162602006864,13.065171327065826]}"
426,22.27262140909835,1653.5809055118111,44.59764740000003,27.510000000000048,0.11018902720147533,0.134960305792414,-0.19135802469135801,"{""type"":""Point"",""coordinates"":[77.51533961420654,13.018473895225442]}"
427,22.38918151855472,1778.1852362204725,39.901287920000016,28.060000000000002,0.032702915681639085,0.27400103788271923,-0.3375102152002179,"{""type"":""Point"",""coordinates"":[77.48930558263473,12.927599601570687]}"
428,21.901760864257824,1487.2846456692914,37.29333866000002,28.710000000000036,-0.06941580756013746,0.4253435114503817,-0.4354243542435424,"{""type"":""Point"",""coordinates"":[77.58556506768949,12.93592943114202]}"
429,21.853410165960156,1751.7797244094488,39.77823920000003,26.350000000000023,0.07422852376980818,0.19130668097665682,-0.27184187911773133,"{""type"":""Point"",""coordinates"":[77.66452188037087,13.038708251756132]}"
430,22.27262140909835,1780.5267716535434,39.97990238,27.970000000000027,0.0040194626613073835,0.21748125161624,-0.2803916236062007,"{""type"":""Point"",""coordinates"":[77.54902663705094,13.037332864219273]}"
431,22.27262140909835,1776.0366141732281,40.00382852000001,29.130000000000052,0.0743437017427752,0.10392002104709287,-0.16168327796234774,"{""type"":""Point"",""coordinates"":[77.53362100961157,13.003803772978763]}"
432,22.028686777750693,2373.652755905512,47.18850656000001,24.910000000000025,0.11823589148411431,0.15222748815165876,-0.30709677419354836,"{""type"":""Point"",""coordinates"":[77.70419403483311,13.072413329372976]}"
433,21.906890634390038,1696.9883858267717,39.456945320000045,25.410000000000025,-0.007398273736128237,0.3096446700507614,-0.37003912800447175,"{""type"":""Point"",""coordinates"":[77.68340931390593,12.868059041356645]}"
434,22.028686777750693,1748.098622047244,40.967710160000024,25.03000000000003,0.06499032882011606,0.3012113055181696,-0.35824669851081764,"{""type"":""Point"",""coordinates"":[77.67053991889591,13.070325058255827]}"
435,22.27262140909835,1686.3190944881892,41.42572484000004,27.190000000000055,0.05533244087460955,0.18169132012280212,-0.24127821753151568,"{""type"":""Point"",""coordinates"":[77.50565846321614,13.041081645444448]}"
436,21.90634932084521,1998.012992125984,46.761254060000056,27.940000000000055,0.19957375551834375,0.2065167508031207,-0.374640522875817,"{""type"":""Point"",""coordinates"":[77.58351590148891,13.038296060799992]}"
437,22.181694382887656,1309.4283464566927,32.890928900000006,26.430000000000007,0.12590006545930613,0.4379038047379756,-0.5220364741641338,"{""type"":""Point"",""coordinates"":[77.57875329234592,13.073833093455262]}"
438,21.901760864257824,1804.7521653543308,34.302571160000014,26.000000000000057,0.056966618287373004,0.30341023069207623,-0.39431330472103004,"{""type"":""Point"",""coordinates"":[77.56059105149127,12.867065156437222]}"
439,21.906890634390038,2611.928346456693,40.294360220000044,25.610000000000014,0.14411270518288744,0.12868587012101584,-0.2659147390556299,"{""type"":""Point"",""coordinates"":[77.68637917115568,12.932252887192849]}"
440,22.38918151855472,1278.7,34.85287238000001,28.000000000000057,-0.06870229007633588,0.633085896076352,-0.6024973985431842,"{""type"":""Point"",""coordinates"":[77.49863498823328,12.941674168501406]}"
441,21.906890634390038,1928.7984251968505,38.54775200000006,25.150000000000034,0.09582978723404255,0.2304841324994209,-0.35613990298697984,"{""type"":""Point"",""coordinates"":[77.68427853460366,12.936215934072507]}"
442,22.181694382887656,1864.9805118110237,38.55117002000003,27.650000000000034,0.020594965675057208,0.26596006901651464,-0.33576072821846553,"{""type"":""Point"",""coordinates"":[77.56878825848696,13.06679018411635]}"
443,22.181694382887656,1500.8486220472441,37.06774933999998,26.07000000000005,0.04053537284894838,0.5206060606060606,-0.5909955611921369,"{""type"":""Point"",""coordinates"":[77.5748229671959,13.078748667902932]}"
444,21.90634932084521,1518.946062992126,40.69426856000001,27.450000000000045,0.10704521556256572,0.3149581913905234,-0.40829187396351574,"{""type"":""Point"",""coordinates"":[77.63829657268919,13.035398212396602]}"
445,21.901760864257824,1739.9667322834648,35.591164700000036,26.07000000000005,-0.29479128186183967,0.7223587223587223,-0.6726318301121451,"{""type"":""Point"",""coordinates"":[77.62888181965175,12.871229083011158]}"
446,21.901760864257824,2166.2757874015747,41.606879900000024,28.450000000000045,0.13686006825938565,0.043316831683168314,-0.25012357884330205,"{""type"":""Point"",""coordinates"":[77.60075279953216,12.910409168270617]}"
447,21.901760864257824,1663.8082677165355,38.94766034000003,28.430000000000007,0.09034564958283671,0.08347529812606473,-0.1493975903614458,"{""type"":""Point"",""coordinates"":[77.57785591388422,12.909531227710813]}"
448,21.90634932084521,1909.6192913385828,40.492605379999986,28.590000000000032,0.07756068679692125,0.12436853500120279,-0.20837642192347466,"{""type"":""Point"",""coordinates"":[77.6502952711025,13.024011883130381]}"
449,22.27262140909835,1997.1320866141732,43.51755308000003,27.510000000000048,0.1717996289424861,0.12020075282308658,-0.17659462308908802,"{""type"":""Point"",""coordinates"":[77.5130299022655,13.018846100529826]}"
450,21.853410165960156,1980.8397637795276,41.13177512000004,27.190000000000055,0.015024390243902438,0.15700206280082513,-0.22613553558416322,"{""type"":""Point"",""coordinates"":[77.69294606852792,13.021320054743923]}"
451,21.853410165960156,1559.880118110236,37.970106620000024,28.200000000000045,0.08116084604033448,0.10827647582319787,-0.20710823909531503,"{""type"":""Point"",""coordinates"":[77.65141516797516,12.971400705676473]}"
452,22.29895782470703,1430.886023622047,36.78063566000003,26.380000000000052,-0.21509598603839442,0.7106879606879607,-0.6868564506359782,"{""type"":""Point"",""coordinates"":[77.53962888721333,13.05099783609485]}"
453,22.29895782470703,1245.5375984251966,37.590706400000045,26.27000000000004,-0.020476190476190478,0.589173155357805,-0.6046424560089854,"{""type"":""Point"",""coordinates"":[77.54631326616261,13.069493554200568]}"
454,22.38918151855472,1495.373228346457,40.56438380000003,26.810000000000002,-0.03861455651766908,0.3559425603421937,-0.3916588272185638,"{""type"":""Point"",""coordinates"":[77.51093567391938,12.904144365863717]}"
455,22.181694382887656,1312.6980314960629,37.395879260000015,26.07000000000005,-0.08860759493670886,0.6862745098039216,-0.648285137861466,"{""type"":""Point"",""coordinates"":[77.5763037955866,13.075481008923807]}"
456,22.38918151855472,1548.5976377952752,39.08779916000003,26.510000000000048,0.031608616871350914,0.3861671469740634,-0.479089790897909,"{""type"":""Point"",""coordinates"":[77.51591796347826,12.89638446468362]}"
457,21.901760864257824,1632.4253937007875,37.08142142000003,28.590000000000032,-0.039198218262806235,0.31177958954174867,-0.3552134766192274,"{""type"":""Point"",""coordinates"":[77.57512670834245,12.929945966546242]}"
458,22.028686777750693,1798.8092519685038,43.011686120000036,26.110000000000014,0.09544008483563096,0.282064128256513,-0.40643033800494643,"{""type"":""Point"",""coordinates"":[77.65845600752347,13.062558537676145]}"
459,22.181694382887656,1675.2501968503939,39.870525740000005,26.450000000000045,0.0625,0.3190348525469169,-0.42443543717429066,"{""type"":""Point"",""coordinates"":[77.62657673383671,13.07195653293534]}"
460,22.181694382887656,1673.6448818897636,39.50479760000002,26.57000000000005,0.04504504504504504,0.2650568970302526,-0.32847566307199066,"{""type"":""Point"",""coordinates"":[77.60970100896796,13.067904761748043]}"
461,21.90634932084521,1819.9785433070865,37.27624856,27.900000000000034,-0.1,0.5725865880619012,-0.5569066147859922,"{""type"":""Point"",""coordinates"":[77.59012418552271,12.981286480375278]}"
462,21.90634932084521,1618.4391732283464,35.82017203999999,27.410000000000025,-0.13846752236483859,0.585590465872156,-0.6238557558945909,"{""type"":""Point"",""coordinates"":[77.62609914493761,12.961931192278415]}"
463,21.90634932084521,1740.9175196850392,41.24115175999998,28.450000000000045,0.11184792219274978,0.0708955223880597,-0.18560047211566835,"{""type"":""Point"",""coordinates"":[77.62960899081678,13.00306174846322]}"
464,21.906890634390038,1268.8614173228345,38.40077714000006,25.890000000000043,-0.1107700179073932,0.5261862917398945,-0.4673876309564042,"{""type"":""Point"",""coordinates"":[77.69333541118255,12.910503802073888]}"
465,21.901760864257824,1714.3476377952757,39.87736178,28.55000000000001,0.09060799621480956,0.06246545052515202,-0.11420289855072464,"{""type"":""Point"",""coordinates"":[77.6066274580722,12.925682452546646]}"
466,21.853410165960156,2026.2531496062993,45.373537940000006,26.33000000000004,0.17125541125541124,0.11639841380919058,-0.2061491935483871,"{""type"":""Point"",""coordinates"":[77.66180532766172,12.95234519554266]}"
467,22.27262140909835,1715.1685039370082,41.25140582000006,29.220000000000027,0.08809020436927413,0.08953129385349425,-0.14042303172737955,"{""type"":""Point"",""coordinates"":[77.52574568355132,12.989791103127189]}"
468,21.906890634390038,1693.0031496062993,42.36226232000001,25.970000000000027,0.1331993422254705,0.3054485415520088,-0.4259092275323114,"{""type"":""Point"",""coordinates"":[77.68257407283146,12.865030862438559]}"
469,22.29895782470703,1225.8840551181102,37.71033710000006,26.380000000000052,-0.0413589364844904,0.5748324646314222,-0.5878378378378378,"{""type"":""Point"",""coordinates"":[77.53972709173476,13.054679967169424]}"
470,21.90634932084521,1705.098622047244,40.08927902000005,29.07000000000005,0.0775709219858156,0.14089912280701755,-0.2176711527208894,"{""type"":""Point"",""coordinates"":[77.56309954057613,12.955679567713512]}"
471,21.901760864257824,1861.993307086614,42.509237180000014,26.390000000000043,0.07639287765651924,0.2595300261096606,-0.30590146182999456,"{""type"":""Point"",""coordinates"":[77.63597772683393,12.881960029673065]}"
472,21.901760864257824,2020.2275590551185,40.26018002000001,25.79000000000002,0.13027352804821513,0.257091802546348,-0.39479553903345727,"{""type"":""Point"",""coordinates"":[77.64581381777921,12.94217675308415]}"
473,22.38918151855472,1960.395866141732,39.97306634000006,26.230000000000018,0.0880503144654088,0.18112122664111163,-0.264426776096435,"{""type"":""Point"",""coordinates"":[77.53105831472256,12.874800611489478]}"
474,21.90634932084521,455.9086614173229,36.95153665999999,27.27000000000004,-0.5384615384615384,0.47540983606557374,-0.22356495468277945,"{""type"":""Point"",""coordinates"":[77.58810602760971,13.047904256275539]}"
475,21.90634932084521,1339.755118110236,42.686974220000025,27.710000000000036,0.06787844362397047,0.13446249567922572,-0.2133086876155268,"{""type"":""Point"",""coordinates"":[77.57623744095217,13.047449132209598]}"
476,22.29895782470703,1800.9795275590552,40.95403808000003,26.210000000000036,0.07575469906967913,0.23146976979509234,-0.3300546448087432,"{""type"":""Point"",""coordinates"":[77.52831874932957,13.068699194099375]}"
477,21.901760864257824,1763.6832677165355,42.49556510000002,26.07000000000005,0.1249018067556952,0.1689401888772298,-0.26626882637112814,"{""type"":""Point"",""coordinates"":[77.63709685573653,12.866598730768246]}"
478,22.27262140909835,1900.2944881889764,44.94970346000002,27.30000000000001,0.08508585761142196,0.16453831041257366,-0.24592748292170258,"{""type"":""Point"",""coordinates"":[77.49169066989091,13.015595637246282]}"
479,21.906890634390038,2183.5366141732284,40.424244980000026,26.250000000000057,0.09017632241813602,0.12104283054003724,-0.22027027027027027,"{""type"":""Point"",""coordinates"":[77.67596385476031,12.920730158453203]}"
480,21.90634932084521,1886.0868110236222,39.77823920000003,26.55000000000001,0.02903225806451613,0.28815977175463625,-0.38496932515337423,"{""type"":""Point"",""coordinates"":[77.64513883977347,13.042543816465498]}"
481,22.27262140909835,1849.5326771653545,40.294360220000044,27.090000000000032,0.0455531453362256,0.21060530265132565,-0.2868917840999734,"{""type"":""Point"",""coordinates"":[77.49030111741523,12.959404053428992]}"
482,21.90634932084521,1828.1301181102363,37.88123810000002,27.78000000000003,0.007552351527634741,0.41265575372587343,-0.5002594706798131,"{""type"":""Point"",""coordinates"":[77.6237530711748,12.98075271961672]}"
483,21.853410165960156,1624.7462598425197,38.04530306000004,28.200000000000045,0.057076566125290024,0.17084413713627197,-0.24015868172108637,"{""type"":""Point"",""coordinates"":[77.65056822243498,12.971021506599437]}"
484,21.906890634390038,3083.1990157480313,42.53658134,25.430000000000007,0.15661047027506655,0.09947946790052054,-0.22902860837239372,"{""type"":""Point"",""coordinates"":[77.70116766049695,12.92059889881336]}"
485,21.906890634390038,1041.368307086614,31.267369400000007,23.750000000000057,-0.2559029993618379,0.6544766708701135,-0.5826296743063932,"{""type"":""Point"",""coordinates"":[77.6589569374114,12.933434438873864]}"
486,21.901760864257824,1805.2698818897636,38.53407992000001,27.910000000000025,0.030861551650235748,0.1648634724368882,-0.22647138595063737,"{""type"":""Point"",""coordinates"":[77.61533027320326,12.894929556503255]}"
487,22.181694382887656,1485.6360236220473,35.27670685999999,27.210000000000036,-0.25276979893311446,0.772938443670151,-0.7142055025266704,"{""type"":""Point"",""coordinates"":[77.58655089719008,13.05066419721694]}"
488,22.27262140909835,1775.051377952756,38.91006212000002,29.590000000000032,-0.010566356720202874,0.22741273100616016,-0.291036717062635,"{""type"":""Point"",""coordinates"":[77.52331022000944,12.95307575223528]}"
489,22.27262140909835,1551.4785433070867,42.82027700000003,27.750000000000057,0.07258718572587186,0.3923896499238965,-0.43520552243489175,"{""type"":""Point"",""coordinates"":[77.5067597596059,12.964415583197841]}"
490,21.853410165960156,324.87027559055116,30.840116899999998,27.33000000000004,-0.49523809523809526,0.250996015936255,0.0691699604743083,"{""type"":""Point"",""coordinates"":[77.68991440413159,12.97373604386258]}"
491,22.27262140909835,1925.5248031496062,40.87200560000002,27.950000000000045,0.05239367166632423,0.11293436293436293,-0.18469047007449269,"{""type"":""Point"",""coordinates"":[77.48959520996036,13.003577678435716]}"
492,22.29895782470703,2187.4352362204727,38.68105478000001,26.310000000000002,0.04982915717539863,0.3415075376884422,-0.48015080949212685,"{""type"":""Point"",""coordinates"":[77.54295607717826,13.065668481580264]}"
493,21.906890634390038,2584.7964566929136,39.87394376000003,25.470000000000027,0.1597212345327834,0.08324165749908324,-0.16299212598425197,"{""type"":""Point"",""coordinates"":[77.69468020173925,12.88620865854222]}"
494,21.901760864257824,2200.088779527559,39.80216533999999,25.870000000000005,0.08467344929438793,0.20319240724762727,-0.26313405797101447,"{""type"":""Point"",""coordinates"":[77.6000881959521,12.864919074418175]}"
495,21.90634932084521,1909.36437007874,41.935009820000005,29.650000000000034,0.06572964034725093,0.11412373675129406,-0.17280747275557862,"{""type"":""Point"",""coordinates"":[77.55164296236998,12.96770750435718]}"
496,21.90634932084521,1553.2738188976377,42.02387834000001,28.630000000000052,0.09688249400479616,0.10960518562168532,-0.20898876404494382,"{""type"":""Point"",""coordinates"":[77.56977768020526,12.982148783011027]}"
497,21.906890634390038,2227.5582677165357,42.65963006000004,25.33000000000004,0.08484551250613045,0.1431488666530529,-0.23331130204890946,"{""type"":""Point"",""coordinates"":[77.68702496321644,12.88142106572506]}"
498,22.181694382887656,1631.8692913385826,39.84318158000002,27.090000000000032,-0.04384724186704385,0.41263330598851516,-0.4642857142857143,"{""type"":""Point"",""coordinates"":[77.62110908257833,13.055374419568277]}"
499,21.901760864257824,1736.7669291338582,39.74064098000002,26.930000000000007,0.03951996689426857,0.22836729293463878,-0.29123783031988876,"{""type"":""Point"",""coordinates"":[77.64566450962725,12.88634965517547]}"
500,21.90634932084521,1740.330905511811,40.81731728,28.750000000000057,0.10377787892580792,0.07448840381991814,-0.14643377001455604,"{""type"":""Point"",""coordinates"":[77.5889926382751,13.026134772758619]}"
501,21.901760864257824,620.3249999999999,31.94755538000004,28.200000000000045,-0.12389380530973451,0.13392857142857142,0.09822485207100591,"{""type"":""Point"",""coordinates"":[77.57768158540811,12.898257586074843]}"
502,22.27262140909835,1897.5435039370077,42.35542628000002,27.660000000000025,0.06347305389221557,0.2225117248566962,-0.24225575853852263,"{""type"":""Point"",""coordinates"":[77.53172689027885,13.029465904683043]}"
503,22.38918151855472,2202.6478346456697,40.05851684000004,27.470000000000027,0.10498220640569395,0.12101626922219746,-0.16624159517737075,"{""type"":""Point"",""coordinates"":[77.51249689391301,12.909044144360536]}"
504,21.853410165960156,1891.6370078740156,40.3763927,27.79000000000002,0.05325930495578861,0.12374908469611912,-0.18324338216396813,"{""type"":""Point"",""coordinates"":[77.6809782641867,13.016556185064747]}"
505,22.27262140909835,1583.7452755905513,40.94036600000004,28.480000000000018,0.03200552613400875,0.22923976608187135,-0.27975646879756466,"{""type"":""Point"",""coordinates"":[77.53751394784176,13.018546294876058]}"
506,22.38918151855472,1647.0267716535434,39.952558220000014,26.07000000000005,0.11954319395837171,0.3307349665924276,-0.45776151265629766,"{""type"":""Point"",""coordinates"":[77.52239420088823,12.87179085509789]}"
507,22.38918151855472,1791.9027559055119,39.91154198000004,26.680000000000007,0.01351086743685138,0.266784008046266,-0.3492233529726835,"{""type"":""Point"",""coordinates"":[77.53381468123808,12.87493896402382]}"
508,21.906890634390038,1498.600590551181,38.363178919999996,25.970000000000027,0.07717171717171717,0.42883953706599937,-0.4908616187989556,"{""type"":""Point"",""coordinates"":[77.66666012731702,12.881860464033704]}"
509,21.901760864257824,1757.3072834645668,38.838283700000034,29.57000000000005,0.0736196319018405,0.12,-0.19536330223353124,"{""type"":""Point"",""coordinates"":[77.55235016708603,12.933100104946686]}"
510,22.181694382887656,1653.293503937008,39.44327324000005,27.750000000000057,-0.008904719501335707,0.2301845819761129,-0.2919042189281642,"{""type"":""Point"",""coordinates"":[77.57391732221511,13.052759681497779]}"
511,21.90634932084521,1828.703937007874,40.10636912000001,28.860000000000014,0.13300280232808795,0.05897840968931016,-0.1332769794308256,"{""type"":""Point"",""coordinates"":[77.57180711854343,12.968576461535319]}"
512,22.181694382887656,1913.908661417323,38.92715222000004,26.610000000000014,0.014630438913167395,0.24304889741131352,-0.31224696356275305,"{""type"":""Point"",""coordinates"":[77.5664635596163,13.07051039865265]}"
513,22.181694382887656,1217.7925196850395,40.72161272000005,26.03000000000003,0.11463590483056957,0.39492616433169253,-0.5185490519373455,"{""type"":""Point"",""coordinates"":[77.62943728762774,13.078977199893641]}"
514,21.906890634390038,1690.4411417322835,39.00576668000002,26.310000000000002,0.14420893262679788,0.2540210759844703,-0.3522727272727273,"{""type"":""Point"",""coordinates"":[77.65077888627565,12.903562073051596]}"
515,22.27262140909835,1761.8082677165355,41.61371594000002,28.55000000000001,0.10383494056963445,0.08292682926829269,-0.13976041072447234,"{""type"":""Point"",""coordinates"":[77.51304736705252,13.047932012636524]}"
516,21.853410165960156,2167.338779527559,38.84170172000006,27.410000000000025,0.12224,0.1493819400796145,-0.2462517037710132,"{""type"":""Point"",""coordinates"":[77.6925663945645,12.981057432003388]}"
517,21.90634932084521,1858.5523622047244,39.70987880000001,28.750000000000057,0.06277011730808808,0.19496195224350565,-0.23014586709886548,"{""type"":""Point"",""coordinates"":[77.57091147650033,13.004875255549145]}"
518,21.906890634390038,2084.269881889764,37.97694266000002,26.010000000000048,0.06245353159851301,0.10857142857142857,-0.17411545623836128,"{""type"":""Point"",""coordinates"":[77.67570721391066,12.913309997128925]}"
519,22.27262140909835,1708.9224409448818,38.53066190000004,28.350000000000023,-0.020444053638162235,0.22869242985706723,-0.2865853658536585,"{""type"":""Point"",""coordinates"":[77.51352822821386,12.96461332934327]}"
520,22.38918151855472,1514.0877952755907,40.56438380000003,26.190000000000055,0.023593466424682397,0.44666865850014936,-0.5216844751728472,"{""type"":""Point"",""coordinates"":[77.5100989913919,12.896406179123975]}"
521,21.901760864257824,1546.1498031496062,37.019897060000005,27.730000000000018,-0.04179233089185696,0.41818181818181815,-0.4614687216681777,"{""type"":""Point"",""coordinates"":[77.6304340091452,12.920588801682985]}"
522,21.906890634390038,2116.257086614173,40.46526122,25.470000000000027,0.08894514767932489,0.16688283614353652,-0.26594746716697937,"{""type"":""Point"",""coordinates"":[77.69243149912818,12.890718125784678]}"
523,21.90634932084521,1566.698031496063,39.460363340000015,29.110000000000014,-0.07978378378378378,0.43753598157743234,-0.4731563421828909,"{""type"":""Point"",""coordinates"":[77.5705823360024,12.958358072326114]}"
524,22.29895782470703,2102.882086614173,39.04336490000003,26.110000000000014,0.05026809651474531,0.20263102058137067,-0.30840258541089566,"{""type"":""Point"",""coordinates"":[77.48559888710626,13.06592030055708]}"
525,22.27262140909835,1852.6645669291338,39.723550880000005,28.350000000000023,-0.011121951219512195,0.27040941407207647,-0.3239652529381707,"{""type"":""Point"",""coordinates"":[77.51464704672505,12.963083940870943]}"
526,21.901760864257824,1747.2738188976375,36.12437582000001,28.810000000000002,-0.006102877070619006,0.22245762711864406,-0.2674354750137287,"{""type"":""Point"",""coordinates"":[77.56858800466205,12.944503304714813]}"
527,22.181694382887656,1783.1448818897638,38.93057024000001,26.52000000000004,-0.02719797596457938,0.2331055429005315,-0.2967793452222518,"{""type"":""Point"",""coordinates"":[77.55554048034892,13.065148768339354]}"
528,21.90634932084521,1659.9608267716535,40.93352995999999,28.630000000000052,0.09462461128387384,0.15993170176437108,-0.24306190911863373,"{""type"":""Point"",""coordinates"":[77.56776045869252,12.979508999938725]}"
529,21.853410165960156,1675.0120078740156,41.60004386000003,27.49000000000001,0.09666823087752228,0.1130384504191963,-0.1649016641452345,"{""type"":""Point"",""coordinates"":[77.68877475796316,12.988112597890423]}"
530,21.853410165960156,1522.4037401574801,38.94424232000006,27.53000000000003,0.0756180319922443,0.1778875849289685,-0.2323101777059774,"{""type"":""Point"",""coordinates"":[77.69103541286471,12.997713439814092]}"
531,21.901760864257824,1918.272834645669,39.41934709999998,27.000000000000057,0.05642962030627229,0.07891580714799712,-0.13873417721518988,"{""type"":""Point"",""coordinates"":[77.64435864652361,12.897846527516867]}"
532,21.90634932084521,1840.4017716535432,43.182587119999994,28.49000000000001,0.10437710437710437,0.08599132431742791,-0.15120367865837164,"{""type"":""Point"",""coordinates"":[77.61868711155378,13.01584583645437]}"
533,22.27262140909835,1604.7226377952754,39.836345540000025,29.120000000000005,0.017037387600567912,0.19573978123200922,-0.2425964702363147,"{""type"":""Point"",""coordinates"":[77.5427090677068,13.001298665739531]}"
534,21.90634932084521,1553.9332677165357,31.88603102000002,27.930000000000007,-0.2796741660201707,0.8196359624931053,-0.7487410548635038,"{""type"":""Point"",""coordinates"":[77.59019065725673,12.970065827636796]}"
535,21.906890634390038,1575.6370078740156,38.95107836,25.83000000000004,-0.03861745252826968,0.41882832993296415,-0.45617708644929705,"{""type"":""Point"",""coordinates"":[77.665539324805,12.870321987243942]}"
536,21.90634932084521,1530.0622047244092,41.68549436000001,28.010000000000048,0.16295727807623434,0.06510416666666667,-0.14726507713884993,"{""type"":""Point"",""coordinates"":[77.60499357539413,12.986756570822319]}"
537,21.90634932084521,1740.6015748031496,39.97306634000006,27.510000000000048,-0.0831918505942275,0.47571318427139553,-0.49804330811374903,"{""type"":""Point"",""coordinates"":[77.59561169052628,13.049134654393546]}"
538,21.853410165960156,1799.2738188976375,41.162537300000054,27.79000000000002,0.09959982214317474,0.06691253951527924,-0.1350896860986547,"{""type"":""Point"",""coordinates"":[77.68081384435541,13.012827633522058]}"
539,22.181694382887656,559.2551181102361,37.61463254,26.750000000000057,-0.22978994271164863,0.5296912114014252,-0.24084778420038536,"{""type"":""Point"",""coordinates"":[77.61446274694491,13.058493907762822]}"
540,22.181694382887656,2251.7944881889766,40.277270120000026,26.000000000000057,0.07726011391850446,0.2220502901353965,-0.3758710801393728,"{""type"":""Point"",""coordinates"":[77.64690173068612,13.067311149112365]}"
541,21.853410165960156,2009.5976377952754,40.687432520000016,27.460000000000036,0.03984747378455672,0.15293040293040294,-0.22292374939290918,"{""type"":""Point"",""coordinates"":[77.68269781397395,13.019155233322952]}"
542,21.906890634390038,1794.813188976378,39.91837801999998,25.80000000000001,0.040290088638195005,0.23483670295489892,-0.28305952060328576,"{""type"":""Point"",""coordinates"":[77.66888941241763,12.883672846881982]}"
543,21.90634932084521,2267.314173228346,41.770944859999986,27.650000000000034,0.04582117727818775,0.0981631443808019,-0.18575389208786522,"{""type"":""Point"",""coordinates"":[77.63535767235719,13.045326791917377]}"
544,22.38918151855472,1634.057283464567,42.88863739999999,26.190000000000055,0.12011173184357542,0.2661498708010336,-0.36914001862775536,"{""type"":""Point"",""coordinates"":[77.5066813335254,12.898860700088767]}"
545,22.27262140909835,1619.0976377952754,38.53066190000004,29.79000000000002,-0.024717024717024718,0.24746906636670415,-0.2955607476635514,"{""type"":""Point"",""coordinates"":[77.53034023095903,12.963640678085829]}"
546,21.906890634390038,2361.375196850394,41.07025076000002,25.470000000000027,0.18399556970787762,0.14915188145837396,-0.290562732647252,"{""type"":""Point"",""coordinates"":[77.69288863970304,12.884946122906994]}"
547,21.90634932084521,1686.2748031496064,39.18692174,29.130000000000052,0.08119172162838299,0.1184939091915836,-0.2016656751933373,"{""type"":""Point"",""coordinates"":[77.55457180605131,12.954284015780278]}"
548,21.90634932084521,1558.2226377952754,34.63411910000002,27.890000000000043,0.01387787470261697,0.43798785776235905,-0.5267034990791897,"{""type"":""Point"",""coordinates"":[77.61895572639703,12.966449318021612]}"
549,21.853410165960156,1737.541535433071,41.05316066,27.79000000000002,0.08207630878438332,0.11868072452014058,-0.18976423231742381,"{""type"":""Point"",""coordinates"":[77.68032013643132,13.013796762964802]}"
550,21.901760864257824,1754.8496062992126,40.834407380000016,28.210000000000036,0.06231851686397141,0.12577098417806382,-0.18386914833615342,"{""type"":""Point"",""coordinates"":[77.61479356746798,12.91821631525387]}"
551,22.27262140909835,1657.451968503937,43.08688256000005,28.210000000000036,0.049532070303583656,0.18700114025085518,-0.2418729495973755,"{""type"":""Point"",""coordinates"":[77.51084457672533,13.014467889068161]}"
552,21.90634932084521,1728.0287401574801,36.51744812000004,27.890000000000043,0.027679500520291365,0.22979731508291656,-0.29669719678046075,"{""type"":""Point"",""coordinates"":[77.56426217642608,13.023649208008298]}"
553,21.901760864257824,1694.1399606299212,37.915418300000056,28.450000000000045,-0.013069139966273187,0.28125833111170356,-0.3394648829431438,"{""type"":""Point"",""coordinates"":[77.59665905545232,12.90887086521011]}"
554,21.90634932084521,2393.887992125984,39.24161006000003,27.49000000000001,0.1313104891446508,0.1869192280200143,-0.39655172413793105,"{""type"":""Point"",""coordinates"":[77.62610204945766,12.987791544445384]}"
555,21.906890634390038,1831.3131889763781,38.209368020000056,24.05000000000001,0.05384615384615385,0.107,-0.1708090957165521,"{""type"":""Point"",""coordinates"":[77.66512999517269,12.925424513269453]}"
556,21.90634932084521,1560.997244094488,36.196154240000055,27.890000000000043,-0.05919796308084023,0.43820224719101125,-0.4725663716814159,"{""type"":""Point"",""coordinates"":[77.564230415234,13.023809237366605]}"
557,22.38918151855472,1562.229527559055,36.45250573999999,27.630000000000052,-0.09378124375124974,0.5425831923293852,-0.5924308588064047,"{""type"":""Point"",""coordinates"":[77.48980993280053,12.912281112357903]}"
558,21.901760864257824,1616.8062992125986,38.96133242000002,26.390000000000043,-0.06251152498617002,0.5564559697460832,-0.6131019036954087,"{""type"":""Point"",""coordinates"":[77.63774101993636,12.949730778941388]}"
559,22.028686777750693,2143.4923228346456,41.37445453999999,26.000000000000057,0.04224326292789512,0.0951488652925255,-0.17910782335799147,"{""type"":""Point"",""coordinates"":[77.65286162081404,13.073199931845327]}"
560,21.90634932084521,1988.0828740157478,41.79145298000003,27.980000000000018,0.07823669579030977,0.08205128205128205,-0.16195244055068836,"{""type"":""Point"",""coordinates"":[77.5535931216471,13.020901707280778]}"
561,22.38918151855472,2049.2698818897643,41.01214442000003,25.930000000000007,0.15198776758409785,0.23822281759321276,-0.3837325349301397,"{""type"":""Point"",""coordinates"":[77.51545931033138,12.875692583678372]}"
562,22.028686777750693,202.4263779527559,30.27956161999998,24.970000000000027,-0.35446685878962536,-0.05432595573440644,0.35792349726775957,"{""type"":""Point"",""coordinates"":[77.67332439779084,13.07499303485729]}"
563,22.27262140909835,2200.2521653543304,40.068770900000004,28.480000000000018,0.05968586387434555,0.13479359730412804,-0.21542973155876383,"{""type"":""Point"",""coordinates"":[77.54334086248305,13.023204637268158]}"
564,22.27262140909835,1815.0651574803146,43.65769190000003,26.850000000000023,0.07857952398942199,0.2195,-0.33096862210095496,"{""type"":""Point"",""coordinates"":[77.48874470264671,13.024990538888687]}"
565,21.901760864257824,1198.2305118110237,36.56188238000004,27.29000000000002,-0.07328332371609925,0.41930560854635635,-0.4351851851851852,"{""type"":""Point"",""coordinates"":[77.63410767081358,12.924374260367541]}"
566,22.29895782470703,1953.4549212598424,40.85833352000003,26.470000000000027,0.030360531309297913,0.1989676208352886,-0.27146056232893756,"{""type"":""Point"",""coordinates"":[77.4985090864488,13.067123317348736]}"
567,22.38918151855472,1801.7866141732284,41.94184586000006,26.140000000000043,0.18616930676205076,0.258030542390732,-0.3821232282325716,"{""type"":""Point"",""coordinates"":[77.48873629830027,12.878767476948784]}"
568,21.853410165960156,1435.6025590551183,41.11810304000005,24.450000000000045,0.020708880923934688,0.5798265338901382,-0.5988296488946684,"{""type"":""Point"",""coordinates"":[77.70413215147677,13.04558925299569]}"
569,21.906890634390038,2340.889960629921,40.051680799999986,25.110000000000014,0.15597098214285715,0.13551051051051052,-0.30219543693499784,"{""type"":""Point"",""coordinates"":[77.65888180695421,12.942087469683916]}"
570,21.901760864257824,1692.399803149606,39.37149482000001,28.210000000000036,0.04973945997157745,0.11043454193191254,-0.16121562952243126,"{""type"":""Point"",""coordinates"":[77.6160801192438,12.921295394385126]}"
571,21.901760864257824,1725.1015748031496,40.80022717999998,26.930000000000007,0.1293912284529784,0.09796367638965328,-0.166325635779012,"{""type"":""Point"",""coordinates"":[77.63978226193187,12.888270838354043]}"
572,22.181694382887656,1835.247244094488,39.340732640000056,27.210000000000036,0.00593654042988741,0.21460730365182593,-0.2655720615063852,"{""type"":""Point"",""coordinates"":[77.58093665851423,13.055695674321065]}"
573,21.90634932084521,1693.5326771653545,39.932050100000026,27.440000000000055,-0.02017890576242979,0.30912973838761343,-0.37405435696273465,"{""type"":""Point"",""coordinates"":[77.58088082627306,13.046707805886502]}"
574,22.38918151855472,2009.8594488188974,42.94332572000002,26.680000000000007,0.1714328492289265,0.2748214697074407,-0.42189105858170606,"{""type"":""Point"",""coordinates"":[77.53520728704152,12.87915048126658]}"
575,21.853410165960156,2060.1852362204727,41.30609414000003,25.99000000000001,0.040823699421965315,0.16345311130587203,-0.24970581313250176,"{""type"":""Point"",""coordinates"":[77.69471028074285,13.03803631344348]}"
576,21.906890634390038,1541.247244094488,39.41251106000004,25.720000000000027,0.06963292547274749,0.2164048865619546,-0.27344701583434833,"{""type"":""Point"",""coordinates"":[77.67934914949167,12.886281361070866]}"
577,22.27262140909835,1244.6242125984252,40.79680916000001,27.730000000000018,-0.008287292817679558,0.3277555474718079,-0.39739663093415006,"{""type"":""Point"",""coordinates"":[77.5195708718953,13.038770915443646]}"
578,21.90634932084521,1973.1429133858267,39.42960116000006,29.150000000000034,0.041231012033931744,0.1481218993621545,-0.21682523785678517,"{""type"":""Point"",""coordinates"":[77.56494062823093,12.996914566680243]}"
579,21.90634932084521,1600.5179133858267,41.788034960000005,27.090000000000032,0.017101325352714837,0.31521739130434784,-0.37705899970050916,"{""type"":""Point"",""coordinates"":[77.63882658897022,12.992597083079666]}"
580,21.90634932084521,1519.3417322834646,35.594582720000005,27.55000000000001,-0.16250786328370728,0.6153846153846154,-0.6018491765385726,"{""type"":""Point"",""coordinates"":[77.57161593304562,13.024577067078834]}"
581,22.028686777750693,1568.9303149606299,44.93944940000006,24.910000000000025,0.15575532538596834,0.2635273471775373,-0.4219881500987492,"{""type"":""Point"",""coordinates"":[77.70090776506093,13.069578574225854]}"
582,21.90634932084521,1745.102559055118,37.084839439999996,27.130000000000052,-0.07605531295487628,0.4866767219708396,-0.5385015608740895,"{""type"":""Point"",""coordinates"":[77.62785618539142,12.984014258495687]}"
583,21.90634932084521,1486.5444881889762,36.838742000000025,28.090000000000032,-0.08722669735327963,0.4468606431852986,-0.4652605459057072,"{""type"":""Point"",""coordinates"":[77.59435883780834,12.987105346484183]}"
584,21.90634932084521,675.3633858267716,43.69870814000001,27.27000000000004,-0.1169931180518793,0.4161073825503356,-0.33375474083438683,"{""type"":""Point"",""coordinates"":[77.59022655667296,13.045688607531083]}"
585,22.27262140909835,1797.836811023622,40.85833352000003,28.55000000000001,-0.09378531073446328,0.4252760736196319,-0.4786150712830957,"{""type"":""Point"",""coordinates"":[77.51095836514476,13.048665874300527]}"
586,21.90634932084521,1693.172440944882,36.81823387999998,28.010000000000048,-0.09961608405738533,0.418295543393276,-0.46724184416284714,"{""type"":""Point"",""coordinates"":[77.57198445531958,13.035932633897124]}"
587,21.901760864257824,1177.684251968504,35.823590060000015,28.670000000000016,-0.07738914899476729,0.4712297856336969,-0.5104247104247104,"{""type"":""Point"",""coordinates"":[77.5844141279684,12.943861462485927]}"
588,21.90634932084521,1804.1015748031496,38.60244032000003,26.49000000000001,0.04013171434451533,0.17807527153321545,-0.2753623188405797,"{""type"":""Point"",""coordinates"":[77.65011000652989,12.954677672117976]}"
589,21.853410165960156,1629.7748031496062,39.18692174,27.470000000000027,0.12097721400046982,0.10611882944132427,-0.18118686868686867,"{""type"":""Point"",""coordinates"":[77.67972158514073,12.972532920779262]}"
590,21.906890634390038,2066.9824803149604,38.04530306000004,25.150000000000034,0.09883720930232558,0.16053732658004843,-0.29866929521931984,"{""type"":""Point"",""coordinates"":[77.68587208909186,12.934099006916815]}"
591,21.90634932084521,1634.4657480314957,38.37343298000002,28.680000000000007,-0.011997177134791814,0.20740948638787537,-0.25605839416058396,"{""type"":""Point"",""coordinates"":[77.56233068748237,12.977132905035969]}"
592,21.901760864257824,1084.942125984252,33.30792733999999,26.07000000000005,-0.2795666566355703,0.6753349093774625,-0.5794947994056464,"{""type"":""Point"",""coordinates"":[77.63196202704569,12.872614425956442]}"
593,22.29895782470703,2314.334842519685,42.14009102,26.910000000000025,0.15960620525059666,0.16453079785035138,-0.27235772357723576,"{""type"":""Point"",""coordinates"":[77.4891476790921,13.050668818833728]}"
594,21.901760864257824,1831.444094488189,37.08142142000003,28.32000000000005,-0.018566580155719704,0.2726365677226241,-0.31868699922460586,"{""type"":""Point"",""coordinates"":[77.55741103224555,12.89514317192894]}"
595,21.90634932084521,1816.4992125984252,40.78313708000002,27.980000000000018,0.09732201175702156,0.07270375161707633,-0.14467145223633351,"{""type"":""Point"",""coordinates"":[77.55931156357677,13.021843299887454]}"
596,21.90634932084521,1652.8791338582676,38.37001496000005,28.850000000000023,0.018597356038539098,0.2139689578713969,-0.28107633811055865,"{""type"":""Point"",""coordinates"":[77.64334542948572,13.02102135496458]}"
597,21.90634932084521,1589.2846456692912,41.788034960000005,28.07000000000005,-0.012362328613171499,0.2669479606188467,-0.35295884650045056,"{""type"":""Point"",""coordinates"":[77.58873010419316,13.010590812224113]}"
598,21.901760864257824,1784.5326771653542,36.35338316000002,28.880000000000052,0.03880338174723607,0.16377952755905512,-0.22182419399283548,"{""type"":""Point"",""coordinates"":[77.57044708692933,12.942624391964474]}"
599,21.853410165960156,1842.7964566929136,38.069229199999995,27.180000000000007,0.022998752005705118,0.32655531348341804,-0.44476667545478515,"{""type"":""Point"",""coordinates"":[77.68139741597928,12.95865014963219]}"
600,22.27262140909835,2035.4194881889762,41.97944408000001,26.870000000000005,0.06797991502510622,0.10738871041762277,-0.1767861497195806,"{""type"":""Point"",""coordinates"":[77.49330448369884,13.038114550728848]}"
601,21.90634932084521,2203.563188976378,39.71329681999998,26.49000000000001,0.11284722222222222,0.07578947368421053,-0.15297833935018051,"{""type"":""Point"",""coordinates"":[77.64543164597099,12.957011921724767]}"
602,21.906890634390038,1860.3279527559055,39.40225700000002,24.160000000000025,0.10728960584385938,0.4444718049741443,-0.5875507442489851,"{""type"":""Point"",""coordinates"":[77.65513894588662,12.93170148696952]}"
603,22.38918151855472,1413.3279527559055,36.76354556000001,26.02000000000004,0.10560571068654209,0.39033942558746737,-0.4822546972860125,"{""type"":""Point"",""coordinates"":[77.52740477010063,12.887450954403707]}"
604,21.853410165960156,1841.3712598425197,38.462301500000024,27.630000000000052,0.012963949564908542,0.37132987910189985,-0.4306306306306306,"{""type"":""Point"",""coordinates"":[77.66793749562596,12.987887931965954]}"
605,21.901760864257824,1806.8938976377954,37.14294577999999,26.860000000000014,0.006756756756756757,0.19725120895902265,-0.251063829787234,"{""type"":""Point"",""coordinates"":[77.58446076360077,12.881278213478659]}"
606,22.27262140909835,1919.5700787401574,42.895473440000046,27.03000000000003,0.07670961347869178,0.14138691497182063,-0.21333680646001563,"{""type"":""Point"",""coordinates"":[77.48817698206193,13.017640931760132]}"
607,21.90634932084521,1748.9194881889764,38.40761318,29.130000000000052,0.0029863481228668944,0.2226000523149359,-0.28760330578512394,"{""type"":""Point"",""coordinates"":[77.55563132462076,12.954266263038273]}"
608,21.853410165960156,1571.1753937007875,38.359760900000026,28.010000000000048,0.0936936936936937,0.16367842683632158,-0.2718078381795196,"{""type"":""Point"",""coordinates"":[77.65652398702608,12.965226865879801]}"
609,21.90634932084521,1465.2728346456693,42.099074780000024,27.980000000000018,0.08946226187605498,0.2283669486011711,-0.27826675693974273,"{""type"":""Point"",""coordinates"":[77.55731557605493,13.0192635788772]}"
610,22.27262140909835,1617.019881889764,42.53658134,27.29000000000002,0.050958010599266204,0.3340974212034384,-0.4130500758725341,"{""type"":""Point"",""coordinates"":[77.48969508468402,12.9822094740502]}"
611,21.90634932084521,1494.0759842519685,38.16835178000002,28.850000000000023,-0.07228070175438596,0.39416058394160586,-0.4218362282878412,"{""type"":""Point"",""coordinates"":[77.64432638546741,13.018209626804985]}"
612,21.90634932084521,2379.6586614173225,42.35542628000002,28.930000000000007,0.039559339008512766,0.10973963355834138,-0.1669032650577976,"{""type"":""Point"",""coordinates"":[77.61318448660708,13.02182007591559]}"
613,21.901760864257824,1785.1448818897638,36.93102854000006,26.650000000000034,0.003658771423069517,0.3263265829274545,-0.38379245787643756,"{""type"":""Point"",""coordinates"":[77.55609413489569,12.877792994601128]}"
614,21.90634932084521,1794.5444881889762,38.472555560000046,27.730000000000018,0.03471778487752929,0.17470191809227578,-0.23555070883315157,"{""type"":""Point"",""coordinates"":[77.65001226957384,12.975749970491517]}"
615,21.853410165960156,1729.8870078740158,37.45056757999998,28.200000000000045,-0.008841923657537202,0.24150743099787686,-0.29584487534626036,"{""type"":""Point"",""coordinates"":[77.65088142718346,12.969291677785979]}"
616,22.27262140909835,1128.078937007874,37.19079806000002,27.730000000000018,-0.1980881571959639,0.7260902830910482,-0.6892549606888806,"{""type"":""Point"",""coordinates"":[77.49344274644474,12.984481382138755]}"
617,21.901760864257824,2222.963779527559,37.22497826000006,27.410000000000025,0.03421099767150278,0.09083552498482703,-0.1605682307361171,"{""type"":""Point"",""coordinates"":[77.55127708802422,12.888633325258327]}"
618,22.27262140909835,1787.0346456692914,42.69381026000002,28.210000000000036,0.06425794648982391,0.08656399362719065,-0.13919821826280623,"{""type"":""Point"",""coordinates"":[77.51099223205229,13.015546190995444]}"
619,21.853410165960156,1537.0041338582676,38.506735760000026,28.010000000000048,-0.12868284228769497,0.5092699884125145,-0.5202801283921797,"{""type"":""Point"",""coordinates"":[77.65688905381974,12.95926170594506]}"
620,21.901760864257824,1917.575,40.588309940000045,26.390000000000043,0.09137614678899082,0.20545277507302823,-0.2879063719115735,"{""type"":""Point"",""coordinates"":[77.6331977886382,12.880893011823742]}"
621,22.38918151855472,2110.9332677165353,41.11810304000005,26.630000000000052,0.07808946171341925,0.08450390189520625,-0.14554875176636833,"{""type"":""Point"",""coordinates"":[77.52862471548717,12.89798039027797]}"
622,22.38918151855472,2037.9263779527562,39.76798514000001,26.210000000000036,0.07558676769543522,0.13604360663184192,-0.22,"{""type"":""Point"",""coordinates"":[77.5245527786216,12.868356497661066]}"
623,21.906890634390038,2906.7659448818895,41.02239847999999,25.150000000000034,0.13755254553946755,0.12918513988686744,-0.26321190354027707,"{""type"":""Point"",""coordinates"":[77.68303763413505,12.940813520982053]}"
624,22.27262140909835,1887.9844488188976,41.69916644,27.30000000000001,0.031591737545565005,0.16096139839766935,-0.22930591259640104,"{""type"":""Point"",""coordinates"":[77.49094570137413,13.010765561198562]}"
625,22.38918151855472,1977.408661417323,40.11662318000003,28.690000000000055,0.09151479521849892,0.14384406612385886,-0.19269359403138667,"{""type"":""Point"",""coordinates"":[77.53273904305978,12.930179407988842]}"
626,22.27262140909835,1528.5287401574803,43.57224140000005,26.930000000000007,0.12279047843506953,0.13441024078024993,-0.22919418758256274,"{""type"":""Point"",""coordinates"":[77.4950139445637,13.049413954556785]}"
627,21.901760864257824,1843.139960629921,38.93057024000001,29.05000000000001,-0.036118363794604,0.17551221920513455,-0.22574002574002575,"{""type"":""Point"",""coordinates"":[77.55629412852603,12.911144911041733]}"
628,22.27262140909835,2135.7206692913383,41.880321500000036,27.190000000000055,0.06399737446668854,0.21776259607173357,-0.31156587721315243,"{""type"":""Point"",""coordinates"":[77.50647210676729,13.03942431006175]}"
629,21.901760864257824,1997.7157480314957,39.77140315999998,25.890000000000043,0.09415297650591768,0.18320258421781263,-0.2759392883801941,"{""type"":""Point"",""coordinates"":[77.64387575778547,12.866759665282673]}"
630,22.38918151855472,1732.838779527559,37.41980540000003,27.480000000000018,-0.02703862660944206,0.2661375661375661,-0.3210046922439967,"{""type"":""Point"",""coordinates"":[77.52900398202281,12.905460530928988]}"
631,22.27262140909835,1291.886023622047,39.35098670000002,29.650000000000034,0.03940605368360937,0.23043160204828092,-0.2874091083046307,"{""type"":""Point"",""coordinates"":[77.54618783779755,12.966877204268448]}"
632,21.90634932084521,1551.3161417322835,38.790431420000004,28.170000000000016,-0.134579823299774,0.5709815078236131,-0.6071012805587893,"{""type"":""Point"",""coordinates"":[77.59924919877118,13.01317639290453]}"
633,21.90634932084521,1458.2167322834646,38.27431039999999,27.450000000000045,-0.0843585237258348,0.5391331462425943,-0.5272277227722773,"{""type"":""Point"",""coordinates"":[77.62105597253692,12.952322441656488]}"
634,21.901760864257824,1478.4470472440944,38.363178919999996,28.230000000000018,0.07250221043324491,0.3170119271814187,-0.3940199335548173,"{""type"":""Point"",""coordinates"":[77.62076782510994,12.914826032730735]}"
635,21.853410165960156,1707.5139763779528,39.69278870000005,26.52000000000004,0.11572561829211386,0.06341189674523008,-0.1143781240811526,"{""type"":""Point"",""coordinates"":[77.65515505963694,12.955615956737686]}"
636,22.028686777750693,2050.9234251968505,39.52872374000003,25.000000000000057,0.10672210672210672,0.1809436555199267,-0.26032754827670496,"{""type"":""Point"",""coordinates"":[77.66784246066722,13.077371494375456]}"
637,21.853410165960156,2002.735433070866,39.12539737999998,28.450000000000045,0.016058945777441904,0.1740306582506763,-0.24652943992340834,"{""type"":""Point"",""coordinates"":[77.65624473038245,13.022737310384317]}"
638,22.27262140909835,1620.6114173228348,40.87542361999999,29.08000000000004,0.08120981185996666,0.13637702503681884,-0.19000616903146206,"{""type"":""Point"",""coordinates"":[77.53043816076071,13.006807780078347]}"
639,21.90634932084521,2034.7846456692912,42.020460319999984,27.650000000000034,0.11330968825835355,0.10619469026548672,-0.1792452830188679,"{""type"":""Point"",""coordinates"":[77.63020308736039,13.04586977636629]}"
640,21.90634932084521,1916.1015748031496,34.722987620000026,28.130000000000052,-0.0340261173441236,0.3478782066650683,-0.39503722084367243,"{""type"":""Point"",""coordinates"":[77.63384305813645,12.967506041321052]}"
641,21.90634932084521,1683.5602362204725,41.10443096000006,28.840000000000032,0.06430652027784002,0.14285714285714285,-0.22319859402460457,"{""type"":""Point"",""coordinates"":[77.60547619179472,13.031856571875624]}"
642,21.90634932084521,1637.485433070866,35.07846170000005,27.450000000000045,-0.20429694993286016,0.667020711630377,-0.6460409019402202,"{""type"":""Point"",""coordinates"":[77.62253338791317,12.955501880924668]}"
643,22.27262140909835,1655.9992125984252,41.9486819,27.460000000000036,0.08323672617667517,0.12170212765957447,-0.19492293744333636,"{""type"":""Point"",""coordinates"":[77.50544439050616,13.042227208557517]}"
644,22.38918151855472,1729.2777559055119,39.019438760000014,26.810000000000002,-0.011421819614021268,0.3281613653995345,-0.4021294021294021,"{""type"":""Point"",""coordinates"":[77.51332297867091,12.90502918001622]}"
645,22.27262140909835,1501.7403543307087,44.52586898000004,28.840000000000032,0.12385786802030457,0.10322786832853947,-0.17655078391274712,"{""type"":""Point"",""coordinates"":[77.52153434127153,12.986526586954286]}"
646,22.27262140909835,1617.0641732283466,37.87098404000005,29.230000000000018,-0.09638283531790609,0.3600891861761427,-0.3926940639269406,"{""type"":""Point"",""coordinates"":[77.53854447174585,12.998945183572017]}"
647,21.90634932084521,1541.156692913386,37.447149560000014,27.850000000000023,0.045687759589543124,0.210412147505423,-0.2535301668806162,"{""type"":""Point"",""coordinates"":[77.59774789893066,12.982245016803455]}"
648,22.38918151855472,1614.424409448819,37.49841986000001,29.130000000000052,-0.021654889446090723,0.2533557046979866,-0.3209549071618037,"{""type"":""Point"",""coordinates"":[77.54112786886192,12.934603240916363]}"
649,22.181694382887656,1579.080905511811,35.05795358,26.57000000000005,0.017077798861480076,0.4513869431213225,-0.5199530516431925,"{""type"":""Point"",""coordinates"":[77.57286346534515,13.073555172484603]}"
650,22.29895782470703,1744.112401574803,40.81731728,27.05000000000001,0.03876257920238539,0.33557742102537547,-0.4315847904524008,"{""type"":""Point"",""coordinates"":[77.52310988023655,13.050199477168258]}"
651,22.27262140909835,1757.9194881889762,40.99505432000001,28.83000000000004,0.08747779751332149,0.11291632818846466,-0.17127386719863208,"{""type"":""Point"",""coordinates"":[77.53518053899539,13.015910241364757]}"
652,21.90634932084521,1495.3840551181102,36.66784100000001,27.83000000000004,-0.008037825059101654,0.28317785133915135,-0.3835171966255678,"{""type"":""Point"",""coordinates"":[77.59490807708706,12.999808518949056]}"
653,21.90634932084521,1743.1261811023621,39.71329681999998,28.590000000000032,0.0026166593981683385,0.21229790617545719,-0.2670360110803324,"{""type"":""Point"",""coordinates"":[77.6305103995735,13.030291754169857]}"
654,22.27262140909835,1642.2580708661415,39.47745343999998,29.29000000000002,-0.07918552036199095,0.30292269871619776,-0.3383838383838384,"{""type"":""Point"",""coordinates"":[77.53304557424332,13.000303413892928]}"
655,21.90634932084521,1656.451968503937,38.99551262,27.77000000000004,-0.0452429715136846,0.5347184253690541,-0.5577136514983352,"{""type"":""Point"",""coordinates"":[77.62703458825816,12.99183996143845]}"
656,22.27262140909835,1694.2442913385828,40.16789348000003,28.230000000000018,0.023597506678539625,0.18221024258760107,-0.2535010002857959,"{""type"":""Point"",""coordinates"":[77.51191622043594,12.97451281080704]}"
657,22.181694382887656,1998.7866141732284,39.69620672000002,26.83000000000004,0.07354590610479089,0.29438101634206404,-0.40749756572541385,"{""type"":""Point"",""coordinates"":[77.60521166625294,13.062760560309151]}"
658,21.901760864257824,1764.0681102362203,39.658608500000014,26.470000000000027,0.006823942288945214,0.3286384976525822,-0.3808620222282461,"{""type"":""Point"",""coordinates"":[77.62418353338614,12.878253623129968]}"
659,21.90634932084521,1969.8466535433072,37.66248482000003,28.140000000000043,0.08627696155048453,0.28342480790340285,-0.4732862903225806,"{""type"":""Point"",""coordinates"":[77.60868393378398,12.961355109527801]}"
660,21.901760864257824,1921.0946850393698,37.25232242000004,26.29000000000002,0.07512764405543398,0.2248249215165419,-0.30890322580645163,"{""type"":""Point"",""coordinates"":[77.5676478396714,12.869027045395686]}"
661,21.901760864257824,1837.6724409448818,39.019438760000014,27.110000000000014,0.013625023987718289,0.28660826032540676,-0.3302277432712215,"{""type"":""Point"",""coordinates"":[77.59893078358196,12.87589274667465]}"
662,22.38918151855472,1741.7009842519687,40.048262780000016,26.190000000000055,0.015373864430468204,0.4264743103011896,-0.5386295386295387,"{""type"":""Point"",""coordinates"":[77.5093889805478,12.893084003283771]}"
663,21.906890634390038,298.9116141732284,29.363532260000056,24.05000000000001,-0.2939297124600639,0.23100303951367782,0.07003444316877153,"{""type"":""Point"",""coordinates"":[77.66527232345389,12.931772369885984]}"
664,22.27262140909835,1629.6527559055116,40.478933299999994,29.150000000000034,0.09308323563892146,0.12507271669575334,-0.2057356608478803,"{""type"":""Point"",""coordinates"":[77.52770062870582,12.973619975802539]}"
665,21.90634932084521,1771.6537401574803,40.80022717999998,27.980000000000018,0.07599463567277603,0.09742500663658084,-0.15798319327731092,"{""type"":""Point"",""coordinates"":[77.55824965260726,13.022681787495197]}"
666,21.90634932084521,1483.8003937007873,38.869045880000044,29.370000000000005,-0.020809512920192088,0.3756548536209553,-0.42437779195915765,"{""type"":""Point"",""coordinates"":[77.56672905574383,12.95552371319731]}"
667,21.901760864257824,212.09271653543303,30.330831920000037,27.29000000000002,0.13125,-0.3236009732360097,0.5181975736568457,"{""type"":""Point"",""coordinates"":[77.63992064242278,12.921795425597658]}"
668,21.853410165960156,1728.1931102362205,42.78951482000002,26.950000000000045,0.09828009828009827,0.14777169663799844,-0.2780034822983169,"{""type"":""Point"",""coordinates"":[77.68575788912727,13.033293363354186]}"
669,22.028686777750693,1613.8122047244092,42.570761540000035,24.77000000000004,0.1344362046016353,0.3057946069994263,-0.439595192915876,"{""type"":""Point"",""coordinates"":[77.69072811753657,13.061209730695687]}"
670,21.906890634390038,1742.8161417322833,38.94424232000006,25.33000000000004,0.0323085960446446,0.27865459249676583,-0.37239655651208,"{""type"":""Point"",""coordinates"":[77.68253560629407,12.88283607963135]}"
671,21.906890634390038,1489.9834645669291,41.27191393999999,24.160000000000025,0.04479549880978143,0.3347444814030844,-0.42755498059508407,"{""type"":""Point"",""coordinates"":[77.65365025610379,12.927940831798981]}"
672,21.901760864257824,1578.6940944881892,38.42128525999999,28.400000000000034,0.09654686398872446,0.15773630343166767,-0.22328244274809161,"{""type"":""Point"",""coordinates"":[77.58841416563823,12.916098767661227]}"
673,22.028686777750693,1899.1163385826771,38.66054666000002,24.950000000000045,0.016498316498316498,0.3451531199631591,-0.436086529006883,"{""type"":""Point"",""coordinates"":[77.68289766542456,13.072904380287717]}"
674,22.38918151855472,1533.854527559055,37.248904400000015,27.410000000000025,-0.06500802568218299,0.5488765684271958,-0.5363241678726484,"{""type"":""Point"",""coordinates"":[77.4949482851998,12.911083104594923]}"
675,21.901760864257824,1886.4066929133858,41.03948858000001,26.930000000000007,-0.0016882386043894203,0.28736740597878496,-0.3461053692966978,"{""type"":""Point"",""coordinates"":[77.64113646723247,12.885416660628893]}"
676,21.906890634390038,1941.993307086614,42.87838334000003,23.750000000000057,0.11039056742815033,0.42392073602264685,-0.571465764123926,"{""type"":""Point"",""coordinates"":[77.65614156650393,12.934476902849513]}"
677,22.181694382887656,1996.3811023622047,41.02581650000002,26.83000000000004,0.10900818926296633,0.12164948453608247,-0.23107870253960272,"{""type"":""Point"",""coordinates"":[77.60549693567557,13.06211429521605]}"
678,22.27262140909835,1687.8299212598424,40.882259660000045,28.660000000000025,0.03853363882524474,0.229621736814065,-0.3230151905990255,"{""type"":""Point"",""coordinates"":[77.54756125693092,13.009910999977436]}"
679,22.27262140909835,1975.5602362204722,42.65963006000004,28.350000000000023,0.06805892224501212,0.16912280701754387,-0.25357411587659895,"{""type"":""Point"",""coordinates"":[77.49449466209728,12.992846599662828]}"
680,21.901760864257824,1861.854527559055,37.61121452000003,28.77000000000004,-0.06747967479674796,0.27321212121212124,-0.3139854891168376,"{""type"":""Point"",""coordinates"":[77.56769440621856,12.92841707154475]}"
681,22.38918151855472,1649.6911417322835,37.95643454000003,28.750000000000057,-0.061240616357171075,0.4578018995929444,-0.49346677787044757,"{""type"":""Point"",""coordinates"":[77.52325825635799,12.936615384603398]}"
682,21.901760864257824,2012.389960629921,38.882717960000036,27.79000000000002,0.03403797921891795,0.18923687692986327,-0.3235149729995091,"{""type"":""Point"",""coordinates"":[77.59949235054536,12.890954818023783]}"
683,22.38918151855472,2340.9047244094486,40.41399092000006,26.630000000000052,0.15521628498727735,0.2184662932200116,-0.41055456171735244,"{""type"":""Point"",""coordinates"":[77.50342629332741,12.90290460976034]}"
684,21.901760864257824,2171.1192913385826,38.462301500000024,26.29000000000002,0.0630755864465682,0.16106804478897502,-0.22852586010480747,"{""type"":""Point"",""coordinates"":[77.57040006760768,12.873727105376165]}"
685,21.90634932084521,503.4893700787402,41.56586365999999,27.27000000000004,-0.5131467345207803,0.42038216560509556,-0.1546925566343042,"{""type"":""Point"",""coordinates"":[77.58765662276454,13.045536226464352]}"
686,22.181694382887656,1758.953937007874,41.111267,26.77000000000004,0.033999587883783225,0.2091823574929069,-0.3051224944320713,"{""type"":""Point"",""coordinates"":[77.61849496578238,13.066555634104935]}"
687,21.901760864257824,1495.0444881889762,40.20549170000004,28.77000000000004,0.06486101211689238,0.21669242658423493,-0.30374296124544553,"{""type"":""Point"",""coordinates"":[77.57330802236842,12.931202553374984]}"
688,21.90634932084521,1435.7561023622047,38.20253198,28.390000000000043,-0.23529411764705882,0.6920322291853178,-0.6671567186121728,"{""type"":""Point"",""coordinates"":[77.5700903614464,12.993520163825018]}"
689,21.901760864257824,1745.475590551181,37.17028994000003,28.58000000000004,-0.005400734499891985,0.2186436239853365,-0.2856353591160221,"{""type"":""Point"",""coordinates"":[77.58687622985767,12.938611160258082]}"
690,21.901760864257824,2043.022834645669,34.65120920000004,26.410000000000025,0.0469248291571754,0.3473593817088879,-0.4864992894362861,"{""type"":""Point"",""coordinates"":[77.58927221860587,12.868464933730246]}"
691,22.38918151855472,1481.6429133858267,38.985258560000034,28.000000000000057,-0.10711848987946328,0.45879532514234345,-0.46759119686463674,"{""type"":""Point"",""coordinates"":[77.49218428234497,12.934637344608383]}"
692,21.901760864257824,1765.3692913385826,36.80456179999999,28.650000000000034,0.03133660200383714,0.17204023729687903,-0.26785714285714285,"{""type"":""Point"",""coordinates"":[77.57919542063271,12.91820946765878]}"
693,21.901760864257824,1370.0818897637796,34.93148684000005,28.590000000000032,-0.1607014172471775,0.5642602784072516,-0.5673045734674019,"{""type"":""Point"",""coordinates"":[77.57992844607598,12.926796453396333]}"
694,22.38918151855472,1517.9883858267717,36.97546280000006,27.610000000000014,0.02455716586151369,0.4379821958456973,-0.5272612669398046,"{""type"":""Point"",""coordinates"":[77.50575408336479,12.940667652936757]}"
695,21.901760864257824,1678.580905511811,39.019438760000014,29.190000000000055,0.0523390458545623,0.1401504597380886,-0.19300291545189505,"{""type"":""Point"",""coordinates"":[77.56104116268449,12.945145538421817]}"
696,22.028686777750693,1281.8466535433072,36.55162832000002,25.380000000000052,-0.0728476821192053,0.6182661434177666,-0.6045277679518924,"{""type"":""Point"",""coordinates"":[77.66078247308243,13.076736488996863]}"
697,21.90634932084521,1706.6251968503934,35.49546013999998,27.450000000000045,-0.20754716981132076,0.5780376207422471,-0.6004124774426398,"{""type"":""Point"",""coordinates"":[77.62101266155786,12.956201126705398]}"
698,22.27262140909835,1636.8673228346456,43.20309524000004,27.130000000000052,0.017092298411421677,0.3388112845795672,-0.4196921289573047,"{""type"":""Point"",""coordinates"":[77.52730312425666,13.044871574959409]}"
699,21.853410165960156,1852.5858267716533,39.11172529999999,26.99000000000001,-0.0012827560930914422,0.2935606060606061,-0.3967280163599182,"{""type"":""Point"",""coordinates"":[77.69894242811539,12.979160150210618]}"
700,21.901760864257824,489.957874015748,30.97000165999998,27.29000000000002,-0.09381818181818181,0.44337811900191937,-0.30782608695652175,"{""type"":""Point"",""coordinates"":[77.64008442397801,12.918180224921974]}"
701,22.27262140909835,2145.6458661417323,42.164017160000014,26.930000000000007,0.11603243917654397,0.19100651397352386,-0.3123408196341746,"{""type"":""Point"",""coordinates"":[77.49701470379314,13.04251347386465]}"
702,22.181694382887656,745.2108267716536,31.13064860000003,26.750000000000057,-0.2184873949579832,0.4250614250614251,-0.23469930814262907,"{""type"":""Point"",""coordinates"":[77.61608989958155,13.061595157682758]}"
703,21.901760864257824,1876.4480314960626,41.02581650000002,26.870000000000005,0.12471467109358789,0.08431876606683805,-0.14339929520195174,"{""type"":""Point"",""coordinates"":[77.60187485302775,12.877359454106212]}"
704,22.27262140909835,1488.9470472440944,38.31532664000002,28.350000000000023,-0.027656477438136828,0.2973966309341501,-0.3350141821619918,"{""type"":""Point"",""coordinates"":[77.51433306235589,12.958483568989127]}"
705,21.90634932084521,1587.55531496063,38.98184054000001,28.850000000000023,-0.03352704514975414,0.3402898550724638,-0.3811230585424134,"{""type"":""Point"",""coordinates"":[77.63805661084207,13.01793936823668]}"
706,21.901760864257824,1849.606496062992,38.445211400000005,28.230000000000018,0.07692307692307693,0.1044776119402985,-0.18431581755134702,"{""type"":""Point"",""coordinates"":[77.61340914658696,12.908719912930506]}"
707,22.27262140909835,1828.336811023622,39.340732640000056,29.79000000000002,-0.059791332263242375,0.3025893958076449,-0.3502044989775051,"{""type"":""Point"",""coordinates"":[77.52800257081742,12.96079033169194]}"
708,21.901760864257824,1796.0080708661417,40.63616222000002,28.250000000000057,0.05834405834405834,0.1635303472038166,-0.2143845089903181,"{""type"":""Point"",""coordinates"":[77.57550251342606,12.900193473736742]}"
709,22.38918151855472,1383.592716535433,41.555609600000025,27.910000000000025,-0.01524390243902439,0.3144736842105263,-0.36615384615384616,"{""type"":""Point"",""coordinates"":[77.4955733194714,12.92280390463788]}"
710,21.906890634390038,2052.557283464567,44.505360859999996,25.470000000000027,0.15468337730870713,0.15789473684210525,-0.27164475316298686,"{""type"":""Point"",""coordinates"":[77.69782401743898,12.888928078892974]}"
711,21.90634932084521,1740.3584645669291,38.903226080000024,28.010000000000048,-0.03321182665046578,0.2978885779699822,-0.38453188602442334,"{""type"":""Point"",""coordinates"":[77.61565142097895,12.992437855690769]}"
712,21.90634932084521,1739.3712598425197,40.84124342000001,28.430000000000007,0.03674711893889976,0.16979139160285187,-0.2370846132365261,"{""type"":""Point"",""coordinates"":[77.6012550890119,13.035971196744837]}"
713,22.181694382887656,473.6635826771653,34.251300860000015,26.77000000000004,-0.30594405594405594,0.4028169014084507,-0.058823529411764705,"{""type"":""Point"",""coordinates"":[77.61662955971289,13.059479263082924]}"
714,22.27262140909835,779.2403543307087,35.577492620000044,27.470000000000027,-0.35238987816307404,0.526176626123744,-0.4649746192893401,"{""type"":""Point"",""coordinates"":[77.4953064731124,12.963856132877323]}"
715,21.853410165960156,2179.1872047244096,40.63274420000005,27.630000000000052,0.024238227146814405,0.16687370600414078,-0.23895361617938007,"{""type"":""Point"",""coordinates"":[77.6759505401517,13.022096787323234]}"
716,21.901760864257824,1904.2314960629922,40.33537646000002,27.910000000000025,0.0693794506612411,0.13667992047713717,-0.19083571986461859,"{""type"":""Point"",""coordinates"":[77.61199320996042,12.893597799066827]}"
717,22.29895782470703,1938.3948818897638,38.462301500000024,26.590000000000032,-0.007642563198118754,0.21531552824391398,-0.2643225965084829,"{""type"":""Point"",""coordinates"":[77.50605812062003,13.068591294704138]}"
718,21.906890634390038,1846.7629921259843,38.46571951999999,25.370000000000005,0.00635629616904312,0.38904899135446686,-0.48307692307692307,"{""type"":""Point"",""coordinates"":[77.67338157984187,12.942145261128513]}"
719,21.901760864257824,1691.9509842519683,38.67080071999999,26.650000000000034,0.05647840531561462,0.34703557312252964,-0.46685796269727403,"{""type"":""Point"",""coordinates"":[77.55520729683057,12.875457265483128]}"
720,21.90634932084521,1542.66062992126,37.87440206000002,27.410000000000025,0.07028311225499902,0.35918958031837916,-0.47441130298273154,"{""type"":""Point"",""coordinates"":[77.6262774670774,12.96045955683355]}"
721,21.853410165960156,1707.2679133858264,38.59560428000003,27.05000000000001,-4.314063848144953E-4,0.24476650563607086,-0.30061693774537296,"{""type"":""Point"",""coordinates"":[77.69208790642213,12.96827714909289]}"
722,21.853410165960156,1936.7314960629922,42.35200826000005,26.950000000000045,0.14229701029243588,0.24319204357092114,-0.37470542026708564,"{""type"":""Point"",""coordinates"":[77.6884579153232,13.025296729697644]}"
723,21.906890634390038,1913.690157480315,38.37685099999999,25.30000000000001,0.05910735826296743,0.3074712643678161,-0.3826285135477336,"{""type"":""Point"",""coordinates"":[77.68556363316128,12.945566357791556]}"
724,21.901760864257824,1531.1685039370077,37.758189379999976,28.650000000000034,0.04621340430679893,0.21629126812712127,-0.2626521460602178,"{""type"":""Point"",""coordinates"":[77.59600361698152,12.949789371914862]}"
725,22.27262140909835,1760.4244094488188,43.097136620000015,26.850000000000023,0.09388080526210883,0.18974090552211462,-0.2995997712978845,"{""type"":""Point"",""coordinates"":[77.48743503480668,13.042578570538776]}"
726,21.901760864257824,1701.2344488188974,41.01898046000002,28.650000000000034,0.13833805476864966,0.06197265056735525,-0.12307692307692308,"{""type"":""Point"",""coordinates"":[77.59413489670351,12.946118627978505]}"
727,21.853410165960156,2009.9903543307084,40.916439860000025,27.190000000000055,0.10275526742301459,0.2207276736493936,-0.3638827297363883,"{""type"":""Point"",""coordinates"":[77.69283593161852,13.017439600211127]}"
728,21.853410165960156,2157.3062992125983,40.49944142000004,26.730000000000018,0.0800070959730353,0.09849608133869943,-0.19796719796719797,"{""type"":""Point"",""coordinates"":[77.654706118239,13.040156331073929]}"
729,22.27262140909835,1375.1320866141732,37.77869750000002,27.210000000000036,-0.21203703703703702,0.6548672566371682,-0.6347174523883858,"{""type"":""Point"",""coordinates"":[77.53481037845138,13.036734402840487]}"
730,21.906890634390038,1827.4913385826774,33.34210754000003,24.010000000000048,-0.2231139646869984,0.6083489681050657,-0.5956258724988367,"{""type"":""Point"",""coordinates"":[77.66677903740313,12.933374302719102]}"
731,22.29895782470703,1810.025787401575,41.04974263999998,26.750000000000057,0.06773773339122884,0.09820971867007673,-0.16748232735182164,"{""type"":""Point"",""coordinates"":[77.52954748864913,13.06337553028622]}"
732,21.90634932084521,1513.475590551181,40.11320516000001,28.05000000000001,0.09612058314801088,0.14742785445420326,-0.21366954213669542,"{""type"":""Point"",""coordinates"":[77.60831043951741,12.969511696294449]}"
733,21.901760864257824,1806.5090551181102,39.456945320000045,29.630000000000052,0.08270351975815159,0.10051813471502591,-0.17024793388429751,"{""type"":""Point"",""coordinates"":[77.55680102383532,12.929882597906223]}"
734,21.906890634390038,1772.05531496063,41.13861115999998,26.250000000000057,-0.026994359387590653,0.3227815256875973,-0.35837996269650946,"{""type"":""Point"",""coordinates"":[77.68106584204168,12.921538863848193]}"
735,21.90634932084521,1704.3889763779528,39.033110840000006,26.49000000000001,0.0029934144881261227,0.3326220325420112,-0.41010443127293256,"{""type"":""Point"",""coordinates"":[77.65015831184152,12.957049997502873]}"
736,22.27262140909835,1943.7403543307084,46.043469860000016,26.950000000000045,0.1272045028142589,0.2108276939094222,-0.25593952483801297,"{""type"":""Point"",""coordinates"":[77.50108996546595,13.022979017515441]}"
737,22.29895782470703,1903.0759842519685,41.90766566000002,27.430000000000007,0.0837727006444054,0.141328144003892,-0.23181937516408507,"{""type"":""Point"",""coordinates"":[77.51032310580372,13.061021342833055]}"
738,22.27262140909835,1867.1694881889762,40.83098935999999,29.150000000000034,0.06035205364626991,0.13146606106484987,-0.19033713830634458,"{""type"":""Point"",""coordinates"":[77.52217552626111,12.974239801024064]}"
739,22.27262140909835,1111.6586614173227,50.726157260000036,27.950000000000045,0.23974193548387096,0.27257019438444924,-0.4008559201141227,"{""type"":""Point"",""coordinates"":[77.5000790906968,12.985638194569187]}"
740,21.853410165960156,1959.2511811023624,38.035049000000015,27.33000000000004,0.04172380019588639,0.13714551371455136,-0.21964597357267515,"{""type"":""Point"",""coordinates"":[77.68441239548007,12.968551197462451]}"
741,21.90634932084521,1570.2944881889764,39.10147124000002,28.390000000000043,0.07183411503332511,0.11143955069464972,-0.18686868686868688,"{""type"":""Point"",""coordinates"":[77.57659589596642,12.996965638482564]}"
742,21.901760864257824,2198.8181102362205,39.12881540000001,24.650000000000034,0.08864309082411591,0.18805848903330624,-0.2854317732366513,"{""type"":""Point"",""coordinates"":[77.6468857496658,12.928510564563801]}"
743,21.901760864257824,1833.592716535433,38.22645812000002,27.970000000000027,0.009984025559105431,0.24105131414267836,-0.30439358063667454,"{""type"":""Point"",""coordinates"":[77.63080364661575,12.915754819887505]}"
744,22.27262140909835,1679.1517716535432,39.20742986000005,29.27000000000004,0.014065934065934066,0.2317408017572762,-0.29653179190751444,"{""type"":""Point"",""coordinates"":[77.53636649583801,12.973685376582672]}"
745,22.38918151855472,1741.2836614173227,40.42082696,29.03000000000003,0.07941579187585578,0.08821149177232264,-0.14700028433323856,"{""type"":""Point"",""coordinates"":[77.54645005571679,12.92050176298211]}"
746,22.38918151855472,1723.993307086614,39.40567501999999,27.470000000000027,0.13879292826661246,0.1553980370774264,-0.24941037735849056,"{""type"":""Point"",""coordinates"":[77.51356483544176,12.910738655760529]}"
747,21.906890634390038,1646.9037401574803,35.89878650000003,26.060000000000002,-0.11525704809286899,0.4300903774587985,-0.47115121684440797,"{""type"":""Point"",""coordinates"":[77.65227422083903,12.910765714298526]}"
748,21.901760864257824,1552.6350393700789,39.65519047999999,26.000000000000057,6.904487917146145E-4,0.2992220227408737,-0.3446887581294518,"{""type"":""Point"",""coordinates"":[77.56620752006849,12.87446440137454]}"
749,22.38918151855472,1907.2364173228345,39.43985522000003,27.870000000000005,0.06748466257668712,0.10625909752547306,-0.18873826903023982,"{""type"":""Point"",""coordinates"":[77.49151957239832,12.944885430921417]}"
750,22.27262140909835,1558.4214566929136,40.967710160000024,28.700000000000045,0.03233364573570759,0.2168532704773129,-0.28022318660880347,"{""type"":""Point"",""coordinates"":[77.51220285936515,12.975253351479116]}"
751,22.27262140909835,1835.8692913385826,41.15570126,28.350000000000023,0.038861754087916756,0.17650116974265662,-0.2202750067403613,"{""type"":""Point"",""coordinates"":[77.51022120815156,12.975695945697309]}"
752,22.27262140909835,1987.6271653543308,44.604483440000024,27.650000000000034,0.12861085556577737,0.20816326530612245,-0.2489451476793249,"{""type"":""Point"",""coordinates"":[77.49988568097035,13.014002351342729]}"
753,22.181694382887656,1673.1074803149604,37.61463254,27.77000000000004,-0.059754320216531334,0.37012113055181695,-0.40297684674751927,"{""type"":""Point"",""coordinates"":[77.55635717748311,13.079347625736093]}"
754,21.90634932084521,1785.2452755905513,39.169831639999984,27.99000000000001,0.07921406411582213,0.19806243272335844,-0.23460898502495842,"{""type"":""Point"",""coordinates"":[77.59915784331866,13.004000163943441]}"
755,21.90634932084521,2081.1350393700786,39.14248748,28.32000000000005,-0.006251116270762636,0.23147540983606557,-0.2836637047163363,"{""type"":""Point"",""coordinates"":[77.61878331191629,13.006606472763332]}"
756,21.853410165960156,1848.5464566929134,44.77538444000004,26.55000000000001,0.15042117930204574,0.2382861438236031,-0.3606828193832599,"{""type"":""Point"",""coordinates"":[77.65063134623239,13.047630850066351]}"
757,21.853410165960156,2268.4509842519683,40.424244980000026,27.170000000000016,0.07539410555174778,0.10709889208042675,-0.19327731092436976,"{""type"":""Point"",""coordinates"":[77.7031636982391,13.010616150835936]}"
758,22.29895782470703,2122.0435039370077,42.034132399999976,26.470000000000027,0.07247863247863248,0.1865296304395364,-0.2731112153918348,"{""type"":""Point"",""coordinates"":[77.49273698886971,13.070609965729961]}"
759,21.906890634390038,2725.2088582677166,38.02479493999999,24.05000000000001,-0.04629061925199264,0.11828309305373526,-0.15499153976311336,"{""type"":""Point"",""coordinates"":[77.66765839961761,12.926069899302]}"
760,22.028686777750693,1818.8968503937008,42.61519580000004,25.930000000000007,0.18372054704234636,0.25449480881235753,-0.3896213183730715,"{""type"":""Point"",""coordinates"":[77.6653682889897,13.06362640683324]}"
761,22.028686777750693,1730.311220472441,38.59560428000003,24.29000000000002,-0.13803339517625232,0.57808078209416,-0.5346509882411808,"{""type"":""Point"",""coordinates"":[77.68945157496879,13.078397604812045]}"
762,22.27262140909835,1374.6901574803148,42.92623562000006,27.730000000000018,0.09234481245887256,0.36883890175322526,-0.5091174325309993,"{""type"":""Point"",""coordinates"":[77.4948808936576,12.986258192308197]}"
763,21.906890634390038,1780.8102362204725,39.309970460000045,25.78000000000003,0.07962489343563513,0.3887316696681245,-0.4740578918623703,"{""type"":""Point"",""coordinates"":[77.68884740049933,12.910923047972375]}"
764,21.901760864257824,1926.3614173228345,36.22008038000001,26.07000000000005,-0.03831091435382258,0.3938285714285714,-0.45294257803192756,"{""type"":""Point"",""coordinates"":[77.63395612911066,12.874634637102478]}"
765,22.028686777750693,1730.9854330708663,41.42230682000002,26.110000000000014,0.01727149233456239,0.33791281373844123,-0.40238161174189974,"{""type"":""Point"",""coordinates"":[77.65625560915682,13.059462784463157]}"
766,21.853410165960156,2076.7462598425195,41.46332305999999,27.77000000000004,0.07189306358381503,0.1658724756069889,-0.22948073701842547,"{""type"":""Point"",""coordinates"":[77.66719307790174,13.029459578955393]}"
767,22.181694382887656,1992.4588582677163,42.167435179999984,26.03000000000003,0.09747666781887314,0.17878103837471784,-0.3061530765382691,"{""type"":""Point"",""coordinates"":[77.62825642139633,13.076215915255066]}"
768,21.90634932084521,1871.7620078740158,42.06147656000002,27.450000000000045,0.06170531039640987,0.25481370342585646,-0.3299761463026769,"{""type"":""Point"",""coordinates"":[77.64227257459959,13.037598573694078]}"
769,22.38918151855472,1922.0336614173227,38.038467019999985,28.630000000000052,0.019821220365332296,0.20930232558139536,-0.27567020738492665,"{""type"":""Point"",""coordinates"":[77.52148881087543,12.917418737395055]}"
770,21.90634932084521,1487.3732283464567,38.332416739999985,27.130000000000052,-0.17597471022128555,0.6258741258741258,-0.6636851520572451,"{""type"":""Point"",""coordinates"":[77.62806230665447,12.987666211750446]}"
771,22.27262140909835,1798.2511811023624,40.820735300000024,28.230000000000018,-0.00815475061634743,0.31910669975186107,-0.3941778127458694,"{""type"":""Point"",""coordinates"":[77.50890304018466,12.966576783750785]}"
772,22.38918151855472,1986.0316929133855,41.63422406000001,28.750000000000057,0.08716785482825665,0.27408412483039346,-0.3962825278810409,"{""type"":""Point"",""coordinates"":[77.52541819614441,12.934595364791182]}"
773,21.90634932084521,2115.0937007874013,39.56290394000001,27.950000000000045,0.038467943380516234,0.2277269827769509,-0.3149624231382373,"{""type"":""Point"",""coordinates"":[77.56503967341247,13.026811355613304]}"
774,22.27262140909835,1094.7305118110237,41.11810304000005,27.950000000000045,0.014138817480719794,0.3011026293469042,-0.35752212389380533,"{""type"":""Point"",""coordinates"":[77.53855810433888,13.02960614099308]}"
775,21.901760864257824,1533.1143700787402,34.299153140000044,26.150000000000034,-0.057813911472448055,0.4036559784237339,-0.4293561184009765,"{""type"":""Point"",""coordinates"":[77.63433369256508,12.926929652033596]}"
776,21.90634932084521,1617.688188976378,38.40761318,28.28000000000003,0.08561716592309326,0.2321786430002863,-0.33997509339975096,"{""type"":""Point"",""coordinates"":[77.6118615855834,12.994382130678618]}"
777,21.901760864257824,1518.768897637795,38.34267080000001,28.200000000000045,0.058699657804685446,0.13164556962025317,-0.16862745098039217,"{""type"":""Point"",""coordinates"":[77.5805414055197,12.896945834936222]}"
778,21.853410165960156,1928.5553149606299,40.36613864000003,27.460000000000036,0.03674969375255206,0.13005988023952095,-0.1929203539823009,"{""type"":""Point"",""coordinates"":[77.68315791324726,13.0229148262117]}"
779,21.901760864257824,2055.7029527559057,38.45546546000003,26.79000000000002,0.040580666446717255,0.2635237888333695,-0.34754402224281744,"{""type"":""Point"",""coordinates"":[77.6362469950972,12.934396527653362]}"
780,22.27262140909835,2148.76594488189,42.307574000000045,27.730000000000018,0.0941983780411728,0.21151439299123906,-0.3463143254520167,"{""type"":""Point"",""coordinates"":[77.51606469999159,13.038717117570972]}"
781,21.906890634390038,1224.0681102362205,40.46526122,24.160000000000025,7.265681763138775E-4,0.5569811320754717,-0.588144726712856,"{""type"":""Point"",""coordinates"":[77.65491316802184,12.928310897543703]}"
782,21.90634932084521,2838.2442913385826,37.14636380000002,27.850000000000023,0.08929561841375486,0.11871912791687958,-0.14564800279085993,"{""type"":""Point"",""coordinates"":[77.59859326501608,12.978982098416088]}"
783,22.181694382887656,2401.145866141732,42.21870548000004,26.450000000000045,0.030448717948717948,0.16167434715821813,-0.20951619352259096,"{""type"":""Point"",""coordinates"":[77.61206882726745,13.070974078193787]}"
784,21.906890634390038,1442.3446850393702,41.736764660000006,25.610000000000014,0.10606860158311346,0.09608540925266904,-0.17720639332870047,"{""type"":""Point"",""coordinates"":[77.67963115551942,12.926966627732119]}"
785,22.38918151855472,2106.9874015748032,40.83782540000004,29.03000000000003,0.11189460011133791,0.13224509108114502,-0.16902784562774792,"{""type"":""Point"",""coordinates"":[77.54346462850498,12.919394768104105]}"
786,21.90634932084521,1314.8781496062993,38.89639004000003,27.930000000000007,0.021159153633854646,0.4741946657429858,-0.5658572479764533,"{""type"":""Point"",""coordinates"":[77.64415839245395,13.002087764400459]}"
787,22.27262140909835,1569.4185039370077,42.10591082000002,29.210000000000036,0.08565974707706991,0.17980295566502463,-0.2165079365079365,"{""type"":""Point"",""coordinates"":[77.54648549652937,12.980788604022067]}"
788,22.29895782470703,1450.1606299212597,40.49944142000004,27.05000000000001,0.07656999791362404,0.3698545341999381,-0.5023761031907671,"{""type"":""Point"",""coordinates"":[77.52476963906797,13.05488770167342]}"
789,21.906890634390038,2169.116338582677,34.316243240000006,24.670000000000016,-0.26894721321144205,0.7212,-0.6426799007444168,"{""type"":""Point"",""coordinates"":[77.67352540439182,12.937809312879066]}"
790,21.906890634390038,2179.1970472440944,39.347568679999995,25.410000000000025,-0.10466845078798692,0.48392250848811663,-0.5055724417426545,"{""type"":""Point"",""coordinates"":[77.6801499422135,12.870323952669322]}"
791,21.853410165960156,2075.792519685039,42.12641894000001,25.710000000000036,0.068402714102329,0.12713556689593966,-0.20779838326200667,"{""type"":""Point"",""coordinates"":[77.67617828239405,13.042829349504917]}"
792,21.90634932084521,1479.6714566929134,36.869504180000035,27.890000000000043,-0.07538126361655774,0.4989371393865776,-0.5478206334274067,"{""type"":""Point"",""coordinates"":[77.56277548482461,13.019072094444189]}"
793,21.90634932084521,1766.2403543307084,36.41832554000001,27.890000000000043,-0.22749904251244735,0.5831069399851815,-0.5764879488440728,"{""type"":""Point"",""coordinates"":[77.62738441505853,12.973979529826481]}"
794,22.27262140909835,1554.3594488188976,38.71181696000002,29.230000000000018,0.01982326247910198,0.2178041543026706,-0.27850467289719627,"{""type"":""Point"",""coordinates"":[77.538805481946,12.9999426589279]}"
795,21.90634932084521,1767.5375984251966,39.115143320000016,27.450000000000045,0.08576404005224206,0.1078871010287523,-0.1958997722095672,"{""type"":""Point"",""coordinates"":[77.61738841197958,12.954241559601899]}"
796,21.906890634390038,1357.9923228346454,38.59560428000003,25.610000000000014,0.09769094138543517,0.07475317348377997,-0.12430837329398746,"{""type"":""Point"",""coordinates"":[77.68538585330877,12.930022601889737]}"
797,21.901760864257824,1837.8250000000003,40.017500600000005,26.470000000000027,0.008481421647819063,0.22474432526814667,-0.2806468440271257,"{""type"":""Point"",""coordinates"":[77.62225036642842,12.879196832606482]}"
798,21.90634932084521,1763.3289370078742,39.805583360000014,27.660000000000025,0.02362869198312236,0.2159747766684183,-0.2766896551724138,"{""type"":""Point"",""coordinates"":[77.58507780015562,13.021772176297684]}"
799,21.906890634390038,1661.2994094488188,39.50479760000002,25.850000000000023,0.022306397306397305,0.27287671232876715,-0.341998844598498,"{""type"":""Point"",""coordinates"":[77.66112602734611,12.899789193670983]}"
800,22.181694382887656,2283.7305118110235,43.4184305,26.77000000000004,0.1688349233882625,0.13771270280965572,-0.28837105086264847,"{""type"":""Point"",""coordinates"":[77.62352201814501,13.064844554909675]}"
801,21.90634932084521,1992.0543307086612,43.71921626000005,27.650000000000034,0.1068946083035882,0.12122641509433962,-0.19567404426559357,"{""type"":""Point"",""coordinates"":[77.63268024279483,13.049393845243182]}"
802,22.38918151855472,1627.3161417322833,41.20355354000003,28.960000000000036,0.06722493603163526,0.15661955581194115,-0.21995740797079405,"{""type"":""Point"",""coordinates"":[77.52386443715287,12.94387936627081]}"
803,21.901760864257824,1445.4647637795276,40.68401449999999,26.930000000000007,0.0545536519386835,0.3255372945638432,-0.41641337386018235,"{""type"":""Point"",""coordinates"":[77.64495937577449,12.888281301740927]}"
804,22.27262140909835,1954.2915354330705,42.73140848000003,26.870000000000005,0.04765655769988184,0.1465149359886202,-0.2199798183652876,"{""type"":""Point"",""coordinates"":[77.49496469273338,13.035235773750022]}"
805,22.38918151855472,1230.3879921259843,37.689828980000016,26.090000000000032,-0.015481373971940009,0.5276564774381368,-0.5722846441947566,"{""type"":""Point"",""coordinates"":[77.52075549821504,12.874826450232437]}"
806,22.181694382887656,1837.1655511811023,40.02775466000003,26.450000000000045,0.03620243812338382,0.282378962890145,-0.36596858638743457,"{""type"":""Point"",""coordinates"":[77.62625514577917,13.073566678608051]}"
807,21.90634932084521,1958.840748031496,38.52382585999999,26.49000000000001,-0.013798390187811422,0.22567191844300277,-0.30007372818874417,"{""type"":""Point"",""coordinates"":[77.64893099664677,12.956802910570904]}"
808,21.906890634390038,1696.3624015748032,31.315221680000036,24.160000000000025,-0.422289613343442,0.8235722964763061,-0.7512252042007002,"{""type"":""Point"",""coordinates"":[77.66075888584315,12.932438299110746]}"
809,21.853410165960156,1586.2826771653542,35.31772310000002,25.970000000000027,-0.2588491200316393,0.7360239978183801,-0.6930851063829787,"{""type"":""Point"",""coordinates"":[77.68725643332893,12.955705359546913]}"
810,21.906890634390038,1964.6891732283464,39.68595266,25.390000000000043,0.14696813977389517,0.16355140186915887,-0.2700841622035195,"{""type"":""Point"",""coordinates"":[77.69237882745452,12.893966470699178]}"
811,21.853410165960156,1884.612401574803,40.26359804000003,28.130000000000052,0.056962025316455694,0.08258658270767741,-0.1695447409733124,"{""type"":""Point"",""coordinates"":[77.67181541741559,13.014880576987212]}"
812,21.901760864257824,1887.4283464566927,44.28660758000001,26.930000000000007,0.14885271621886645,0.10912343470483005,-0.183206106870229,"{""type"":""Point"",""coordinates"":[77.6447037748712,12.883943085394439]}"
813,22.38918151855472,1818.8466535433072,38.759669239999994,26.630000000000052,0.025914634146341462,0.3070825875735106,-0.3574083908656399,"{""type"":""Point"",""coordinates"":[77.52742822101544,12.895217718370578]}"
814,22.181694382887656,1384.23937007874,35.738139560000036,26.04000000000002,0.004671748217359233,0.32158015017956254,-0.3722033898305085,"{""type"":""Point"",""coordinates"":[77.64016862973324,13.079377802452324]}"
815,21.901760864257824,1924.985433070866,38.52382585999999,27.970000000000027,0.008059760172989974,0.1960180137473335,-0.2536645962732919,"{""type"":""Point"",""coordinates"":[77.63108534745226,12.912772320223455]}"
816,22.181694382887656,2033.4293307086614,40.67717846000005,26.53000000000003,0.06960227272727272,0.15596735054048091,-0.26692456479690524,"{""type"":""Point"",""coordinates"":[77.59617777746668,13.071695984656527]}"
817,22.181694382887656,1619.7147637795274,39.785075240000026,26.04000000000002,0.16184148077835786,0.031240875912408757,-0.11736792154381524,"{""type"":""Point"",""coordinates"":[77.64144959603809,13.0791606691831]}"
818,21.901760864257824,1374.1675196850392,38.13417158000004,27.110000000000014,-0.15816326530612246,0.621955180253329,-0.6161812297734628,"{""type"":""Point"",""coordinates"":[77.59770969362398,12.87649771108302]}"
819,22.27262140909835,1702.4421259842518,38.93057024000001,27.630000000000052,-0.048714196111227265,0.332624867162593,-0.3630434782608696,"{""type"":""Point"",""coordinates"":[77.49732161926488,12.957105628019058]}"
820,21.901760864257824,2552.65374015748,39.97648436000003,26.390000000000043,0.09200643776824034,0.1389636608344549,-0.3145631067961165,"{""type"":""Point"",""coordinates"":[77.63273877691351,12.9486764792517]}"
821,21.906890634390038,1765.2787401574803,39.36124075999999,26.05000000000001,0.030999349663993064,0.1766254277441432,-0.2317442821713971,"{""type"":""Point"",""coordinates"":[77.69120007852264,12.932771099773591]}"
822,21.90634932084521,1715.9332677165355,37.81629572000003,27.970000000000027,0.05593018643395478,0.27750939345142245,-0.3584474885844749,"{""type"":""Point"",""coordinates"":[77.60246789926812,12.973549890699214]}"
823,21.901760864257824,1735.5759842519685,39.921796040000004,28.900000000000034,0.019916830816371196,0.19989281886387997,-0.25504484304932734,"{""type"":""Point"",""coordinates"":[77.56250591743408,12.9142585757688]}"
824,21.853410165960156,2239.6625984251964,35.512550239999996,27.590000000000032,-0.3768545994065282,0.8101430429128739,-0.7279659514098245,"{""type"":""Point"",""coordinates"":[77.68744866539336,13.0138158427702]}"
825,21.901760864257824,1767.1064960629922,38.15467970000003,26.29000000000002,0.04311649016641452,0.3132623929405658,-0.39740403203534935,"{""type"":""Point"",""coordinates"":[77.57097099232445,12.874024722977568]}"
826,21.90634932084521,1739.7905511811025,39.053618959999994,29.150000000000034,-0.07498450733319562,0.34192882929345025,-0.38441074753923915,"{""type"":""Point"",""coordinates"":[77.57444316793621,12.95223397467199]}"
827,22.29895782470703,1498.1320866141732,37.47107570000003,26.52000000000004,-0.14341252699784018,0.5488589818607372,-0.5685925925925925,"{""type"":""Point"",""coordinates"":[77.54780703243532,13.058881603990333]}"
828,22.38918151855472,1699.6045275590548,41.48383118000004,26.170000000000016,0.14553607827150428,0.19600570613409415,-0.2741641337386018,"{""type"":""Point"",""coordinates"":[77.48574994670999,12.895789921465672]}"
829,21.90634932084521,1679.4470472440944,41.10784898000003,28.010000000000048,0.07692307692307693,0.2142237640936687,-0.2631578947368421,"{""type"":""Point"",""coordinates"":[77.60788259326088,12.986761280071295]}"
830,21.901760864257824,1704.0838582677163,36.69518516000005,27.910000000000025,-0.1823702252693438,0.5504752119188286,-0.5698309492847854,"{""type"":""Point"",""coordinates"":[77.6086657027775,12.892393270952784]}"
831,22.181694382887656,2008.745275590551,42.85103918000004,27.210000000000036,0.07371556217423679,0.40851449275362317,-0.5237628613424792,"{""type"":""Point"",""coordinates"":[77.58665128403051,13.05272072708105]}"
832,22.29895782470703,1726.2482283464567,37.149781820000044,26.27000000000004,-0.09964285714285714,0.5581983805668016,-0.6209528823374573,"{""type"":""Point"",""coordinates"":[77.54399774371146,13.071343328539546]}"
833,21.90634932084521,2317.542519685039,38.59560428000003,27.630000000000052,-0.04333919718535103,0.29856687898089174,-0.32655551037006914,"{""type"":""Point"",""coordinates"":[77.55771550759152,13.046896557286354]}"
834,21.90634932084521,1684.7157480314959,38.920316179999986,27.940000000000055,-0.11509162034177475,0.43584305408271473,-0.4653679653679654,"{""type"":""Point"",""coordinates"":[77.58154923048704,13.03922814915679]}"
835,21.90634932084521,1650.0897637795274,39.046782920000055,27.940000000000055,-0.025210084033613446,0.33314653964695995,-0.37118155619596543,"{""type"":""Point"",""coordinates"":[77.5595880927103,13.03168425690218]}"
836,22.38918151855472,1871.1547244094486,39.21426589999999,26.630000000000052,0.13572277900458637,0.25196850393700787,-0.37327935222672065,"{""type"":""Point"",""coordinates"":[77.49668293999164,12.90186767267247]}"
837,21.90634932084521,1907.7777559055119,39.02627480000001,28.960000000000036,0.020024519820187985,0.15929417452260092,-0.22004578987534978,"{""type"":""Point"",""coordinates"":[77.55094495719263,12.983604827820981]}"
838,21.901760864257824,1681.1192913385826,39.36124075999999,27.510000000000048,0.042777155655095184,0.17288693743139408,-0.22639885222381637,"{""type"":""Point"",""coordinates"":[77.62846106623667,12.899769872096977]}"
839,22.181694382887656,1886.5956692913385,37.20788816000004,27.310000000000002,0.035522921214526694,0.15714285714285714,-0.2366412213740458,"{""type"":""Point"",""coordinates"":[77.58837920706254,13.064849036772316]}"
840,21.901760864257824,2016.9263779527555,37.197634100000016,26.870000000000005,0.026988382484361036,0.20282810428634557,-0.29403375326836223,"{""type"":""Point"",""coordinates"":[77.57005472508395,12.882519650471188]}"
841,21.901760864257824,1662.0759842519685,36.96862676000001,28.80000000000001,-0.12255406797116375,0.44754316069057104,-0.4789687924016282,"{""type"":""Point"",""coordinates"":[77.55937046487088,12.901912971416163]}"
842,21.90634932084521,1909.8761811023624,40.51311350000003,28.57000000000005,0.11718131433095803,0.09582309582309582,-0.18680149015433742,"{""type"":""Point"",""coordinates"":[77.593643677463,12.957304508384519]}"
843,21.853410165960156,1893.2885826771653,39.92521406000003,27.33000000000004,0.00846233230134159,0.1523147037658911,-0.21774397972116602,"{""type"":""Point"",""coordinates"":[77.67320637340883,12.961937436356637]}"
844,21.853410165960156,2150.942125984252,41.456487020000054,27.05000000000001,0.11350260635614595,0.14708442123585727,-0.25225653206650833,"{""type"":""Point"",""coordinates"":[77.69542722539978,12.974088619804656]}"
845,22.38918151855472,1814.9145669291338,37.94959849999998,28.630000000000052,0.006711409395973154,0.2430643929753118,-0.2856014740721242,"{""type"":""Point"",""coordinates"":[77.52115717880955,12.91862839388159]}"
846,22.181694382887656,620.723622047244,36.493521980000025,27.650000000000034,-0.24769514443761526,0.44176136363636365,-0.22732769044740025,"{""type"":""Point"",""coordinates"":[77.56674936104181,13.063876730396364]}"
847,21.90634932084521,2059.477559055118,41.996534180000026,28.710000000000036,0.11386940097139774,0.13528462779442268,-0.2085377821393523,"{""type"":""Point"",""coordinates"":[77.6114680366904,13.039082325616084]}"
848,22.38918151855472,1135.729527559055,35.83384411999998,26.230000000000018,0.00651890482398957,0.5344341522351993,-0.5941422594142259,"{""type"":""Point"",""coordinates"":[77.52731385974663,12.880442356562947]}"
849,21.90634932084521,2377.5937007874018,38.66054666000002,29.130000000000052,0.08595946145879568,0.1530421799178798,-0.2970816712156204,"{""type"":""Point"",""coordinates"":[77.55494678461368,12.950997419786361]}"
850,22.38918151855472,1208.6832677165353,39.96964832000003,25.79000000000002,0.09302325581395349,0.3939393939393939,-0.4729064039408867,"{""type"":""Point"",""coordinates"":[77.498363634248,12.866499972787116]}"
851,21.906890634390038,2209.6242125984254,38.02137692000002,25.80000000000001,0.131217277486911,0.15459882583170254,-0.20081411126187246,"{""type"":""Point"",""coordinates"":[77.66658348602175,12.88863495598423]}"
852,22.27262140909835,1643.5287401574803,41.80170704,28.840000000000032,0.08051341890315053,0.12991109836535705,-0.19430130342528038,"{""type"":""Point"",""coordinates"":[77.51784997494083,12.987750407960268]}"
853,21.90634932084521,1311.1173228346456,36.05943344000002,27.850000000000023,-0.008157524613220815,0.2786300392436675,-0.3274074074074074,"{""type"":""Point"",""coordinates"":[77.59709320645631,12.976103844353364]}"
854,22.38918151855472,2149.0543307086614,44.96679356000004,28.690000000000055,0.17640401754137786,0.22131319488147683,-0.40764023210831724,"{""type"":""Point"",""coordinates"":[77.52524859785426,12.927930317872931]}"
855,21.853410165960156,1317.0631889763781,42.84420313999999,27.670000000000016,0.1400094921689606,0.3294203961848863,-0.3130434782608696,"{""type"":""Point"",""coordinates"":[77.66960367285876,12.959227295876282]}"
856,22.181694382887656,1238.985433070866,34.54866860000004,26.57000000000005,-0.017788089713843776,0.4419284149013879,-0.4808702175543886,"{""type"":""Point"",""coordinates"":[77.57488994385936,13.071400058009218]}"
857,21.853410165960156,1273.880118110236,40.45158914000001,24.630000000000052,0.08829268292682926,0.31758900246739513,-0.36323851203501095,"{""type"":""Point"",""coordinates"":[77.69126309677313,13.043617182272602]}"
858,21.906890634390038,1823.432283464567,46.22462492,25.310000000000002,0.17992782264993984,0.20901950848745882,-0.3720529039677976,"{""type"":""Point"",""coordinates"":[77.65344659523512,12.949228004318948]}"
859,21.901760864257824,1657.7423228346456,38.359760900000026,26.650000000000034,0.021956856702619414,0.37876730925875646,-0.45168667810177243,"{""type"":""Point"",""coordinates"":[77.55491103236545,12.874726467531957]}"
860,22.38918151855472,1981.7049212598422,41.059996700000056,26.190000000000055,0.13156002875629044,0.15349725471472905,-0.23897435897435898,"{""type"":""Point"",""coordinates"":[77.5120888570425,12.898197851279637]}"
861,22.27262140909835,1673.4047244094488,42.02729636000004,28.230000000000018,0.08130615822923515,0.18652703085196717,-0.2532137518684604,"{""type"":""Point"",""coordinates"":[77.50256626240774,13.006212433043702]}"
862,21.901760864257824,1505.1812992125986,37.00280696000004,28.450000000000045,-0.013065795613625758,0.3788504287075262,-0.39211285668483487,"{""type"":""Point"",""coordinates"":[77.60269355373283,12.91548335049334]}"
863,21.853410165960156,1885.2088582677168,42.51265520000004,27.77000000000004,0.022350674373795763,0.22649262750785593,-0.2907657084711269,"{""type"":""Point"",""coordinates"":[77.66919570618482,13.027115210325656]}"
864,21.901760864257824,1645.6232283464567,36.81481586000001,28.590000000000032,-0.03792415169660679,0.35612865835989566,-0.37042459736456806,"{""type"":""Point"",""coordinates"":[77.57864655851492,12.930623432503584]}"
865,21.853410165960156,2270.8299212598426,40.718194700000026,24.630000000000052,-0.10293881483860608,0.33800896162088445,-0.3774568792619334,"{""type"":""Point"",""coordinates"":[77.69426218288022,13.042479115441244]}"
866,21.90634932084521,1590.767913385827,36.17906414000004,27.470000000000027,-0.14338385907414994,0.5889553088528323,-0.5799603736201528,"{""type"":""Point"",""coordinates"":[77.6474061258407,12.979072777735931]}"
867,21.901760864257824,1681.186220472441,38.26747436000005,29.57000000000005,0.04566309809919161,0.19835390946502057,-0.2824427480916031,"{""type"":""Point"",""coordinates"":[77.55098033343303,12.938536214207408]}"
868,21.90634932084521,1511.471653543307,40.99163629999998,28.390000000000043,0.04577379510777428,0.18961352657004832,-0.2838057999348322,"{""type"":""Point"",""coordinates"":[77.62253538012295,13.040376801649241]}"
869,21.853410165960156,2169.4795275590554,45.59229121999999,27.590000000000032,0.10035455526437491,0.21507391213824692,-0.33945375258205185,"{""type"":""Point"",""coordinates"":[77.68957024609644,13.016242751292893]}"
870,21.906890634390038,2309.161614173228,40.29094220000002,26.130000000000052,0.09339975093399751,0.12933876284661625,-0.23651804670912951,"{""type"":""Point"",""coordinates"":[77.69845798477732,12.932550554883218]}"
871,21.853410165960156,1847.4007874015747,44.93944940000006,26.010000000000048,0.23536054202290693,0.1918531556449585,-0.3871817383669886,"{""type"":""Point"",""coordinates"":[77.68179938653824,12.95227813855846]}"
872,21.901760864257824,1812.2521653543306,38.332416739999985,27.29000000000002,-0.03462157809983897,0.2976521080535218,-0.34414225941422594,"{""type"":""Point"",""coordinates"":[77.64102698172971,12.914718631708727]}"
873,21.90634932084521,1282.7728346456693,31.455360499999983,27.930000000000007,-0.21219117986608174,0.7875383043922369,-0.7361111111111112,"{""type"":""Point"",""coordinates"":[77.59253475579249,12.973589696487952]}"
874,22.38918151855472,1444.9834645669291,38.821193600000015,29.130000000000052,-0.0833907649896623,0.4774436090225564,-0.49571836346336823,"{""type"":""Point"",""coordinates"":[77.53889213735496,12.936825366743692]}"
875,21.901760864257824,1882.5986220472444,39.723550880000005,27.190000000000055,0.060174188440221696,0.15607499391283175,-0.2310085558724397,"{""type"":""Point"",""coordinates"":[77.62904548075635,12.884230370365808]}"
876,21.901760864257824,1715.176377952756,36.753291500000046,27.29000000000002,-0.12215078901227353,0.48760330578512395,-0.5118110236220472,"{""type"":""Point"",""coordinates"":[77.64205075444004,12.911183720580315]}"
877,21.90634932084521,1950.9214566929131,40.919857879999995,28.460000000000036,-0.013731548232063165,0.39456906729634,-0.44330400782013685,"{""type"":""Point"",""coordinates"":[77.6218476473302,13.014918456934438]}"
878,21.901760864257824,1118.2935039370077,34.00862144000001,25.350000000000023,-0.11146328578975172,0.6599605522682446,-0.6872493985565357,"{""type"":""Point"",""coordinates"":[77.64058514519871,12.938425239045587]}"
879,22.27262140909835,1471.350590551181,39.45010927999999,27.29000000000002,-0.06074967686342094,0.4786786786786787,-0.5164767477671697,"{""type"":""Point"",""coordinates"":[77.49174966642866,12.982920505628599]}"
880,21.901760864257824,1840.8850393700789,38.937406280000005,28.03000000000003,0.10357815442561205,0.11359500909799844,-0.1657142857142857,"{""type"":""Point"",""coordinates"":[77.64092222967017,12.905135874561669]}"
881,22.38918151855472,2036.2462598425195,43.38425030000002,28.690000000000055,0.10996119016817593,0.263544536271809,-0.3559990145355999,"{""type"":""Point"",""coordinates"":[77.53069486812717,12.930323137111218]}"
882,21.90634932084521,1800.3633858267717,37.036987160000024,27.900000000000034,-0.07797902764537655,0.4423469387755102,-0.4504874294510005,"{""type"":""Point"",""coordinates"":[77.60016833400532,12.977605279539038]}"
883,22.27262140909835,1994.133070866142,41.21722562000002,26.690000000000055,0.165897767115704,0.09310761789600967,-0.1601642710472279,"{""type"":""Point"",""coordinates"":[77.4897966467278,13.041295179867376]}"
884,22.27262140909835,1523.1625984251966,42.37251637999998,27.950000000000045,0.06057194325602342,0.2577630388905638,-0.3475452196382429,"{""type"":""Point"",""coordinates"":[77.54916812680786,13.028559748776052]}"
885,21.901760864257824,1779.6734251968505,41.69574842000003,25.03000000000003,0.034482758620689655,0.21018780550553126,-0.27479674796747966,"{""type"":""Point"",""coordinates"":[77.63991765129872,12.864698984610387]}"
886,21.853410165960156,1889.1537401574803,40.00724653999998,27.250000000000057,0.029513888888888888,0.3482875060299083,-0.4031124497991968,"{""type"":""Point"",""coordinates"":[77.7029537469567,12.99566778473349]}"
887,22.38918151855472,1583.8033464566927,40.509695480000005,26.07000000000005,0.12449055205631715,0.41116751269035534,-0.49320695102685624,"{""type"":""Point"",""coordinates"":[77.49426049201082,12.890230235166362]}"
888,21.906890634390038,1759.0001968503939,38.920316179999986,25.890000000000043,0.013781921361978111,0.2754914809960681,-0.32588555858310625,"{""type"":""Point"",""coordinates"":[77.69204731635831,12.934638214565004]}"
889,21.901760864257824,1886.8062992125988,36.94470062000005,28.650000000000034,-0.01993289915137162,0.24380264741275573,-0.29979879275653926,"{""type"":""Point"",""coordinates"":[77.57758746798038,12.920658657247492]}"
890,21.90634932084521,1630.8751968503934,40.15422139999998,28.660000000000025,-0.05195052331113226,0.47807486631016044,-0.5563063063063063,"{""type"":""Point"",""coordinates"":[77.6071999070215,13.02208385850106]}"
891,22.181694382887656,1905.1665354330707,42.112746860000016,26.710000000000036,0.0716922479114047,0.15662067296054225,-0.23398760330578514,"{""type"":""Point"",""coordinates"":[77.63526438018887,13.07227886484003]}"
892,21.853410165960156,358.7049212598425,31.496376740000017,27.33000000000004,-0.5405405405405406,0.18887601390498263,0.088,"{""type"":""Point"",""coordinates"":[77.6884414032674,12.973372148821522]}"
893,21.90634932084521,1691.5336614173227,39.85685366000001,28.230000000000018,0.05345911949685535,0.17874125874125874,-0.23036496350364963,"{""type"":""Point"",""coordinates"":[77.57145596906007,13.001130838425668]}"
894,22.028686777750693,1746.9431102362207,44.423328380000044,24.750000000000057,0.051622418879056046,0.3095723014256619,-0.4135751580104424,"{""type"":""Point"",""coordinates"":[77.69865820684619,13.054030768793728]}"
895,22.27262140909835,2114.6448818897634,43.767068540000025,27.060000000000002,0.07832772705430081,0.25578350065473593,-0.3548387096774194,"{""type"":""Point"",""coordinates"":[77.50443628101577,13.025170985520417]}"
896,22.27262140909835,1524.7541338582678,44.19432103999998,28.730000000000018,0.08617511520737327,0.22520852641334568,-0.3016081391532655,"{""type"":""Point"",""coordinates"":[77.5086375171941,13.004183330335179]}"
897,21.901760864257824,1799.8830708661415,36.52086614000001,27.660000000000025,0.03134996801023673,0.16223132036847493,-0.21508828250401285,"{""type"":""Point"",""coordinates"":[77.59238063865216,12.884350617551332]}"
898,22.38918151855472,1857.934251968504,41.25140582000006,25.930000000000007,0.09166832372241002,0.15208070617906683,-0.24063009234111896,"{""type"":""Point"",""coordinates"":[77.51490684799957,12.878384974702621]}"
899,21.906890634390038,1194.86437007874,36.643914859999995,24.090000000000032,-0.03281027104136947,0.6830685780705154,-0.6573826783670355,"{""type"":""Point"",""coordinates"":[77.65394401041667,12.936492784732147]}"
900,22.29895782470703,2232.023818897638,41.883739520000006,26.110000000000014,0.11410601976639713,0.21031096563011456,-0.33303289770166744,"{""type"":""Point"",""coordinates"":[77.48527611494455,13.062283025983133]}"
901,21.90634932084521,1660.4942913385828,36.196154240000055,28.07000000000005,-0.177107501933488,0.6097303014278159,-0.627807486631016,"{""type"":""Point"",""coordinates"":[77.59281990338198,13.01335274270777]}"
902,21.906890634390038,1687.6980314960629,41.82563318000001,25.370000000000005,0.040956300215559474,0.3138255033557047,-0.4043041606886657,"{""type"":""Point"",""coordinates"":[77.68001187404063,12.94779105449053]}"
903,22.38918151855472,1983.7885826771653,38.28798247999998,26.630000000000052,0.1310051409324588,0.12071330589849108,-0.2492354740061162,"{""type"":""Point"",""coordinates"":[77.52848211552964,12.896032114293462]}"
904,21.901760864257824,2018.4647637795276,40.78313708000002,27.700000000000045,0.10373306904525934,0.2245542766869781,-0.3289248101885868,"{""type"":""Point"",""coordinates"":[77.61966375050254,12.897815697637153]}"
905,21.90634932084521,2002.1360236220473,37.10876558000001,27.950000000000045,-0.0187565126780132,0.30239786856127887,-0.3808851224105461,"{""type"":""Point"",""coordinates"":[77.57081322078025,13.026102322551628]}"
906,22.27262140909835,1614.0326771653542,42.30415598000002,27.950000000000045,0.07854171764130169,0.09763917225298746,-0.14433302947432392,"{""type"":""Point"",""coordinates"":[77.5388194127981,13.029034390474884]}"
907,21.906890634390038,1988.1291338582676,40.74895688000004,25.470000000000027,0.04802207911683533,0.18127853881278538,-0.2536951780954689,"{""type"":""Point"",""coordinates"":[77.69321021184224,12.890467427695187]}"
908,22.028686777750693,2264.2639763779525,43.40475842000001,25.28000000000003,0.11746522411128284,0.13541459534698747,-0.2725651883218186,"{""type"":""Point"",""coordinates"":[77.66370635216447,13.069859808060352]}"
909,22.38918151855472,1242.9942913385826,37.06774933999998,28.07000000000005,-0.003330161750713606,0.5456211066324661,-0.5768224299065421,"{""type"":""Point"",""coordinates"":[77.50967355074016,12.939035676270658]}"
910,21.853410165960156,1862.5169291338582,46.95608120000003,24.29000000000002,0.1194162662395444,0.20565302144249512,-0.3574759945130315,"{""type"":""Point"",""coordinates"":[77.70441202895822,13.04253114674561]}"
911,21.90634932084521,1723.76594488189,38.94082430000003,29.110000000000014,0.06707053223712678,0.17846406121891228,-0.23235210060017147,"{""type"":""Point"",""coordinates"":[77.57367395696494,12.960515128242903]}"
912,21.901760864257824,1583.5917322834646,36.03208928000004,28.170000000000016,-0.02887569117345894,0.43133903133903134,-0.4868304232021308,"{""type"":""Point"",""coordinates"":[77.61688824085722,12.938827425352638]}"
913,22.29895782470703,1690.951968503937,39.26895422000001,28.010000000000048,0.02281766799246389,0.27054980947196516,-0.33983926521239954,"{""type"":""Point"",""coordinates"":[77.49922240033187,13.052623481514672]}"
914,21.901760864257824,1642.165551181102,38.332416739999985,27.850000000000023,0.01938819474364498,0.27435610302351626,-0.3302162478082992,"{""type"":""Point"",""coordinates"":[77.57659113405252,12.891394970175492]}"
915,22.27262140909835,1908.9450787401574,43.05612038000004,26.870000000000005,0.11662699761985719,0.22894985808893092,-0.3538301198540907,"{""type"":""Point"",""coordinates"":[77.49353272338419,13.041493504996085]}"
916,21.906890634390038,1221.3486220472441,35.34506726000001,25.730000000000018,0.0901999024865919,0.4120317820658343,-0.49759229534510435,"{""type"":""Point"",""coordinates"":[77.66145092500695,12.91909281481496]}"
917,21.901760864257824,1466.6311023622047,38.496481700000004,28.650000000000034,0.09312357269728495,0.1725721784776903,-0.22397260273972602,"{""type"":""Point"",""coordinates"":[77.57283372394541,12.910663549748719]}"
918,22.29895782470703,1863.959842519685,39.29971640000002,26.590000000000032,0.03227038380752339,0.23609756097560974,-0.32462101411395716,"{""type"":""Point"",""coordinates"":[77.50473498763448,13.067981667682904]}"
919,22.181694382887656,1862.4677165354328,43.19967722000001,27.29000000000002,0.10426443582942256,0.11280101394169835,-0.18712817739318552,"{""type"":""Point"",""coordinates"":[77.62885256569416,13.050973966154965]}"
920,22.38918151855472,1965.9214566929134,39.07412708000004,27.28000000000003,0.00781831720029784,0.22528735632183908,-0.29620622568093385,"{""type"":""Point"",""coordinates"":[77.53813977616497,12.895095680365214]}"
921,21.901760864257824,1528.463779527559,35.53647638000001,28.670000000000016,-0.08044132397191575,0.5384175949728649,-0.5780837972458248,"{""type"":""Point"",""coordinates"":[77.58644536275943,12.949556115652449]}"
922,21.90634932084521,1779.6724409448818,40.46526122,28.590000000000032,0.044506557729520536,0.15699036709190314,-0.2232314891274429,"{""type"":""Point"",""coordinates"":[77.64907341840373,13.022763211740376]}"
923,21.90634932084521,1916.3771653543306,40.74553886000001,28.590000000000032,0.03770977295162883,0.15088547815820544,-0.23768410360589132,"{""type"":""Point"",""coordinates"":[77.62607670909378,13.03120220006768]}"
924,21.90634932084521,1769.0454724409446,39.47403542000001,28.55000000000001,0.05155979202772964,0.14877984780897402,-0.20839083632348882,"{""type"":""Point"",""coordinates"":[77.64684892663858,13.027419191655056]}"
925,22.27262140909835,1673.3555118110235,41.54877356000003,27.190000000000055,0.04050367261280168,0.3256016236590316,-0.35226264418811004,"{""type"":""Point"",""coordinates"":[77.50171689493132,13.017801674193871]}"
926,21.853410165960156,1939.3200787401577,40.09611505999999,28.130000000000052,0.04962527850921612,0.125449748141041,-0.191467750126968,"{""type"":""Point"",""coordinates"":[77.6707726794148,13.013987503716441]}"
927,21.90634932084521,4227.935236220472,38.74941518000003,28.390000000000043,-0.002900953170327393,0.03352551783045057,-0.08629783413758277,"{""type"":""Point"",""coordinates"":[77.57066215710715,12.991917912472168]}"
928,21.853410165960156,1817.7206692913385,38.14100761999998,27.470000000000027,0.023123732251521298,0.24251805985552116,-0.28735632183908044,"{""type"":""Point"",""coordinates"":[77.68023192682645,12.970567129525529]}"
929,22.27262140909835,1833.2305118110232,42.59126966000002,28.730000000000018,0.05455274769354192,0.19221041982802226,-0.27233468286099866,"{""type"":""Point"",""coordinates"":[77.50813078184311,13.005349764855366]}"
930,22.181694382887656,1420.0366141732281,38.95449638000002,27.420000000000016,0.12964115328769965,0.34963010614345447,-0.501252236135957,"{""type"":""Point"",""coordinates"":[77.55796012299392,13.057577994675416]}"
931,22.38918151855472,2115.1685039370077,39.019438760000014,29.03000000000003,0.08177794881662498,0.06613047363717604,-0.11547452080411408,"{""type"":""Point"",""coordinates"":[77.54091517541121,12.921971143074677]}"
932,21.853410165960156,1814.5011811023624,40.28752417999999,27.610000000000014,0.06992003280705351,0.17058064516129032,-0.2349578001633542,"{""type"":""Point"",""coordinates"":[77.67550208276666,12.981847779873831]}"
933,22.38918151855472,2252.8102362204722,42.62886788000003,28.730000000000018,0.13712787289834952,0.15578512396694214,-0.27049738814444696,"{""type"":""Point"",""coordinates"":[77.53114532040792,12.920575373361286]}"
934,21.853410165960156,1869.6064960629917,39.44669126000002,27.180000000000007,-0.035555555555555556,0.4004507888805409,-0.42835249042145596,"{""type"":""Point"",""coordinates"":[77.68857379048151,12.965925307153604]}"
935,22.27262140909835,1718.4795275590552,41.309512160000054,28.970000000000027,0.07385968974299606,0.09980753368160572,-0.15573533660791677,"{""type"":""Point"",""coordinates"":[77.52399423091359,12.992294664798948]}"
936,21.90634932084521,1309.0198818897636,37.51892798000006,27.900000000000034,0.051255230125523014,0.28243195475433014,-0.3552484124019425,"{""type"":""Point"",""coordinates"":[77.58587818483922,12.982649551663028]}"
937,21.853410165960156,1806.198031496063,40.164475460000006,28.130000000000052,-0.041281577325939615,0.26370887337986043,-0.3199687581359021,"{""type"":""Point"",""coordinates"":[77.66825325414015,13.013172320483907]}"
938,22.38918151855472,1326.8751968503939,38.48622764000004,27.630000000000052,-0.0259268233583717,0.42032874874203285,-0.4877020379479972,"{""type"":""Point"",""coordinates"":[77.48820886145116,12.909325405135554]}"
939,22.181694382887656,1964.3899606299212,41.456487020000054,26.710000000000036,0.06275720164609054,0.24453551912568305,-0.3390494855463008,"{""type"":""Point"",""coordinates"":[77.63430131403884,13.073230133988766]}"
940,21.901760864257824,1816.2954724409449,39.183503719999976,28.55000000000001,0.07313131313131313,0.1935483870967742,-0.25389450669581853,"{""type"":""Point"",""coordinates"":[77.60366374797232,12.930243577695615]}"
941,22.27262140909835,1998.432283464567,41.38129058000004,26.690000000000055,0.020025257081003067,0.2559537572254335,-0.31461761858664083,"{""type"":""Point"",""coordinates"":[77.48739538917616,13.040472237266977]}"
942,22.028686777750693,2046.4155511811023,42.67330214000003,24.83000000000004,0.07355932203389831,0.2090245520902455,-0.30922155688622754,"{""type"":""Point"",""coordinates"":[77.68711044285419,13.053515770974272]}"
943,22.38918151855472,1709.7708661417323,40.229417839999996,29.370000000000005,0.04623092689592348,0.12853678253839934,-0.20310255673656996,"{""type"":""Point"",""coordinates"":[77.5496852609175,12.921486186009977]}"
944,22.27262140909835,1893.6035433070865,38.592186260000005,27.630000000000052,-0.03184713375796178,0.2692307692307692,-0.335832083958021,"{""type"":""Point"",""coordinates"":[77.49143434052152,12.956520597576624]}"
945,22.29895782470703,1994.3791338582676,41.53510147999998,27.33000000000004,0.04792820316975368,0.16007445323406236,-0.22807881773399014,"{""type"":""Point"",""coordinates"":[77.49738177627835,13.058934633982899]}"
946,21.901760864257824,1851.4293307086612,37.016479040000036,27.29000000000002,-0.09066461774875144,0.36,-0.40024660912453763,"{""type"":""Point"",""coordinates"":[77.64236046074429,12.913209824239935]}"
947,21.901760864257824,1708.2610236220473,41.30609414000003,27.79000000000002,0.1606434092333403,0.13921179472639636,-0.21536600120992136,"{""type"":""Point"",""coordinates"":[77.55296123914096,12.884589777736736]}"
948,21.901760864257824,1900.9135826771656,39.525305720000006,26.390000000000043,0.06359102244389027,0.0974184120798831,-0.1728266527850078,"{""type"":""Point"",""coordinates"":[77.63007566899724,12.88335501416949]}"
949,21.90634932084521,1671.7659448818895,37.310428760000036,28.590000000000032,-0.09666666666666666,0.4,-0.4461538461538462,"{""type"":""Point"",""coordinates"":[77.64716077620312,13.0206525862552]}"
950,22.028686777750693,1695.6094488188978,40.913021840000056,25.450000000000045,0.029853658536585365,0.3230441724321448,-0.4120988355580801,"{""type"":""Point"",""coordinates"":[77.6727950429574,13.063683638145898]}"
951,21.906890634390038,2015.8919291338584,39.63126434000003,25.370000000000005,0.043781480046493605,0.14285714285714285,-0.19660606060606062,"{""type"":""Point"",""coordinates"":[77.67869812277549,12.94694566337541]}"
952,21.901760864257824,2250.0149606299215,41.408634740000025,26.390000000000043,0.08491343775762572,0.12919633774160733,-0.22031662269129287,"{""type"":""Point"",""coordinates"":[77.63378804920792,12.881793691284082]}"
953,22.27262140909835,1839.0346456692914,40.98821828000001,28.970000000000027,0.04027249048286916,0.22193877551020408,-0.2828066416711302,"{""type"":""Point"",""coordinates"":[77.52288538693142,12.994441611647188]}"
954,21.906890634390038,3237.0759842519683,41.09075888000001,25.200000000000045,0.17130462384932812,0.08536585365853659,-0.2277786486910174,"{""type"":""Point"",""coordinates"":[77.69769312320894,12.874523273406764]}"
955,21.901760864257824,2089.0612204724407,40.448171119999984,25.650000000000034,0.09015544041450778,0.15097225256718375,-0.25878136200716845,"{""type"":""Point"",""coordinates"":[77.6456013032753,12.864814825423442]}"
956,22.29895782470703,1664.6173228346458,38.605858340000054,26.130000000000052,-0.004625346901017576,0.46558704453441296,-0.4860426929392447,"{""type"":""Point"",""coordinates"":[77.51347315451571,13.077981426828257]}"
957,21.90634932084521,1399.2344488188976,38.54091596000001,29.120000000000005,0.09725953788285868,0.16464471403812825,-0.22627737226277372,"{""type"":""Point"",""coordinates"":[77.55511599422805,12.998575809309488]}"
958,21.901760864257824,1551.2305118110235,34.27864502,28.810000000000002,-0.18076062639821028,0.5045610034207526,-0.5032754201082312,"{""type"":""Point"",""coordinates"":[77.57035691233226,12.94267263647777]}"
959,21.853410165960156,2083.0100393700786,39.38174888000003,27.650000000000034,0.06913674560733385,0.08576520383158832,-0.14493774958891237,"{""type"":""Point"",""coordinates"":[77.66733332324964,12.97887221317969]}"
960,21.90634932084521,2008.8663385826774,38.83144765999998,27.890000000000043,-0.018134715025906734,0.2584629460201281,-0.30286526166232536,"{""type"":""Point"",""coordinates"":[77.62844220901782,12.970845306783254]}"
961,21.853410165960156,999.9135826771653,33.75226994000002,27.57000000000005,-0.17813267813267813,0.6906126046716615,-0.6700043535045712,"{""type"":""Point"",""coordinates"":[77.65703271325648,12.986062881586674]}"
962,22.181694382887656,1632.668503937008,41.63080604000004,27.29000000000002,0.01450494008829094,0.2879120879120879,-0.3691588785046729,"{""type"":""Point"",""coordinates"":[77.6236664740443,13.054384683316481]}"
963,21.901760864257824,1710.9401574803148,37.43689549999999,28.810000000000002,-6.568863586599519E-4,0.2225789192081327,-0.2858750703432752,"{""type"":""Point"",""coordinates"":[77.56439614966952,12.945877016647746]}"
964,21.906890634390038,1415.4086614173227,40.59856400000001,25.730000000000018,0.10102875230809813,0.14018066242890598,-0.2059447983014862,"{""type"":""Point"",""coordinates"":[77.65529614689693,12.870721756619377]}"
965,21.90634932084521,1838.541535433071,39.15274154000002,29.150000000000034,0.07871349978840457,0.10563737938039613,-0.18476190476190477,"{""type"":""Point"",""coordinates"":[77.56296748791031,12.998824526626507]}"
966,22.29895782470703,2059.6566929133855,41.16595532000002,26.610000000000014,0.04533658983361319,0.31663157894736843,-0.47360980207351555,"{""type"":""Point"",""coordinates"":[77.53716762492391,13.05606860302148]}"
967,22.38918151855472,1594.201968503937,43.11422672000003,28.930000000000007,0.1131110656575987,0.23427270139481923,-0.3756345177664975,"{""type"":""Point"",""coordinates"":[77.5331729784304,12.939606256888327]}"
968,21.853410165960156,2286.750196850394,39.68253464000003,27.180000000000007,0.05332024860974812,0.16952919781774095,-0.23675213675213674,"{""type"":""Point"",""coordinates"":[77.68528531639068,12.965711295203613]}"
969,22.38918151855472,1802.540551181102,39.17666768000004,29.03000000000003,0.08751357220412595,0.12352941176470589,-0.17868162692847125,"{""type"":""Point"",""coordinates"":[77.54235384736266,12.919967458544155]}"
970,21.90634932084521,1592.428346456693,40.16789348000003,28.170000000000016,0.051817116060961316,0.18731650029359953,-0.25512104283054005,"{""type"":""Point"",""coordinates"":[77.58735475436595,13.025742896598443]}"
971,22.27262140909835,1579.0927165354328,42.07173062000004,28.210000000000036,0.091123701605288,0.1530398322851153,-0.22533418204964992,"{""type"":""Point"",""coordinates"":[77.5072861800974,13.010443647257468]}"
972,21.90634932084521,1177.0169291338584,42.26313974000004,27.440000000000055,0.06842241156726052,0.3427614439895795,-0.4460921843687375,"{""type"":""Point"",""coordinates"":[77.58413097438195,13.048860550915244]}"
973,22.27262140909835,1870.1773622047244,40.195237640000016,27.29000000000002,-8.254230293025176E-4,0.18843420730213184,-0.2416794674859191,"{""type"":""Point"",""coordinates"":[77.49280199199985,12.976847982808977]}"
974,21.906890634390038,2221.000196850394,42.38277044000006,25.730000000000018,0.11311914323962517,0.14644170452087388,-0.2150389729481889,"{""type"":""Point"",""coordinates"":[77.65750044727298,12.86862756797948]}"
975,22.29895782470703,1967.2118110236222,42.90914552000004,27.430000000000007,0.053358659989639096,0.2648823257960314,-0.36878901373283396,"{""type"":""Point"",""coordinates"":[77.50623966964086,13.063445156746871]}"
976,21.901760864257824,1611.7816929133858,37.93592641999999,27.430000000000007,-0.036320568495854716,0.44707828004410144,-0.5160265665607855,"{""type"":""Point"",""coordinates"":[77.61177092495441,12.887578233161713]}"
977,22.38918151855472,1833.7127952755907,40.72844875999999,29.010000000000048,0.0959725792630677,0.09924459494660068,-0.15934065934065933,"{""type"":""Point"",""coordinates"":[77.54067773224111,12.94679240677203]}"
978,21.906890634390038,1925.275787401575,35.87827837999998,25.78000000000003,-0.07881040892193308,0.3333333333333333,-0.3666117259241818,"{""type"":""Point"",""coordinates"":[77.68658882634318,12.913693388529595]}"
979,22.028686777750693,1697.707874015748,41.74018268000003,25.450000000000045,-0.0035869360015102886,0.434430652995143,-0.49535864978902955,"{""type"":""Point"",""coordinates"":[77.67282922602729,13.061809611270487]}"
980,22.27262140909835,1745.5838582677163,43.62692972000002,27.650000000000034,0.07946026986506746,0.19190238491403216,-0.2375467895191477,"{""type"":""Point"",""coordinates"":[77.50245315095758,13.014187352173478]}"
981,21.90634932084521,1373.3062992125983,36.82506992000003,26.910000000000025,-0.003188619082658818,0.3610648918469218,-0.4166955316937998,"{""type"":""Point"",""coordinates"":[77.64004754234314,12.951083999215966]}"
982,22.27262140909835,1914.5503937007875,39.43985522000003,27.810000000000002,0.004234724742891712,0.17236467236467237,-0.2354265699274456,"{""type"":""Point"",""coordinates"":[77.49858714308508,12.96629527727873]}"
983,22.29895782470703,1454.3515748031496,40.77971906000005,26.03000000000003,0.0986645405620889,0.4140087554721701,-0.5518188057652711,"{""type"":""Point"",""coordinates"":[77.48998408989445,13.072000538239147]}"
984,21.901760864257824,1723.1114173228345,39.45010927999999,26.79000000000002,0.11215580926796508,0.09286304767153486,-0.15964912280701754,"{""type"":""Point"",""coordinates"":[77.63345449192501,12.935944398431218]}"
985,21.901760864257824,1528.463779527559,35.53647638000001,28.670000000000016,-0.08044132397191575,0.5384175949728649,-0.5780837972458248,"{""type"":""Point"",""coordinates"":[77.58640232149051,12.94966232772047]}"
986,21.90634932084521,1759.2866141732284,39.85685366000001,29.150000000000034,0.085411608916354,0.10772520716385993,-0.17827694057435314,"{""type"":""Point"",""coordinates"":[77.5616770949514,12.993877517349418]}"
987,21.906890634390038,2301.0169291338584,42.539999360000024,26.230000000000018,0.12110118611802606,0.20377055756117127,-0.2943713607936166,"{""type"":""Point"",""coordinates"":[77.66952780467992,12.86511431831962]}"
988,21.906890634390038,2800.994291338583,40.588309940000045,26.130000000000052,0.16901790558871405,0.024586051179126944,-0.10897900072411296,"{""type"":""Point"",""coordinates"":[77.69991234972939,12.931777883804825]}"
989,21.901760864257824,1651.3751968503936,37.76502542000003,28.32000000000005,-0.04174613265522356,0.3236402800215401,-0.3820635366882204,"{""type"":""Point"",""coordinates"":[77.56053634635754,12.89966173332003]}"
990,21.90634932084521,2123.4007874015747,42.32124608000004,28.77000000000004,0.09558143834350157,0.11384335154826958,-0.16893667861409797,"{""type"":""Point"",""coordinates"":[77.61888148328738,13.030894193402412]}"
991,21.901760864257824,1578.565157480315,36.33971108000003,27.29000000000002,-0.12953367875647667,0.4696629213483146,-0.48594149389378016,"{""type"":""Point"",""coordinates"":[77.63820748093703,12.920385114733692]}"
992,21.853410165960156,1981.0749999999998,39.52872374000003,26.52000000000004,0.11278735632183907,0.152320970375554,-0.26278118609406953,"{""type"":""Point"",""coordinates"":[77.70167895026894,12.954644897707826]}"
993,22.38918151855472,1475.1271653543308,40.325122400000055,25.83000000000004,0.1613181132888219,0.2492781520692974,-0.37889518413597734,"{""type"":""Point"",""coordinates"":[77.5096050393652,12.88832371920353]}"
994,21.90634932084521,1517.6409448818895,38.02821296000002,28.390000000000043,0.018715944089078417,0.25553197938769323,-0.31994901210962395,"{""type"":""Point"",""coordinates"":[77.57346475131733,12.993515247710222]}"
995,21.90634932084521,1777.2196850393698,38.85537380000005,27.220000000000027,0.04340239912758997,0.13538700491845715,-0.20527617477328935,"{""type"":""Point"",""coordinates"":[77.63709379535501,12.975694107249605]}"
996,21.853410165960156,1725.5946850393702,43.066374440000004,26.200000000000045,-0.030931586608442505,0.46181630546955627,-0.5125467164975974,"{""type"":""Point"",""coordinates"":[77.67684108718825,12.954041997236013]}"
997,21.901760864257824,1759.6124015748032,39.166413620000014,29.180000000000007,0.034218820351193155,0.11312921639854696,-0.19299221357063404,"{""type"":""Point"",""coordinates"":[77.5536752707613,12.943717105183321]}"
998,22.27262140909835,1641.7246062992126,39.28946234,29.79000000000002,-0.044762757385854966,0.3064651553316541,-0.35816118708175737,"{""type"":""Point"",""coordinates"":[77.52913696206014,12.95931184836278]}"
999,22.181694382887656,2054.78562992126,42.67330214000003,26.450000000000045,0.102,0.1800262812089356,-0.2976878612716763,"{""type"":""Point"",""coordinates"":[77.61764851338836,13.073067377823392]}"
