system:index,Air_Temp_Baseline,Albedo,LST_Day,LST_Night,NDBI,NDVI,NDWI,.geo
0,17.668430283490352,1770.0001968503939,40.72503074000002,27.610000000000014,-0.061052631578947365,0.5323030149480619,-0.5074775672981057,"{""type"":""Point"",""coordinates"":[77.29371914798001,28.590019428919664]}"
1,17.66207034462377,2089.948031496063,44.18406698000001,27.80000000000001,-0.012201989862962268,0.1931843328169949,-0.2316126084970306,"{""type"":""Point"",""coordinates"":[77.31505437209246,28.51266399028736]}"
2,17.612781839522142,1248.0887795275592,38.02479493999999,27.950000000000045,-0.24625060474117078,0.7833160263066805,-0.7087893864013267,"{""type"":""Point"",""coordinates"":[77.18919995158801,28.549797953527985]}"
3,17.66207034462377,2136.9805118110235,49.564030460000026,26.77000000000004,0.10874785591766724,0.09759188846641319,-0.21260210035005833,"{""type"":""Point"",""coordinates"":[77.31444309121386,28.52670287111092]}"
4,17.658335737748587,1527.8072834645668,40.37297468000003,28.560000000000002,-0.14491449144914492,0.4599713055954089,-0.44340425531914895,"{""type"":""Point"",""coordinates"":[77.20102930208826,28.703913364942537]}"
5,17.544119905170646,1836.3584645669291,46.306657400000006,29.480000000000018,0.1285591026747196,0.09812449035063876,-0.149032992036405,"{""type"":""Point"",""coordinates"":[77.29035993273004,28.720179110614904]}"
6,17.658335737748587,1642.2610236220473,43.11080870000001,29.480000000000018,0.05818095464260271,0.13671539122957868,-0.2021824795392543,"{""type"":""Point"",""coordinates"":[77.19942394563327,28.651211781998015]}"
7,17.721085562357132,1410.6557086614173,42.93648968000002,29.250000000000057,-0.03009859885832901,0.2651370299553856,-0.31653125518156194,"{""type"":""Point"",""coordinates"":[77.1162182696939,28.697553817229508]}"
8,17.721085562357132,1417.5513779527557,43.51071704000003,29.350000000000023,0.022211130521587224,0.28311773374815785,-0.33197348291687917,"{""type"":""Point"",""coordinates"":[77.11476794663827,28.66942909215195]}"
9,17.681003824869833,1484.2935039370077,42.39986054000002,29.49000000000001,-0.0674373795761079,0.33013205282112845,-0.3687461395923409,"{""type"":""Point"",""coordinates"":[77.18797042042321,28.643248738160594]}"
10,17.668430283490352,1676.2344488188976,40.31828636,27.930000000000007,-0.10891903000411016,0.4408544726301736,-0.43092018032352164,"{""type"":""Point"",""coordinates"":[77.28820624226009,28.59320033112959]}"
11,17.544119905170646,1575.8220472440942,41.94184586000006,28.03000000000003,0.0014347202295552368,0.4125833574949261,-0.4150450188788847,"{""type"":""Point"",""coordinates"":[77.25319240218494,28.657139826587073]}"
12,17.668430283490352,1502.0877952755907,42.70064630000002,29.33000000000004,-0.04428676290677759,0.2702380952380952,-0.3108108108108108,"{""type"":""Point"",""coordinates"":[77.33042299900163,28.61396273195924]}"
13,17.721085562357132,1522.7457677165353,42.14692706000005,29.28000000000003,-0.0013354376593419934,0.2419816292726999,-0.28353563647681296,"{""type"":""Point"",""coordinates"":[77.14017210294291,28.705347175233957]}"
14,17.612781839522142,1589.1822834645668,42.635703920000026,27.690000000000055,-0.0010189525168127166,0.3614190687361419,-0.42170767004341536,"{""type"":""Point"",""coordinates"":[77.16143938437374,28.510372520427516]}"
15,17.66207034462377,1660.2797244094488,43.09030058000002,27.110000000000014,0.07049345417925479,0.050355618776671406,-0.10572027553159628,"{""type"":""Point"",""coordinates"":[77.30116585720224,28.53480485133457]}"
16,17.658335737748587,1571.7068897637796,40.36955666000006,27.500000000000057,-0.09919797382861967,0.4519096738221355,-0.4482758620689655,"{""type"":""Point"",""coordinates"":[77.22293100846208,28.69126165127626]}"
17,17.721085562357132,1822.684251968504,46.39552592000001,28.870000000000005,0.03647722692462717,0.21839959225280325,-0.2664900662251656,"{""type"":""Point"",""coordinates"":[77.11166323901486,28.720771822330597]}"
18,17.724949137369833,1592.4647637795274,39.248446100000024,27.450000000000045,-0.11680199875078076,0.47301936015378276,-0.4964430185520993,"{""type"":""Point"",""coordinates"":[77.10604355416835,28.52324162394943]}"
19,17.681003824869833,1252.138976377953,41.60004386000003,27.210000000000036,-0.09371176902373379,0.601576495879613,-0.6038751345532831,"{""type"":""Point"",""coordinates"":[77.15324244852532,28.554472640413625]}"
20,17.544119905170646,1753.561220472441,42.632285900000056,29.360000000000014,-0.03177485247389923,0.18262226847034338,-0.22632856757485836,"{""type"":""Point"",""coordinates"":[77.31553580668697,28.665930937117924]}"
21,17.721085562357132,1735.1242125984254,43.767068540000025,29.150000000000034,0.07446051695518141,0.05629228687415426,-0.10849190570860551,"{""type"":""Point"",""coordinates"":[77.13863439041019,28.680538101825984]}"
22,17.668430283490352,1454.9647637795274,37.69324700000004,27.77000000000004,-0.16329346826126956,0.5534398034398035,-0.523952997890931,"{""type"":""Point"",""coordinates"":[77.26103062599658,28.645569448110543]}"
23,17.544119905170646,1195.118307086614,42.45283985000003,29.210000000000036,-0.009259259259259259,0.2311746987951807,-0.32281553398058255,"{""type"":""Point"",""coordinates"":[77.25595548078324,28.66726011564989]}"
24,17.721085562357132,1672.1069881889766,44.652335719999996,29.360000000000014,0.05542386273845806,0.2168096553729824,-0.2506351815872067,"{""type"":""Point"",""coordinates"":[77.11340789428276,28.71438336221421]}"
25,17.668430283490352,1812.9362204724412,39.58341206,26.890000000000043,-0.214165890027959,0.5609872993050563,-0.5381345926800473,"{""type"":""Point"",""coordinates"":[77.27753039592774,28.59650167868656]}"
26,17.74130641392304,1585.1547244094488,42.406696580000016,28.05000000000001,-0.09707366296670031,0.5150501672240803,-0.5379827415476022,"{""type"":""Point"",""coordinates"":[77.09808501877599,28.586166436395654]}"
27,17.612781839522142,1518.2797244094486,38.93911529000002,27.670000000000016,-0.16005121638924455,0.5647668393782384,-0.5460750853242321,"{""type"":""Point"",""coordinates"":[77.20562056886328,28.50644460397431]}"
28,17.658335737748587,1527.0248031496062,37.11731063000002,26.940000000000055,-0.09360016677089848,0.525,-0.5100748416810593,"{""type"":""Point"",""coordinates"":[77.24710147074056,28.6798553017356]}"
29,17.658335737748587,1248.9253937007875,44.25242738000003,27.850000000000023,0.012915129151291513,0.1588447653429603,-0.23604158644589912,"{""type"":""Point"",""coordinates"":[77.232275727704,28.669528136555584]}"
30,17.668430283490352,1364.7974409448818,41.654732179999996,27.80000000000001,-0.017488076311605722,0.2890231621349446,-0.34642356241234223,"{""type"":""Point"",""coordinates"":[77.31816783759271,28.570692408633917]}"
31,17.658335737748587,1516.6931102362205,45.605963299999985,29.150000000000034,0.06375502008032129,0.17665615141955837,-0.24457791124457792,"{""type"":""Point"",""coordinates"":[77.22357912645661,28.66033986390546]}"
32,17.668430283490352,1768.4263779527557,40.16789348000003,27.970000000000027,-0.13657028550645572,0.5013211626231083,-0.5390297956168432,"{""type"":""Point"",""coordinates"":[77.27854189936228,28.557322582942433]}"
33,17.74130641392304,1757.5164370078737,42.71090035999998,27.890000000000043,0.0296508299942759,0.13179329683535854,-0.17152729785763648,"{""type"":""Point"",""coordinates"":[77.13743318908269,28.62410890346076]}"
34,17.668430283490352,1709.9017716535432,38.07264722000002,26.890000000000043,-0.22186751795690343,0.5460742236808886,-0.5268012964348043,"{""type"":""Point"",""coordinates"":[77.28127555903497,28.594757628654648]}"
35,17.681003824869833,1519.1704724409446,40.85491550000006,28.970000000000027,-0.03298245614035088,0.28596389050669774,-0.352112676056338,"{""type"":""Point"",""coordinates"":[77.22490760428241,28.576674533832907]}"
36,17.721085562357132,1431.2516732283461,42.492147079999995,29.350000000000023,-1.3392259274139549E-4,0.18614993646759848,-0.25872240013483905,"{""type"":""Point"",""coordinates"":[77.09534300408723,28.654738069166505]}"
37,17.681003824869833,1578.761023622047,38.81948459,28.620000000000005,-0.04948601482189816,0.26915293437409654,-0.2866354044548652,"{""type"":""Point"",""coordinates"":[77.22807754014322,28.554382077214072]}"
38,17.681003824869833,1566.0385826771653,42.375934400000006,28.07000000000005,-0.017028224865873572,0.27746850278347496,-0.30110414801551777,"{""type"":""Point"",""coordinates"":[77.18097952235907,28.596955768943488]}"
39,17.668430283490352,1362.569094488189,40.50627745999998,28.560000000000002,-0.16877431906614787,0.5639440286365116,-0.5473277527366388,"{""type"":""Point"",""coordinates"":[77.2657214161351,28.5734882349709]}"
40,17.612781839522142,1602.7127952755905,38.108536430000015,28.57000000000005,-0.12005395683453238,0.3701870187018702,-0.38465814341300725,"{""type"":""Point"",""coordinates"":[77.20911880034649,28.542079745920645]}"
41,17.658335737748587,1565.1616141732284,41.507757319999996,28.120000000000005,-0.1355487538259729,0.48019378740381874,-0.48825214899713465,"{""type"":""Point"",""coordinates"":[77.21272447830168,28.71181828155411]}"
42,17.74130641392304,4602.377657480315,46.34425562000001,27.970000000000027,-0.023177627222250523,-0.024525278034092563,-0.01809518982208931,"{""type"":""Point"",""coordinates"":[77.11857570897287,28.561975270268803]}"
43,17.724949137369833,1256.9977362204725,43.70896220000003,27.450000000000045,0.042033800375559725,0.22361623616236162,-0.2773497688751926,"{""type"":""Point"",""coordinates"":[77.10055525445861,28.523521382343624]}"
44,17.544119905170646,1721.0080708661415,38.906644099999994,29.730000000000018,0.058183538315988645,0.060735215769845495,-0.14261119081779053,"{""type"":""Point"",""coordinates"":[77.26516948062759,28.708449598973157]}"
45,17.724949137369833,1554.149311023622,48.54546049999999,28.710000000000036,0.14726817042606516,0.2804455818154448,-0.3857934180514826,"{""type"":""Point"",""coordinates"":[77.10169225218131,28.54184474949798]}"
46,17.721085562357132,1260.7905511811025,39.463781359999984,29.370000000000005,-0.026225769669327253,0.28870592446751386,-0.3405324892943586,"{""type"":""Point"",""coordinates"":[77.14602915131083,28.66755065770335]}"
47,17.544119905170646,1469.3358267716533,39.51846968000001,28.630000000000052,-0.09319421389613469,0.3995142683667274,-0.4528837062716672,"{""type"":""Point"",""coordinates"":[77.26211709418901,28.679684635588792]}"
48,17.544119905170646,1511.860433070866,46.439960180000014,29.130000000000052,0.02736318407960199,0.18019921521279808,-0.2616973217166828,"{""type"":""Point"",""coordinates"":[77.32013322054624,28.677046993993127]}"
49,17.74130641392304,1155.8318897637794,44.259263420000025,28.010000000000048,0.009924812030075189,0.30946698488464597,-0.35948792071030355,"{""type"":""Point"",""coordinates"":[77.13155819041434,28.55440985448717]}"
50,17.612781839522142,1815.7305118110235,39.72696890000003,28.27000000000004,-0.059430458109781266,0.3030456852791878,-0.310028068384792,"{""type"":""Point"",""coordinates"":[77.21516219811272,28.51258239270479]}"
51,17.74130641392304,1725.91062992126,46.24513304000004,28.220000000000027,-0.06320103537532355,0.3507810359002466,-0.41030042918454934,"{""type"":""Point"",""coordinates"":[77.12295239731176,28.617179281077895]}"
52,17.66207034462377,1387.6468503937008,43.767068540000025,28.450000000000045,0.02013764975783839,0.227330779054917,-0.32414743368928695,"{""type"":""Point"",""coordinates"":[77.28521846082049,28.531535950331854]}"
53,17.724949137369833,1237.2792322834644,41.13177512000004,26.55000000000001,-0.033964962459778335,0.5977900552486188,-0.5677629201301048,"{""type"":""Point"",""coordinates"":[77.12538770514162,28.522852532433355]}"
54,17.74130641392304,1414.6867125984252,43.25778356000001,28.600000000000023,0.0028589185829707895,0.2967992240543162,-0.3448449287510478,"{""type"":""Point"",""coordinates"":[77.14145583941628,28.643551926549335]}"
55,17.658335737748587,1467.0090551181102,44.27635352000004,29.150000000000034,-0.03959646910466583,0.2753712871287129,-0.34442270058708413,"{""type"":""Point"",""coordinates"":[77.23052400743845,28.66489338233465]}"
56,17.681003824869833,1614.3072834645666,42.32295509000005,28.77000000000004,0.016709511568123392,0.28499440089585665,-0.3721973094170404,"{""type"":""Point"",""coordinates"":[77.22053025664943,28.5790667017377]}"
57,17.721085562357132,1348.3727362204725,43.31247188000003,29.370000000000005,0.022420275727614538,0.20123203285420946,-0.2692099077924426,"{""type"":""Point"",""coordinates"":[77.12879877297269,28.670793483009493]}"
58,17.658335737748587,1106.481496062992,35.314305080000054,27.090000000000032,-0.13700525878771105,0.671957671957672,-0.6425429828068773,"{""type"":""Point"",""coordinates"":[77.19497995598341,28.71856307534404]}"
59,17.681003824869833,1437.1596456692914,39.73893197000001,27.980000000000018,-0.08045409674234946,0.3642879401682767,-0.3823808020208399,"{""type"":""Point"",""coordinates"":[77.22789563783768,28.601922937155592]}"
60,17.724949137369833,1410.8225393700789,38.643456560000004,27.450000000000045,-0.19608932340851015,0.6552890528905289,-0.6277592984578168,"{""type"":""Point"",""coordinates"":[77.11013932922447,28.52499601922278]}"
61,17.544119905170646,1010.0494094488189,40.09611505999999,28.03000000000003,-0.01935483870967742,0.4221422142214221,-0.36855781723689907,"{""type"":""Point"",""coordinates"":[77.25636987605978,28.65777433214427]}"
62,17.668430283490352,1659.483464566929,41.870067440000014,27.610000000000014,0.04635429716862942,0.08186469584991472,-0.12904182735093445,"{""type"":""Point"",""coordinates"":[77.27389193848379,28.632863460019966]}"
63,17.721085562357132,1415.7812007874015,44.467762640000046,29.110000000000014,0.02769062883644796,0.1727541954590326,-0.22833017404790626,"{""type"":""Point"",""coordinates"":[77.09691399298048,28.718620488084063]}"
64,17.658335737748587,1350.9214566929134,47.619177079999986,29.450000000000045,0.059120768064679134,0.3085031623330991,-0.37416974169741696,"{""type"":""Point"",""coordinates"":[77.15139044779112,28.681372570324395]}"
65,17.668430283490352,1602.4047244094486,42.51949123999998,28.190000000000055,0.046517604728861475,0.07848837209302326,-0.13386308068459657,"{""type"":""Point"",""coordinates"":[77.30574991345671,28.58831227109296]}"
66,17.721085562357132,1721.951968503937,42.314410039999984,29.33000000000004,-0.009281243254910426,0.23507659799260433,-0.28355750754872355,"{""type"":""Point"",""coordinates"":[77.14875090208972,28.70330737009837]}"
67,17.74130641392304,1585.7039370078742,41.586371780000036,29.250000000000057,-0.007114273010226767,0.3333333333333333,-0.3595438175270108,"{""type"":""Point"",""coordinates"":[77.09241167886813,28.61595312479815]}"
68,17.544119905170646,1629.5120078740158,42.656212040000014,29.57000000000005,0.07707317073170732,0.10610932475884244,-0.16574245224892176,"{""type"":""Point"",""coordinates"":[77.26076085209628,28.703262673402932]}"
69,17.658335737748587,1077.2994094488188,35.738139560000036,27.29000000000002,0.0521669341894061,0.05635062611806798,-0.051647373107747106,"{""type"":""Point"",""coordinates"":[77.23148600297459,28.70060167752677]}"
70,17.658335737748587,1374.571062992126,37.35486302000004,27.760000000000048,-0.18525021949078138,0.7213898629263628,-0.6880275085964364,"{""type"":""Point"",""coordinates"":[77.2116403489203,28.718369775947522]}"
71,17.612781839522142,1457.5956692913387,38.57851418000001,28.710000000000036,-0.09108387406873347,0.3761745983631403,-0.4025332097621254,"{""type"":""Point"",""coordinates"":[77.22620391075446,28.54380249781454]}"
72,17.681003824869833,1399.9234251968505,38.54262497000002,28.620000000000005,-0.13906027527289985,0.5070643642072213,-0.5137180700094608,"{""type"":""Point"",""coordinates"":[77.23116653905966,28.557034760423942]}"
73,17.612781839522142,1207.4972440944885,41.36761850000005,27.210000000000036,0.03862447047096935,0.4815668202764977,-0.5182998819362455,"{""type"":""Point"",""coordinates"":[77.1520956878362,28.543176797911663]}"
74,17.74130641392304,2048.2615157480313,46.39894393999998,28.560000000000002,0.09771786060445854,0.16139276397867755,-0.24741137775612132,"{""type"":""Point"",""coordinates"":[77.10776277464232,28.567242308134393]}"
75,17.544119905170646,1555.7580708661417,46.443378199999984,29.27000000000004,0.045601105481345,0.19046251077276644,-0.2881566677028287,"{""type"":""Point"",""coordinates"":[77.323413555483,28.69911150435845]}"
76,17.681003824869833,1227.4352362204725,39.262118180000016,27.730000000000018,-0.09609949123798757,0.40101156069364163,-0.4236417033773862,"{""type"":""Point"",""coordinates"":[77.24059301163858,28.60640088054455]}"
77,17.66207034462377,1479.5562992125983,43.84226497999998,27.80000000000001,-0.010237421041167502,0.4248847926267281,-0.48416,"{""type"":""Point"",""coordinates"":[77.3159406009751,28.513167191523316]}"
78,17.681003824869833,2127.9155511811023,42.748498580000046,28.140000000000043,0.0275092936802974,0.16890080428954424,-0.2147666589273276,"{""type"":""Point"",""coordinates"":[77.2042053947546,28.59450685701917]}"
79,17.658335737748587,1539.4765748031496,40.294360220000044,28.650000000000034,-0.12229885057471264,0.39366257493576934,-0.4130246020260492,"{""type"":""Point"",""coordinates"":[77.21885603536957,28.673093310970707]}"
80,17.612781839522142,1584.9696850393702,42.52974530000006,29.230000000000018,0.028742814296425893,0.14496169711255155,-0.20309597523219813,"{""type"":""Point"",""coordinates"":[77.23718031055095,28.516434678062712]}"
81,17.721085562357132,1806.4022637795279,42.43745876000003,29.210000000000036,0.01896089983931441,0.17050102249488752,-0.22909676553482755,"{""type"":""Point"",""coordinates"":[77.10681830633564,28.672191969623203]}"
82,17.681003824869833,1661.2501968503936,38.04188504000001,27.060000000000002,-0.14432206608431447,0.5992569002123143,-0.5372448979591836,"{""type"":""Point"",""coordinates"":[77.16026699952198,28.599820171002243]}"
83,17.721085562357132,1655.139960629921,42.64595798000005,29.210000000000036,-0.021296512988532648,0.21746408146184962,-0.25836216839677045,"{""type"":""Point"",""coordinates"":[77.11011549067489,28.67306780570338]}"
84,17.74130641392304,1912.740846456693,48.077191760000005,28.58000000000004,0.018583152532779926,0.25349397590361444,-0.3371032001028145,"{""type"":""Point"",""coordinates"":[77.10741830782959,28.55769338664751]}"
85,17.721085562357132,1518.5489173228345,44.85741691999999,29.79000000000002,0.04465104098467985,0.09598918431726003,-0.16605401949816206,"{""type"":""Point"",""coordinates"":[77.10263906973981,28.6557907975503]}"
86,17.721085562357132,1341.9544291338584,42.341754200000025,29.32000000000005,-0.037578555854815954,0.3711864406779661,-0.39434677697345744,"{""type"":""Point"",""coordinates"":[77.10884889081963,28.69933145919233]}"
87,17.658335737748587,1758.1025590551183,42.492147079999995,29.180000000000007,0.00983326207781103,0.20499479708636836,-0.24750875302989497,"{""type"":""Point"",""coordinates"":[77.1836981662201,28.690870875641934]}"
88,17.66207034462377,1736.694094488189,43.71238022,28.470000000000027,0.05661286437003132,0.058950784207679824,-0.10715295448119876,"{""type"":""Point"",""coordinates"":[77.3221573443744,28.508025182425737]}"
89,17.612781839522142,1044.0937007874015,40.07218892000003,28.57000000000005,-0.03137789904502047,0.61400512382579,-0.6770186335403726,"{""type"":""Point"",""coordinates"":[77.24728838608024,28.523942145004746]}"
90,17.681003824869833,1660.5346456692914,40.76262896000003,28.610000000000014,-0.057160673456661815,0.40964523281596454,-0.41003604103132796,"{""type"":""Point"",""coordinates"":[77.19907179322799,28.626714992282167]}"
91,17.544119905170646,1540.1074803149606,42.632285900000056,27.410000000000025,0.0033685156074556477,0.29463243873978995,-0.3860087445346658,"{""type"":""Point"",""coordinates"":[77.3280039224955,28.71197449272658]}"
92,17.66207034462377,1973.9332677165355,44.89159712000003,27.670000000000016,0.06493001555209954,0.1686103012633625,-0.21433981317849027,"{""type"":""Point"",""coordinates"":[77.3063519894051,28.51739596380257]}"
93,17.681003824869833,1424.6586614173227,38.264056340000025,28.140000000000043,-0.11847704367301232,0.5499689633767846,-0.5480471171729696,"{""type"":""Point"",""coordinates"":[77.20858244045338,28.59856998229167]}"
94,17.724949137369833,1755.424901574803,43.63376576000002,28.250000000000057,-0.011002829298962591,0.29921896040937246,-0.33296490743299256,"{""type"":""Point"",""coordinates"":[77.11130661579642,28.533579343357367]}"
95,17.681003824869833,1108.4155511811023,41.46674108000002,28.05000000000001,-0.04979253112033195,0.4145367412140575,-0.46182418489475857,"{""type"":""Point"",""coordinates"":[77.15566414578568,28.589559752335322]}"
96,17.658335737748587,1687.0120078740158,42.72457244000003,29.27000000000004,0.04460966542750929,0.15408363738422678,-0.18194883587237712,"{""type"":""Point"",""coordinates"":[77.18024748710106,28.69161200572777]}"
97,17.74130641392304,1386.389468503937,42.919399580000004,28.05000000000001,-0.04837448329795554,0.4909437559580553,-0.5218942588387934,"{""type"":""Point"",""coordinates"":[77.09789400394187,28.58355143520037]}"
98,17.668430283490352,1930.7246062992128,44.33104184000001,27.77000000000004,0.04242156429518339,0.0537320690493557,-0.11185223191380195,"{""type"":""Point"",""coordinates"":[77.284502720538,28.56927189676432]}"
99,17.74130641392304,1813.444094488189,42.07856665999998,28.07000000000005,0.04084880636604774,0.331696538178247,-0.4733125084883879,"{""type"":""Point"",""coordinates"":[77.13168568385117,28.57962149994015]}"
100,17.724949137369833,1938.9524606299212,44.95653950000002,27.950000000000045,0.08382024859237225,0.06878175734291733,-0.12968299711815562,"{""type"":""Point"",""coordinates"":[77.1207296516795,28.536671179389025]}"
101,17.658335737748587,1474.8929133858267,40.96429214,27.340000000000032,0.002895498815477757,0.1953297570211423,-0.2362924281984334,"{""type"":""Point"",""coordinates"":[77.23651999258121,28.670494565313383]}"
102,17.612781839522142,1832.8870078740158,41.555609600000025,27.590000000000032,-0.08732505420855509,0.3437271619975639,-0.36500866122246967,"{""type"":""Point"",""coordinates"":[77.15348681058634,28.52562227088463]}"
103,17.658335737748587,1765.1635826771656,42.47505697999998,27.05000000000001,0.041520979020979024,0.1711615487316422,-0.2146219883688729,"{""type"":""Point"",""coordinates"":[77.22702787387121,28.719828675894536]}"
104,17.721085562357132,2009.6384842519687,42.35542628000002,29.28000000000003,0.0437050172108063,0.07820769140303423,-0.12078239608801956,"{""type"":""Point"",""coordinates"":[77.13650894722394,28.70616408442425]}"
105,17.544119905170646,1755.518897637795,41.757272779999994,29.630000000000052,0.050719822812846066,0.11440457618304732,-0.19353940406571984,"{""type"":""Point"",""coordinates"":[77.26373277006878,28.71727137819016]}"
106,17.74130641392304,1562.1931102362205,43.87644518000002,27.890000000000043,0.003973509933774834,0.3557692307692308,-0.36810187992722865,"{""type"":""Point"",""coordinates"":[77.1402444973911,28.619010803734515]}"
107,17.74130641392304,1422.7777559055116,41.19329948000001,29.250000000000057,-0.09639423076923077,0.42286694743409764,-0.45812020460358055,"{""type"":""Point"",""coordinates"":[77.08763252873817,28.5908507471187]}"
108,17.612781839522142,1289.6311023622047,39.10147124000002,27.27000000000004,-0.18482932996207332,0.6108628394637332,-0.602051282051282,"{""type"":""Point"",""coordinates"":[77.16976573629529,28.525471755085665]}"
109,17.544119905170646,1586.6980314960629,44.307115700000054,28.99000000000001,0.01817300702689605,0.15771428571428572,-0.22453913569054096,"{""type"":""Point"",""coordinates"":[77.31621948411251,28.703444399511]}"
110,17.74130641392304,1289.6803149606299,40.49944142000004,27.910000000000025,-0.1471861471861472,0.5409611766717976,-0.536493860845839,"{""type"":""Point"",""coordinates"":[77.12664563115375,28.60209709310778]}"
111,17.681003824869833,1628.4942913385826,34.90585169000002,28.130000000000052,-0.2003616636528029,0.7911494873178629,-0.7143595041322314,"{""type"":""Point"",""coordinates"":[77.23641093261337,28.59833493140949]}"
112,17.612781839522142,1601.8555118110237,35.69028728000001,27.27000000000004,-0.34219269102990035,0.8097496706192359,-0.712291199202194,"{""type"":""Point"",""coordinates"":[77.17446355439007,28.530550587067495]}"
113,17.668430283490352,1428.9834645669293,44.91210524000002,27.80000000000001,0.03179116050659085,0.18656952803294266,-0.2711231761112996,"{""type"":""Point"",""coordinates"":[77.32425382487486,28.572734047827637]}"
114,17.668430283490352,1926.360433070866,42.93648968000002,28.74000000000001,0.06759098786828423,0.06693108577094695,-0.1202498698594482,"{""type"":""Point"",""coordinates"":[77.29464747355156,28.608362113921842]}"
115,17.66207034462377,1217.5917322834644,40.766046980000056,28.350000000000023,-0.08829968377523717,0.6700261291526689,-0.6364301389904902,"{""type"":""Point"",""coordinates"":[77.25710437636533,28.51607927838011]}"
116,17.658335737748587,1538.8870078740156,42.74166253999999,29.500000000000057,-0.07522849777361143,0.3306264501160093,-0.37118947997609086,"{""type"":""Point"",""coordinates"":[77.19305997804527,28.651497901429668]}"
117,17.658335737748587,1322.4234251968505,37.17028994000003,27.350000000000023,-0.11496350364963503,0.6315086782376502,-0.6315086782376502,"{""type"":""Point"",""coordinates"":[77.19903052182411,28.71803194847255]}"
118,17.681003824869833,1471.9982283464565,38.64516557000002,28.470000000000027,-0.12547348484848486,0.4220759796589889,-0.432790837854129,"{""type"":""Point"",""coordinates"":[77.23402022100233,28.620270334516384]}"
119,17.74130641392304,1700.2127952755905,41.39496266000003,28.950000000000045,-0.05353176366059529,0.26059800664451827,-0.29749692244562986,"{""type"":""Point"",""coordinates"":[77.10832702173975,28.62118057649074]}"
120,17.658335737748587,1438.967716535433,39.90299693000003,28.510000000000048,-0.2120401337792642,0.6623853211009174,-0.6241410218105766,"{""type"":""Point"",""coordinates"":[77.24216866327718,28.66687230381427]}"
121,17.544119905170646,1515.192125984252,46.026379760000054,29.130000000000052,-0.005758157389635317,0.14161220043572983,-0.19168291098115658,"{""type"":""Point"",""coordinates"":[77.321561025506,28.67599948461596]}"
122,17.668430283490352,1640.7964566929134,41.12835710000002,28.900000000000034,-0.07706214689265536,0.2915989159891599,-0.3183955739972337,"{""type"":""Point"",""coordinates"":[77.26034064642114,28.55822637284411]}"
123,17.668430283490352,1399.6242125984254,40.082442979999996,27.53000000000003,-0.0529595015576324,0.49510268562401266,-0.5438825448613377,"{""type"":""Point"",""coordinates"":[77.26424916328864,28.636476808783367]}"
124,17.544119905170646,1559.4214566929131,43.33981604000002,29.670000000000016,0.03497212366953877,0.11475409836065574,-0.17894736842105263,"{""type"":""Point"",""coordinates"":[77.27696102966006,28.677889834239433]}"
125,17.721085562357132,1677.1709645669291,42.90572750000001,29.210000000000036,0.013446730260889554,0.1861268481414951,-0.23227103072064312,"{""type"":""Point"",""coordinates"":[77.11080999829039,28.67270444118956]}"
126,17.74130641392304,1331.8609251968503,42.338336180000056,28.29000000000002,-0.02028849536765568,0.4609571788413098,-0.4974182444061962,"{""type"":""Point"",""coordinates"":[77.12112300542964,28.58826414008021]}"
127,17.668430283490352,1785.0464566929131,43.66794596,29.55000000000001,0.0177788039713692,0.1130298273155416,-0.16388508891928866,"{""type"":""Point"",""coordinates"":[77.29554525188529,28.631652457543147]}"
128,17.612781839522142,1674.7501968503939,39.542395820000024,28.510000000000048,-0.06871932173136992,0.32320441988950277,-0.3235700469743023,"{""type"":""Point"",""coordinates"":[77.21314627674413,28.550249657263148]}"
129,17.658335737748587,1661.4667322834644,42.50581915999999,29.370000000000005,0.053763440860215055,0.08156424581005586,-0.13515098211668133,"{""type"":""Point"",""coordinates"":[77.16511926693508,28.67444403798991]}"
130,17.668430283490352,1349.415551181102,53.39221286000003,29.29000000000002,0.1344279117496152,0.12692050768203073,-0.26746806912096166,"{""type"":""Point"",""coordinates"":[77.3280809027755,28.625236498727205]}"
131,17.724949137369833,1396.9721456692912,44.423328380000044,28.710000000000036,-0.04292302234835048,0.5038363171355499,-0.49872557349192864,"{""type"":""Point"",""coordinates"":[77.10809812178043,28.549509016725253]}"
132,17.721085562357132,1697.264960629921,44.43016441999998,29.54000000000002,0.01713641488162345,0.18822406978329018,-0.2310081897768992,"{""type"":""Point"",""coordinates"":[77.11937527865953,28.70442826928755]}"
133,17.681003824869833,1344.7187007874018,40.93011194000002,29.190000000000055,-0.16808404202101052,0.5211726384364821,-0.5286415711947627,"{""type"":""Point"",""coordinates"":[77.21537470256655,28.627483084720264]}"
134,17.681003824869833,1636.9194881889762,39.28604432000003,28.480000000000018,-0.14345287739783152,0.4959083469721768,-0.4817616860308025,"{""type"":""Point"",""coordinates"":[77.18110251858282,28.57939097050917]}"
135,17.681003824869833,1660.6301181102363,40.92669392000005,28.890000000000043,-0.058423913043478264,0.25848142164781907,-0.29977753058954393,"{""type"":""Point"",""coordinates"":[77.17758666433319,28.63879917219612]}"
136,17.612781839522142,1508.184251968504,39.00918469999999,28.710000000000036,-0.15405923716173023,0.5554279149913842,-0.5694001738626485,"{""type"":""Point"",""coordinates"":[77.22195098084993,28.510976203754073]}"
137,17.612781839522142,1896.868307086614,42.338336180000056,27.79000000000002,0.03403493058665472,0.06782178217821783,-0.11156918320020613,"{""type"":""Point"",""coordinates"":[77.1641780077293,28.51941560566772]}"
138,17.544119905170646,1525.953937007874,43.61325764000003,29.230000000000018,0.0862024333419622,0.08849830403946962,-0.1464761286131861,"{""type"":""Point"",""coordinates"":[77.32776406455983,28.687547641046372]}"
139,17.668430283490352,1427.2974409448818,41.65131416000003,27.53000000000003,-0.02624936900555275,0.30153649167733676,-0.3607764390896921,"{""type"":""Point"",""coordinates"":[77.26946641779736,28.637816744689424]}"
140,17.66207034462377,1607.1950787401574,43.22360336000003,28.120000000000005,0.0077661032434901784,0.2219409282700422,-0.2776470588235294,"{""type"":""Point"",""coordinates"":[77.29084323489548,28.52159133280408]}"
141,17.544119905170646,1809.692125984252,43.438938620000044,29.690000000000055,0.01006036217303823,0.13713405238828968,-0.18459069020866772,"{""type"":""Point"",""coordinates"":[77.2910199459624,28.693195673963064]}"
142,17.724949137369833,1747.0873031496062,42.84762116000002,28.090000000000032,-4.68384074941452E-4,0.35206988226357766,-0.4113915686533633,"{""type"":""Point"",""coordinates"":[77.09126004930508,28.515196342487847]}"
143,17.681003824869833,1114.7925196850392,40.15080338000001,27.670000000000016,-0.07898259705488621,0.6482617586912065,-0.6145833333333334,"{""type"":""Point"",""coordinates"":[77.168650857113,28.62960994426842]}"
144,17.66207034462377,1479.5326771653545,40.71477668,28.170000000000016,-0.11284539126766505,0.5165277378557057,-0.5600236546422236,"{""type"":""Point"",""coordinates"":[77.27034720282155,28.54329179557624]}"
145,17.74130641392304,1349.903248031496,36.99597091999999,27.940000000000055,-0.27665286944848416,0.8143084260731319,-0.7129990993695587,"{""type"":""Point"",""coordinates"":[77.14498397155481,28.590423184636393]}"
146,17.658335737748587,1278.1645669291338,34.98275713999999,27.55000000000001,-0.2477640802513899,0.7456881974974636,-0.7241148964595858,"{""type"":""Point"",""coordinates"":[77.19865400679105,28.71582875103552]}"
147,17.681003824869833,1407.3062992125986,42.423786680000035,27.99000000000001,-0.17866666666666667,0.4946203504457424,-0.46181599518941674,"{""type"":""Point"",""coordinates"":[77.21115746166092,28.614477101504242]}"
148,17.668430283490352,1655.7659448818897,41.51801138000002,28.650000000000034,0.014377788795240456,0.1266647775573817,-0.16632443531827515,"{""type"":""Point"",""coordinates"":[77.2731354820274,28.640401342664124]}"
149,17.74130641392304,1684.2334645669293,41.56928168000002,29.27000000000004,0.011445923849567857,0.1434747365576871,-0.20432555492316448,"{""type"":""Point"",""coordinates"":[77.0899775707562,28.631901143650815]}"
150,17.74130641392304,1335.7088582677163,40.07560694000006,27.99000000000001,-0.05477075588599752,0.4346873419855048,-0.46279429455232857,"{""type"":""Point"",""coordinates"":[77.12890301777294,28.596579016312493]}"
151,17.544119905170646,1199.0592519685038,46.48439444000002,29.480000000000018,0.06497948016415869,0.03169811320754717,-0.11637403021641486,"{""type"":""Point"",""coordinates"":[77.30683078985433,28.67362779977926]}"
152,17.612781839522142,1579.7246062992128,39.5389778,28.710000000000036,-0.0559506875296349,0.2876553917317144,-0.3008177570093458,"{""type"":""Point"",""coordinates"":[77.22944292018796,28.544051820665004]}"
153,17.681003824869833,1477.406692913386,40.79339114000004,28.090000000000032,-0.08471496706790825,0.44727272727272727,-0.4823091247672253,"{""type"":""Point"",""coordinates"":[77.18792691716246,28.589771417033386]}"
154,17.668430283490352,1547.6734251968505,43.032194240000024,28.390000000000043,0.021254536029030584,0.12783751493428913,-0.16940229173118612,"{""type"":""Point"",""coordinates"":[77.27228395185573,28.646523913704264]}"
155,17.681003824869833,1808.7974409448818,42.09223874000003,28.930000000000007,-0.05328017397607829,0.41583434835566385,-0.45481852315394244,"{""type"":""Point"",""coordinates"":[77.18288744765404,28.56874470747005]}"
156,17.721085562357132,1568.8087598425195,42.160599140000045,28.950000000000045,-0.026193039110154286,0.2538360368259535,-0.2842388863942524,"{""type"":""Point"",""coordinates"":[77.1298369167759,28.719532442014632]}"
157,17.544119905170646,1210.209842519685,45.96143738000001,29.690000000000055,0.10393541876892028,0.028968713789107765,-0.11838790931989925,"{""type"":""Point"",""coordinates"":[77.30554898059104,28.67512746065641]}"
158,17.658335737748587,1525.850590551181,40.3763927,29.33000000000004,-0.0909456740442656,0.5675050592656837,-0.6041420118343195,"{""type"":""Point"",""coordinates"":[77.15581687864763,28.669654164536485]}"
159,17.668430283490352,1686.9273622047242,46.67580356000002,28.99000000000001,0.08905626938413824,0.1463618622804572,-0.23335332933413316,"{""type"":""Point"",""coordinates"":[77.31665260677067,28.589073363960825]}"
160,17.668430283490352,1476.23937007874,44.51219690000005,29.29000000000002,-0.052056096981221774,0.34365513054037644,-0.4019638897687678,"{""type"":""Point"",""coordinates"":[77.32035444241572,28.597762822806125]}"
161,17.658335737748587,1427.80531496063,40.9061858,28.310000000000002,-0.12429378531073447,0.4560975609756098,-0.46189164370982555,"{""type"":""Point"",""coordinates"":[77.21164882581114,28.678859563942144]}"
162,17.721085562357132,1482.9239173228348,42.04096844000003,28.950000000000045,-0.1061849357011635,0.37640963120999693,-0.3992254066615027,"{""type"":""Point"",""coordinates"":[77.12830659306576,28.716770111558404]}"
163,17.74130641392304,1236.9096456692914,42.933071659999996,28.05000000000001,-0.09380234505862646,0.6191994332270634,-0.6564595035332488,"{""type"":""Point"",""coordinates"":[77.10197059598778,28.587419909898355]}"
164,17.721085562357132,1543.8825787401572,42.56392549999998,29.49000000000001,-0.023126286475360212,0.26459143968871596,-0.29581352553289375,"{""type"":""Point"",""coordinates"":[77.09987174837825,28.69954900567865]}"
165,17.681003824869833,1397.4057086614173,40.07218892000003,28.150000000000034,-0.07011437095972153,0.35772870662460565,-0.39018087855297157,"{""type"":""Point"",""coordinates"":[77.16249368527956,28.560263969800392]}"
166,17.74130641392304,1549.852559055118,46.33058354000002,28.53000000000003,0.033381712626995644,0.18716577540106952,-0.25482807348092323,"{""type"":""Point"",""coordinates"":[77.13305902985292,28.633521308331975]}"
167,17.668430283490352,1146.3564960629922,35.65268906000006,26.850000000000023,-0.394814378314673,0.6931330472103004,-0.6240137221269296,"{""type"":""Point"",""coordinates"":[77.31103906175322,28.555483083500764]}"
168,17.681003824869833,1447.0139763779525,39.50479760000002,28.110000000000014,-0.10433979686057249,0.46838551258440764,-0.4625496789972485,"{""type"":""Point"",""coordinates"":[77.21475627636829,28.591795158598668]}"
169,17.658335737748587,932.0090551181103,34.55208662000001,26.83000000000004,-0.04372355430183357,-0.007155635062611807,-0.023985239852398525,"{""type"":""Point"",""coordinates"":[77.24648546194791,28.684150483820037]}"
170,17.612781839522142,1998.2413385826774,41.77778090000004,27.850000000000023,0.018726591760299626,0.1625408687529192,-0.20649539505574407,"{""type"":""Point"",""coordinates"":[77.17255677860572,28.517472792794358]}"
171,17.612781839522142,1385.5996062992126,39.26895422000001,28.630000000000052,-0.11405041177938607,0.42893725992317544,-0.46938775510204084,"{""type"":""Point"",""coordinates"":[77.23210856463375,28.53885250767709]}"
172,17.658335737748587,1771.2127952755905,41.96235397999999,28.500000000000057,0.005335704757670075,0.18141008714021653,-0.21115322144017326,"{""type"":""Point"",""coordinates"":[77.20681113504037,28.703452103697966]}"
173,17.544119905170646,1827.2787401574803,44.53954106000003,29.05000000000001,0.014964216005204945,0.14006024096385541,-0.1921259842519685,"{""type"":""Point"",""coordinates"":[77.3277754442477,28.67139359407328]}"
174,17.74130641392304,1571.0784448818897,42.41695063999998,28.710000000000036,-0.03049833122338589,0.2961783439490446,-0.33283715391485563,"{""type"":""Point"",""coordinates"":[77.10785103289093,28.611260840611333]}"
175,17.724949137369833,1702.2841535433072,41.66498624000002,27.410000000000025,-0.07835938319521661,0.3551278671236488,-0.3935204012471194,"{""type"":""Point"",""coordinates"":[77.1419248198326,28.527541285252806]}"
176,17.681003824869833,1611.639960629921,40.718194700000026,28.610000000000014,-0.08418367346938775,0.44394110985277463,-0.4431239388794567,"{""type"":""Point"",""coordinates"":[77.17411206196265,28.56188400710269]}"
177,17.668430283490352,1318.0523622047242,41.16937333999999,29.190000000000055,-0.0063532401524777635,0.39338494018296977,-0.45427836944546457,"{""type"":""Point"",""coordinates"":[77.29798099023219,28.646592089207083]}"
178,17.668430283490352,1434.7265748031498,42.01020626000002,27.210000000000036,0.03992114342040414,0.24195090851131654,-0.3069439785306944,"{""type"":""Point"",""coordinates"":[77.25093147244917,28.609245774497797]}"
179,17.681003824869833,1645.4883858267715,39.99015644000002,28.150000000000034,-0.034530386740331494,0.26877470355731226,-0.3014769765421373,"{""type"":""Point"",""coordinates"":[77.16017618989967,28.562027545023]}"
180,17.668430283490352,1393.1576771653542,41.494085240000004,29.100000000000023,-0.12758620689655173,0.43331246086412023,-0.47249919588292055,"{""type"":""Point"",""coordinates"":[77.31565688454758,28.610860964684555]}"
181,17.668430283490352,1356.118307086614,43.75681448,29.02000000000004,0.06579634464751959,0.17349950803542144,-0.2861250898634076,"{""type"":""Point"",""coordinates"":[77.2927224458621,28.613454278115125]}"
182,17.74130641392304,1485.7841535433072,43.080046519999996,29.600000000000023,0.0057611061323774165,0.20815183571873055,-0.26358607224210867,"{""type"":""Point"",""coordinates"":[77.1026473346681,28.63779780252444]}"
183,17.658335737748587,1400.4824803149606,43.23727544000002,28.970000000000027,-0.0444743935309973,0.4918190567853705,-0.5609264853977844,"{""type"":""Point"",""coordinates"":[77.16248729687187,28.715201910104675]}"
184,17.681003824869833,1504.4736220472441,40.46867924000003,28.480000000000018,-0.14996667407242836,0.4998551144595769,-0.502031340684852,"{""type"":""Point"",""coordinates"":[77.18076321629583,28.58236389536426]}"
185,17.658335737748587,1256.3249999999998,38.41444922000005,29.210000000000036,-0.1732090284592738,0.6975505857294995,-0.6662020905923345,"{""type"":""Point"",""coordinates"":[77.15415817009905,28.715562975453103]}"
186,17.668430283490352,1421.7098425196848,42.84420313999999,28.600000000000023,-0.0530912433923236,0.44588198169769644,-0.5082290980908493,"{""type"":""Point"",""coordinates"":[77.27884592066307,28.622102256430395]}"
187,17.66207034462377,1431.932283464567,43.763650520000056,28.590000000000032,-0.02569934045940414,0.36874051593323215,-0.4581312641448432,"{""type"":""Point"",""coordinates"":[77.29866092181362,28.514813371993284]}"
188,17.74130641392304,1655.6601377952754,41.85981337999999,28.950000000000045,-0.13599664464716368,0.4497524421249833,-0.4702130546885602,"{""type"":""Point"",""coordinates"":[77.10303929064341,28.616908444295852]}"
189,17.658335737748587,1690.3496062992128,42.02387834000001,29.210000000000036,-0.019493614160878334,0.24316939890710382,-0.2896825396825397,"{""type"":""Point"",""coordinates"":[77.15092665259498,28.711228867410757]}"
190,17.724949137369833,1712.6817913385823,44.90868722000005,27.58000000000004,0.042752110374875196,0.37946370176586003,-0.45022002200220024,"{""type"":""Point"",""coordinates"":[77.0979471710667,28.531358256720928]}"
191,17.721085562357132,1758.433267716535,43.54489724000001,29.350000000000023,0.027583187390542906,0.1763771186440678,-0.23887881745921072,"{""type"":""Point"",""coordinates"":[77.12107129378715,28.673889539220216]}"
192,17.66207034462377,1970.3171259842518,44.700188000000026,28.360000000000014,0.07492795389048991,0.13542193026781202,-0.1795275590551181,"{""type"":""Point"",""coordinates"":[77.28263718237459,28.518524555826517]}"
193,17.658335737748587,1608.8525590551178,39.79532930000005,27.870000000000005,-0.020588235294117647,0.17361894024802707,-0.218612818261633,"{""type"":""Point"",""coordinates"":[77.22183103550333,28.711464925636506]}"
194,17.681003824869833,1540.0287401574801,38.10170039000002,28.470000000000027,-0.14830049794327776,0.510250569476082,-0.5,"{""type"":""Point"",""coordinates"":[77.23607951794423,28.620874058509052]}"
195,17.658335737748587,1321.0868110236222,42.14009102,28.430000000000007,-0.07761828814460393,0.3840901331512462,-0.4037396121883656,"{""type"":""Point"",""coordinates"":[77.22219335292486,28.672691045780073]}"
196,17.721085562357132,1601.303346456693,43.305635840000036,28.950000000000045,-0.10216030688471633,0.5299887892376681,-0.5304177179702831,"{""type"":""Point"",""coordinates"":[77.13396840026263,28.70861867294167]}"
197,17.74130641392304,1560.0080708661415,41.77778090000004,27.99000000000001,-0.06012855069458843,0.46798736721217343,-0.4941554646405611,"{""type"":""Point"",""coordinates"":[77.14098446340799,28.56977566486831]}"
198,17.681003824869833,1450.4568897637794,40.215745760000004,28.170000000000016,-0.1416630004399472,0.6254306295020357,-0.5732040012124886,"{""type"":""Point"",""coordinates"":[77.19977805638814,28.591058823097008]}"
199,17.658335737748587,1409.8978346456693,44.33787788000001,29.410000000000025,0.05938375350140056,0.06704798220527486,-0.1523678792038435,"{""type"":""Point"",""coordinates"":[77.22367609368584,28.650360249745898]}"
200,17.544119905170646,1710.0966535433072,43.90378934,29.810000000000002,0.05598086124401914,0.0650472334682861,-0.13553956834532374,"{""type"":""Point"",""coordinates"":[77.27947422932854,28.689298217356647]}"
201,17.544119905170646,1680.9234251968503,43.64743784000001,29.380000000000052,0.058881256133464184,0.06260387811634349,-0.12,"{""type"":""Point"",""coordinates"":[77.27277718678559,28.682786321425382]}"
202,17.544119905170646,1568.813188976378,43.22018534000006,29.650000000000034,-0.03175378602833415,0.20444824636441403,-0.27459263729631866,"{""type"":""Point"",""coordinates"":[77.30342056116243,28.701065366679128]}"
203,17.721085562357132,2080.7885826771653,44.9907197,29.150000000000034,0.0590990990990991,0.22798353909465022,-0.25846487528617906,"{""type"":""Point"",""coordinates"":[77.13590334534291,28.67685111730777]}"
204,17.681003824869833,1597.0622047244096,41.09417689999998,28.150000000000034,-0.10331212985303795,0.4217071791972866,-0.4213054535179429,"{""type"":""Point"",""coordinates"":[77.19589735154696,28.59342584787101]}"
205,17.681003824869833,1539.6911417322833,40.56780182,27.960000000000036,-0.07139608913142337,0.40530867879510885,-0.3957345971563981,"{""type"":""Point"",""coordinates"":[77.24290359979014,28.595262571727122]}"
206,17.74130641392304,1616.4431102362205,42.58443362000003,28.210000000000036,-0.004113533525298231,0.5100525827404887,-0.5005378822806209,"{""type"":""Point"",""coordinates"":[77.12201005049661,28.598939067954944]}"
207,17.724949137369833,1283.3875,35.78940985999998,27.390000000000043,-0.24439800301869266,0.7929073268651723,-0.6945454545454546,"{""type"":""Point"",""coordinates"":[77.14067452259658,28.5456154656775]}"
208,17.724949137369833,1802.1625984251968,44.31053372000002,27.33000000000004,0.060625674217907224,0.1573631047315258,-0.19091903719912473,"{""type"":""Point"",""coordinates"":[77.09102256635666,28.50919535433077]}"
209,17.658335737748587,1323.3722440944885,41.849559320000026,29.27000000000004,-0.10042836744407425,0.5733242599523648,-0.5868222374742622,"{""type"":""Point"",""coordinates"":[77.18627989298727,28.70001748161869]}"
210,17.681003824869833,1489.9834645669291,39.463781359999984,28.180000000000007,-0.22840441654037671,0.6465467208357516,-0.6248568155784651,"{""type"":""Point"",""coordinates"":[77.17816054836739,28.555704332290155]}"
211,17.74130641392304,1514.6148622047247,42.78951482000002,27.970000000000027,-0.1238568364005871,0.4580342756701333,-0.4614594039054471,"{""type"":""Point"",""coordinates"":[77.12458858683227,28.56578980297879]}"
212,17.681003824869833,1422.2807086614173,42.45113084000002,29.52000000000004,-0.025006314725940892,0.32053368044256425,-0.37792869269949064,"{""type"":""Point"",""coordinates"":[77.22199739830809,28.636841498889105]}"
213,17.612781839522142,1231.6143700787402,38.42470328000002,28.650000000000034,-0.20771084337349396,0.7785663591199432,-0.6801877304726786,"{""type"":""Point"",""coordinates"":[77.2410595995179,28.529520709161165]}"
214,17.658335737748587,1600.8318897637794,42.64253996000002,29.710000000000036,-0.056353591160221,0.33184731122875455,-0.3594994311717861,"{""type"":""Point"",""coordinates"":[77.16824699430082,28.656976977656498]}"
215,17.74130641392304,1733.832874015748,42.71431838000001,27.890000000000043,0.013633546787853749,0.2723154809485745,-0.3186964926815797,"{""type"":""Point"",""coordinates"":[77.14231040555852,28.621748437113794]}"
216,17.658335737748587,1575.6370078740156,42.61861382000001,29.500000000000057,0.035345034864150034,0.21245089150800847,-0.24210526315789474,"{""type"":""Point"",""coordinates"":[77.19023345697543,28.652600163128945]}"
217,17.668430283490352,1561.834842519685,42.31782806000001,29.250000000000057,-0.061553030303030304,0.27495024168325277,-0.3195997645673926,"{""type"":""Point"",""coordinates"":[77.28976789181385,28.618866153934356]}"
218,17.681003824869833,1611.8555118110237,41.54193752000003,29.460000000000036,0.019142234068330505,0.16055045871559634,-0.20655737704918034,"{""type"":""Point"",""coordinates"":[77.24134246405318,28.575315999632654]}"
219,17.681003824869833,1804.3870078740156,41.719674560000044,27.660000000000025,0.056872951609793714,0.27528675703858185,-0.3243096913914456,"{""type"":""Point"",""coordinates"":[77.16450657221,28.641254034167808]}"
220,17.681003824869833,1296.3850393700786,40.63616222000002,28.610000000000014,-0.14186335403726708,0.5622025832766825,-0.5548037889039242,"{""type"":""Point"",""coordinates"":[77.16957580700407,28.564133552271162]}"
221,17.724949137369833,1564.1163385826771,44.71044205999999,28.370000000000005,0.06766726023912491,0.09272510435301133,-0.15124862572640177,"{""type"":""Point"",""coordinates"":[77.12710850842772,28.549460540048766]}"
222,17.544119905170646,1445.7669291338584,43.47995486000002,29.450000000000045,-0.04050690201403032,0.4765574823378292,-0.4967447916666667,"{""type"":""Point"",""coordinates"":[77.30488854669287,28.664573212753353]}"
223,17.74130641392304,1222.0966535433072,43.71238022,28.150000000000034,-0.07254518808011724,0.6134484659195296,-0.5935401923425876,"{""type"":""Point"",""coordinates"":[77.09335866806089,28.572066287482606]}"
224,17.658335737748587,1311.828937007874,46.28273125999999,29.33000000000004,0.08006912442396313,0.0979718116191131,-0.20030063885757235,"{""type"":""Point"",""coordinates"":[77.17333609507328,28.7058048086094]}"
225,17.74130641392304,1506.9052165354333,40.69768657999998,27.99000000000001,-0.07628865979381444,0.4643437177026428,-0.4849528372510855,"{""type"":""Point"",""coordinates"":[77.12745904242009,28.596366053051625]}"
226,17.668430283490352,1815.1970472440944,42.639121939999995,28.940000000000055,0.0354348826507133,0.08883116883116883,-0.13389234514471193,"{""type"":""Point"",""coordinates"":[77.25519360736843,28.57382792723296]}"
227,17.66207034462377,1751.0562992125983,43.27145564,28.480000000000018,0.05548765582987045,0.05286103542234333,-0.09368808378148882,"{""type"":""Point"",""coordinates"":[77.25837579090211,28.520710674066798]}"
228,17.681003824869833,1337.5454724409449,41.719674560000044,29.190000000000055,-0.08063660477453581,0.35079575596816975,-0.3866575901974132,"{""type"":""Point"",""coordinates"":[77.22273166862475,28.63023863136306]}"
229,17.681003824869833,1225.5484251968503,39.48087146,27.890000000000043,-0.09802967647774265,0.6468442174388909,-0.649251004749726,"{""type"":""Point"",""coordinates"":[77.1517129519326,28.565148527117625]}"
230,17.74130641392304,1804.5341535433067,44.77880246000001,28.49000000000001,0.013435700575815739,0.33177051202961133,-0.39945546479968885,"{""type"":""Point"",""coordinates"":[77.09842105716329,28.58979486654778]}"
231,17.658335737748587,1694.4352362204722,40.25676199999998,29.410000000000025,-0.08614718614718615,0.30168612191958494,-0.3250594137839979,"{""type"":""Point"",""coordinates"":[77.16949293962755,28.651718986213698]}"
232,17.74130641392304,1650.430807086614,44.290025600000035,28.810000000000002,-0.011425520555258943,0.30882962553544285,-0.34832740213523133,"{""type"":""Point"",""coordinates"":[77.12629042752576,28.626950294153588]}"
233,17.544119905170646,1600.2,42.276811820000034,29.27000000000004,-0.0457863304578633,0.3236282194848824,-0.3736199883788495,"{""type"":""Point"",""coordinates"":[77.30827427819963,28.65498133672117]}"
234,17.658335737748587,1675.3683070866143,42.41695063999998,29.32000000000005,-0.011882998171846435,0.2039151712887439,-0.2497883149872989,"{""type"":""Point"",""coordinates"":[77.16750237861146,28.690968177310086]}"
235,17.668430283490352,1394.1694881889762,39.77823920000003,27.05000000000001,-0.16020551144325082,0.5554164057608015,-0.5731475617479417,"{""type"":""Point"",""coordinates"":[77.26882578828354,28.615355501911655]}"
236,17.681003824869833,1520.4450787401574,41.25824186,29.52000000000004,-0.0647583294228062,0.3188026736413833,-0.3453898606581678,"{""type"":""Point"",""coordinates"":[77.22494990520839,28.63773636952097]}"
237,17.66207034462377,1387.642913385827,44.28660758000001,28.630000000000052,-0.13718158448235568,0.5711979334840168,-0.5521531100478468,"{""type"":""Point"",""coordinates"":[77.30390327079664,28.506268517612533]}"
238,17.66207034462377,1391.6271653543308,37.61463254,26.77000000000004,-0.2072072072072072,0.5297747608762727,-0.507449072666464,"{""type"":""Point"",""coordinates"":[77.32298928293794,28.532748795592223]}"
239,17.612781839522142,1719.7442913385828,42.98434196000005,27.850000000000023,0.055825242718446605,0.0769656699889258,-0.1308139534883721,"{""type"":""Point"",""coordinates"":[77.17638196117944,28.519561377240667]}"
240,17.544119905170646,1566.5100393700786,48.49760822000002,27.930000000000007,0.056511056511056514,0.11855519953393534,-0.19365868821883742,"{""type"":""Point"",""coordinates"":[77.31676461525446,28.721389635537683]}"
241,17.544119905170646,1728.4814960629922,46.20411680000001,27.130000000000052,0.06597152596751554,0.24712182061579652,-0.31248238940546635,"{""type"":""Point"",""coordinates"":[77.32807216117716,28.718857192379456]}"
242,17.668430283490352,1497.4726377952754,44.34129589999998,29.05000000000001,-0.05441527446300716,0.32553255325532554,-0.386691776522285,"{""type"":""Point"",""coordinates"":[77.32369794372042,28.641446050861536]}"
243,17.658335737748587,1709.5257874015747,41.36420048000002,29.05000000000001,0.011916110581506196,0.12571273418408907,-0.1616699355561782,"{""type"":""Point"",""coordinates"":[77.17771928518175,28.682302880814657]}"
244,17.668430283490352,1358.928346456693,40.02433664,26.970000000000027,-0.21160332808635035,0.6811232449297971,-0.662962962962963,"{""type"":""Point"",""coordinates"":[77.29588517407855,28.562897421791412]}"
245,17.681003824869833,1783.9687007874015,40.78313708000002,28.33000000000004,-0.13879128601546029,0.605250123823675,-0.5906748466257669,"{""type"":""Point"",""coordinates"":[77.18458360462049,28.58831680240127]}"
246,17.681003824869833,1397.3299212598424,40.26359804000003,28.610000000000014,-0.1309289617486339,0.6199123356293049,-0.6275558351682919,"{""type"":""Point"",""coordinates"":[77.16650851141542,28.558437663852597]}"
247,17.668430283490352,1574.6635826771656,38.32216268000002,27.180000000000007,-0.11179361179361179,0.5112719176175897,-0.5248525695029486,"{""type"":""Point"",""coordinates"":[77.28947146283392,28.573619936496645]}"
248,17.74130641392304,1178.2211614173227,41.001890360000004,28.05000000000001,-0.05607129595246937,0.627312607285905,-0.6631578947368421,"{""type"":""Point"",""coordinates"":[77.10485874071325,28.585401118130417]}"
249,17.658335737748587,1861.2442913385828,45.95118332000004,29.410000000000025,0.07076514816452897,0.11547650650384922,-0.15281207133058985,"{""type"":""Point"",""coordinates"":[77.232748438583,28.65692114166579]}"
250,17.658335737748587,1724.100590551181,44.768548399999986,29.150000000000034,0.04600171969045572,0.20761904761904762,-0.28563151796060254,"{""type"":""Point"",""coordinates"":[77.16825006230337,28.71271656388948]}"
251,17.668430283490352,436.23838582677166,34.85287238000001,26.57000000000005,-0.10237659963436929,0.3051948051948052,-0.24974093264248703,"{""type"":""Point"",""coordinates"":[77.30449606870437,28.55706216286733]}"
252,17.668430283490352,1576.9805118110235,39.28946234,26.57000000000005,-0.16596461668070767,0.5399165507649514,-0.5528751753155681,"{""type"":""Point"",""coordinates"":[77.27357712417005,28.59643193599498]}"
253,17.658335737748587,1345.4923228346458,43.62692972000002,29.24000000000001,-0.06780538302277432,0.3396103896103896,-0.4019707781175671,"{""type"":""Point"",""coordinates"":[77.20200588175936,28.665827377793256]}"
254,17.66207034462377,1625.0651574803146,43.343234059999986,28.350000000000023,0.007487832272557095,0.3974696889826041,-0.4964719164549817,"{""type"":""Point"",""coordinates"":[77.25959080957567,28.511084073284746]}"
255,17.544119905170646,1544.7039370078737,43.80466676000003,29.810000000000002,0.06608382617639497,0.08938212357528494,-0.1618682021753039,"{""type"":""Point"",""coordinates"":[77.28658618877407,28.68939000369619]}"
256,17.668430283490352,1780.0346456692912,46.67238554000005,28.910000000000025,0.10343356792493069,0.165834719911259,-0.21362586605080833,"{""type"":""Point"",""coordinates"":[77.32116338656013,28.649758654475495]}"
257,17.612781839522142,1475.9647637795274,39.092926190000014,27.950000000000045,-0.14869565217391303,0.5637762651672092,-0.5665579602727542,"{""type"":""Point"",""coordinates"":[77.2191636818695,28.506019780654103]}"
258,17.681003824869833,2408.596653543307,41.34027434000001,28.090000000000032,-0.01815736381977135,0.19494869771112866,-0.20637450199203186,"{""type"":""Point"",""coordinates"":[77.18847572074858,28.58701538188577]}"
259,17.658335737748587,2072.711811023622,41.323184240000046,27.29000000000002,0.024298361273309473,0.18210862619808307,-0.20774073210538588,"{""type"":""Point"",""coordinates"":[77.23285251095244,28.704113822849724]}"
260,17.658335737748587,1319.7639763779528,43.978985780000016,29.24000000000001,-0.033084311632870865,0.2980221253771371,-0.357167893445496,"{""type"":""Point"",""coordinates"":[77.19339569744758,28.661677460799996]}"
261,17.74130641392304,1806.9121062992128,42.28022984000006,29.100000000000023,0.016978858582539162,0.14508102590276892,-0.19478098788443615,"{""type"":""Point"",""coordinates"":[77.1259712125421,28.639713020925033]}"
262,17.668430283490352,715.6990157480315,40.49602340000001,28.190000000000055,0.12654614652711704,0.2248165443629086,-0.3372177713037145,"{""type"":""Point"",""coordinates"":[77.30128164171207,28.586920169303674]}"
263,17.544119905170646,1608.444094488189,45.88965896000002,27.930000000000007,0.04345761101876039,0.14594594594594595,-0.22730042656916513,"{""type"":""Point"",""coordinates"":[77.31622600942285,28.719878222474236]}"
264,17.721085562357132,1386.7088582677166,41.63080604000004,29.370000000000005,-0.09409190371991247,0.4646053702196908,-0.4701078079059131,"{""type"":""Point"",""coordinates"":[77.11148630009653,28.66632453736859]}"
265,17.668430283490352,1674.1074803149606,40.89934976000001,27.57000000000005,-0.11186712027216329,0.4367726920093095,-0.45368916797488223,"{""type"":""Point"",""coordinates"":[77.27486376606555,28.610118610181345]}"
266,17.724949137369833,1795.1266732283464,44.51903293999999,27.970000000000027,-0.06183927402002058,0.4189273659207401,-0.4345298281092012,"{""type"":""Point"",""coordinates"":[77.10355988404154,28.535160202973866]}"
267,17.74130641392304,1856.1955708661415,46.36476374000006,28.150000000000034,0.10375653827864954,0.18555793181532268,-0.26259378349410506,"{""type"":""Point"",""coordinates"":[77.09386012989114,28.571387331318682]}"
268,17.658335737748587,1641.1842519685038,42.14009102,29.110000000000014,-0.027712137486573578,0.30674679049440046,-0.35524079320113316,"{""type"":""Point"",""coordinates"":[77.18549944051877,28.688318924531714]}"
269,17.681003824869833,1371.8220472440946,39.18692174,27.660000000000025,-0.20367465830159087,0.7157457681251996,-0.6771776459569154,"{""type"":""Point"",""coordinates"":[77.16518548323327,28.63753769121815]}"
270,17.66207034462377,1006.0031496062992,44.09178043999998,27.750000000000057,-0.017957020900794818,0.5972286374133949,-0.6001850994909764,"{""type"":""Point"",""coordinates"":[77.29275707867836,28.52530791261653]}"
271,17.544119905170646,1564.6606299212597,43.00485007999998,29.690000000000055,-0.10699316126185748,0.44569288389513106,-0.45112781954887216,"{""type"":""Point"",""coordinates"":[77.31073649951276,28.680730564304255]}"
272,17.74130641392304,1885.1931102362203,45.77344628000003,28.810000000000002,0.07226644323418517,0.13346129238643634,-0.18264352469959946,"{""type"":""Point"",""coordinates"":[77.12428781254526,28.62562090902932]}"
273,17.544119905170646,1669.657677165354,42.61861382000001,29.720000000000027,-0.01061865189289012,0.18069039913700108,-0.2433967622834422,"{""type"":""Point"",""coordinates"":[77.27486942577657,28.653393510371327]}"
274,17.668430283490352,219.22460629921258,33.40704992000002,27.190000000000055,0.4698275862068966,-0.36597938144329895,0.3526315789473684,"{""type"":""Point"",""coordinates"":[77.28750038750168,28.58226510286484]}"
275,17.66207034462377,1658.8722440944882,45.633307460000026,28.590000000000032,0.03099730458221024,0.17708049113233287,-0.25079733256016234,"{""type"":""Point"",""coordinates"":[77.29254870970647,28.508427207648356]}"
276,17.658335737748587,1535.4017716535434,40.34221250000002,29.05000000000001,-0.09801324503311258,0.4297211842483472,-0.4655274012964054,"{""type"":""Point"",""coordinates"":[77.18330357763692,28.677679768188327]}"
277,17.658335737748587,1226.0503937007873,40.06535287999998,28.470000000000027,-0.1701767126603728,0.7215099715099715,-0.6703524533517623,"{""type"":""Point"",""coordinates"":[77.21550446132552,28.697547132694712]}"
278,17.66207034462377,1291.8269685039368,48.26518285999998,26.890000000000043,-0.0024888003982080635,0.3957033957033957,-0.4411449016100179,"{""type"":""Point"",""coordinates"":[77.31779250502075,28.52140564633799]}"
279,17.74130641392304,1304.7241141732284,49.006893200000036,28.850000000000023,0.10087998979721974,0.2531105581230004,-0.3482501434308663,"{""type"":""Point"",""coordinates"":[77.08740196798206,28.564031141129764]}"
280,17.612781839522142,1585.9293307086612,41.82563318000001,28.710000000000036,0.017364657814096015,0.14762898896510587,-0.17964438994481913,"{""type"":""Point"",""coordinates"":[77.23922780447595,28.547760877190257]}"
281,17.66207034462377,1845.309251968504,45.79053638000005,27.750000000000057,0.018937834499794155,0.2170582226762002,-0.273650454302512,"{""type"":""Point"",""coordinates"":[77.30607027454222,28.532495538720635]}"
282,17.721085562357132,1442.5110236220473,41.68549436000001,28.890000000000043,-0.03700497727764553,0.48681352776915915,-0.5109569604288192,"{""type"":""Point"",""coordinates"":[77.10355060802152,28.67972275660431]}"
283,17.66207034462377,1595.783661417323,42.56050748000001,26.920000000000016,-0.055301455301455305,0.4282498593134496,-0.43552036199095023,"{""type"":""Point"",""coordinates"":[77.33054596572265,28.547469445196658]}"
284,17.721085562357132,1722.4529527559057,41.63080604000004,29.370000000000005,-0.004408199250606128,0.20971595434032386,-0.2614532871972318,"{""type"":""Point"",""coordinates"":[77.11552621345142,28.66476816153869]}"
285,17.66207034462377,1504.4627952755907,39.91154198000004,29.32000000000005,-0.2537182852143482,0.6386506575185821,-0.6274843838727996,"{""type"":""Point"",""coordinates"":[77.25213472499158,28.53325654221267]}"
286,17.544119905170646,1794.1576771653542,43.606421599999976,29.53000000000003,0.022378236068451074,0.2023745277927685,-0.14638538718806277,"{""type"":""Point"",""coordinates"":[77.26736648433075,28.67013311579274]}"
287,17.544119905170646,1690.6458661417323,38.942533310000044,26.940000000000055,-0.07298474945533769,0.5438871473354232,-0.5382613222280063,"{""type"":""Point"",""coordinates"":[77.2508043294756,28.680037302678805]}"
288,17.612781839522142,1495.946062992126,41.10784898000003,28.55000000000001,0.00857365549493375,0.17163033466380104,-0.21181327405525563,"{""type"":""Point"",""coordinates"":[77.20387597313363,28.519840902167143]}"
289,17.74130641392304,1597.3855314960633,43.90720736000003,28.49000000000001,-0.020043169904409498,0.39715613121216387,-0.44391095591444785,"{""type"":""Point"",""coordinates"":[77.09290611674166,28.58464354498694]}"
290,17.658335737748587,1341.3830708661417,36.76354556000001,26.80000000000001,-0.1971797884841363,0.6828543111992071,-0.6044094488188977,"{""type"":""Point"",""coordinates"":[77.24133241227368,28.691392827187663]}"
291,17.681003824869833,1422.860433070866,43.47995486000002,29.140000000000043,0.01368421052631579,0.20514469453376205,-0.2611036339165545,"{""type"":""Point"",""coordinates"":[77.21665186191164,28.631351470195426]}"
292,17.681003824869833,1629.5513779527562,39.70646078000004,28.180000000000007,-0.06807727690892364,0.295397489539749,-0.31446362864421173,"{""type"":""Point"",""coordinates"":[77.17687018352423,28.55381181548128]}"
293,17.668430283490352,1774.1645669291336,41.09417689999998,26.55000000000001,-0.061355484236360204,0.41647770219198793,-0.42762823768410363,"{""type"":""Point"",""coordinates"":[77.28182507807074,28.580469677018858]}"
294,17.544119905170646,1449.326968503937,42.47163896000001,29.07000000000005,-0.0344149459193707,0.32119309262166407,-0.3747141457040183,"{""type"":""Point"",""coordinates"":[77.31796566391868,28.658030644701572]}"
295,17.668430283490352,1377.311220472441,42.338336180000056,27.410000000000025,-0.12446351931330472,0.48863636363636365,-0.4990464081373172,"{""type"":""Point"",""coordinates"":[77.26380160952368,28.57695282764589]}"
296,17.668430283490352,1636.4568897637794,42.34859024000002,29.630000000000052,-0.013422818791946308,0.23131285675455288,-0.28583593528242973,"{""type"":""Point"",""coordinates"":[77.28861266178828,28.632612453696613]}"
297,17.74130641392304,1713.623720472441,42.74508056000002,29.110000000000014,0.013330187566356021,0.14246687610982106,-0.18102231008189776,"{""type"":""Point"",""coordinates"":[77.09268310338157,28.59438289561931]}"
298,17.681003824869833,1574.1055118110237,40.05509882000001,26.29000000000002,-0.07596832869676867,0.4489913544668588,-0.4456584243818286,"{""type"":""Point"",""coordinates"":[77.17823578456775,28.619641023016772]}"
299,17.612781839522142,1509.9578740157478,40.23625388000005,27.710000000000036,-0.12625250501002003,0.47334692688610547,-0.4686411149825784,"{""type"":""Point"",""coordinates"":[77.19756553866623,28.513712042517287]}"
300,17.74130641392304,1693.9790354330705,44.160140840000054,28.810000000000002,0.05079760153863559,0.21137741842333238,-0.24039030159668834,"{""type"":""Point"",""coordinates"":[77.1222294991885,28.625388557219377]}"
301,17.724949137369833,1803.2526574803148,44.14988678000003,27.950000000000045,-0.04344504917406665,0.36157488163468726,-0.41995841995842,"{""type"":""Point"",""coordinates"":[77.12566166198428,28.53350027239185]}"
302,17.74130641392304,1582.5769685039368,41.01898046000002,29.03000000000003,-0.1131624674196351,0.4516357456450928,-0.4563796533105996,"{""type"":""Point"",""coordinates"":[77.13571067965859,28.64702266620451]}"
303,17.724949137369833,1522.0818897637794,42.82711304000003,26.310000000000002,-0.001037344398340249,0.464339908952959,-0.4636735932049143,"{""type"":""Point"",""coordinates"":[77.1271592967357,28.506744785542015]}"
304,17.658335737748587,1132.7127952755907,43.96189568,27.340000000000032,-0.09895287958115183,0.6271317829457365,-0.6671961874503575,"{""type"":""Point"",""coordinates"":[77.24138039430458,28.67065302535197]}"
305,17.721085562357132,1510.0858267716533,42.81002294000001,29.24000000000001,-0.040951446787641003,0.2793851717902351,-0.31363144050750424,"{""type"":""Point"",""coordinates"":[77.10297198569718,28.670651240043156]}"
306,17.668430283490352,1824.0179133858267,45.6230534,29.29000000000002,0.05014504765851637,0.22534081796311148,-0.2552026286966046,"{""type"":""Point"",""coordinates"":[77.31565813229986,28.59554834444519]}"
307,17.721085562357132,1554.754133858268,44.143050740000035,29.170000000000016,0.04197201865423051,0.2972485340550293,-0.34392523364485983,"{""type"":""Point"",""coordinates"":[77.11989210815416,28.68846727287684]}"
308,17.681003824869833,1433.9204724409446,35.84068016000003,25.970000000000027,-0.30409997807498357,0.7861861861861862,-0.7106701179177451,"{""type"":""Point"",""coordinates"":[77.16107271251533,28.61174389273862]}"
309,17.681003824869833,1432.477559055118,39.17666768000004,28.590000000000032,-0.14585820004774408,0.456752655538695,-0.4990630855715178,"{""type"":""Point"",""coordinates"":[77.2102350854462,28.55594126548523]}"
310,17.74130641392304,1651.332874015748,40.52336756,27.850000000000023,-0.0436541737649063,0.37302143157304946,-0.37186843946815956,"{""type"":""Point"",""coordinates"":[77.14420498147702,28.563410081486825]}"
311,17.681003824869833,1327.84468503937,35.509132220000026,25.970000000000027,-0.27310536044362294,0.7872202400259487,-0.7245696400625978,"{""type"":""Point"",""coordinates"":[77.15640552464224,28.610021693152504]}"
312,17.544119905170646,1709.2797244094488,41.866649420000044,29.690000000000055,-0.017731958762886597,0.329025309639203,-0.3616551724137931,"{""type"":""Point"",""coordinates"":[77.29356252276968,28.699910887550306]}"
313,17.544119905170646,1738.3397637795274,41.357364440000026,29.120000000000005,0.05792044661549198,0.07856191744340879,-0.1456859971711457,"{""type"":""Point"",""coordinates"":[77.26259485784988,28.69339531951776]}"
314,17.66207034462377,1281.9017716535432,41.59662584,27.750000000000057,-0.1553727008712488,0.6360520904729267,-0.6622562674094707,"{""type"":""Point"",""coordinates"":[77.28512791899627,28.547145886260548]}"
315,17.66207034462377,1615.2246062992126,42.17768924000001,28.970000000000027,0.03734439834024896,0.08064046579330422,-0.12077294685990338,"{""type"":""Point"",""coordinates"":[77.2563667466186,28.527291399346144]}"
316,17.668430283490352,1426.5277559055119,42.70406432000004,27.33000000000004,-0.022545090180360723,0.29013906447534765,-0.3300749429781688,"{""type"":""Point"",""coordinates"":[77.25185346865658,28.602906220853498]}"
317,17.681003824869833,1961.5799212598426,44.26951747999999,27.660000000000025,-0.01229011597715077,0.29123426805034225,-0.38841405508072174,"{""type"":""Point"",""coordinates"":[77.1588480058761,28.638182020608248]}"
318,17.681003824869833,1533.1192913385828,41.34369235999998,28.970000000000027,-0.030101919886228963,0.27411316329522134,-0.32217827806510496,"{""type"":""Point"",""coordinates"":[77.23368113480242,28.577974015551067]}"
319,17.658335737748587,385.59271653543306,33.51984458000004,27.850000000000023,0.07368421052631578,-0.07853403141361257,0.10204081632653061,"{""type"":""Point"",""coordinates"":[77.23575470923274,28.67005147411894]}"
320,17.681003824869833,1547.0061023622047,40.82415332000005,29.190000000000055,-0.07088122605363985,0.31452087007642565,-0.33852140077821014,"{""type"":""Point"",""coordinates"":[77.20852996063348,28.63445882243376]}"
321,17.721085562357132,1726.0346456692912,43.097136620000015,29.750000000000057,0.03219871205151794,0.1228819212808539,-0.18119298245614035,"{""type"":""Point"",""coordinates"":[77.13816592359831,28.652680808633605]}"
322,17.668430283490352,180.83681102362203,32.043259939999984,26.74000000000001,0.3805668016194332,-0.25728155339805825,0.19473684210526315,"{""type"":""Point"",""coordinates"":[77.27468543997247,28.589329385095283]}"
323,17.658335737748587,1724.4293307086614,42.030714380000006,28.650000000000034,-0.04817027632561613,0.4513960703205791,-0.48754636989931105,"{""type"":""Point"",""coordinates"":[77.20928002543585,28.669665025815554]}"
324,17.74130641392304,1098.576968503937,48.52153436000003,28.610000000000014,0.18688524590163935,0.11360574764256848,-0.19345524542829645,"{""type"":""Point"",""coordinates"":[77.11463898443088,28.56061169258359]}"
325,17.74130641392304,1718.3235236220473,45.6230534,28.410000000000025,0.0920448999511957,0.2538077908073864,-0.33304671825738036,"{""type"":""Point"",""coordinates"":[77.11903346850471,28.552020695388187]}"
326,17.681003824869833,1493.7964566929131,40.92669392000005,28.440000000000055,-0.08287817620517691,0.3555291319857313,-0.3889734998477003,"{""type"":""Point"",""coordinates"":[77.16257179110714,28.56952224274198]}"
327,17.612781839522142,1234.9244094488188,38.72890705999998,27.27000000000004,-0.10929368029739776,0.6745230078563412,-0.586671393123006,"{""type"":""Point"",""coordinates"":[77.17262716823805,28.52558397076579]}"
328,17.612781839522142,1172.186220472441,38.45204744,28.650000000000034,-0.12590738423028786,0.701853953840333,-0.6714975845410628,"{""type"":""Point"",""coordinates"":[77.23906262034389,28.529611033037735]}"
329,17.668430283490352,1457.8840551181102,45.29834149999999,28.900000000000034,0.06227483273288729,0.1520708188428707,-0.2203616878767582,"{""type"":""Point"",""coordinates"":[77.3227485816895,28.629065188395032]}"
330,17.681003824869833,1251.1438976377951,41.40521672,28.05000000000001,0.014889815366289458,0.19379285456513895,-0.2659778032912361,"{""type"":""Point"",""coordinates"":[77.1513380783957,28.58828925477035]}"
331,17.544119905170646,1585.6498031496062,44.00291192000003,29.630000000000052,0.05241935483870968,0.09080359733101248,-0.1619283065512979,"{""type"":""Point"",""coordinates"":[77.3011455513693,28.697348150572356]}"
332,17.681003824869833,1655.8476377952757,44.75316730999998,28.170000000000016,-0.0071709461022438125,0.22337735318909807,-0.2447112635791881,"{""type"":""Point"",""coordinates"":[77.23626726830983,28.613498086384553]}"
333,17.74130641392304,1412.09468503937,43.89353528000004,28.05000000000001,-0.0032837127845884414,0.4862980379438949,-0.5132904077926366,"{""type"":""Point"",""coordinates"":[77.1073569623501,28.59139367135068]}"
334,17.681003824869833,1646.2236220472441,41.29925810000003,28.610000000000014,-0.0735195530726257,0.2938324804740102,-0.3223231489127443,"{""type"":""Point"",""coordinates"":[77.17528836015035,28.564897585027133]}"
335,17.74130641392304,1674.7467519685038,41.572699700000044,29.250000000000057,-0.012564841498559078,0.20246406570841888,-0.2466647743400511,"{""type"":""Point"",""coordinates"":[77.09381360789111,28.614405226293165]}"
336,17.612781839522142,1321.215748031496,39.68595266,27.310000000000002,-0.11172287221839872,0.6035737921906023,-0.5998679432155827,"{""type"":""Point"",""coordinates"":[77.16689099842257,28.5415894758249]}"
337,17.681003824869833,1693.4992125984252,40.147385360000044,28.440000000000055,-0.050560512468542665,0.2570490008212428,-0.2752013329630658,"{""type"":""Point"",""coordinates"":[77.15761220269262,28.567031195613954]}"
338,17.66207034462377,1497.408661417323,42.881801360000054,27.850000000000023,-0.07297738400559571,0.3651735390091961,-0.415564441710243,"{""type"":""Point"",""coordinates"":[77.29955313010417,28.539328769340077]}"
339,17.66207034462377,1144.5110236220473,42.02729636000004,28.55000000000001,-0.08438709677419355,0.6439749608763693,-0.627420604182804,"{""type"":""Point"",""coordinates"":[77.26961557317688,28.520701420237287]}"
340,17.668430283490352,1663.0100393700786,41.470159100000046,28.970000000000027,0.011825922421948912,0.17723302338686955,-0.20856233728666473,"{""type"":""Point"",""coordinates"":[77.2672780064111,28.565009048076615]}"
341,17.721085562357132,1395.5439960629922,42.56734352000001,28.950000000000045,-0.018867924528301886,0.2930341594105827,-0.3288590604026846,"{""type"":""Point"",""coordinates"":[77.12873720126797,28.7189456428588]}"
342,17.681003824869833,1220.8358267716537,39.61759226000004,28.03000000000003,-0.1319838056680162,0.5362637362637362,-0.5441826215022091,"{""type"":""Point"",""coordinates"":[77.24655217147142,28.6384021595797]}"
343,17.668430283490352,1160.2895669291336,37.45056757999998,27.07000000000005,-0.10680127523910733,0.6029242016160061,-0.6023076923076923,"{""type"":""Point"",""coordinates"":[77.31527309274885,28.56108239643317]}"
344,17.66207034462377,1440.0031496062993,41.24115175999998,28.260000000000048,-0.13442471754669127,0.5055079559363526,-0.5166461159062885,"{""type"":""Point"",""coordinates"":[77.2951030970624,28.53259396696326]}"
345,17.612781839522142,1469.4401574803148,39.38003987000002,28.760000000000048,-0.13149315366224734,0.5666566355702678,-0.561956195619562,"{""type"":""Point"",""coordinates"":[77.22374362398831,28.518111820932035]}"
346,17.681003824869833,1671.1458661417323,40.07218892000003,28.33000000000004,-0.09303230829116388,0.4896551724137931,-0.5190695158236408,"{""type"":""Point"",""coordinates"":[77.17004662373475,28.63308281487889]}"
347,17.668430283490352,251.84566929133857,32.93536316000001,26.730000000000018,0.22077922077922077,-0.03225806451612903,-0.18161925601750548,"{""type"":""Point"",""coordinates"":[77.25788079455951,28.604155102641123]}"
348,17.612781839522142,1555.5700787401574,38.769923300000016,27.29000000000002,-0.10689140174951994,0.4634696755994358,-0.491661874640598,"{""type"":""Point"",""coordinates"":[77.15135741715734,28.512710937464785]}"
349,17.681003824869833,1722.7029527559055,40.27043408000003,28.610000000000014,-0.06979695431472081,0.393772389087903,-0.38917879703378194,"{""type"":""Point"",""coordinates"":[77.2003369075938,28.626892775003363]}"
350,17.612781839522142,1286.5681102362203,37.70862809000005,28.510000000000048,-0.19959421760081156,0.6017609210971893,-0.5851206434316354,"{""type"":""Point"",""coordinates"":[77.20951809054752,28.547082537835532]}"
351,17.612781839522142,1345.1931102362203,40.913021840000056,28.170000000000016,-0.10571142284569138,0.49627118644067797,-0.47378964941569285,"{""type"":""Point"",""coordinates"":[77.17609726730437,28.508262120149674]}"
352,17.612781839522142,1507.6074803149606,39.53214176000006,27.310000000000002,-0.15793936824252702,0.6008206330597889,-0.5686387133831131,"{""type"":""Point"",""coordinates"":[77.1656746465508,28.541855151274053]}"
353,17.721085562357132,1710.123720472441,42.46480292000001,29.28000000000003,-0.01777131999552923,0.21917257999732226,-0.2570403092214246,"{""type"":""Point"",""coordinates"":[77.14370619814228,28.70098768330931]}"
354,17.544119905170646,1569.1734251968505,44.65575374000002,27.950000000000045,0.020058708414872797,0.16453488372093023,-0.22996622658888546,"{""type"":""Point"",""coordinates"":[77.30024858762442,28.71870966471807]}"
355,17.681003824869833,1619.9204724409446,43.51071704000003,29.49000000000001,0.017645636934977036,0.15783475783475784,-0.21422169106662683,"{""type"":""Point"",""coordinates"":[77.21386268548198,28.6430466907838]}"
356,17.612781839522142,1632.5651574803148,40.2738521,27.690000000000055,-0.16476069462092333,0.4725568942436412,-0.4604354753053638,"{""type"":""Point"",""coordinates"":[77.16594486100233,28.512200132614893]}"
357,17.544119905170646,1536.8761811023624,41.880321500000036,28.03000000000003,-0.11101973684210527,0.5600461893764435,-0.5691056910569106,"{""type"":""Point"",""coordinates"":[77.25070814829652,28.65744491530023]}"
358,17.658335737748587,1462.3309055118111,41.996534180000026,29.28000000000003,-0.052103250478011474,0.32271634615384615,-0.39083728278041074,"{""type"":""Point"",""coordinates"":[77.15202110184795,28.65214641986471]}"
359,17.668430283490352,1889.8318897637794,42.42036866000001,29.08000000000004,-0.0060429256095019795,0.1962338949454906,-0.23446688826387113,"{""type"":""Point"",""coordinates"":[77.31426573607426,28.600700575785854]}"
360,17.721085562357132,1493.1069881889764,42.574179560000005,29.120000000000005,-0.09382687126625278,0.4146341463414634,-0.42304175556232854,"{""type"":""Point"",""coordinates"":[77.12631280896395,28.7123732230417]}"
361,17.658335737748587,1731.5208661417323,41.79487100000006,28.970000000000027,0.03621683967704729,0.13810950694633614,-0.17524613220815752,"{""type"":""Point"",""coordinates"":[77.15422194489408,28.713590355340525]}"
362,17.74130641392304,1420.0533464566927,43.00143206000001,28.760000000000048,-0.10701927829955511,0.4020973548286117,-0.42371265098537825,"{""type"":""Point"",""coordinates"":[77.1345057296161,28.628258780440234]}"
363,17.668430283490352,2032.0218503937008,44.033674099999985,27.77000000000004,0.03264964420259523,0.06497695852534562,-0.11939937030758052,"{""type"":""Point"",""coordinates"":[77.28152765977538,28.56901341208749]}"
364,17.544119905170646,1644.5562992125986,40.595145979999984,29.730000000000018,0.03990442054958184,0.11055831951354339,-0.1877032219923145,"{""type"":""Point"",""coordinates"":[77.27185593618357,28.71189311693728]}"
365,17.681003824869833,1711.0769685039372,39.610756219999985,29.07000000000005,0.01094003241491086,0.29667994687915006,-0.35272928789138264,"{""type"":""Point"",""coordinates"":[77.22179178217439,28.561782007962428]}"
366,17.681003824869833,1362.7127952755905,40.34392151000003,29.460000000000036,-0.12093953023488256,0.4456977118917177,-0.46793193717277487,"{""type"":""Point"",""coordinates"":[77.23265556311998,28.572238125201295]}"
367,17.658335737748587,1431.686220472441,42.35200826000005,28.720000000000027,-0.0892150011646867,0.4526250388319354,-0.4820919175911252,"{""type"":""Point"",""coordinates"":[77.20188665535564,28.69658538612302]}"
368,17.681003824869833,1797.9627952755905,42.62886788000003,27.310000000000002,-0.04109047807190833,0.33620689655172414,-0.3571980427504507,"{""type"":""Point"",""coordinates"":[77.16006883996624,28.62742295389739]}"
369,17.668430283490352,1679.4942913385826,42.69722827999999,29.630000000000052,0.05007292173067574,0.09621318373071529,-0.1473869641808573,"{""type"":""Point"",""coordinates"":[77.28280945143307,28.628854199470567]}"
370,17.724949137369833,2037.7457677165355,46.12208432,27.730000000000018,0.07247472361334215,0.1376912378303199,-0.21515226541223076,"{""type"":""Point"",""coordinates"":[77.09277550938005,28.532884273293092]}"
371,17.74130641392304,1582.5769685039368,41.01898046000002,29.03000000000003,-0.1131624674196351,0.4516357456450928,-0.4563796533105996,"{""type"":""Point"",""coordinates"":[77.135763814453,28.6469465698248]}"
372,17.681003824869833,1331.5277559055119,41.99995220000005,28.700000000000045,-0.11291963377416073,0.4437479379742659,-0.4572094572094572,"{""type"":""Point"",""coordinates"":[77.22564329641415,28.61831867852488]}"
373,17.668430283490352,1420.03562992126,43.02194018,27.80000000000001,-0.10405727923627685,0.429984544049459,-0.46438746438746437,"{""type"":""Point"",""coordinates"":[77.32566404666537,28.574985986798396]}"
374,17.74130641392304,1273.5996062992126,42.112746860000016,29.110000000000014,-0.10897269180754227,0.460774237752655,-0.5155500266571885,"{""type"":""Point"",""coordinates"":[77.11503768120413,28.63142556010359]}"
375,17.721085562357132,1619.949507874016,41.41547078000002,29.710000000000036,-0.03491078355314197,0.32529094521714447,-0.3666032489389726,"{""type"":""Point"",""coordinates"":[77.09544379947826,28.704186598750102]}"
376,17.681003824869833,1294.823031496063,41.849559320000026,29.52000000000004,-0.11782786885245902,0.48284063880394157,-0.5296179460217315,"{""type"":""Point"",""coordinates"":[77.22451952630779,28.63707041112961]}"
377,17.668430283490352,1564.791535433071,42.39473351000004,27.710000000000036,-0.02693437806072478,0.22847100175746923,-0.2560646900269542,"{""type"":""Point"",""coordinates"":[77.25253432687698,28.63445338286263]}"
378,17.668430283490352,1678.9726377952757,42.56734352000001,29.210000000000036,-0.04169914263445051,0.4195432819968136,-0.5127334465195246,"{""type"":""Point"",""coordinates"":[77.3254262428716,28.600543010261156]}"
379,17.668430283490352,1519.9568897637796,39.92863208000006,27.750000000000057,-0.062144597887896016,0.544595392793857,-0.5441393563625627,"{""type"":""Point"",""coordinates"":[77.26552999638729,28.618659705405047]}"
380,17.612781839522142,1224.3811023622047,37.21472419999998,27.950000000000045,-0.23522197694383123,0.78708303761533,-0.7288019224167525,"{""type"":""Point"",""coordinates"":[77.19205945676688,28.549046693215715]}"
381,17.668430283490352,1573.085826771653,43.910625380000056,28.05000000000001,0.052377504223992274,0.15470588235294117,-0.21172839506172839,"{""type"":""Point"",""coordinates"":[77.32725355768592,28.573772484277853]}"
382,17.544119905170646,1618.91062992126,45.079588220000005,27.950000000000045,0.00840718018632129,0.2522238163558106,-0.3136664659843468,"{""type"":""Point"",""coordinates"":[77.30397433201921,28.71953810889183]}"
383,17.66207034462377,1885.723622047244,44.64208166000003,28.450000000000045,0.05477980665950591,0.13607022979602376,-0.1667992574913816,"{""type"":""Point"",""coordinates"":[77.27669895184214,28.526843996167404]}"
384,17.668430283490352,1660.725590551181,42.07514864000001,27.930000000000007,-0.09968387776606955,0.39742903053026246,-0.40005366246310703,"{""type"":""Point"",""coordinates"":[77.29084473451,28.597789890944203]}"
385,17.74130641392304,2259.465255905511,47.64993926,28.750000000000057,0.07686297489989256,0.012316589911106351,-0.05279572287814658,"{""type"":""Point"",""coordinates"":[77.09365009626552,28.56139770996079]}"
386,17.658335737748587,1437.7088582677166,39.40225700000002,28.650000000000034,-0.16753185464841908,0.4939613526570048,-0.4899126769045468,"{""type"":""Point"",""coordinates"":[77.21658115613035,28.672386143850265]}"
387,17.668430283490352,1470.2078740157478,42.02387834000001,28.690000000000055,-0.08535204890196967,0.45228718570130266,-0.47598522167487683,"{""type"":""Point"",""coordinates"":[77.27994202131313,28.564552376078993]}"
388,17.681003824869833,2160.909645669291,42.734826500000054,29.380000000000052,0.03917765709852599,0.19546332046332046,-0.16181988742964354,"{""type"":""Point"",""coordinates"":[77.1885329116095,28.643702358901955]}"
389,17.658335737748587,1810.5976377952754,45.018063859999984,28.510000000000048,0.022764523766162812,0.3388223552894212,-0.4050798638387012,"{""type"":""Point"",""coordinates"":[77.230761583894,28.659149287079128]}"
390,17.74130641392304,1660.913090551181,42.85103918000004,29.470000000000027,-0.01418521508476531,0.22257750590852218,-0.2737543453070684,"{""type"":""Point"",""coordinates"":[77.11020362578294,28.63678133023627]}"
391,17.74130641392304,1545.5631889763781,43.27145564,28.210000000000036,-0.053212199870214145,0.45604066985645936,-0.48830811554332876,"{""type"":""Point"",""coordinates"":[77.12204606084758,28.57950523848204]}"
392,17.658335737748587,1721.7875984251968,41.56586365999999,27.05000000000001,-0.029698942229454843,0.3556507766470273,-0.36699972994869023,"{""type"":""Point"",""coordinates"":[77.22618145716528,28.718700452212307]}"
393,17.658335737748587,1806.3850393700786,46.83986851999998,29.150000000000034,0.10408029674885447,0.1778542742398164,-0.19464649403549608,"{""type"":""Point"",""coordinates"":[77.22412838742433,28.661462756837366]}"
394,17.721085562357132,1614.8437007874015,41.79828902000003,29.430000000000007,0.024584237165582067,0.14629655856111032,-0.2003559246626131,"{""type"":""Point"",""coordinates"":[77.12790079239885,28.65385604211477]}"
395,17.66207034462377,2229.0425196850397,45.20263694000005,28.360000000000014,0.08172512166470884,0.37799043062200954,-0.33789731051344746,"{""type"":""Point"",""coordinates"":[77.28310720676076,28.51721097969766]}"
396,17.668430283490352,1367.2639763779528,44.62840958000004,27.000000000000057,0.00837257980115123,0.2528925619834711,-0.3261021693491952,"{""type"":""Point"",""coordinates"":[77.32125489881864,28.553109434938243]}"
397,17.66207034462377,1378.7944881889764,42.22212350000001,27.850000000000023,-0.02309888398650402,0.26063319475535657,-0.32548755884330866,"{""type"":""Point"",""coordinates"":[77.2985644862542,28.538280271716257]}"
398,17.612781839522142,1264.7413385826771,37.22156024000003,27.27000000000004,-0.17711561382598331,0.7235602094240837,-0.6581598388179987,"{""type"":""Point"",""coordinates"":[77.17277618475144,28.529511116591618]}"
399,17.544119905170646,1541.9854330708663,43.29879979999998,29.600000000000023,0.01742331288343558,0.15389048991354468,-0.24502487562189054,"{""type"":""Point"",""coordinates"":[77.27676484469967,28.668476783351537]}"
400,17.724949137369833,1690.7964566929136,44.734368200000006,27.58000000000004,-0.05263157894736842,0.3877338877338877,-0.43625605164066705,"{""type"":""Point"",""coordinates"":[77.09504575297495,28.528082701909966]}"
401,17.74130641392304,1306.258562992126,41.870067440000014,28.03000000000003,-0.11399881866509155,0.5756056808688388,-0.5867407033484772,"{""type"":""Point"",""coordinates"":[77.11280912831768,28.59796247278325]}"
402,17.612781839522142,1881.6055118110235,41.25995087000001,28.090000000000032,-0.011845789360327375,0.17040358744394618,-0.216468151216986,"{""type"":""Point"",""coordinates"":[77.20232512012069,28.511734295814275]}"
403,17.724949137369833,1745.418996062992,47.87211056000001,28.710000000000036,0.11506702412868633,0.171992614685414,-0.2259693953350171,"{""type"":""Point"",""coordinates"":[77.1053235503908,28.54634720518017]}"
404,17.544119905170646,1672.1360236220473,40.30974131000005,29.130000000000052,0.08215158924205379,0.03530060672917816,-0.11527035056446822,"{""type"":""Point"",""coordinates"":[77.25965974526441,28.6854795728391]}"
405,17.681003824869833,1119.5080708661417,40.64983430000001,27.04000000000002,-0.12486602357984995,0.6913779210314263,-0.64950884086444,"{""type"":""Point"",""coordinates"":[77.18879220158546,28.61084438116029]}"
406,17.668430283490352,1479.4962598425197,41.25140582000006,26.650000000000034,-0.18789237668161435,0.5446064139941691,-0.5378809869375907,"{""type"":""Point"",""coordinates"":[77.26926303253548,28.603235669121077]}"
407,17.74130641392304,1372.586811023622,38.48964566000001,27.02000000000004,-0.2683087750164944,0.8050078247261346,-0.6971748087110065,"{""type"":""Point"",""coordinates"":[77.14393403337682,28.619407342215933]}"
408,17.74130641392304,1533.7413385826771,43.30221782000001,28.890000000000043,-0.03003384094754653,0.41508063344471885,-0.46753051077293956,"{""type"":""Point"",""coordinates"":[77.09434385881416,28.582189310484488]}"
409,17.74130641392304,1153.2713582677166,40.87884164000002,28.150000000000034,-0.06382457429866471,0.6894941634241245,-0.6894941634241245,"{""type"":""Point"",""coordinates"":[77.11187464802953,28.580526367558985]}"
410,17.66207034462377,1607.0070866141732,44.895015140000055,28.620000000000005,-0.014319298995511862,0.2974302897758338,-0.3824643169239732,"{""type"":""Point"",""coordinates"":[77.28863175583325,28.51647237926887]}"
411,17.681003824869833,1660.446062992126,41.213807599999996,28.890000000000043,-0.06437959456449098,0.29766431287343836,-0.3209842410837711,"{""type"":""Point"",""coordinates"":[77.17702429696261,28.63756460921036]}"
412,17.681003824869833,1207.0316929133858,38.34267080000001,26.380000000000052,-0.10831234256926953,0.6628873771730914,-0.6224188790560472,"{""type"":""Point"",""coordinates"":[77.15934871064444,28.61941770556478]}"
413,17.668430283490352,1545.2649606299212,41.96919002000004,27.060000000000002,-0.12868025530162652,0.5390230207748455,-0.525744503200668,"{""type"":""Point"",""coordinates"":[77.31337474863435,28.570892124680967]}"
414,17.66207034462377,1360.4942913385828,42.03755042,27.950000000000045,0.042,0.3177441540577717,-0.39294801890221737,"{""type"":""Point"",""coordinates"":[77.31151321894947,28.515905300706436]}"
415,17.681003824869833,1489.6379921259843,40.41399092000006,28.610000000000014,-0.08337171810225702,0.45905707196029777,-0.46041601986960573,"{""type"":""Point"",""coordinates"":[77.20019722646926,28.628258249818867]}"
416,17.544119905170646,1472.5454724409449,43.507299020000005,29.57000000000005,0.05013477088948787,0.0780055062710309,-0.17154255319148937,"{""type"":""Point"",""coordinates"":[77.29939101653453,28.709971852483584]}"
417,17.668430283490352,1901.370275590551,46.60744316,29.010000000000048,0.07724425887265135,0.15104166666666666,-0.1815022721197541,"{""type"":""Point"",""coordinates"":[77.32126687291323,28.590440358708573]}"
418,17.544119905170646,1569.7078740157478,45.98536352000002,28.500000000000057,0.017005988023952097,0.1878437047756874,-0.250838159097836,"{""type"":""Point"",""coordinates"":[77.31933080124017,28.705219926493697]}"
419,17.74130641392304,1619.0971456692914,42.393024500000024,29.110000000000014,-0.029189676546827453,0.2927519818799547,-0.33061343435815244,"{""type"":""Point"",""coordinates"":[77.11504364721164,28.627985349268506]}"
420,17.74130641392304,1826.5385826771653,43.33639802000005,29.250000000000057,0.07239404352806415,0.046929541047188106,-0.1016188273704258,"{""type"":""Point"",""coordinates"":[77.09074120702589,28.58925824781788]}"
421,17.724949137369833,1882.1468503937008,47.40725984000005,27.970000000000027,0.07675988428158148,0.14617502693643003,-0.24353812183400442,"{""type"":""Point"",""coordinates"":[77.10233663233907,28.53632677701273]}"
422,17.544119905170646,1353.909645669291,42.85787521999998,29.27000000000004,-0.042518837459634015,0.30087306917394224,-0.3655269651039831,"{""type"":""Point"",""coordinates"":[77.32321206368636,28.69445983535816]}"
423,17.668430283490352,1431.2787401574803,39.603920180000046,27.850000000000023,-0.12086057793714407,0.605923239649441,-0.6211104331909701,"{""type"":""Point"",""coordinates"":[77.25159288892064,28.6440409089514]}"
424,17.74130641392304,1507.6227362204725,42.12300091999998,29.03000000000003,-0.09365821820950723,0.47874687454037357,-0.4990308632771731,"{""type"":""Point"",""coordinates"":[77.13941431771866,28.646768811002982]}"
425,17.721085562357132,1536.8574803149604,41.904247639999994,29.54000000000002,-0.04191096634093377,0.4275513240107111,-0.4482342287956535,"{""type"":""Point"",""coordinates"":[77.12206401917936,28.70748686623218]}"
426,17.721085562357132,1506.7536417322833,41.059996700000056,29.440000000000055,-0.02425691834642979,0.346004190362167,-0.40006226650062265,"{""type"":""Point"",""coordinates"":[77.1210544585376,28.66078906744017]}"
427,17.74130641392304,1733.7314960629924,46.36818176000003,28.150000000000034,0.11072438546878399,0.13240997229916898,-0.18167365226188756,"{""type"":""Point"",""coordinates"":[77.09212830140649,28.56990218369273]}"
428,17.681003824869833,1938.2068897637796,40.37297468000003,28.53000000000003,-0.01728395061728395,0.14444444444444443,-0.22255192878338279,"{""type"":""Point"",""coordinates"":[77.1990235117327,28.57826086435632]}"
429,17.544119905170646,1632.2974409448818,44.08836242000001,29.610000000000014,0.09175662414131501,0.059833953621528775,-0.1454207920792079,"{""type"":""Point"",""coordinates"":[77.2866349055919,28.681027173006214]}"
430,17.658335737748587,1522.0986220472441,42.33491816000003,29.370000000000005,-0.06479383778885364,0.4225181598062954,-0.46508728179551123,"{""type"":""Point"",""coordinates"":[77.15845993265735,28.67965903640931]}"
431,17.74130641392304,1575.098622047244,44.160140840000054,29.03000000000003,0.020838211191758372,0.23271923360353722,-0.29034248688676334,"{""type"":""Point"",""coordinates"":[77.14136055456441,28.64612565911149]}"
432,17.544119905170646,1830.1212598425195,44.77196642000001,27.410000000000025,0.05228624154193152,0.16746653195251326,-0.2404723564143854,"{""type"":""Point"",""coordinates"":[77.33066278803689,28.714713713187173]}"
433,17.66207034462377,1228.2246062992126,40.71135866000003,27.950000000000045,-0.13267813267813267,0.6552962298025135,-0.6405693950177936,"{""type"":""Point"",""coordinates"":[77.30759608020782,28.510370165276967]}"
434,17.544119905170646,1797.1271653543308,44.86083494000002,29.83000000000004,0.053424961205941035,0.09179238046535412,-0.1708253358925144,"{""type"":""Point"",""coordinates"":[77.29330707142941,28.71264169556451]}"
435,17.721085562357132,1259.9696850393702,43.50388099999998,29.140000000000043,-0.09671761463292408,0.5518525084204928,-0.5674127126230976,"{""type"":""Point"",""coordinates"":[77.1103016771599,28.68339255515429]}"
436,17.658335737748587,1781.9578740157478,43.127898800000025,28.99000000000001,0.043928812795674704,0.13902308105206657,-0.17399723374827109,"{""type"":""Point"",""coordinates"":[77.1967350173528,28.680627352041867]}"
437,17.658335737748587,1618.7905511811023,34.02912956,28.370000000000005,-0.2688294441282489,0.7688442211055276,-0.7096114519427403,"{""type"":""Point"",""coordinates"":[77.19142210442047,28.71616403240799]}"
438,17.612781839522142,1490.3003937007875,39.76798514000001,28.110000000000014,-0.06848711737502752,0.4716408856536245,-0.4663040193411907,"{""type"":""Point"",""coordinates"":[77.17125827524949,28.509393772942023]}"
439,17.668430283490352,1205.7590551181104,41.89057556,27.060000000000002,0.08479802651865556,0.12723129510064565,-0.2219020172910663,"{""type"":""Point"",""coordinates"":[77.31090406740982,28.57456260141192]}"
440,17.74130641392304,1275.4672244094488,41.90766566000002,28.05000000000001,-0.06580341377280753,0.5801047120418849,-0.6053191489361702,"{""type"":""Point"",""coordinates"":[77.10248921179264,28.583981670235193]}"
441,17.668430283490352,1385.5188976377951,41.10784898000003,28.03000000000003,-0.04613057726241492,0.37690776376907764,-0.4154160982264666,"{""type"":""Point"",""coordinates"":[77.30857365570878,28.578526641557477]}"
442,17.658335737748587,1432.0966535433072,43.066374440000004,28.370000000000005,-0.0846968238691049,0.4017412935323383,-0.44256,"{""type"":""Point"",""coordinates"":[77.18036665810685,28.709120034673354]}"
443,17.658335737748587,1870.8712598425197,45.882822920000024,27.930000000000007,0.0660437460182629,0.1352607124419205,-0.16719745222929935,"{""type"":""Point"",""coordinates"":[77.1870554878369,28.72107923615953]}"
444,17.544119905170646,1239.3663385826771,39.49625255000001,28.630000000000052,-0.0017401392111368909,0.25691411935953423,-0.345539540319439,"{""type"":""Point"",""coordinates"":[77.2575314877086,28.6777248846143]}"
445,17.612781839522142,1385.5375984251968,41.330020279999985,28.450000000000045,-0.1686534216335541,0.654375,-0.6435889475318224,"{""type"":""Point"",""coordinates"":[77.24706932059206,28.513557711637112]}"
446,17.681003824869833,1583.3515748031498,39.03994688,28.590000000000032,-0.1289410741465536,0.4650112866817156,-0.4679106587503534,"{""type"":""Point"",""coordinates"":[77.2158712258577,28.55274073316611]}"
447,17.681003824869833,1219.2748031496062,35.888532440000006,28.29000000000002,-0.24846399606782993,0.7963224893917963,-0.7226178365547643,"{""type"":""Point"",""coordinates"":[77.19044757646431,28.551862142602126]}"
448,17.544119905170646,1551.2925196850395,44.24559134000003,29.410000000000025,0.057555847568988176,0.06283343212803794,-0.12802768166089964,"{""type"":""Point"",""coordinates"":[77.27085115978505,28.66633545480304]}"
449,17.721085562357132,1195.6173228346456,40.05509882000001,29.440000000000055,0.016237745098039217,0.22417079679756005,-0.2973737373737374,"{""type"":""Point"",""coordinates"":[77.11848845164904,28.661160300066594]}"
450,17.544119905170646,1657.4726377952757,42.41695063999998,29.250000000000057,-0.026363636363636363,0.22817514277943976,-0.2742663656884876,"{""type"":""Point"",""coordinates"":[77.31818124004994,28.66362652374038]}"
451,17.668430283490352,1261.6990157480316,40.08927902000005,27.57000000000005,-0.11826923076923077,0.6186499652052888,-0.6596503745986443,"{""type"":""Point"",""coordinates"":[77.27211108744487,28.613723952266557]}"
452,17.721085562357132,1642.7187007874018,44.734368200000006,29.410000000000025,0.043907793633369926,0.21410649567884027,-0.28182487122884475,"{""type"":""Point"",""coordinates"":[77.14801661649587,28.693321528867337]}"
453,17.658335737748587,1696.5818897637796,42.39644252000005,28.970000000000027,-0.027988717726187894,0.285055600759425,-0.31101272827891535,"{""type"":""Point"",""coordinates"":[77.15541749643951,28.71181904059466]}"
454,17.724949137369833,1560.6517716535434,44.72753216000001,28.670000000000016,-0.05254871088368431,0.4738872812456938,-0.531719891164256,"{""type"":""Point"",""coordinates"":[77.11614338858165,28.54645765428566]}"
455,17.658335737748587,1513.9687007874015,34.203448579999986,27.090000000000032,-0.2272159800249688,0.6637517630465444,-0.5387424993477694,"{""type"":""Point"",""coordinates"":[77.18870183840414,28.71781172681831]}"
456,17.724949137369833,1855.4465551181102,43.4184305,27.950000000000045,0.040850215875124544,0.11606337756022156,-0.15689678194685538,"{""type"":""Point"",""coordinates"":[77.1216737140035,28.5386998726371]}"
457,17.681003824869833,1628.8013779527557,41.93159179999998,28.930000000000007,-0.03739170086639307,0.2486278814489572,-0.2962962962962963,"{""type"":""Point"",""coordinates"":[77.18742853529591,28.572276616635243]}"
458,17.544119905170646,1441.5001968503934,40.56438380000003,29.850000000000023,-0.039889958734525444,0.4622823984526112,-0.4760820045558087,"{""type"":""Point"",""coordinates"":[77.27989625411367,28.704879569928377]}"
459,17.658335737748587,1351.7856299212597,39.26553620000004,27.99000000000001,-0.1671967287596547,0.7149532710280374,-0.6457399103139013,"{""type"":""Point"",""coordinates"":[77.24450758856595,28.714285503760582]}"
460,17.658335737748587,1693.906692913386,41.330020279999985,27.870000000000005,0.020502188435844275,0.16333789329685364,-0.20521541950113378,"{""type"":""Point"",""coordinates"":[77.22577788643099,28.710235790319285]}"
461,17.681003824869833,1798.713779527559,40.22258180000006,28.210000000000036,0.025436199285263823,0.20134749935216378,-0.23725647184414198,"{""type"":""Point"",""coordinates"":[77.20410880527051,28.623618063956393]}"
462,17.681003824869833,1331.936220472441,37.274539549999986,27.730000000000018,-0.15922107674684993,0.663379355687048,-0.6375404530744336,"{""type"":""Point"",""coordinates"":[77.24403039920115,28.604260259164647]}"
463,17.681003824869833,1342.1891732283464,39.304843430000005,27.850000000000023,-0.1253507951356408,0.5679374389051809,-0.5997340425531915,"{""type"":""Point"",""coordinates"":[77.24790507607025,28.645390202085483]}"
464,17.668430283490352,351.29842519685036,37.21130618000001,27.090000000000032,-0.03418054338299737,0.4898989898989899,-0.42857142857142855,"{""type"":""Point"",""coordinates"":[77.3186210868468,28.552810061830936]}"
465,17.681003824869833,1527.4027559055119,41.403507709999985,29.54000000000002,-0.04001917086029236,0.26420040780658316,-0.3025210084033613,"{""type"":""Point"",""coordinates"":[77.2224054161017,28.568013736254173]}"
466,17.668430283490352,1622.3515748031496,38.41786724000002,26.890000000000043,-0.11352707505749529,0.48067834306366414,-0.455588958731894,"{""type"":""Point"",""coordinates"":[77.28364278973713,28.594665087276187]}"
467,17.74130641392304,1392.1340551181102,44.423328380000044,28.760000000000048,0.046166529266281946,0.1485771012574454,-0.22780332507958967,"{""type"":""Point"",""coordinates"":[77.13260831957291,28.632110311397017]}"
468,17.66207034462377,1504.0248031496062,43.95505964000006,28.57000000000005,0.053528512125846625,0.35332708528584816,-0.4147615937295885,"{""type"":""Point"",""coordinates"":[77.30666524706456,28.50734237454523]}"
469,17.721085562357132,1654.2270669291336,41.606879900000024,29.410000000000025,-0.04122471295790049,0.328960223307746,-0.34529528115286806,"{""type"":""Point"",""coordinates"":[77.14812189435524,28.69700368570118]}"
470,17.681003824869833,1251.9312992125983,39.76114910000001,28.07000000000005,-0.2271815446339017,0.709395738735592,-0.6612355736591989,"{""type"":""Point"",""coordinates"":[77.17408527106036,28.59800860268592]}"
471,17.66207034462377,1420.5208661417323,41.53851950000001,28.480000000000018,-0.09887359198998748,0.35955404149891607,-0.3918833227647432,"{""type"":""Point"",""coordinates"":[77.25495634058943,28.524287254321525]}"
472,17.668430283490352,1101.182283464567,43.18942316000005,26.890000000000043,-0.04097591492023772,0.31697665215670756,-0.3814860938148609,"{""type"":""Point"",""coordinates"":[77.26590755750291,28.584501577124648]}"
473,17.724949137369833,1573.1424212598424,42.41353262000001,26.650000000000034,-0.1135220435940428,0.5746164574616457,-0.5768156424581006,"{""type"":""Point"",""coordinates"":[77.13847712804223,28.517121664893676]}"
474,17.658335737748587,1476.666535433071,42.539999360000024,29.060000000000002,0.04839989420788151,0.12578222778473092,-0.1831634330812233,"{""type"":""Point"",""coordinates"":[77.20182225904875,28.690235757761883]}"
475,17.658335737748587,1538.4214566929136,43.042448300000046,29.110000000000014,-0.04903846153846154,0.27267424905220183,-0.3116922152088969,"{""type"":""Point"",""coordinates"":[77.18865022582641,28.689779855559635]}"
476,17.721085562357132,1679.7905511811025,43.07662850000003,28.950000000000045,-0.03880190605854323,0.24267100977198697,-0.2769874476987448,"{""type"":""Point"",""coordinates"":[77.13544470416369,28.711019288813166]}"
477,17.66207034462377,1837.3358267716535,46.05030590000001,28.350000000000023,0.029642379039969403,0.3324579831932773,-0.3563218390804598,"{""type"":""Point"",""coordinates"":[77.25618447347686,28.508925719534293]}"
478,17.721085562357132,464.5656496062992,38.30165456000003,29.350000000000023,0.11475409836065574,0.09006211180124224,-0.12140575079872204,"{""type"":""Point"",""coordinates"":[77.09478055110574,28.657899528699804]}"
479,17.668430283490352,245.86338582677166,33.57111487999998,26.970000000000027,0.1936127744510978,-0.10816777041942605,0.10222222222222223,"{""type"":""Point"",""coordinates"":[77.29935398362129,28.563044570288767]}"
480,17.544119905170646,1635.1222440944882,41.41034375000004,29.130000000000052,0.022672455378678243,0.12305986696230599,-0.18341121495327103,"{""type"":""Point"",""coordinates"":[77.2651222684569,28.684868811699104]}"
481,17.74130641392304,2113.962303149606,43.10397266000001,28.99000000000001,0.029668713779084855,0.22788966725043783,-0.2904635913953756,"{""type"":""Point"",""coordinates"":[77.09323486855439,28.601707185304633]}"
482,17.681003824869833,1480.0779527559055,40.35588458000001,27.980000000000018,-0.12154826528203917,0.4075829383886256,-0.441747572815534,"{""type"":""Point"",""coordinates"":[77.24141851649655,28.623082153490685]}"
483,17.668430283490352,1341.8102362204725,40.66692440000003,27.57000000000005,-0.15977142857142856,0.6734828496042217,-0.6768010575016523,"{""type"":""Point"",""coordinates"":[77.27117162369771,28.613345001898754]}"
484,17.668430283490352,1582.8328740157478,45.6230534,27.110000000000014,-0.030719482619240096,0.4206128133704735,-0.493411420204978,"{""type"":""Point"",""coordinates"":[77.32730693327844,28.562900969921706]}"
485,17.668430283490352,1446.8978346456695,40.28752417999999,27.190000000000055,-0.163167104111986,0.6154313487241798,-0.6061612805798853,"{""type"":""Point"",""coordinates"":[77.28048845266102,28.57575530702374]}"
486,17.612781839522142,1285.461811023622,38.798976470000014,28.630000000000052,-0.11559633027522936,0.4788047255038221,-0.4954321855235418,"{""type"":""Point"",""coordinates"":[77.23204472588795,28.53726011277849]}"
487,17.658335737748587,1834.7521653543308,43.31930792000003,28.720000000000027,0.0626408292023434,0.0738255033557047,-0.12189859762675297,"{""type"":""Point"",""coordinates"":[77.20009429653605,28.692995637539987]}"
488,17.74130641392304,1534.131594488189,39.79874732000002,27.99000000000001,-0.07953922106417992,0.4407027818448023,-0.44663334313437225,"{""type"":""Point"",""coordinates"":[77.12989430319165,28.59539406634849]}"
489,17.74130641392304,1412.6335629921261,42.95357978000004,28.450000000000045,-0.08521549372613202,0.55942301661963,-0.5577133907595928,"{""type"":""Point"",""coordinates"":[77.11151501830672,28.606726998239484]}"
490,17.668430283490352,1485.217716535433,41.71283851999999,29.100000000000023,0.018494399583224796,0.17310087173100872,-0.21941747572815534,"{""type"":""Point"",""coordinates"":[77.31482137555233,28.61604403805736]}"
491,17.74130641392304,1551.6261811023621,42.85445720000001,29.630000000000052,-0.01871240810871018,0.3383084577114428,-0.39782974170869634,"{""type"":""Point"",""coordinates"":[77.09245218921878,28.645880427877408]}"
492,17.658335737748587,1364.326968503937,40.69768657999998,29.33000000000004,-0.0635075720566683,0.4187031606386445,-0.49314128943758573,"{""type"":""Point"",""coordinates"":[77.15169485233616,28.707993092548772]}"
493,17.66207034462377,1306.227559055118,42.76217066000004,26.77000000000004,0.05779122541603631,0.10230088495575221,-0.16760404949381327,"{""type"":""Point"",""coordinates"":[77.32011398653513,28.52851421953248]}"
494,17.612781839522142,1632.136023622047,39.43131017000002,27.950000000000045,-0.10672757475083057,0.44248985115020295,-0.46953405017921146,"{""type"":""Point"",""coordinates"":[77.21510127282491,28.50725067453437]}"
495,17.681003824869833,1280.418503937008,36.807979820000014,25.970000000000027,-0.2625510449195292,0.7685060565275909,-0.7037277147487845,"{""type"":""Point"",""coordinates"":[77.16136641717902,28.610034300675757]}"
496,17.681003824869833,1181.8742125984252,41.114685020000024,26.29000000000002,-0.06593406593406594,0.45263946087607637,-0.4775323686214775,"{""type"":""Point"",""coordinates"":[77.18151582970509,28.624478800357345]}"
497,17.66207034462377,1960.1153543307087,45.97510946,27.670000000000016,0.079154289708195,0.1829405162738496,-0.3018774703557312,"{""type"":""Point"",""coordinates"":[77.31162587324678,28.523730466646082]}"
498,17.658335737748587,1280.2954724409449,36.45592376000002,26.80000000000001,-0.18973862536302033,0.6658759742460183,-0.6557763556753116,"{""type"":""Point"",""coordinates"":[77.2384469849924,28.697704222447225]}"
499,17.66207034462377,1453.596653543307,39.89103385999999,28.810000000000002,-0.19745222929936307,0.5961188599151,-0.5727517179563788,"{""type"":""Point"",""coordinates"":[77.2657145169816,28.52867454274371]}"
500,17.658335737748587,1439.16062992126,43.049284339999986,28.850000000000023,-0.1562851360467731,0.583128078817734,-0.5904732446643984,"{""type"":""Point"",""coordinates"":[77.202821680353,28.66846631049711]}"
501,17.612781839522142,1343.0375984251968,39.35782274000002,27.400000000000034,-0.21326335877862596,0.6486223662884927,-0.6064434617814277,"{""type"":""Point"",""coordinates"":[77.19024761791563,28.540588488019313]}"
502,17.721085562357132,1368.61437007874,43.592749519999984,29.33000000000004,0.040366447180074434,0.14071805342862004,-0.20575539568345325,"{""type"":""Point"",""coordinates"":[77.13926375375488,28.671787175759096]}"
503,17.74130641392304,1773.8776574803148,46.24855106000001,28.410000000000025,0.05404165519772456,0.4002444655710987,-0.44337113257734845,"{""type"":""Point"",""coordinates"":[77.11787763233559,28.551358111164483]}"
504,17.544119905170646,1590.2836614173225,41.66498624000002,29.360000000000014,-0.0356619443087445,0.18900729108244532,-0.24049151550614395,"{""type"":""Point"",""coordinates"":[77.30490137863356,28.658868410242786]}"
505,17.721085562357132,1359.274311023622,42.246049640000024,29.470000000000027,-0.15938273059253152,0.5881878328223333,-0.5959137343927355,"{""type"":""Point"",""coordinates"":[77.14568999060074,28.660869384151013]}"
506,17.724949137369833,1230.4598425196848,40.772883019999995,26.29000000000002,-0.06463238827486785,0.6314432989690721,-0.6071817192600653,"{""type"":""Point"",""coordinates"":[77.128858276467,28.514108824304255]}"
507,17.724949137369833,1941.207874015748,43.20993127999998,26.650000000000034,0.01988400994200497,0.3690545075801412,-0.44110123035692533,"{""type"":""Point"",""coordinates"":[77.14153705243358,28.51726091625571]}"
508,17.66207034462377,1323.5759842519685,42.53658134,28.360000000000014,-0.1514576913960654,0.6080767957629923,-0.6102088167053364,"{""type"":""Point"",""coordinates"":[77.28901856323048,28.524178609730868]}"
509,17.681003824869833,1460.551377952756,39.542395820000024,28.170000000000016,-0.06799007444168735,0.30741190765492105,-0.3333333333333333,"{""type"":""Point"",""coordinates"":[77.16213759639663,28.575427062939678]}"
510,17.658335737748587,1715.047440944882,44.98388366000006,29.27000000000004,0.049305244285073956,0.1905697445972495,-0.22920892494929007,"{""type"":""Point"",""coordinates"":[77.18607099034917,28.695090164540172]}"
511,17.681003824869833,1306.6566929133858,39.52188769999998,27.04000000000002,-0.2292499412179638,0.7368770764119601,-0.6639083386378103,"{""type"":""Point"",""coordinates"":[77.18376284493593,28.61090673504484]}"
512,17.658335737748587,1612.9293307086612,43.94138756000001,28.910000000000025,-0.019870410367170625,0.3026206896551724,-0.3679026651216686,"{""type"":""Point"",""coordinates"":[77.17778316674008,28.712839918346596]}"
513,17.658335737748587,1659.3013779527557,42.051222499999994,28.29000000000002,0.04114400401404917,0.08210645526613816,-0.13987473903966596,"{""type"":""Point"",""coordinates"":[77.24767956580813,28.721305673649084]}"
514,17.66207034462377,1389.2718503937008,42.030714380000006,28.170000000000016,-0.11343719571567673,0.47739018087855295,-0.4754838709677419,"{""type"":""Point"",""coordinates"":[77.27140986504581,28.545885518562006]}"
515,17.721085562357132,1325.1601377952757,41.95893596000002,29.170000000000016,-0.11568700861100711,0.4870259481037924,-0.4890073284477015,"{""type"":""Point"",""coordinates"":[77.11851289972462,28.690246220751373]}"
516,17.668430283490352,1436.086811023622,42.632285900000056,29.190000000000055,-0.016853932584269662,0.2569444444444444,-0.29960835509138384,"{""type"":""Point"",""coordinates"":[77.3177629434081,28.62336409172348]}"
517,17.681003824869833,1788.8998031496064,41.89399358000003,29.380000000000052,-0.011343804537521814,0.1979328165374677,-0.23297872340425532,"{""type"":""Point"",""coordinates"":[77.18277404104116,28.64720541026721]}"
518,17.668430283490352,782.0228346456693,39.05703698000002,26.57000000000005,-0.2718936267767079,0.5488553880513679,-0.5175054704595186,"{""type"":""Point"",""coordinates"":[77.29907066830961,28.55562451735233]}"
519,17.74130641392304,1647.1778543307087,44.28318955999998,28.27000000000004,0.03898035050451407,0.2695383751929283,-0.3185660157388516,"{""type"":""Point"",""coordinates"":[77.11903253059047,28.606927739134363]}"
520,17.724949137369833,2033.600098425197,47.01076952000005,28.250000000000057,0.09181053563523683,0.14371724829969895,-0.2308615310775138,"{""type"":""Point"",""coordinates"":[77.1152132258663,28.53871909848035]}"
521,17.681003824869833,1553.7167322834646,42.58785164000005,29.450000000000045,-0.02219006271104679,0.24904214559386972,-0.2924672156145166,"{""type"":""Point"",""coordinates"":[77.24883628616584,28.562917121084777]}"
522,17.66207034462377,1498.5248031496064,41.77436288000001,26.77000000000004,-0.0686525482895043,0.36788799523383975,-0.422112109012078,"{""type"":""Point"",""coordinates"":[77.31762013508512,28.53302484688659]}"
523,17.681003824869833,1658.7885826771653,40.07560694000006,27.600000000000023,-0.1429183629740733,0.41823982983249136,-0.40924702774108324,"{""type"":""Point"",""coordinates"":[77.18239713286874,28.6006881972584]}"
524,17.721085562357132,1674.2551181102363,44.36864006000002,29.55000000000001,0.08085728202630298,0.06026127265065318,-0.11475409836065574,"{""type"":""Point"",""coordinates"":[77.08801301697838,28.70822081760788]}"
525,17.74130641392304,1683.1286417322835,42.35884429999999,28.27000000000004,-0.03207565564980014,0.4112784962005066,-0.4461748633879781,"{""type"":""Point"",""coordinates"":[77.12027488076112,28.60539882253512]}"
526,17.681003824869833,1556.2561023622045,40.998472340000035,28.33000000000004,-0.0819336337566571,0.4975900198468954,-0.5385959801922516,"{""type"":""Point"",""coordinates"":[77.1801750796145,28.586833170173016]}"
527,17.658335737748587,1497.6507874015747,41.97602605999998,29.370000000000005,0.037259314828707174,0.1634935025687519,-0.23042505592841164,"{""type"":""Point"",""coordinates"":[77.16566353572412,28.70747636713506]}"
528,17.681003824869833,1196.7787401574801,40.94378402000001,26.29000000000002,-0.028485001260398286,0.525233644859813,-0.5638175546186278,"{""type"":""Point"",""coordinates"":[77.17927381997865,28.62183874438293]}"
529,17.668430283490352,2028.2561023622047,45.82129856000006,29.210000000000036,0.0705965407695023,0.1778125698948781,-0.24168828106578638,"{""type"":""Point"",""coordinates"":[77.31355564034932,28.63042115560388]}"
530,17.668430283490352,1933.6498031496062,45.27099734000001,29.200000000000045,0.031545741324921134,0.2313863123589872,-0.2627249357326478,"{""type"":""Point"",""coordinates"":[77.31606299800731,28.640020876035262]}"
531,17.66207034462377,1543.1350393700786,41.92133774000001,28.870000000000005,-0.054119726087916945,0.3945061367621274,-0.43561973525872444,"{""type"":""Point"",""coordinates"":[77.26427596564139,28.540171751328895]}"
532,17.658335737748587,1589.9883858267717,45.24707120000005,28.510000000000048,0.019902912621359223,0.18070175438596492,-0.23637477036129823,"{""type"":""Point"",""coordinates"":[77.23577965660212,28.658175964575886]}"
533,17.681003824869833,1892.2964566929131,44.895015140000055,28.440000000000055,-0.0055367029826754776,0.3157279738256602,-0.39218595450049454,"{""type"":""Point"",""coordinates"":[77.15145561210274,28.643623238786915]}"
534,17.681003824869833,1891.8112204724407,42.5810156,27.99000000000001,0.010465116279069767,0.21803435114503816,-0.28614609571788413,"{""type"":""Point"",""coordinates"":[77.20418216965967,28.612397416288097]}"
535,17.66207034462377,1136.0139763779528,47.39700578000003,28.620000000000005,0.07323232323232323,0.08100147275405008,-0.31247206079570855,"{""type"":""Point"",""coordinates"":[77.28776156876445,28.51264056015187]}"
536,17.681003824869833,1483.0503937007873,41.43256087999998,29.190000000000055,-0.001799023387304035,0.2038295243977764,-0.24576542026206455,"{""type"":""Point"",""coordinates"":[77.22060226240674,28.62908792950134]}"
537,17.658335737748587,1603.7866141732284,42.18794330000003,28.470000000000027,-0.051043604050423644,0.40419657647708446,-0.4351015801354402,"{""type"":""Point"",""coordinates"":[77.21015162268861,28.691466268522202]}"
538,17.544119905170646,1619.7885826771653,41.83246922000001,29.27000000000004,-0.010645526613816535,0.2502101428971701,-0.3127390408943807,"{""type"":""Point"",""coordinates"":[77.30471947605243,28.655139932400573]}"
539,17.658335737748587,1077.2994094488188,35.738139560000036,27.29000000000002,0.0521669341894061,0.05635062611806798,-0.051647373107747106,"{""type"":""Point"",""coordinates"":[77.23106850033166,28.700824508319158]}"
540,17.544119905170646,1737.0277559055119,41.15911928000003,29.730000000000018,0.07557603686635944,0.07531492897346556,-0.15254237288135594,"{""type"":""Point"",""coordinates"":[77.26706998547644,28.70963567119443]}"
541,17.544119905170646,1511.729527559055,41.83246922000001,29.360000000000014,-0.0975453575240128,0.5258160237388724,-0.5460012026458209,"{""type"":""Point"",""coordinates"":[77.30680914450127,28.661466677491333]}"
542,17.66207034462377,1311.8082677165355,44.0507642,27.750000000000057,0.019097702740105176,0.2224905139703346,-0.28732292045041774,"{""type"":""Point"",""coordinates"":[77.29149545825248,28.52599013955729]}"
543,17.544119905170646,1450.7728346456693,41.15911928000003,28.450000000000045,0.07572919454107573,0.08411801632140616,-0.17363234794427454,"{""type"":""Point"",""coordinates"":[77.25426574731277,28.687654108082857]}"
544,17.724949137369833,2121.4002952755905,47.44144004000003,27.970000000000027,0.11883679746481499,0.06451976128814323,-0.12775855898842897,"{""type"":""Point"",""coordinates"":[77.11141911328451,28.5411720753705]}"
545,17.74130641392304,1167.8225393700786,40.45158914000001,27.810000000000002,-0.11128029437888592,0.672012218403971,-0.6599696739954511,"{""type"":""Point"",""coordinates"":[77.137704725574,28.605961488895396]}"
546,17.66207034462377,1426.0799212598424,43.80808478000006,26.77000000000004,0.029277464410421703,0.14693748016502697,-0.21478991596638655,"{""type"":""Point"",""coordinates"":[77.31812747650416,28.52725260989854]}"
547,17.681003824869833,1291.3377952755907,41.93159179999998,27.930000000000007,-0.025148346990675332,0.2797178130511464,-0.3323540213000367,"{""type"":""Point"",""coordinates"":[77.16461370090833,28.59661145086197]}"
548,17.681003824869833,2702.4352362204722,39.610756219999985,28.170000000000016,0.01389308366052552,0.12353750860289058,-0.18684114867320975,"{""type"":""Point"",""coordinates"":[77.23610363480947,28.608779421878037]}"
549,17.544119905170646,1829.557283464567,41.74701872000003,29.27000000000004,-0.05374592833876222,0.294,-0.31237322515212984,"{""type"":""Point"",""coordinates"":[77.30417149344244,28.656109282899113]}"
550,17.681003824869833,1353.5208661417323,41.04461561000005,29.090000000000032,-0.08966605311596108,0.3542483660130719,-0.401894451962111,"{""type"":""Point"",""coordinates"":[77.23146734294633,28.560546918612495]}"
551,17.721085562357132,1594.3230314960629,41.70600248000005,29.670000000000016,-0.023430178069353328,0.2606060606060606,-0.3046594982078853,"{""type"":""Point"",""coordinates"":[77.11605986747736,28.6567811423704]}"
552,17.658335737748587,1455.4490157480313,44.354967980000026,29.510000000000048,0.04183673469387755,0.15961716579191107,-0.25116588940706197,"{""type"":""Point"",""coordinates"":[77.17537991817751,28.665978413361632]}"
553,17.681003824869833,1282.2187007874015,37.961561570000015,28.590000000000032,-0.14255654918463967,0.4953528399311532,-0.5301162381120113,"{""type"":""Point"",""coordinates"":[77.21132475860293,28.551202515747313]}"
554,17.681003824869833,1289.1429133858267,38.332416739999985,28.450000000000045,-0.16566192428261395,0.6391997287216006,-0.6254203093476799,"{""type"":""Point"",""coordinates"":[77.24402119000307,28.63012060674159]}"
555,17.668430283490352,1868.6212598425195,44.19432103999998,27.180000000000007,0.049351830793722996,0.06578276389597144,-0.10993096123207648,"{""type"":""Point"",""coordinates"":[77.28733726610271,28.567743212402235]}"
556,17.658335737748587,1455.4490157480313,44.354967980000026,29.510000000000048,0.04183673469387755,0.15961716579191107,-0.25116588940706197,"{""type"":""Point"",""coordinates"":[77.1753445351355,28.666138437590266]}"
557,17.74130641392304,1921.2861220472441,45.02148188000001,28.82000000000005,0.06019282550160688,0.25463821892393323,-0.3673701503854417,"{""type"":""Point"",""coordinates"":[77.09268787183603,28.554583970478962]}"
558,17.668430283490352,1709.2403543307084,42.73824452000002,26.720000000000027,-0.06684027777777778,0.30432475457681085,-0.34060539950913554,"{""type"":""Point"",""coordinates"":[77.25695005567992,28.592057585743614]}"
559,17.544119905170646,1641.446062992126,41.94184586000006,29.730000000000018,0.05966823471156227,0.06895581198986772,-0.14259927797833935,"{""type"":""Point"",""coordinates"":[77.27368342246335,28.715522740474928]}"
560,17.658335737748587,1768.6635826771656,42.64937600000002,29.55000000000001,0.05741176470588235,0.06203605514316013,-0.11743375174337517,"{""type"":""Point"",""coordinates"":[77.16354295165831,28.663228922901084]}"
561,17.724949137369833,1292.4111220472444,40.70794064000006,26.55000000000001,-0.030738893399837607,0.555672268907563,-0.5289057123193392,"{""type"":""Point"",""coordinates"":[77.12116061280095,28.518007801293344]}"
562,17.544119905170646,1822.192125984252,44.720696120000014,29.090000000000032,0.045483940504419056,0.10451484160638563,-0.1776595744680851,"{""type"":""Point"",""coordinates"":[77.29639691474915,28.717308551653144]}"
563,17.658335737748587,1039.8811023622047,40.540457660000015,29.470000000000027,-0.10221413406126782,0.4899548995489955,-0.5623387790197765,"{""type"":""Point"",""coordinates"":[77.15216386636502,28.665529378892156]}"
564,17.721085562357132,1841.7462598425197,44.25242738000003,28.99000000000001,0.027168444355001008,0.19490792238289456,-0.24331275720164608,"{""type"":""Point"",""coordinates"":[77.09150789054716,28.667292820988358]}"
565,17.668430283490352,1113.3938976377954,42.58785164000005,28.940000000000055,-0.052311435523114354,0.38455382152861145,-0.43211920529801323,"{""type"":""Point"",""coordinates"":[77.25291895218216,28.56670185582054]}"
566,17.721085562357132,1574.9844488188978,43.79099468000004,29.57000000000005,-0.023935558112773304,0.3031634446397188,-0.3350337584396099,"{""type"":""Point"",""coordinates"":[77.10235855113983,28.70943076467205]}"
567,17.724949137369833,1569.4066929133858,41.14202918000001,27.590000000000032,-0.02033969385615433,0.47947704469443597,-0.46500075267198554,"{""type"":""Point"",""coordinates"":[77.09149494279825,28.521069739165288]}"
568,17.544119905170646,1783.6625984251968,44.74462226000003,29.230000000000018,0.09130913091309131,0.10783261802575107,-0.1746302616609784,"{""type"":""Point"",""coordinates"":[77.33059421767642,28.687889669054062]}"
569,17.668430283490352,910.9273622047243,31.120394540000007,26.99000000000001,-0.0911032028469751,0.49560975609756097,-0.5276532137518685,"{""type"":""Point"",""coordinates"":[77.28040269466553,28.584408362798147]}"
570,17.681003824869833,1813.6803149606299,40.65154331000002,29.090000000000032,-0.02556641030970692,0.24785027819929187,-0.26968605249613997,"{""type"":""Point"",""coordinates"":[77.2328983735915,28.563625856948903]}"
571,17.66207034462377,1437.451968503937,44.77880246000001,28.970000000000027,0.06467926537130689,0.12232513573938039,-0.21088904203997244,"{""type"":""Point"",""coordinates"":[77.25918594861496,28.530597201020075]}"
572,17.658335737748587,1590.4312992125986,41.35052840000003,29.000000000000057,-0.06085376930063579,0.29777777777777775,-0.3386819484240688,"{""type"":""Point"",""coordinates"":[77.19385940879141,28.698026790423455]}"
573,17.658335737748587,1623.0090551181102,42.82369502000006,29.060000000000002,0.005264362554360266,0.20454545454545456,-0.26557949912638323,"{""type"":""Point"",""coordinates"":[77.1938042515604,28.68903892151084]}"
574,17.724949137369833,1570.4396653543306,42.47505697999998,26.650000000000034,0.004184914841849148,0.4728659853174032,-0.5219396102930239,"{""type"":""Point"",""coordinates"":[77.14308430328315,28.5214728723342]}"
575,17.544119905170646,1376.2009842519685,43.95164162000003,29.130000000000052,0.07482993197278912,0.08546724309943465,-0.17664023071377072,"{""type"":""Point"",""coordinates"":[77.32013793194484,28.68034187220069]}"
576,17.66207034462377,1438.709842519685,44.67967987999998,27.350000000000023,0.04027337075909202,0.23686693928908462,-0.31373204143000333,"{""type"":""Point"",""coordinates"":[77.30311063197183,28.528594308525612]}"
577,17.721085562357132,1758.7797244094488,44.79247454000006,29.04000000000002,0.0947069116360455,0.16772464381436028,-0.21556534508076358,"{""type"":""Point"",""coordinates"":[77.12575968189716,28.681087797485954]}"
578,17.681003824869833,1654.6714566929134,41.473577120000016,28.890000000000043,-0.05486725663716814,0.3006001091107474,-0.32297447280799113,"{""type"":""Point"",""coordinates"":[77.17615021845549,28.639243890442838]}"
579,17.668430283490352,1579.6133858267717,34.94344991000003,27.53000000000003,-0.26227208976157085,0.7142857142857143,-0.6858442601016859,"{""type"":""Point"",""coordinates"":[77.25813695121742,28.634923638536385]}"
580,17.658335737748587,1538.3840551181102,43.179169100000024,29.33000000000004,-0.04861426624261699,0.35326883611844034,-0.40048543689320387,"{""type"":""Point"",""coordinates"":[77.18353966476249,28.66690729897971]}"
581,17.544119905170646,1930.934251968504,43.96189568,27.410000000000025,0.040281442392260336,0.25801245100299747,-0.361617169952583,"{""type"":""Point"",""coordinates"":[77.32701508932693,28.71188080511043]}"
582,17.681003824869833,2068.1301181102363,39.757731079999985,27.77000000000004,-0.09746434231378764,0.22214868740348556,-0.2346779585469133,"{""type"":""Point"",""coordinates"":[77.24596915504748,28.626343026016112]}"
583,17.681003824869833,1522.362401574803,41.11810304000005,29.140000000000043,-0.09226060341058155,0.44226327944572746,-0.47941960319810484,"{""type"":""Point"",""coordinates"":[77.20880300013428,28.62943698195271]}"
584,17.658335737748587,1726.5572834645668,42.64595798000005,28.630000000000052,0.017157776948899663,0.37885923600209315,-0.41781006187785846,"{""type"":""Point"",""coordinates"":[77.20417728770435,28.688020171492937]}"
585,17.721085562357132,1569.863877952756,42.74508056000002,29.140000000000043,-0.05986283854469371,0.3147801009372747,-0.3289607928873342,"{""type"":""Point"",""coordinates"":[77.11619177695702,28.690979179027018]}"
586,17.658335737748587,1588.065157480315,40.04142674000002,29.05000000000001,-0.0668211664735419,0.5425858698687518,-0.571103526734926,"{""type"":""Point"",""coordinates"":[77.18393939887832,28.678262904743494]}"
587,17.681003824869833,1270.0710629921257,39.37491283999998,28.170000000000016,-0.168141592920354,0.6380558428128231,-0.6113936927772126,"{""type"":""Point"",""coordinates"":[77.19775023698722,28.58619283514084]}"
588,17.668430283490352,1590.1852362204725,39.35782274000002,26.57000000000005,-0.12353197042192257,0.46304163126593034,-0.44543928371572467,"{""type"":""Point"",""coordinates"":[77.27066874710432,28.597001301334473]}"
589,17.668430283490352,901.5307086614174,38.558006060000025,29.170000000000016,-0.2595226003047232,0.2097560975609756,-0.09010989010989011,"{""type"":""Point"",""coordinates"":[77.30351364886428,28.614845705048705]}"
590,17.668430283490352,1787.650787401575,41.02239847999999,28.74000000000001,-0.02623021894645567,0.23217074440395627,-0.2590425531914894,"{""type"":""Point"",""coordinates"":[77.31034142516731,28.57640896307415]}"
591,17.681003824869833,1772.4007874015747,40.25676199999998,26.29000000000002,-0.01465002712967987,0.4674339523934083,-0.46513449986941763,"{""type"":""Point"",""coordinates"":[77.17324155191967,28.619461808133345]}"
592,17.66207034462377,1499.559251968504,41.10784898000003,28.450000000000045,-0.16143106457242584,0.5356215748485722,-0.5263761467889908,"{""type"":""Point"",""coordinates"":[77.25048988225986,28.51494247937518]}"
593,17.721085562357132,1583.5154527559057,43.70554418000006,29.49000000000001,0.05282156178558537,0.15901060070671377,-0.23076923076923078,"{""type"":""Point"",""coordinates"":[77.09195630975184,28.692971326568134]}"
594,17.612781839522142,1198.709842519685,40.51311350000003,27.05000000000001,-0.023158990372105125,0.4939209726443769,-0.5059364228265033,"{""type"":""Point"",""coordinates"":[77.16774069235485,28.53747118964011]}"
595,17.658335737748587,1587.4982283464565,45.602545280000015,29.510000000000048,0.038718929254302106,0.13840928389470705,-0.22621951219512196,"{""type"":""Point"",""coordinates"":[77.16988780314014,28.66417165601882]}"
596,17.544119905170646,1545.1389763779528,44.332750850000025,29.410000000000025,0.11128165771297006,0.0762081784386617,-0.13381201044386423,"{""type"":""Point"",""coordinates"":[77.26313999498787,28.663346814951858]}"
597,17.658335737748587,1311.4480314960629,42.93648968000002,29.480000000000018,-0.020749124225276205,0.2985944463489887,-0.3860226856933772,"{""type"":""Point"",""coordinates"":[77.20254136755355,28.652922347382162]}"
598,17.681003824869833,1401.336811023622,40.164475460000006,28.33000000000004,-0.060018050541516245,0.49760918074593563,-0.506252003847387,"{""type"":""Point"",""coordinates"":[77.1822386814608,28.58495450275396]}"
599,17.668430283490352,1486.309251968504,41.95209992000002,29.150000000000034,-5.181347150259067E-4,0.17851693622215442,-0.23189792663476874,"{""type"":""Point"",""coordinates"":[77.30537479112238,28.600962182836913]}"
600,17.721085562357132,2017.5887795275594,48.483936140000026,29.03000000000003,0.06041335453100159,0.21216955332725615,-0.2864917160478897,"{""type"":""Point"",""coordinates"":[77.09657464247785,28.680419307190107]}"
601,17.668430283490352,912.5198818897637,40.557547760000034,26.720000000000027,0.056731583403895,0.17386722866174922,-0.1870005327650506,"{""type"":""Point"",""coordinates"":[77.26547827097185,28.599336846201332]}"
602,17.668430283490352,1736.5818897637794,37.45056757999998,28.170000000000016,-0.2466033873069049,0.6566905763047242,-0.6653406265539532,"{""type"":""Point"",""coordinates"":[77.27625423689435,28.574023597315435]}"
603,17.724949137369833,1328.3446850393702,40.45500716000004,27.250000000000057,-0.1409101409101409,0.6512871949180876,-0.612734693877551,"{""type"":""Point"",""coordinates"":[77.13442457023,28.529770754974834]}"
604,17.668430283490352,1651.2472440944885,44.12596064000002,29.630000000000052,0.08331388564760793,0.08808864265927978,-0.18994244168433808,"{""type"":""Point"",""coordinates"":[77.29043700654279,28.63020557933411]}"
605,17.612781839522142,1540.9726377952757,40.509695480000005,28.07000000000005,-0.12682734097194784,0.6222980659840728,-0.617238446271619,"{""type"":""Point"",""coordinates"":[77.19776392096117,28.523609604783914]}"
606,17.721085562357132,1517.3584645669291,42.84762116000002,29.28000000000003,0.07367309215738051,0.07756105052987253,-0.13711507293354944,"{""type"":""Point"",""coordinates"":[77.09087697851277,28.659942897533835]}"
607,17.681003824869833,1363.4549212598424,41.82221516000004,27.930000000000007,-0.1281431334622824,0.5046759109964527,-0.5159194282001299,"{""type"":""Point"",""coordinates"":[77.16579039449876,28.596593917631928]}"
608,17.668430283490352,865.3663385826771,40.52678558000002,26.970000000000027,-0.14457831325301204,0.48075986361422307,-0.4887365328109696,"{""type"":""Point"",""coordinates"":[77.27778056016507,28.607548533291315]}"
609,17.658335737748587,1598.6911417322833,45.14453060000005,29.510000000000048,0.06611969111969113,0.1227154046997389,-0.19370758790869833,"{""type"":""Point"",""coordinates"":[77.16767519257962,28.661591557503773]}"
610,17.74130641392304,1581.5912401574803,40.74895688000004,29.150000000000034,-0.07630943633882649,0.4245623784384551,-0.46632346632346633,"{""type"":""Point"",""coordinates"":[77.09256248688669,28.624512276202253]}"
611,17.544119905170646,1611.3791338582676,43.456028720000006,29.410000000000025,0.09241172051089407,0.0886151997596876,-0.13854853911404336,"{""type"":""Point"",""coordinates"":[77.26422959068704,28.660534835766985]}"
612,17.658335737748587,1623.145866141732,46.06055995999998,29.150000000000034,0.05842259006815969,0.16191048362871732,-0.2008692952499224,"{""type"":""Point"",""coordinates"":[77.22967028240264,28.66415081164777]}"
613,17.612781839522142,1792.1596456692914,43.097136620000015,27.79000000000002,-0.004704875962360992,0.21867704280155642,-0.2591798445456982,"{""type"":""Point"",""coordinates"":[77.16627106473355,28.520120752658325]}"
614,17.668430283490352,1345.2049212598424,38.02137692000002,27.750000000000057,-0.17588843904633378,0.7018229166666666,-0.6660293180369662,"{""type"":""Point"",""coordinates"":[77.27055327579771,28.6180736267255]}"
615,17.668430283490352,1874.5159448818897,41.44965098,27.57000000000005,0.009333899024183284,0.16662503122658007,-0.21361746361746362,"{""type"":""Point"",""coordinates"":[77.27151965777485,28.611615081646512]}"
616,17.74130641392304,1769.1670275590552,43.948223600000006,29.360000000000014,0.06655787387807437,0.06178732431715725,-0.12741095311840067,"{""type"":""Point"",""coordinates"":[77.09672539867918,28.62678620686897]}"
617,17.612781839522142,1152.8879921259843,39.52872374000003,27.590000000000032,-0.1200817577925396,0.7065005838847801,-0.64750093949643,"{""type"":""Point"",""coordinates"":[77.16092790435545,28.53096004695076]}"
618,17.721085562357132,1851.768405511811,42.28364786000003,29.670000000000016,0.02631289221622812,0.1159621451104101,-0.1666007123070835,"{""type"":""Point"",""coordinates"":[77.11622408114309,28.657859509066498]}"
619,17.668430283490352,1738.9952755905513,40.75237490000001,26.970000000000027,-0.18970676241771395,0.506821627084386,-0.4784333168071393,"{""type"":""Point"",""coordinates"":[77.2781872925663,28.601583255470448]}"
620,17.66207034462377,1577.9076771653542,38.968168460000015,28.480000000000018,-0.06906338694418164,0.2973593570608496,-0.3212510961707103,"{""type"":""Point"",""coordinates"":[77.25186920148384,28.523220816299546]}"
621,17.724949137369833,1441.2752952755907,40.36613864000003,27.630000000000052,-0.14599412979671703,0.619106128090923,-0.5736677115987461,"{""type"":""Point"",""coordinates"":[77.13578176566156,28.540300616700073]}"
622,17.724949137369833,1850.0715551181102,42.26997577999998,26.170000000000016,0.012434374136501796,0.2991639403853144,-0.37620331151328457,"{""type"":""Point"",""coordinates"":[77.13125367073317,28.510675271949808]}"
623,17.668430283490352,1402.8220472440946,42.56050748000001,28.03000000000003,0.05075737443529099,0.1393939393939394,-0.22833562585969738,"{""type"":""Point"",""coordinates"":[77.30719667293768,28.583124804523955]}"
624,17.721085562357132,1475.2910433070867,43.78074062000002,29.350000000000023,0.08782408035835483,0.08492089118501776,-0.1485216202358571,"{""type"":""Point"",""coordinates"":[77.09395272571975,28.65306904923759]}"
625,17.74130641392304,1969.1212598425195,42.34859024000002,27.99000000000001,1.8825301204819278E-4,0.24030826716487622,-0.3089340727048675,"{""type"":""Point"",""coordinates"":[77.14035916472903,28.572501012508976]}"
626,17.721085562357132,1358.7364173228348,44.30369768000003,29.49000000000001,-0.033062330623306234,0.2702432522492503,-0.32246313963573286,"{""type"":""Point"",""coordinates"":[77.09847475822676,28.691719611099174]}"
627,17.681003824869833,1399.0021653543306,40.53020360000005,27.850000000000023,-0.06002034587995931,0.34974093264248707,-0.38058959920503477,"{""type"":""Point"",""coordinates"":[77.16650765367491,28.55347270532406]}"
628,17.721085562357132,1284.1502952755905,43.654273880000005,28.890000000000043,-0.025776436564818307,0.41117453727728764,-0.46069829901521936,"{""type"":""Point"",""coordinates"":[77.11120552022678,28.681735596857262]}"
629,17.66207034462377,1406.7226377952754,41.41888879999999,28.29000000000002,-0.07149576669802446,0.45095541401273886,-0.4991773609740046,"{""type"":""Point"",""coordinates"":[77.26370965171066,28.50908503296462]}"
630,17.724949137369833,1462.493307086614,41.083922840000014,28.07000000000005,-0.07935425193269668,0.43935718617343844,-0.47239454094292804,"{""type"":""Point"",""coordinates"":[77.13620487107947,28.547780888027354]}"
631,17.681003824869833,1353.7797244094486,35.59800074000003,25.970000000000027,-0.26270022883295197,0.7556474705695195,-0.7073019801980198,"{""type"":""Point"",""coordinates"":[77.15530719698624,28.609202694141384]}"
632,17.658335737748587,1708.201968503937,46.029797780000024,29.430000000000007,0.050238690611502615,0.1818953323903819,-0.22846221699500147,"{""type"":""Point"",""coordinates"":[77.21421195414082,28.65550796665581]}"
633,17.681003824869833,1444.737401574803,35.57065657999999,27.960000000000036,-0.1639309315710936,0.6201780415430267,-0.5941605839416059,"{""type"":""Point"",""coordinates"":[77.23844077892325,28.594652270606133]}"
634,17.681003824869833,1616.2009842519683,41.59491682999999,29.000000000000057,0.04963805584281282,0.08468574800826202,-0.12691600245248313,"{""type"":""Point"",""coordinates"":[77.23809822299226,28.557155916820214]}"
635,17.668430283490352,1766.6192913385826,41.145447200000035,26.57000000000005,-0.17687995360525807,0.5261970418651291,-0.5304172951231775,"{""type"":""Point"",""coordinates"":[77.27626485819792,28.59793806108785]}"
636,17.544119905170646,1622.1143700787397,45.28125140000003,29.480000000000018,0.06494140625,0.07705286839145106,-0.15535444947209653,"{""type"":""Point"",""coordinates"":[77.29031132461384,28.719689178940282]}"
637,17.544119905170646,1560.9391732283464,43.12448078,29.79000000000002,0.07106598984771574,0.08412322274881516,-0.15859449192782527,"{""type"":""Point"",""coordinates"":[77.2774536953426,28.66505906574572]}"
638,17.74130641392304,1542.4101377952757,41.56244564000002,29.03000000000003,-0.01763472684671353,0.236810551558753,-0.27444015444015446,"{""type"":""Point"",""coordinates"":[77.13782556025966,28.649128622955175]}"
639,17.658335737748587,1458.6596456692914,35.36386636999998,26.83000000000004,-0.19624125874125875,0.653276955602537,-0.6066921044907543,"{""type"":""Point"",""coordinates"":[77.2485447481329,28.688198114955895]}"
640,17.668430283490352,1456.1045275590552,42.52974530000006,27.210000000000036,-0.01774622892635315,0.3979280926264473,-0.4355444305381727,"{""type"":""Point"",""coordinates"":[77.25261852447034,28.60983368195856]}"
641,17.658335737748587,1458.1409448818897,43.02194018,28.430000000000007,-0.13464658169177288,0.46894689468946893,-0.4584450402144772,"{""type"":""Point"",""coordinates"":[77.22111034037037,28.674187892300456]}"
642,17.681003824869833,1419.6320866141732,39.74405899999999,27.960000000000036,-0.15208034433285508,0.4907178217821782,-0.4833743842364532,"{""type"":""Point"",""coordinates"":[77.24007803392557,28.597831500242457]}"
643,17.721085562357132,1117.497244094488,43.182587119999994,29.140000000000043,-0.02590811965811966,0.5690359477124183,-0.5809837415105988,"{""type"":""Point"",""coordinates"":[77.11006395995393,28.684538018522968]}"
644,17.724949137369833,1993.2644685039368,46.82619643999999,28.370000000000005,0.12478435882691202,0.2028903691995032,-0.33425172197871006,"{""type"":""Point"",""coordinates"":[77.11879415213987,28.547343500362878]}"
645,17.74130641392304,1514.3186023622045,45.06933416000004,28.810000000000002,-0.010161920714684533,0.40313324026679076,-0.4297455350086929,"{""type"":""Point"",""coordinates"":[77.12792955526226,28.6288442297204]}"
646,17.74130641392304,1724.4234251968505,45.28125140000003,28.53000000000003,0.012285927029039464,0.3176061584305935,-0.4481441048034934,"{""type"":""Point"",""coordinates"":[77.14682844114385,28.64126857917859]}"
647,17.681003824869833,1945.288582677165,41.442814940000005,28.52000000000004,-0.04971052106208824,0.28306490971205467,-0.2896737797400049,"{""type"":""Point"",""coordinates"":[77.21256628045727,28.624576629510635]}"
648,17.74130641392304,1880.1389763779528,41.996534180000026,28.450000000000045,0.07577947553169523,0.2694271128757799,-0.28215411057003725,"{""type"":""Point"",""coordinates"":[77.14967608274316,28.57692738162139]}"
649,17.658335737748587,1152.2807086614173,36.98229884,28.370000000000005,-0.07286497780099242,0.6128778955634079,-0.6009353078721746,"{""type"":""Point"",""coordinates"":[77.18488455071154,28.715885528920996]}"
650,17.721085562357132,1675.2984251968503,42.17427122000004,29.310000000000002,0.02013888888888889,0.16419141914191418,-0.209947120194369,"{""type"":""Point"",""coordinates"":[77.12968351593767,28.692517710332456]}"
651,17.721085562357132,1572.0858267716535,43.59616754000001,29.470000000000027,-0.04087261785356068,0.24954846478025286,-0.26786805131337815,"{""type"":""Point"",""coordinates"":[77.14309677680498,28.658232618825785]}"
652,17.681003824869833,1809.3259842519685,42.721154420000005,29.49000000000001,0.06693896074427048,0.07222946544980444,-0.1179989124524198,"{""type"":""Point"",""coordinates"":[77.20940384323285,28.64214015054105]}"
653,17.658335737748587,1384.0179133858267,42.43745876000003,28.170000000000016,-0.048840651208682785,0.3580325774512935,-0.3959290873276428,"{""type"":""Point"",""coordinates"":[77.24889289363365,28.67262003783091]}"
654,17.74130641392304,2103.23248031496,45.18554684000003,28.600000000000023,0.13592233009708737,0.2935375032442253,-0.2880217082310376,"{""type"":""Point"",""coordinates"":[77.14072026730884,28.64262511545568]}"
655,17.681003824869833,1615.3525590551178,41.70429347000004,28.03000000000003,-0.0016673614005835765,0.34546472564389696,-0.37668289888284157,"{""type"":""Point"",""coordinates"":[77.24505390517713,28.634168868094072]}"
656,17.74130641392304,1338.6778543307087,47.28079309999998,28.74000000000001,0.09757174392935983,0.1183658581068758,-0.1837837837837838,"{""type"":""Point"",""coordinates"":[77.11724378014299,28.61682652951428]}"
657,17.658335737748587,1449.2718503937008,40.97454620000002,28.390000000000043,-0.15784671532846714,0.5266165413533834,-0.5234093637454982,"{""type"":""Point"",""coordinates"":[77.22079795980622,28.705091887325935]}"
658,17.612781839522142,1509.7,40.766046980000056,28.57000000000005,-0.13743175884168052,0.388180764774044,-0.4056908184218246,"{""type"":""Point"",""coordinates"":[77.24185976055918,28.520583029002474]}"
659,17.681003824869833,1410.4273622047244,39.02627480000001,28.33000000000004,-0.1462505822077317,0.5070422535211268,-0.5116707616707616,"{""type"":""Point"",""coordinates"":[77.22471155133105,28.603686240501883]}"
660,17.612781839522142,1583.3318897637796,42.194779340000025,28.170000000000016,-0.043478260869565216,0.3333333333333333,-0.360352422907489,"{""type"":""Point"",""coordinates"":[77.17909278043003,28.51135679336274]}"
661,17.612781839522142,1375.9490157480313,40.97112818000005,28.610000000000014,-0.04833679833679834,0.30889033095392604,-0.3331130204890945,"{""type"":""Point"",""coordinates"":[77.21382412652335,28.518224371879167]}"
662,17.724949137369833,1886.55187007874,43.37399624,28.250000000000057,-0.03481488913414267,0.23314203730272598,-0.2873190214677983,"{""type"":""Point"",""coordinates"":[77.11442443842415,28.53539660669461]}"
663,17.668430283490352,1416.6931102362203,43.763650520000056,27.77000000000004,-0.06109785202863962,0.37519331889885554,-0.4402332361516035,"{""type"":""Point"",""coordinates"":[77.2874935905689,28.574091016650332]}"
664,17.74130641392304,1784.7019685039368,42.04096844000003,27.670000000000016,-0.08373435996150144,0.4484178029328531,-0.4504701790544892,"{""type"":""Point"",""coordinates"":[77.13477565517384,28.615939879393057]}"
665,17.658335737748587,1644.4509842519683,44.10887054,29.510000000000048,0.051829268292682924,0.049493813273340834,-0.11104495385531409,"{""type"":""Point"",""coordinates"":[77.16870865576857,28.665009944178454]}"
666,17.681003824869833,1469.2423228346456,39.91154198000004,28.07000000000005,-0.14542268944371442,0.5436835891381346,-0.5427728613569321,"{""type"":""Point"",""coordinates"":[77.17811616350397,28.597853313722297]}"
667,17.668430283490352,1551.4470472440944,42.26313974000004,29.120000000000005,-0.012556504269211451,0.1820580474934037,-0.2221885419824189,"{""type"":""Point"",""coordinates"":[77.25937133409634,28.564121735888527]}"
668,17.544119905170646,1202.1094488188976,45.489750619999995,29.55000000000001,0.005433045701502077,0.2280978689818469,-0.29182233291822335,"{""type"":""Point"",""coordinates"":[77.31020318948573,28.675603380150253]}"
669,17.544119905170646,1592.3574803149604,43.852519040000004,28.99000000000001,-0.035012423763270836,0.2965478211658178,-0.34487819195773406,"{""type"":""Point"",""coordinates"":[77.315716555208,28.703517326087255]}"
670,17.66207034462377,1600.2629921259843,44.491688780000004,27.350000000000023,0.04911001501179498,0.22553897180762852,-0.3255605381165919,"{""type"":""Point"",""coordinates"":[77.30664403046521,28.52514759334493]}"
671,17.668430283490352,1662.4746062992126,41.111267,28.170000000000016,-0.036274070756829375,0.25250338294993235,-0.29854096520763185,"{""type"":""Point"",""coordinates"":[77.27460424057854,28.570263406058235]}"
672,17.681003824869833,1691.2275590551183,41.99995220000005,29.010000000000048,0.0031137724550898203,0.14529444138690148,-0.1915259089607787,"{""type"":""Point"",""coordinates"":[77.20217484439004,28.558430321437836]}"
673,17.544119905170646,1689.6222440944882,44.39256620000003,29.57000000000005,0.039770004791566844,0.08853883758826725,-0.16005788712011576,"{""type"":""Point"",""coordinates"":[77.3070236988706,28.71521573564644]}"
674,17.74130641392304,1592.5489173228348,44.85741691999999,28.77000000000004,-0.08930261912275166,0.43713572023313907,-0.45164003364171573,"{""type"":""Point"",""coordinates"":[77.0983931302763,28.55338871454293]}"
675,17.66207034462377,1569.8377952755907,41.309512160000054,28.970000000000027,-0.05778834720570749,0.26795895096921324,-0.30823529411764705,"{""type"":""Point"",""coordinates"":[77.26068665972183,28.5277427011629]}"
676,17.668430283490352,1776.2442913385828,34.52132444000006,26.55000000000001,-0.34010695187165774,0.7528561436232222,-0.765203099319089,"{""type"":""Point"",""coordinates"":[77.27736546249066,28.576798694262237]}"
677,17.658335737748587,1364.8683070866143,41.91108368000005,28.390000000000043,-0.09715994020926756,0.4294060370009737,-0.44963791968400263,"{""type"":""Point"",""coordinates"":[77.22111498552577,28.704445606639517]}"
678,17.658335737748587,1306.6891732283464,41.99995220000005,29.710000000000036,0.03211267605633803,0.19888346127006282,-0.28113348247576436,"{""type"":""Point"",""coordinates"":[77.15684915728919,28.652236829739262]}"
679,17.74130641392304,1404.9657480314959,43.326143960000024,29.600000000000023,0.018229166666666668,0.25771476230191825,-0.27774953397729196,"{""type"":""Point"",""coordinates"":[77.09789435078193,28.635151979576904]}"
680,17.681003824869833,1399.1793307086614,42.13667300000003,28.750000000000057,-0.17405978784956605,0.5367623856106027,-0.5426037377256889,"{""type"":""Point"",""coordinates"":[77.1791745500883,28.570746815635403]}"
681,17.74130641392304,1682.326968503937,45.045408020000025,28.110000000000014,0.027220345718259487,0.3445008924893588,-0.3996569468267582,"{""type"":""Point"",""coordinates"":[77.12983271619406,28.57893367921852]}"
682,17.612781839522142,1716.7905511811023,40.71648569000001,28.53000000000003,0.020349533157768735,0.1210958904109589,-0.16714204221334855,"{""type"":""Point"",""coordinates"":[77.21445808136073,28.533286425073758]}"
683,17.724949137369833,1448.807775590551,46.16310056000003,28.670000000000016,0.021310181531176007,0.32843587389041934,-0.405440414507772,"{""type"":""Point"",""coordinates"":[77.10780563066601,28.545214457739178]}"
684,17.612781839522142,1162.0474409448818,38.82802964000001,28.170000000000016,-0.1560247167868177,0.7403100775193798,-0.6309480566654558,"{""type"":""Point"",""coordinates"":[77.18215042938705,28.5160572231621]}"
685,17.658335737748587,1307.2698818897636,40.331958439999994,29.060000000000002,-0.09890710382513661,0.36942458290772895,-0.42826704545454547,"{""type"":""Point"",""coordinates"":[77.20132518185092,28.687867712703717]}"
686,17.658335737748587,1648.6527559055116,41.25482384000003,27.630000000000052,-0.13743257820927723,0.4369037884982284,-0.4326086956521739,"{""type"":""Point"",""coordinates"":[77.23553967588438,28.708885776328675]}"
687,17.681003824869833,1999.100590551181,44.22166520000002,28.930000000000007,0.0811965811965812,0.16268589454709328,-0.28071481757259864,"{""type"":""Point"",""coordinates"":[77.18540965267361,28.573533008155625]}"
688,17.681003824869833,1629.0976377952757,40.441335080000044,28.890000000000043,-0.1184939091915836,0.37302882001087545,-0.3693058568329718,"{""type"":""Point"",""coordinates"":[77.1818690818739,28.635850219517728]}"
689,17.681003824869833,1419.6714566929136,41.61371594000002,28.53000000000003,-0.1640519946212461,0.5854700854700855,-0.5878936105166616,"{""type"":""Point"",""coordinates"":[77.20048121480906,28.5809426509616]}"
690,17.612781839522142,1654.5937007874015,40.57292885000004,28.090000000000032,-0.039299348753649224,0.2848417545807885,-0.3077140435151173,"{""type"":""Point"",""coordinates"":[77.20309720701587,28.51079652740202]}"
691,17.74130641392304,1518.149311023622,43.44919268000001,28.250000000000057,-0.12535284892838475,0.5552665799739922,-0.5787621003226753,"{""type"":""Point"",""coordinates"":[77.09532523633457,28.576941493655312]}"
692,17.681003824869833,1739.668503937008,41.083922840000014,28.850000000000023,-0.016685714285714286,0.1934531795009391,-0.22534435261707988,"{""type"":""Point"",""coordinates"":[77.19193987213951,28.560540494138984]}"
693,17.681003824869833,1269.8988188976377,42.59126966000002,28.99000000000001,-0.07963626343345274,0.41138328530259366,-0.42420937840785167,"{""type"":""Point"",""coordinates"":[77.19275880077168,28.569127536019593]}"
694,17.74130641392304,2145.702460629921,43.818338840000024,28.150000000000034,0.03792257145119151,0.2916666666666667,-0.3521753644152665,"{""type"":""Point"",""coordinates"":[77.11039499774346,28.58297860114898]}"
695,17.681003824869833,1534.2246062992126,40.79339114000004,28.27000000000004,-0.18280433909200483,0.6736782262649232,-0.6460721274811294,"{""type"":""Point"",""coordinates"":[77.17179430705707,28.587474223554814]}"
696,17.544119905170646,1351.588779527559,44.09178043999998,29.480000000000018,0.07628622117090479,0.0593421498813157,-0.15703703703703703,"{""type"":""Point"",""coordinates"":[77.2824746758424,28.719056734121562]}"
697,17.681003824869833,1358.5149606299215,35.70566837000001,28.130000000000052,-0.1688141515614763,0.7404878048780488,-0.7012078830260648,"{""type"":""Point"",""coordinates"":[77.23839075115761,28.598530960902252]}"
698,17.721085562357132,1631.5612204724407,44.15672282000003,29.410000000000025,-0.031293787949556284,0.2464013547840813,-0.2895313184406483,"{""type"":""Point"",""coordinates"":[77.13434324239483,28.68719133292939]}"
699,17.668430283490352,1726.6694881889764,48.76079576000001,29.210000000000036,0.12557363370880267,0.11608093716719915,-0.2264482153306027,"{""type"":""Point"",""coordinates"":[77.32483686648797,28.621463449916394]}"
700,17.668430283490352,1723.5218503937006,40.998472340000035,29.120000000000005,-0.022508038585209004,0.2029181302350716,-0.23221699418765568,"{""type"":""Point"",""coordinates"":[77.25954976837569,28.56050649853192]}"
701,17.721085562357132,1663.7974409448816,44.12254261999999,28.890000000000043,0.0605766900896535,0.11729106628242075,-0.16147393648891553,"{""type"":""Point"",""coordinates"":[77.10069744372795,28.68482016259153]}"
702,17.658335737748587,2072.711811023622,41.323184240000046,27.29000000000002,0.024298361273309473,0.18210862619808307,-0.20774073210538588,"{""type"":""Point"",""coordinates"":[77.23287282332014,28.703925583479613]}"
703,17.612781839522142,1476.8751968503936,42.093947749999984,28.610000000000014,-0.03347373088007094,0.40548688574012665,-0.4564198687910028,"{""type"":""Point"",""coordinates"":[77.21709345008779,28.519690991992974]}"
704,17.74130641392304,1441.1128937007873,41.8461413,27.910000000000025,-0.08824508824508824,0.5181170641065346,-0.5427222659323367,"{""type"":""Point"",""coordinates"":[77.11992532001689,28.600798318714908]}"
705,17.544119905170646,420.3033464566929,33.04132178000003,29.410000000000025,-0.023809523809523808,0.3,-0.26042841037204056,"{""type"":""Point"",""coordinates"":[77.25727230945661,28.660266096660575]}"
706,17.681003824869833,1363.6655511811025,36.17906414000004,28.620000000000005,-0.23401420959147423,0.7644444444444445,-0.692448233861145,"{""type"":""Point"",""coordinates"":[77.2299226495445,28.55105066066049]}"
707,17.74130641392304,1259.2984251968508,40.42766300000005,27.810000000000002,-0.08790918690601901,0.44850615114235504,-0.45438503617434267,"{""type"":""Point"",""coordinates"":[77.13510763301889,28.603110341045927]}"
708,17.612781839522142,1675.7767716535432,41.456487020000054,27.950000000000045,-0.023744484135322548,0.3540856031128405,-0.3666199158485273,"{""type"":""Point"",""coordinates"":[77.18782935836052,28.542524168311655]}"
709,17.74130641392304,1616.7875984251966,48.90777062000001,28.750000000000057,0.09882671480144405,0.15134044393196885,-0.23691545370083616,"{""type"":""Point"",""coordinates"":[77.09908790644567,28.565109840916055]}"
710,17.66207034462377,1618.2915354330705,38.23671218000004,25.810000000000002,-0.1730374023838882,0.5221333333333333,-0.49541524757663086,"{""type"":""Point"",""coordinates"":[77.3235999399962,28.5312319746019]}"
711,17.681003824869833,1414.8919291338584,39.511633640000014,28.950000000000045,-0.16206428248076052,0.622629582806574,-0.6257124762507916,"{""type"":""Point"",""coordinates"":[77.23242383259695,28.634768344143634]}"
712,17.658335737748587,1063.8594488188976,41.476995139999985,27.930000000000007,-0.012510910677916789,0.4664981036662453,-0.5398230088495575,"{""type"":""Point"",""coordinates"":[77.21642334450816,28.678302706107676]}"
713,17.658335737748587,1623.807283464567,39.56973998000001,27.29000000000002,-0.04759881002974926,0.4049586776859504,-0.41301232444826597,"{""type"":""Point"",""coordinates"":[77.2334729533589,28.70180962851574]}"
714,17.74130641392304,1773.0095472440944,43.50388099999998,28.99000000000001,0.052569123056841104,0.05135633394785357,-0.110740122426266,"{""type"":""Point"",""coordinates"":[77.09879425885269,28.60616193413914]}"
715,17.544119905170646,1471.4470472440944,44.95995751999999,29.450000000000045,0.016418676244227808,0.18260333127698952,-0.25253185233583797,"{""type"":""Point"",""coordinates"":[77.29932132923854,28.66441120829575]}"
716,17.612781839522142,1799.5661417322833,39.961103270000024,28.630000000000052,0.027888446215139442,0.09244140110613643,-0.13956043956043956,"{""type"":""Point"",""coordinates"":[77.2283387577145,28.535928686137034]}"
717,17.721085562357132,1857.7324803149609,44.62840958000004,29.360000000000014,-0.0039447731755424065,0.3743249877270496,-0.4194447965521612,"{""type"":""Point"",""coordinates"":[77.11073597356173,28.7109023820589]}"
718,17.668430283490352,1199.4401574803148,37.12243766000006,28.190000000000055,-0.2297642715137745,0.573973100690658,-0.5338292596528516,"{""type"":""Point"",""coordinates"":[77.29648593144125,28.584460750921775]}"
719,17.612781839522142,1767.487401574803,42.22212350000001,27.79000000000002,2.2888532845044633E-4,0.16046758767268862,-0.19507523939808483,"{""type"":""Point"",""coordinates"":[77.16528555194395,28.517784842379214]}"
720,17.681003824869833,1251.293503937008,37.22668727000001,27.33000000000004,-0.16,0.6542253521126761,-0.62,"{""type"":""Point"",""coordinates"":[77.24422892265108,28.60278859464045]}"
721,17.668430283490352,1171.0937007874015,38.65371062000003,29.120000000000005,-0.1822176272938744,0.7099065420560747,-0.6903178122690318,"{""type"":""Point"",""coordinates"":[77.31723308409606,28.610584051349672]}"
722,17.544119905170646,1690.490354330709,44.242173320000006,29.52000000000004,-0.07386814932486101,0.43448275862068964,-0.501388117712382,"{""type"":""Point"",""coordinates"":[77.3132003815063,28.667605445262776]}"
723,17.668430283490352,1538.6931102362203,42.13667300000003,28.99000000000001,0.00436046511627907,0.19894982497082847,-0.2811720698254364,"{""type"":""Point"",""coordinates"":[77.30999794881019,28.587876461105573]}"
724,17.681003824869833,1461.2561023622047,38.49989972000003,28.110000000000014,-0.14514692787177205,0.5706870229007633,-0.5564296520423601,"{""type"":""Point"",""coordinates"":[77.21062481681909,28.592121014863267]}"
725,17.721085562357132,1541.0503937007873,42.43745876000003,29.260000000000048,-0.2303153611393693,0.702660847529213,-0.6354293441514537,"{""type"":""Point"",""coordinates"":[77.09005310320912,28.68488012409369]}"
726,17.681003824869833,1517.0346456692912,42.01020626000002,28.370000000000005,-0.10231616820328311,0.48725728155339804,-0.4791792395896198,"{""type"":""Point"",""coordinates"":[77.2085470136579,28.588450275776335]}"
727,17.544119905170646,1470.8299212598422,42.833949080000025,29.250000000000057,-0.04611464968152866,0.2552736166309997,-0.3164475793523565,"{""type"":""Point"",""coordinates"":[77.31805930734185,28.659746125255637]}"
728,17.544119905170646,1481.3574803149606,43.35007010000004,29.670000000000016,0.07305577376276512,0.13862978449662272,-0.2190082644628099,"{""type"":""Point"",""coordinates"":[77.27574096030185,28.682478573204794]}"
729,17.721085562357132,1372.1187992125986,45.08642426000006,29.410000000000025,0.006900143210519464,0.3247655435915248,-0.3658012533572068,"{""type"":""Point"",""coordinates"":[77.14268351041686,28.679056659857668]}"
730,17.668430283490352,1495.006102362205,40.08586100000002,27.190000000000055,-0.09611277231952157,0.4828084368679572,-0.5147579693034239,"{""type"":""Point"",""coordinates"":[77.28916438119825,28.575692388788514]}"
731,17.721085562357132,1789.3456692913385,42.54683540000002,29.28000000000003,0.023094170403587445,0.12934162778641783,-0.1717090224552911,"{""type"":""Point"",""coordinates"":[77.13681428700428,28.705696050842846]}"
732,17.681003824869833,1699.1448818897638,39.68595266,28.230000000000018,0.02400717971729863,0.19015047879616964,-0.24285714285714285,"{""type"":""Point"",""coordinates"":[77.22429241912856,28.611842852218057]}"
733,17.681003824869833,1545.186220472441,40.56780182,28.57000000000005,-0.1709011943539631,0.529645390070922,-0.5405714285714286,"{""type"":""Point"",""coordinates"":[77.16707872544909,28.572210491091194]}"
734,17.668430283490352,315.1212598425197,34.073563820000004,26.650000000000034,0.1048951048951049,-0.007751937984496124,-0.017488076311605722,"{""type"":""Point"",""coordinates"":[77.30501236061441,28.563851044835836]}"
735,17.668430283490352,1651.293503937008,39.62784632,26.57000000000005,-0.1828639428798096,0.5908242197919445,-0.569060773480663,"{""type"":""Point"",""coordinates"":[77.27072153960096,28.599373612609874]}"
736,17.721085562357132,1606.3540354330712,41.029234520000045,29.440000000000055,-0.11662130833585324,0.5313795963505668,-0.5256851673323234,"{""type"":""Point"",""coordinates"":[77.10522366602686,28.665287743651852]}"
737,17.721085562357132,1685.3062992125986,43.96873172000005,29.53000000000003,0.015965819653699122,0.193346059449141,-0.26200432588320116,"{""type"":""Point"",""coordinates"":[77.11547902401792,28.703334362790528]}"
738,17.74130641392304,1365.9273622047244,42.07173062000004,28.370000000000005,-0.13353321033210333,0.5675330888215595,-0.5725483922572389,"{""type"":""Point"",""coordinates"":[77.12863896712794,28.616557688036693]}"
739,17.74130641392304,1771.1350393700786,42.67672016000006,29.180000000000007,-0.02358906525573192,0.18990261404407996,-0.2431057563587684,"{""type"":""Point"",""coordinates"":[77.10409705220688,28.627946420180727]}"
740,17.668430283490352,1390.2639763779528,40.86858758000005,29.100000000000023,0.0,0.20602371034924705,-0.27033412082348973,"{""type"":""Point"",""coordinates"":[77.3087180955907,28.61086184429641]}"
741,17.681003824869833,1419.6291338582678,40.61565410000003,28.590000000000032,-0.07841743662639185,0.4423320659062104,-0.44645694312043216,"{""type"":""Point"",""coordinates"":[77.18908761411225,28.6392964173712]}"
742,17.668430283490352,1497.3082677165353,42.07856665999998,28.170000000000016,0.030922565806286738,0.1642615904206325,-0.21694480102695765,"{""type"":""Point"",""coordinates"":[77.26710138478435,28.570835100628443]}"
743,17.681003824869833,1534.9017716535432,41.95893596000002,29.180000000000007,-0.06198547215496368,0.2753707473102646,-0.3100358422939068,"{""type"":""Point"",""coordinates"":[77.24924241847168,28.558083072403036]}"
744,17.74130641392304,1301.408661417323,44.17039490000002,27.110000000000014,0.015708015708015707,0.4895997203286139,-0.5542586175451395,"{""type"":""Point"",""coordinates"":[77.14440100977885,28.61600812123572]}"
745,17.681003824869833,1563.641929133858,42.88863739999999,27.890000000000043,-0.05388205345778532,0.3708609271523179,-0.44,"{""type"":""Point"",""coordinates"":[77.15558094671982,28.562827323054908]}"
746,17.74130641392304,1806.6729330708663,45.35302982000002,28.410000000000025,0.04425802719120625,0.2704434760317867,-0.34072771540646557,"{""type"":""Point"",""coordinates"":[77.11906369140144,28.55305307918036]}"
747,17.668430283490352,1308.008070866142,41.28216800000001,28.590000000000032,-0.12443778110944528,0.5233581584292485,-0.5363605326049846,"{""type"":""Point"",""coordinates"":[77.27307748769529,28.55308871062262]}"
748,17.612781839522142,1869.8751968503936,43.16549702000003,28.110000000000014,0.07623916425872417,0.08116545265348596,-0.13242506811989102,"{""type"":""Point"",""coordinates"":[77.17749661382557,28.516793938558454]}"
749,17.74130641392304,1641.7575787401577,43.27145564,28.49000000000001,-0.01367502961128459,0.29758787043418333,-0.3539479361426722,"{""type"":""Point"",""coordinates"":[77.0945875167573,28.58718922316785]}"
750,17.74130641392304,1338.6778543307087,47.28079309999998,28.74000000000001,0.09757174392935983,0.1183658581068758,-0.1837837837837838,"{""type"":""Point"",""coordinates"":[77.1175622811291,28.617567194153654]}"
751,17.74130641392304,1346.3062992125983,46.13233838000002,28.74000000000001,0.0644718792866941,0.24588966021191086,-0.2855796418473139,"{""type"":""Point"",""coordinates"":[77.11536127523712,28.618008922750516]}"
752,17.721085562357132,1711.4465551181102,43.78074062000002,29.79000000000002,-0.03685108946681394,0.34051668181228095,-0.4026079869600652,"{""type"":""Point"",""coordinates"":[77.10388484865496,28.65631048327888]}"
753,17.658335737748587,1469.9253937007873,45.99903560000001,28.930000000000007,0.06516290726817042,0.17628508356985179,-0.2626946513202437,"{""type"":""Point"",""coordinates"":[77.16655714251371,28.721675382256187]}"
754,17.681003824869833,1671.2905511811027,43.736306360000015,29.49000000000001,0.07206988595001214,0.08945868945868946,-0.13606654783125371,"{""type"":""Point"",""coordinates"":[77.21411650624296,28.64633174252096]}"
755,17.681003824869833,1671.3998031496062,42.32295509000005,29.450000000000045,0.04142011834319527,0.09644670050761421,-0.1465644352698319,"{""type"":""Point"",""coordinates"":[77.23589126354553,28.648936590608976]}"
756,17.544119905170646,1532.9834645669293,41.292422060000035,29.83000000000004,-0.07706722885921762,0.3713092752758724,-0.3895436687821094,"{""type"":""Point"",""coordinates"":[77.27121627773344,28.689954322784807]}"
757,17.544119905170646,1985.201968503937,47.892618680000055,28.730000000000018,0.11357880381842977,0.07109227871939737,-0.1592356687898089,"{""type"":""Point"",""coordinates"":[77.32951975477332,28.652917113023097]}"
758,17.721085562357132,1433.8555118110237,42.639121939999995,29.53000000000003,0.05103550295857988,0.2176526415691237,-0.3186022610483042,"{""type"":""Point"",""coordinates"":[77.0959456917017,28.712914423475887]}"
759,17.668430283490352,1918.9372047244092,43.39450436000004,27.180000000000007,-0.05503844597329017,0.23525230987917556,-0.28360413589364847,"{""type"":""Point"",""coordinates"":[77.29014138636006,28.56838765262893]}"
760,17.544119905170646,1370.688188976378,44.31053372000002,29.960000000000036,0.05489655172413793,0.18341968911917098,-0.2372697724810401,"{""type"":""Point"",""coordinates"":[77.28756823162774,28.705945018218998]}"
761,17.544119905170646,1664.7777559055116,44.491688780000004,27.930000000000007,0.03551561831407788,0.2253329709160098,-0.28140989198408184,"{""type"":""Point"",""coordinates"":[77.31429805726677,28.72070583655731]}"
762,17.74130641392304,1762.5218503937008,44.344713920000004,29.360000000000014,0.0814920408648135,0.055275010236113004,-0.09658204509998582,"{""type"":""Point"",""coordinates"":[77.0983229801206,28.628563773738872]}"
763,17.668430283490352,531.7413385826771,36.22349840000004,27.090000000000032,-0.06828334396936822,0.44935064935064933,-0.35987002437043053,"{""type"":""Point"",""coordinates"":[77.31364377898588,28.55323156445112]}"
764,17.66207034462377,1463.553346456693,42.87838334000003,28.450000000000045,-0.06148282097649186,0.41190619362597714,-0.4730238393977415,"{""type"":""Point"",""coordinates"":[77.25270537737704,28.51696229102011]}"
765,17.544119905170646,1557.505118110236,40.60710905000002,29.850000000000023,0.0036540803897685747,0.16990846681922198,-0.2503821461326811,"{""type"":""Point"",""coordinates"":[77.27745485818487,28.701784535156868]}"
766,17.544119905170646,1774.7866141732284,43.914043400000025,29.510000000000048,0.046835732236691796,0.08929503916449086,-0.1528046421663443,"{""type"":""Point"",""coordinates"":[77.28960152082131,28.67177750942644]}"
767,17.658335737748587,1710.2669291338582,41.94526388000003,28.29000000000002,0.046249700455307935,0.09521188772702256,-0.15529753265602322,"{""type"":""Point"",""coordinates"":[77.24637004689937,28.7185445995527]}"
768,17.544119905170646,1469.3358267716533,39.51846968000001,28.630000000000052,-0.09319421389613469,0.3995142683667274,-0.4528837062716672,"{""type"":""Point"",""coordinates"":[77.26194312051317,28.679924301248693]}"
769,17.74130641392304,1482.2634842519683,46.173354620000055,27.910000000000025,0.0797675647120972,0.33629947836759744,-0.4288057742782152,"{""type"":""Point"",""coordinates"":[77.12786344937282,28.55973636203868]}"
770,17.681003824869833,1935.0720472440944,40.78313708000002,27.77000000000004,-0.018121224744844823,0.19132342188642457,-0.2123015873015873,"{""type"":""Point"",""coordinates"":[77.2461961267717,28.629994942961147]}"
771,17.74130641392304,1430.1950787401577,42.67672016000006,28.710000000000036,-0.05220084052200841,0.47824735860783096,-0.5060946651891721,"{""type"":""Point"",""coordinates"":[77.11389579711036,28.608889173148484]}"
772,17.74130641392304,1573.998228346457,43.767068540000025,28.07000000000005,-0.07313464383851194,0.43742921857304645,-0.46691707598959836,"{""type"":""Point"",""coordinates"":[77.13223080939433,28.576914454819082]}"
773,17.658335737748587,1613.0553149606299,43.996075880000035,29.370000000000005,0.007958801498127341,0.18379888268156425,-0.25384615384615383,"{""type"":""Point"",""coordinates"":[77.1762400095064,28.669140681319206]}"
774,17.721085562357132,1442.3820866141732,41.58295376000001,29.370000000000005,-0.1322314049586777,0.49409269918206605,-0.5219873476315383,"{""type"":""Point"",""coordinates"":[77.14684992401388,28.671929537311836]}"
775,17.668430283490352,1516.882086614173,43.011686120000036,28.940000000000055,-0.09221772379667116,0.4324483775811209,-0.46177001806140877,"{""type"":""Point"",""coordinates"":[77.25317226505867,28.569257199352172]}"
776,17.681003824869833,1329.686220472441,40.54729370000001,29.52000000000004,-0.23098927294398092,0.6897905759162304,-0.6837300293446364,"{""type"":""Point"",""coordinates"":[77.22821785136237,28.63671299545972]}"
777,17.612781839522142,1701.2944881889762,39.06045500000005,27.400000000000034,-0.09258861439312567,0.3476417594064653,-0.3512221041445271,"{""type"":""Point"",""coordinates"":[77.19342198909635,28.53927697110739]}"
778,17.544119905170646,1716.9608267716535,42.56392549999998,29.450000000000045,0.004696673189823875,0.3602567531425515,-0.39917469050894083,"{""type"":""Point"",""coordinates"":[77.30731920760692,28.665226058943343]}"
779,17.668430283490352,1451.1399606299215,42.59810570000002,28.110000000000014,-0.11651376146788991,0.4742580254391278,-0.49554531490015363,"{""type"":""Point"",""coordinates"":[77.25529922090557,28.57672366601101]}"
780,17.721085562357132,1558.4455708661417,46.89113882000004,29.04000000000002,0.08514266227122883,0.2055122828040743,-0.2746278112131771,"{""type"":""Point"",""coordinates"":[77.1218639073862,28.6810325899732]}"
781,17.668430283490352,1582.8692913385828,40.07902496000003,28.170000000000016,-0.1622729935559461,0.6405733186328556,-0.6396694214876033,"{""type"":""Point"",""coordinates"":[77.2760048496157,28.570633079098837]}"
782,17.681003824869833,1635.7767716535434,40.803645200000005,28.52000000000004,-0.12288754433548925,0.445996775926921,-0.4826446280991736,"{""type"":""Point"",""coordinates"":[77.21350629036827,28.62131369669305]}"
783,17.658335737748587,1592.3899606299212,42.28364786000003,27.870000000000005,0.0244140625,0.16467502185951619,-0.2090771558245083,"{""type"":""Point"",""coordinates"":[77.22840436541311,28.713304907040833]}"
784,17.668430283490352,1293.7777559055119,37.395879260000015,26.650000000000034,-0.20307082714214958,0.6193333333333333,-0.5860267711394058,"{""type"":""Point"",""coordinates"":[77.30342034128388,28.56927945001041]}"
785,17.681003824869833,1507.1842519685038,40.78655509999999,27.890000000000043,-0.15830618892508144,0.5619326500732065,-0.5646817248459959,"{""type"":""Point"",""coordinates"":[77.15226555027544,28.561719550816495]}"
786,17.668430283490352,221.59566929133854,31.598917340000014,27.77000000000004,0.319755600814664,-0.13695090439276486,0.17530864197530865,"{""type"":""Point"",""coordinates"":[77.26404915087012,28.644413018043103]}"
787,17.681003824869833,1895.2748031496064,41.176209380000046,26.380000000000052,0.02845100105374078,0.15106117353308365,-0.17842535787321062,"{""type"":""Point"",""coordinates"":[77.15564305208862,28.623114168064546]}"
788,17.721085562357132,1853.2088582677163,42.30415598000002,29.170000000000016,0.03512396694214876,0.1828774062816616,-0.22749375739256145,"{""type"":""Point"",""coordinates"":[77.13152046734669,28.697206544136854]}"
789,17.668430283490352,1404.1202755905513,40.78313708000002,27.170000000000016,-0.18045454545454545,0.6115420415761713,-0.5903245560318432,"{""type"":""Point"",""coordinates"":[77.29664629147418,28.58012474347451]}"
790,17.66207034462377,1376.6566929133858,42.85103918000004,27.950000000000045,0.01902975073706781,0.21635094715852443,-0.28466128466128465,"{""type"":""Point"",""coordinates"":[77.30398063674343,28.51263655811503]}"
791,17.544119905170646,1700.221653543307,43.732888340000045,29.57000000000005,0.05868030192354517,0.061213285753499866,-0.11283822682786414,"{""type"":""Point"",""coordinates"":[77.29957041976694,28.685143674625692]}"
792,17.658335737748587,1682.2600393700786,47.16458041999999,29.33000000000004,0.09112259276655707,0.1358966832990901,-0.18529862174578868,"{""type"":""Point"",""coordinates"":[77.17373410158461,28.661401060231594]}"
793,17.681003824869833,2552.356496062992,42.93136264999998,27.53000000000003,0.03035195350339038,0.09558555271798613,-0.14095744680851063,"{""type"":""Point"",""coordinates"":[77.24545048893187,28.616308379905696]}"
794,17.74130641392304,1809.8919291338584,46.64504138000001,28.600000000000023,0.05105762217359591,0.2698877501220107,-0.3745377707342842,"{""type"":""Point"",""coordinates"":[77.14711872022843,28.642266130948776]}"
795,17.681003824869833,1730.761023622047,35.18954735,28.130000000000052,-0.17689530685920576,0.7553846153846154,-0.6771190592846644,"{""type"":""Point"",""coordinates"":[77.23437144119869,28.596571857988213]}"
796,17.668430283490352,1105.6911417322835,41.897411600000055,27.060000000000002,0.006743088334457181,0.21635012386457472,-0.2742214532871972,"{""type"":""Point"",""coordinates"":[77.30980259712187,28.57233278840722]}"
797,17.612781839522142,1746.29842519685,41.34027434000001,28.79000000000002,-0.06849903371269057,0.2985386221294363,-0.3164021164021164,"{""type"":""Point"",""coordinates"":[77.23971447346727,28.52152652579106]}"
798,17.658335737748587,1644.5277559055116,42.786096799999996,29.24000000000001,-0.05917159763313609,0.2831541218637993,-0.29565701559020047,"{""type"":""Point"",""coordinates"":[77.1984804972355,28.664103558705627]}"
799,17.66207034462377,1622.6143700787402,41.750436740000055,27.750000000000057,-0.08503865393360618,0.3189607517965727,-0.3344519015659955,"{""type"":""Point"",""coordinates"":[77.2828941352806,28.542109327765818]}"
800,17.658335737748587,2386.6537401574806,41.35394642000006,27.29000000000002,0.07117778487073093,0.11366245694603903,-0.19262295081967212,"{""type"":""Point"",""coordinates"":[77.24112039040394,28.707174009367336]}"
801,17.544119905170646,2476.1744094488186,40.95232907000002,28.04000000000002,-0.025340014316392268,0.33122676579925653,-0.34119850187265915,"{""type"":""Point"",""coordinates"":[77.25129244150209,28.69172170929087]}"
802,17.74130641392304,2559.860433070866,43.64401982000004,28.07000000000005,0.09677909450015193,0.07670017205469529,-0.1502370126729225,"{""type"":""Point"",""coordinates"":[77.13050761248347,28.58619788660311]}"
803,17.66207034462377,1510.98937007874,40.43791706000002,28.970000000000027,-0.08984782155513862,0.5105460849465473,-0.56246264196055,"{""type"":""Point"",""coordinates"":[77.26493357610768,28.530606374619225]}"
804,17.721085562357132,1475.0508858267717,42.669884120000006,29.03000000000003,-0.022876221095585507,0.26097560975609757,-0.2920962199312715,"{""type"":""Point"",""coordinates"":[77.09841913957567,28.677541403337546]}"
805,17.724949137369833,1145.4529527559055,43.79441270000001,26.370000000000005,0.13443921762812577,0.43425641025641026,-0.5499889159831522,"{""type"":""Point"",""coordinates"":[77.12703982640173,28.51714379195286]}"
806,17.658335737748587,1540.9952755905513,44.358385999999996,27.99000000000001,0.029937540383372818,0.35949290673105944,-0.40970266040688574,"{""type"":""Point"",""coordinates"":[77.24414985179413,28.715895702268597]}"
807,17.668430283490352,1510.3200787401572,38.985258560000034,26.720000000000027,-0.19559343171897733,0.6779463243873979,-0.6462507155123068,"{""type"":""Point"",""coordinates"":[77.26936016527236,28.59912687687537]}"
808,17.668430283490352,1560.8397637795274,39.45010927999999,27.77000000000004,-0.19508813626460686,0.6873601789709173,-0.6586036283672347,"{""type"":""Point"",""coordinates"":[77.28248735920606,28.574758554653137]}"
809,17.668430283490352,1678.8998031496064,42.36226232000001,29.29000000000002,-0.0663486556808326,0.29047494096037785,-0.3488754799780581,"{""type"":""Point"",""coordinates"":[77.31187456082974,28.59801465383506]}"
810,17.66207034462377,1483.0218503937008,37.33777292000002,26.30000000000001,-0.32641432641432644,0.8719126938541069,-0.7053898482469911,"{""type"":""Point"",""coordinates"":[77.31756148064214,28.53627321890238]}"
811,17.544119905170646,1430.0809055118111,42.36226232000001,29.53000000000003,-0.09464196294441662,0.3804862646037259,-0.4094132817537073,"{""type"":""Point"",""coordinates"":[77.29473406024289,28.65719670473188]}"
812,17.66207034462377,1561.5464566929136,41.20013552,28.810000000000002,-0.06690859605352688,0.3424657534246575,-0.37947214076246333,"{""type"":""Point"",""coordinates"":[77.2646455742573,28.52626822793009]}"
813,17.724949137369833,2073.0838582677166,42.29048390000003,27.630000000000052,0.01417685628211944,0.21026868269335364,-0.275771127164316,"{""type"":""Point"",""coordinates"":[77.13445263011137,28.53753752711567]}"
814,17.544119905170646,1422.241338582677,40.224290810000014,28.730000000000018,0.014546416291986247,0.19423076923076923,-0.27471775573041396,"{""type"":""Point"",""coordinates"":[77.25959166003908,28.721704037638833]}"
815,17.681003824869833,1576.3525590551178,41.74701872000003,29.180000000000007,0.010116337885685382,0.16418798334324808,-0.20171937365673934,"{""type"":""Point"",""coordinates"":[77.24955254438956,28.555100520928836]}"
816,17.658335737748587,1783.6616141732284,42.21870548000004,27.900000000000034,0.00735930735930736,0.19178794178794178,-0.23147153598281417,"{""type"":""Point"",""coordinates"":[77.21076491014415,28.71402758846726]}"
817,17.544119905170646,1686.8417322834644,39.944013170000005,28.730000000000018,0.05064211291495033,0.07637362637362638,-0.1343370005790388,"{""type"":""Point"",""coordinates"":[77.26101367520229,28.721486595685896]}"
818,17.612781839522142,1446.3171259842518,40.15422139999998,28.610000000000014,-0.029263370332996974,0.27420362273579013,-0.30643611911623436,"{""type"":""Point"",""coordinates"":[77.21246898507742,28.518829358792424]}"
819,17.74130641392304,1381.2561023622047,40.967710160000024,28.27000000000004,-0.1670464904284412,0.6218527315914489,-0.6264888041924727,"{""type"":""Point"",""coordinates"":[77.10103187617162,28.599412466208566]}"
820,17.668430283490352,1375.4746062992128,41.36420048000002,28.310000000000002,-0.11311787072243346,0.4674185463659148,-0.48982188295165396,"{""type"":""Point"",""coordinates"":[77.2514017628005,28.59100434468887]}"
821,17.668430283490352,1338.9303149606299,41.53168346000001,27.060000000000002,-0.08003108003108003,0.39932885906040266,-0.4464099895941727,"{""type"":""Point"",""coordinates"":[77.31625111763375,28.575078448067874]}"
822,17.681003824869833,1361.1852362204722,41.767526840000016,28.430000000000007,-0.09595713589868485,0.5100671140939598,-0.5055202408832385,"{""type"":""Point"",""coordinates"":[77.21780833004027,28.615881372169163]}"
823,17.681003824869833,1833.6330708661417,43.032194240000024,28.180000000000007,-0.005179013735645125,0.1600831600831601,-0.18881491344873502,"{""type"":""Point"",""coordinates"":[77.17340630893014,28.556587517963735]}"
824,17.544119905170646,1685.520866141732,42.047804480000025,29.07000000000005,0.03717559036707973,0.1220708446866485,-0.17623536132533563,"{""type"":""Point"",""coordinates"":[77.31208162359363,28.6561250481766]}"
825,17.612781839522142,1262.0740157480316,38.657128639999996,28.170000000000016,-0.19259800340881422,0.717391304347826,-0.6159683272847245,"{""type"":""Point"",""coordinates"":[77.1827843742997,28.516354912671233]}"
826,17.681003824869833,1424.7570866141732,40.36613864000003,28.250000000000057,-0.14260602065480113,0.5700483091787439,-0.5559545182525434,"{""type"":""Point"",""coordinates"":[77.18668171186101,28.594564548850034]}"
827,17.658335737748587,1620.9824803149604,42.23921360000003,29.370000000000005,-0.045276447540269917,0.34134078212290503,-0.3810756399194708,"{""type"":""Point"",""coordinates"":[77.15708574461297,28.701207468528807]}"
828,17.724949137369833,1750.5754921259843,45.605963299999985,27.970000000000027,-0.01845232344700995,0.38783570300157977,-0.4044764188649081,"{""type"":""Point"",""coordinates"":[77.08817978879199,28.53809050564741]}"
829,17.681003824869833,1292.0248031496062,41.07366878000005,29.190000000000055,-0.10034058160859313,0.4193984454207503,-0.4747191011235955,"{""type"":""Point"",""coordinates"":[77.22380756664525,28.629092461684728]}"
830,17.612781839522142,1454.9057086614175,39.76969415000002,28.630000000000052,-0.11841532433609055,0.5452631578947369,-0.5574416489845407,"{""type"":""Point"",""coordinates"":[77.22464354938371,28.534724429757368]}"
831,17.658335737748587,1691.8722440944882,46.72023782000002,28.720000000000027,0.047729918509895226,0.32326772715017527,-0.3856578204404291,"{""type"":""Point"",""coordinates"":[77.20020422697678,28.695052170931955]}"
832,17.658335737748587,1687.3358267716535,41.76410882000005,29.210000000000036,6.822833750284285E-4,0.20847084708470848,-0.23426966292134832,"{""type"":""Point"",""coordinates"":[77.15284548101394,28.71366821457251]}"
833,17.658335737748587,1540.352559055118,42.41353262000001,29.32000000000005,-0.05367504835589942,0.2889677610174505,-0.3226100151745068,"{""type"":""Point"",""coordinates"":[77.16809414372797,28.689224598568337]}"
834,17.658335737748587,1792.7610236220473,42.41695063999998,28.79000000000002,0.06654470615138348,0.07139107611548556,-0.12575841147269717,"{""type"":""Point"",""coordinates"":[77.19455171401152,28.68155931487079]}"
835,17.658335737748587,1846.7511811023621,44.505360859999996,29.370000000000005,0.017853301785330178,0.24109812449035065,-0.2606294864715627,"{""type"":""Point"",""coordinates"":[77.17018593175416,28.674012658694018]}"
836,17.724949137369833,1304.948523622047,48.565968620000035,28.710000000000036,0.10596957688866164,0.24426258672834014,-0.33907715872104155,"{""type"":""Point"",""coordinates"":[77.10031850517244,28.54417417970559]}"
837,17.681003824869833,1758.813188976378,43.028776220000054,27.310000000000002,-0.0632963419646527,0.330761316872428,-0.35374149659863946,"{""type"":""Point"",""coordinates"":[77.16059759110234,28.625931464054833]}"
838,17.612781839522142,1477.1124015748032,41.37445453999999,29.210000000000036,-0.09670027497708525,0.41055113468906573,-0.43594359435943597,"{""type"":""Point"",""coordinates"":[77.24662727491554,28.542098560709086]}"
839,17.658335737748587,1549.4076771653542,40.69085054000004,28.560000000000002,-0.0811645346272607,0.3981745579007416,-0.40498710232158214,"{""type"":""Point"",""coordinates"":[77.202113382779,28.707180541567222]}"
840,17.612781839522142,1747.8633858267715,40.99163629999998,27.850000000000023,-0.033464976096445644,0.3167372881355932,-0.341970310391363,"{""type"":""Point"",""coordinates"":[77.18177163943882,28.524849722284298]}"
841,17.612781839522142,1256.1163385826771,39.52188769999998,27.310000000000002,0.015932521087160263,0.5239477503628447,-0.5700934579439252,"{""type"":""Point"",""coordinates"":[77.16991921538397,28.544241360929195]}"
842,17.681003824869833,1904.6409448818897,38.43495733999998,28.140000000000043,-0.10203320276067898,0.39405379896177445,-0.38620366025340214,"{""type"":""Point"",""coordinates"":[77.20800893347287,28.599636150680094]}"
843,17.668430283490352,1658.2944881889762,40.9061858,28.74000000000001,-0.06309497454062431,0.29748716563091054,-0.33835005574136007,"{""type"":""Point"",""coordinates"":[77.296287768574,28.604252998480014]}"
844,17.668430283490352,1342.854527559055,41.767526840000016,29.120000000000005,0.011518324607329843,0.28304451240231054,-0.36023054755043227,"{""type"":""Point"",""coordinates"":[77.3209372775727,28.616393797598374]}"
845,17.74130641392304,1125.3067913385826,43.80466676000003,27.970000000000027,0.011924605718681883,0.5602348653573598,-0.5755469229196484,"{""type"":""Point"",""coordinates"":[77.12749548277755,28.560945891153892]}"
846,17.658335737748587,1633.2541338582673,43.603003580000006,29.150000000000034,-0.027610008628127698,0.3052054794520548,-0.36114285714285715,"{""type"":""Point"",""coordinates"":[77.17810600560935,28.706206295261616]}"
847,17.658335737748587,1386.9687007874013,41.40179870000003,27.130000000000052,-0.08823529411764706,0.44494238156209986,-0.4556594646888101,"{""type"":""Point"",""coordinates"":[77.22775569808398,28.68141321499843]}"
848,17.724949137369833,2007.4928149606299,42.81344095999998,26.370000000000005,0.047424700024487794,0.32043448744059744,-0.3937656753851666,"{""type"":""Point"",""coordinates"":[77.13432182023432,28.52276212515363]}"
849,17.681003824869833,1714.1301181102363,42.36568034000004,27.930000000000007,-0.052882531426094496,0.30978700458344566,-0.3133279264666126,"{""type"":""Point"",""coordinates"":[77.16502874183186,28.59332493360984]}"
850,17.724949137369833,1460.3722440944882,41.79828902000003,26.840000000000032,-0.14083628042438112,0.6314145470771977,-0.6365264100268576,"{""type"":""Point"",""coordinates"":[77.10218159641164,28.508807332000078]}"
851,17.66207034462377,1459.892913385827,41.23773374000001,28.260000000000048,-0.14527902048504826,0.4394791358390056,-0.4624173180998196,"{""type"":""Point"",""coordinates"":[77.28894099576736,28.530953125223718]}"
852,17.74130641392304,1348.1822834645668,41.92475576000004,28.810000000000002,-0.1016281512605042,0.402072192513369,-0.40961021505376344,"{""type"":""Point"",""coordinates"":[77.1238372213366,28.630066604998067]}"
853,17.681003824869833,1819.8397637795276,41.80854308000005,28.52000000000004,-0.05754937354002973,0.2668532180106843,-0.2888198757763975,"{""type"":""Point"",""coordinates"":[77.21184397008767,28.618435468289984]}"
854,17.74130641392304,1737.918011811024,41.82563318000001,28.03000000000003,-0.05101298701298701,0.3380952380952381,-0.35096153846153844,"{""type"":""Point"",""coordinates"":[77.13204082369737,28.570249346358533]}"
855,17.668430283490352,1646.145866141732,41.31293018000002,28.74000000000001,-0.032512772875058056,0.23947588514078616,-0.2717391304347826,"{""type"":""Point"",""coordinates"":[77.29229177532342,28.60154429929851]}"
856,17.658335737748587,1762.674409448819,44.21482916000002,28.370000000000005,0.018146341463414633,0.3393665158371041,-0.3618403247631935,"{""type"":""Point"",""coordinates"":[77.18713567529032,28.71373063622294]}"
857,17.544119905170646,1718.7009842519685,44.21824718000005,28.970000000000027,0.011387600168705188,0.24416135881104034,-0.29933481152993346,"{""type"":""Point"",""coordinates"":[77.31631180955878,28.685924507702502]}"
858,17.668430283490352,240.26889763779525,33.755687960000046,26.74000000000001,0.4023372287145242,-0.21663019693654267,0.21145374449339208,"{""type"":""Point"",""coordinates"":[77.2743716803698,28.591550640176894]}"
859,17.612781839522142,1830.8929133858267,41.45306900000003,27.79000000000002,-0.02757555702625193,0.1771544099064948,-0.21587052988775776,"{""type"":""Point"",""coordinates"":[77.16495635021514,28.517053982931177]}"
860,17.724949137369833,1694.3259842519683,45.03515396,28.250000000000057,0.06559697970740916,0.10784725136382711,-0.15806404445094313,"{""type"":""Point"",""coordinates"":[77.11742276629076,28.54051164164511]}"
861,17.74130641392304,1445.7319881889764,42.017042300000014,29.890000000000043,0.030343182721611236,0.15919531126247427,-0.21763727121464227,"{""type"":""Point"",""coordinates"":[77.1068620281197,28.64852187523784]}"
862,17.681003824869833,1403.5671259842518,38.925443210000026,28.590000000000032,-0.13501483679525222,0.4787371134020619,-0.42857142857142855,"{""type"":""Point"",""coordinates"":[77.21802976218721,28.55781484257217]}"
863,17.544119905170646,1697.7620078740156,44.02342004000002,29.510000000000048,0.05435283279594657,0.11153221440173254,-0.18704827984966754,"{""type"":""Point"",""coordinates"":[77.29182442885588,28.669432373554816]}"
864,17.681003824869833,1463.1055118110237,40.30119625999998,28.930000000000007,-0.18756839571022105,0.6172876304023845,-0.6216377764494919,"{""type"":""Point"",""coordinates"":[77.19133754661144,28.572954410757486]}"
865,17.544119905170646,1410.1311023622047,41.19329948000001,28.970000000000027,-0.10225892640272043,0.4714656290531777,-0.4849476439790576,"{""type"":""Point"",""coordinates"":[77.31964034847987,28.684784907690442]}"
866,17.668430283490352,1449.5277559055119,38.985258560000034,27.750000000000057,-0.1844954525768731,0.6560702391765062,-0.6490804944226711,"{""type"":""Point"",""coordinates"":[77.26766082228842,28.621397167921263]}"
867,17.681003824869833,1398.6399606299212,41.08734086000004,28.450000000000045,-0.01443001443001443,0.3668178872326636,-0.39946914399469147,"{""type"":""Point"",""coordinates"":[77.16061863662247,28.580862863084228]}"
868,17.658335737748587,1552.34468503937,39.757731079999985,26.57000000000005,-0.050392399834779014,0.49149560117302055,-0.5100950118764845,"{""type"":""Point"",""coordinates"":[77.24003757751667,28.682706405806226]}"
869,17.544119905170646,1472.6350393700789,41.95551794000005,29.250000000000057,-0.0547507979376381,0.2951462164606572,-0.3560606060606061,"{""type"":""Point"",""coordinates"":[77.31443559713756,28.658550919266645]}"
870,17.668430283490352,1636.1793307086614,43.02535820000003,27.80000000000001,0.02094972067039106,0.17191418222346058,-0.2309043020193152,"{""type"":""Point"",""coordinates"":[77.32430123134729,28.574854112731263]}"
871,17.668430283490352,1558.5120078740158,38.903226080000024,29.29000000000002,-0.04643527204502814,0.26833428084138716,-0.3260029717682021,"{""type"":""Point"",""coordinates"":[77.30582159689584,28.594589989256075]}"
872,17.668430283490352,1465.3712598425195,41.59662584,28.900000000000034,-0.002770083102493075,0.4047761194029851,-0.4817380352644836,"{""type"":""Point"",""coordinates"":[77.2605930623247,28.55704468132533]}"
873,17.681003824869833,1888.080905511811,43.10055464000004,27.99000000000001,-0.03566176470588235,0.2824948782153426,-0.3835952848722986,"{""type"":""Point"",""coordinates"":[77.20678807369666,28.615921324651048]}"
874,17.74130641392304,1293.9726377952757,41.72992862000001,28.410000000000025,-0.11439650993698497,0.5698190508706042,-0.5827882960413081,"{""type"":""Point"",""coordinates"":[77.14719408371289,28.579148867373565]}"
875,17.612781839522142,1424.9765748031496,39.47061740000004,28.99000000000001,-0.044579533941236066,0.301356894919533,-0.34026649333766656,"{""type"":""Point"",""coordinates"":[77.24726244628526,28.52655896300208]}"
876,17.668430283490352,1347.8200787401574,42.112746860000016,28.900000000000034,-0.07612046478539246,0.4791395045632334,-0.5096473719228211,"{""type"":""Point"",""coordinates"":[77.26172642227074,28.553509521541518]}"
877,17.658335737748587,1665.4746062992126,40.07047991000002,28.510000000000048,-0.09318181818181819,0.526984126984127,-0.5495302013422819,"{""type"":""Point"",""coordinates"":[77.23928723872677,28.65724816407719]}"
878,17.668430283490352,1598.637992125984,40.755792919999976,28.110000000000014,-0.05659516202647193,0.29655558667040044,-0.324370709382151,"{""type"":""Point"",""coordinates"":[77.26010934491542,28.58075138694054]}"
879,17.74130641392304,1614.1931102362207,41.98969814000003,29.360000000000014,0.0,0.1962910128388017,-0.2471743010113028,"{""type"":""Point"",""coordinates"":[77.09484468532996,28.625224425675874]}"
880,17.66207034462377,1342.5425196850392,39.64493642000002,28.410000000000025,-0.19909808342728297,0.7458962573867367,-0.6728530984586348,"{""type"":""Point"",""coordinates"":[77.2604676133855,28.547461955228705]}"
881,17.74130641392304,1202.2752952755905,42.5810156,27.99000000000001,0.028317771314863002,0.2602739726027397,-0.2757234726688103,"{""type"":""Point"",""coordinates"":[77.13808924572785,28.5726440677573]}"
882,17.681003824869833,1481.1527559055116,39.48428948000003,28.52000000000004,-0.15033240403173923,0.5978552278820375,-0.5907473309608541,"{""type"":""Point"",""coordinates"":[77.21525460274347,28.619936839560726]}"
883,17.721085562357132,1572.1296259842518,45.308595560000015,29.260000000000048,-0.08787250300185569,0.43726564753389097,-0.43313201035375326,"{""type"":""Point"",""coordinates"":[77.09267714254825,28.683598043857344]}"
884,17.658335737748587,1375.3988188976377,43.23727544000002,29.33000000000004,0.03932435998944313,0.1776124231640246,-0.2713936430317848,"{""type"":""Point"",""coordinates"":[77.15862530226707,28.67088595988238]}"
885,17.66207034462377,1686.3968503937008,41.39496266000003,27.690000000000055,0.05043258071323064,0.3169446883230904,-0.35828554180501054,"{""type"":""Point"",""coordinates"":[77.25931394182496,28.50702532914333]}"
886,17.668430283490352,1353.78562992126,44.64891770000003,29.060000000000002,-0.03179876601803512,0.45369441658308257,-0.5218760938046902,"{""type"":""Point"",""coordinates"":[77.32928696217714,28.637968863884566]}"
887,17.724949137369833,1864.9431102362203,44.70360602000005,27.58000000000004,-0.07120622568093385,0.3561576354679803,-0.37667208401050134,"{""type"":""Point"",""coordinates"":[77.09762823170536,28.53253548290139]}"
888,17.668430283490352,1950.6960629921261,43.343234059999986,28.74000000000001,-0.018409872547036212,0.19743101807802094,-0.24357707509881424,"{""type"":""Point"",""coordinates"":[77.31719068536283,28.57694513469227]}"
889,17.681003824869833,1528.931299212598,41.71625654000002,28.850000000000023,-0.08321710832171084,0.338695777075553,-0.36937995885982955,"{""type"":""Point"",""coordinates"":[77.19015582271828,28.562989545761457]}"
890,17.658335737748587,1518.049409448819,44.72411413999998,29.150000000000034,0.0285,0.20346856611954164,-0.23639834552974864,"{""type"":""Point"",""coordinates"":[77.22302907341151,28.664415077031617]}"
891,17.544119905170646,1345.563188976378,39.019438760000014,28.850000000000023,-0.1307471264367816,0.5856279382135662,-0.5401174168297456,"{""type"":""Point"",""coordinates"":[77.25415074089423,28.7146061976516]}"
892,17.668430283490352,1421.7561023622045,41.28558601999998,29.100000000000023,-0.05153565851119209,0.26964173475801384,-0.31339401820546164,"{""type"":""Point"",""coordinates"":[77.31318726523892,28.61568086871329]}"
893,17.681003824869833,1607.5700787401577,42.38960648,29.380000000000052,-0.023572296476306195,0.1915134370579915,-0.2283464566929134,"{""type"":""Point"",""coordinates"":[77.18338125524026,28.643461061601826]}"
894,17.544119905170646,1859.4057086614173,45.38379200000003,29.27000000000004,0.06071152358855375,0.20069204152249134,-0.2937416777629827,"{""type"":""Point"",""coordinates"":[77.32451870327033,28.696334230262888]}"
895,17.721085562357132,1671.008562992126,43.06979246000003,29.210000000000036,-0.052819343969874144,0.407711673512654,-0.45176277671494947,"{""type"":""Point"",""coordinates"":[77.1089417521695,28.66748132110965]}"
896,17.74130641392304,1471.4116141732281,42.143509040000026,29.890000000000043,-0.05755395683453238,0.29613864396473094,-0.34140969162995594,"{""type"":""Point"",""coordinates"":[77.11360639058523,28.646495602269468]}"
897,17.612781839522142,1585.918503937008,39.638100380000026,28.260000000000048,-0.06002372479240806,0.28835063437139563,-0.29319826338639654,"{""type"":""Point"",""coordinates"":[77.20655822402564,28.526682270670122]}"
898,17.724949137369833,1403.3122047244092,43.78757666000001,26.55000000000001,0.06662254577542466,0.37974889939670636,-0.4430422919508868,"{""type"":""Point"",""coordinates"":[77.12054780946023,28.52069996244704]}"
899,17.668430283490352,1620.6665354330707,35.51596826000002,26.55000000000001,-0.29354015315138426,0.7223529411764706,-0.7250589159465829,"{""type"":""Point"",""coordinates"":[77.27492739391825,28.578815268023185]}"
900,17.721085562357132,1748.40718503937,44.11912460000002,29.55000000000001,0.08180876769071453,0.07056613898577944,-0.13497368795334946,"{""type"":""Point"",""coordinates"":[77.0876543131454,28.704583358144784]}"
901,17.658335737748587,1420.5858267716535,42.22212350000001,29.430000000000007,-0.08835437008811622,0.42545227698066124,-0.4722938144329897,"{""type"":""Point"",""coordinates"":[77.20707762256804,28.65568436080982]}"
902,17.668430283490352,1752.277755905512,43.35007010000004,28.190000000000055,0.03917050691244239,0.12855209742895804,-0.17963224893917965,"{""type"":""Point"",""coordinates"":[77.30383944517992,28.590103708674587]}"
903,17.724949137369833,1713.3983267716533,41.98628012000006,27.630000000000052,0.037451872593629684,0.08810340279609602,-0.16164460715291468,"{""type"":""Point"",""coordinates"":[77.1356229226804,28.53835229132595]}"
904,17.612781839522142,1627.0090551181104,40.184983579999994,28.730000000000018,-0.09136477557530188,0.31883259911894274,-0.32944768248681655,"{""type"":""Point"",""coordinates"":[77.23685829303746,28.54014573676685]}"
905,17.658335737748587,1471.1566929133858,43.22360336000003,28.99000000000001,0.010467194281337758,0.18677281077770974,-0.25112976113621693,"{""type"":""Point"",""coordinates"":[77.18264763716937,28.66843245535959]}"
906,17.721085562357132,1319.2728346456693,40.98821828000001,29.370000000000005,-0.1475245036441317,0.4985231375123072,-0.5179521276595744,"{""type"":""Point"",""coordinates"":[77.14714048888793,28.671357863534286]}"
907,17.66207034462377,1544.1645669291336,41.261659880000025,26.77000000000004,-0.132090927708376,0.5682269503546099,-0.5554305008441193,"{""type"":""Point"",""coordinates"":[77.31848366231975,28.532773750149676]}"
908,17.544119905170646,1602.8456692913385,44.177230940000015,29.950000000000045,0.054825105432895066,0.07203151378728194,-0.15594660194174756,"{""type"":""Point"",""coordinates"":[77.28572199780918,28.712179024234974]}"
909,17.74130641392304,1476.5125,42.70064630000002,28.210000000000036,-0.03448990160538581,0.5126457670755717,-0.5454123472071793,"{""type"":""Point"",""coordinates"":[77.11474738168735,28.581348408719517]}"
910,17.544119905170646,1734.1675196850395,45.17529278000001,29.230000000000018,0.04126984126984127,0.14116059379217274,-0.19333897826700536,"{""type"":""Point"",""coordinates"":[77.33090484493206,28.684831402571238]}"
911,17.681003824869833,1466.0562992125983,39.87394376000003,27.600000000000023,-0.13951824469353685,0.4339735894357743,-0.4288277511961722,"{""type"":""Point"",""coordinates"":[77.18583193665744,28.602845617684547]}"
912,17.681003824869833,1967.3200787401574,43.481663870000034,28.970000000000027,0.014799926913941166,0.2262906527177621,-0.3014723630219648,"{""type"":""Point"",""coordinates"":[77.23380986044101,28.581157788160752]}"
913,17.721085562357132,1897.005118110236,45.47949656000003,29.32000000000005,0.07862190812720848,0.053934571175950484,-0.10166358595194085,"{""type"":""Point"",""coordinates"":[77.10315139985211,28.694931286345565]}"
914,17.612781839522142,1328.1064960629922,36.87975824,27.400000000000034,-0.1933152664859982,0.7375863202893785,-0.6700379266750948,"{""type"":""Point"",""coordinates"":[77.18903308782848,28.533725773154142]}"
915,17.721085562357132,1345.1394685039368,43.68161803999999,28.890000000000043,-0.06307863226762128,0.41621443841473443,-0.4604035950483297,"{""type"":""Point"",""coordinates"":[77.09682842501913,28.683798382705103]}"
916,17.668430283490352,1360.7364173228348,42.87838334000003,27.79000000000002,-0.018618324350808426,0.3557222041082491,-0.4220246238030096,"{""type"":""Point"",""coordinates"":[77.28325846593661,28.561412830779478]}"
917,17.681003824869833,1668.299409448819,39.28946234,28.07000000000005,-0.09867577958137548,0.3880194279546681,-0.3936602546735302,"{""type"":""Point"",""coordinates"":[77.18487191331656,28.55299395492957]}"
918,17.721085562357132,1747.3136811023621,44.17039490000002,29.360000000000014,0.059295790801697446,0.08664546899841018,-0.14970563498738435,"{""type"":""Point"",""coordinates"":[77.10926806877079,28.71029213883426]}"
919,17.658335737748587,1360.5996062992126,33.95393311999999,28.04000000000002,-0.28468174399626955,0.7603833865814696,-0.6601385959626394,"{""type"":""Point"",""coordinates"":[77.24704351285499,28.693302548971886]}"
920,17.724949137369833,1733.372244094488,40.277270120000026,27.610000000000014,-0.11512605042016806,0.3659289758106022,-0.37905949597298,"{""type"":""Point"",""coordinates"":[77.14634497905205,28.537418961850268]}"
921,17.681003824869833,1367.4125984251968,40.09611505999999,28.140000000000043,-0.12982456140350876,0.5856861457649376,-0.5590703679793415,"{""type"":""Point"",""coordinates"":[77.20000953597187,28.591887585291648]}"
922,17.544119905170646,1707.3594488188976,44.43016441999998,29.410000000000025,0.08039834831187759,0.06587837837837837,-0.11156782149148561,"{""type"":""Point"",""coordinates"":[77.26949568676164,28.665087133674678]}"
923,17.658335737748587,1403.4440944881887,40.72161272000005,27.340000000000032,-0.11725168035847648,0.4320357370772176,-0.4416961130742049,"{""type"":""Point"",""coordinates"":[77.24397218689107,28.673531259617988]}"
924,17.544119905170646,1794.1576771653542,43.606421599999976,29.53000000000003,0.022378236068451074,0.2023745277927685,-0.14638538718806277,"{""type"":""Point"",""coordinates"":[77.26702551921593,28.669743730840622]}"
925,17.721085562357132,1483.3338582677168,39.07412708000004,29.370000000000005,-0.06467900937725415,0.3269403655978424,-0.3966251379908532,"{""type"":""Point"",""coordinates"":[77.10591965781144,28.6601107059209]}"
926,17.544119905170646,1412.4923228346456,42.71431838000001,29.53000000000003,-0.09230009871668311,0.4059720457433291,-0.4435746901500326,"{""type"":""Point"",""coordinates"":[77.29357717080606,28.656304047829583]}"
927,17.681003824869833,1388.6251968503936,39.62101028000001,28.590000000000032,-0.1510653579123773,0.5282898919262555,-0.5034396497811132,"{""type"":""Point"",""coordinates"":[77.1825034132909,28.634248041114592]}"
928,17.668430283490352,1718.3515748031496,43.14840692000001,29.170000000000016,-0.027593582887700533,0.26354550236717517,-0.29662618083670717,"{""type"":""Point"",""coordinates"":[77.3040801136341,28.6128796867449]}"
929,17.74130641392304,1626.488877952756,42.44087678000005,29.890000000000043,-0.022380351199357284,0.26354609929078016,-0.2897060952656725,"{""type"":""Point"",""coordinates"":[77.11304362313764,28.647661808032517]}"
930,17.658335737748587,1467.243307086614,46.34425562000001,29.420000000000016,0.09165526675786594,0.0637616148670298,-0.14128566517703678,"{""type"":""Point"",""coordinates"":[77.1683560384514,28.699906077288997]}"
931,17.74130641392304,1345.4303149606299,40.936947980000014,27.890000000000043,-0.13204104903078678,0.6334320500164528,-0.603359173126615,"{""type"":""Point"",""coordinates"":[77.14943555526311,28.56429522479428]}"
932,17.668430283490352,1672.9175196850392,42.79635086000002,29.350000000000023,0.047283702213279676,0.04901689282747161,-0.10760233918128655,"{""type"":""Point"",""coordinates"":[77.29883089505985,28.62416238892207]}"
933,17.74130641392304,1709.3687992125983,43.22360336000003,27.850000000000023,0.019207345638527124,0.3935037273695421,-0.45631608235948806,"{""type"":""Point"",""coordinates"":[77.13858668784849,28.56289645460739]}"
934,17.668430283490352,1409.225590551181,42.6835562,29.150000000000034,-0.03891977760127085,0.25487687879756954,-0.30019880715705766,"{""type"":""Point"",""coordinates"":[77.31333487567514,28.608233961749225]}"
935,17.74130641392304,1228.6552165354333,44.05418222000003,28.890000000000043,0.012312713247292686,0.2472836268265268,-0.3014073494917905,"{""type"":""Point"",""coordinates"":[77.13066337814627,28.634613233285055]}"
936,17.681003824869833,1673.578937007874,41.21722562000002,28.610000000000014,-0.08730873087308731,0.3351754628350373,-0.33223049352081613,"{""type"":""Point"",""coordinates"":[77.19939710475124,28.624980986988028]}"
937,17.544119905170646,1651.7757874015747,43.13473484000002,29.870000000000005,0.029750479846449136,0.12115331300249514,-0.17217391304347826,"{""type"":""Point"",""coordinates"":[77.29078168368378,28.65548984724924]}"
938,17.74130641392304,2301.2625,47.97465116000001,28.82000000000005,0.09188014845659455,0.03883193538365952,-0.09555531287539587,"{""type"":""Point"",""coordinates"":[77.09091007018966,28.55162737720965]}"
939,17.544119905170646,1530.7364173228345,39.10318025000004,28.850000000000023,-0.11850220264317181,0.5369249394673123,-0.5281372253987361,"{""type"":""Point"",""coordinates"":[77.2530813249186,28.715557667661226]}"
940,17.681003824869833,1621.5700787401572,41.05145164999999,29.310000000000002,0.01043942704539937,0.17025552684467413,-0.20877817319098457,"{""type"":""Point"",""coordinates"":[77.21911774960742,28.5725750215163]}"
941,17.721085562357132,1754.614862204724,46.89797485999998,29.150000000000034,0.04254598803746756,0.15177844148791747,-0.20579874928936895,"{""type"":""Point"",""coordinates"":[77.0900090165835,28.682773768336304]}"
942,17.544119905170646,1423.4972440944882,41.58295376000001,29.750000000000057,-0.014296854691967767,0.23676703645007924,-0.3045804078903377,"{""type"":""Point"",""coordinates"":[77.31170200994885,28.69582514237212]}"
943,17.681003824869833,1539.6950787401574,39.73380494000003,28.150000000000034,-0.13867016622922135,0.47020615645297936,-0.4545962559374127,"{""type"":""Point"",""coordinates"":[77.15917368853297,28.56381253579824]}"
944,17.74130641392304,1642.635531496063,43.23385742000005,29.110000000000014,0.046085781000368684,0.09756787330316742,-0.15129041827350934,"{""type"":""Point"",""coordinates"":[77.09449334216771,28.5988243449182]}"
945,17.721085562357132,1838.1325787401574,43.78757666000001,29.750000000000057,0.039857888309092926,0.09927545442989703,-0.15275926419621436,"{""type"":""Point"",""coordinates"":[77.10110658716276,28.70124151129851]}"
946,17.668430283490352,1513.987401574803,43.10739067999998,28.900000000000034,-0.06212835759688333,0.4988425925925926,-0.552757793764988,"{""type"":""Point"",""coordinates"":[77.2620722502747,28.55553554703833]}"
947,17.612781839522142,1628.8181102362203,39.64493642000002,27.470000000000027,-0.15959428689712274,0.49148029818956335,-0.48044397463002114,"{""type"":""Point"",""coordinates"":[77.16279596367178,28.526916875531835]}"
948,17.612781839522142,1096.6399606299212,38.52382585999999,28.99000000000001,-0.11324903793293019,0.6804979253112033,-0.6694146743610883,"{""type"":""Point"",""coordinates"":[77.24840535673373,28.525683419684576]}"
949,17.544119905170646,1590.3446850393702,45.110350400000016,29.410000000000025,0.05891163255117324,0.11803084223013048,-0.16718266253869968,"{""type"":""Point"",""coordinates"":[77.26737397270384,28.66297704088397]}"
950,17.544119905170646,1748.0139763779525,43.98240380000004,29.850000000000023,0.04203643157403083,0.07890583903208838,-0.14677103718199608,"{""type"":""Point"",""coordinates"":[77.2958115387124,28.705999370843372]}"
951,17.668430283490352,2234.8338582677166,43.07321048000006,28.190000000000055,-0.06234967622571693,0.32334639317815167,-0.32978230662343677,"{""type"":""Point"",""coordinates"":[77.30238231263303,28.589258897614293]}"
952,17.66207034462377,1446.1694881889766,39.61417424000001,28.480000000000018,-0.1429232192414431,0.4876580373269115,-0.49848392965433597,"{""type"":""Point"",""coordinates"":[77.252525299635,28.524121375657778]}"
953,17.74130641392304,1515.5503937007875,43.14157088000002,28.890000000000043,0.05517241379310345,0.13136565224040372,-0.190920798454604,"{""type"":""Point"",""coordinates"":[77.12943213998736,28.636759766806467]}"
954,17.66207034462377,1652.2472440944882,48.11137196000004,27.58000000000004,0.1154650941601674,0.3184009072866459,-0.39388489208633093,"{""type"":""Point"",""coordinates"":[77.3234554231504,28.516827238124822]}"
955,17.66207034462377,1764.8692913385826,41.818797140000015,27.690000000000055,-0.08916177255739455,0.5388483781745034,-0.5380748931892435,"{""type"":""Point"",""coordinates"":[77.2656232128524,28.507139743283005]}"
956,17.721085562357132,1363.302854330709,41.02581650000002,28.870000000000005,-0.08477905073649754,0.615009746588694,-0.6071774975751697,"{""type"":""Point"",""coordinates"":[77.11895552154856,28.720295793585162]}"
957,17.681003824869833,1465.8515748031498,41.360782459999996,27.660000000000025,-0.06290868094701241,0.4680784802242292,-0.4965079365079365,"{""type"":""Point"",""coordinates"":[77.16523713594259,28.64090335262204]}"
958,17.681003824869833,1401.336811023622,40.164475460000006,28.33000000000004,-0.060018050541516245,0.49760918074593563,-0.506252003847387,"{""type"":""Point"",""coordinates"":[77.18213856520384,28.585002735790354]}"
959,17.668430283490352,1445.9706692913387,42.91256354000001,29.250000000000057,-0.0973365617433414,0.3745829542007886,-0.4113983182809094,"{""type"":""Point"",""coordinates"":[77.28976875107601,28.621190090281697]}"
960,17.681003824869833,1992.0425196850392,45.75977420000004,27.53000000000003,0.0067268883336536614,0.19105784743028348,-0.2399232245681382,"{""type"":""Point"",""coordinates"":[77.24662546919772,28.61317397399893]}"
961,17.668430283490352,1742.5917322834646,43.274873660000026,28.55000000000001,0.03771375029280862,0.10400429991937651,-0.15360853692782925,"{""type"":""Point"",""coordinates"":[77.27833883185066,28.62838438362651]}"
962,17.658335737748587,1297.8919291338582,36.15513800000002,26.80000000000001,-0.14682139253279516,0.5681269403242497,-0.5621993127147766,"{""type"":""Point"",""coordinates"":[77.24128592222432,28.696714117808668]}"
963,17.681003824869833,1580.9480314960629,41.46332305999999,28.27000000000004,-0.07493884812096953,0.36979314253329554,-0.37799315849486886,"{""type"":""Point"",""coordinates"":[77.17552052440155,28.588206263132015]}"
964,17.66207034462377,1292.6438976377951,44.65575374000002,28.350000000000023,0.05491462851868943,0.42767514813523877,-0.5358080239970003,"{""type"":""Point"",""coordinates"":[77.27639115912206,28.513043846979496]}"
965,17.681003824869833,1346.6064960629922,42.61177778000001,28.33000000000004,-0.03655913978494624,0.2772441205697251,-0.3449598883850715,"{""type"":""Point"",""coordinates"":[77.17395924870713,28.641153533111638]}"
966,17.721085562357132,1527.6798228346456,41.31634819999999,29.410000000000025,-0.0928153625427657,0.45767702046224057,-0.4563906456831887,"{""type"":""Point"",""coordinates"":[77.14527973206722,28.698391569011463]}"
967,17.74130641392304,1641.5774606299212,42.488729060000026,28.07000000000005,0.06014373975539024,0.08154381892048752,-0.1343783290214579,"{""type"":""Point"",""coordinates"":[77.14084381975707,28.58192800135692]}"
968,17.668430283490352,1505.0011811023621,41.818797140000015,29.150000000000034,-0.04411406288081891,0.2697095435684647,-0.32590529247910865,"{""type"":""Point"",""coordinates"":[77.30968682557722,28.608021531484955]}"
969,17.681003824869833,1633.1291338582676,41.63080604000004,27.890000000000043,-0.04328718962865304,0.31705963938973647,-0.37583309185743263,"{""type"":""Point"",""coordinates"":[77.15103235506004,28.56229194004865]}"
970,17.658335737748587,1758.262992125984,43.48337288000005,28.850000000000023,0.008504459655673096,0.2960954446854664,-0.3464788732394366,"{""type"":""Point"",""coordinates"":[77.20100436857325,28.66807437853163]}"
971,17.721085562357132,1443.5833661417323,42.76558868000001,29.670000000000016,0.011126742550198234,0.2128627450980392,-0.30080753701211305,"{""type"":""Point"",""coordinates"":[77.1121060488672,28.652755306359502]}"
972,17.658335737748587,1628.1222440944882,42.32124608000004,29.060000000000002,0.008430913348946136,0.19570742728042925,-0.24127821753151568,"{""type"":""Point"",""coordinates"":[77.19740982716868,28.691191873184845]}"
973,17.74130641392304,1243.5307086614173,40.591727960000014,28.950000000000045,-0.11997885835095137,0.4993808597205024,-0.5111428062043145,"{""type"":""Point"",""coordinates"":[77.09601328072,28.61915246624952]}"
974,17.66207034462377,1237.3181102362205,45.489750619999995,28.350000000000023,0.11658456486042693,0.37244897959183676,-0.5130574527922861,"{""type"":""Point"",""coordinates"":[77.27883592431643,28.510948949172896]}"
975,17.721085562357132,1632.1857283464567,43.83542894000004,29.53000000000003,0.04816485794415315,0.1217128897830148,-0.17648831951770913,"{""type"":""Point"",""coordinates"":[77.11094373854338,28.705756332727578]}"
976,17.612781839522142,1786.012992125984,39.89616089000003,28.49000000000001,-0.05558829306619525,0.3472048132364001,-0.3783021287509618,"{""type"":""Point"",""coordinates"":[77.22808730363327,28.529909142627737]}"
977,17.74130641392304,1329.6035433070867,39.38516690000006,28.05000000000001,-0.20938023450586266,0.6685374711125784,-0.6500163238654914,"{""type"":""Point"",""coordinates"":[77.14918038217732,28.589116420007187]}"
978,17.668430283490352,1183.7994094488188,35.625344900000016,26.850000000000023,-0.4019721577726218,0.7045133991537377,-0.6075823079481211,"{""type"":""Point"",""coordinates"":[77.31113867399208,28.55600300115441]}"
979,17.544119905170646,1792.707874015748,44.21824718000005,29.850000000000023,0.03026166097838453,0.10643821391484942,-0.15909709001903727,"{""type"":""Point"",""coordinates"":[77.2958498472229,28.704125329960263]}"
980,17.721085562357132,1413.744783464567,42.05464052000002,29.79000000000002,-0.09728481917115532,0.5570113866791452,-0.5771843893190077,"{""type"":""Point"",""coordinates"":[77.10673723669379,28.656496740364435]}"
981,17.668430283490352,1308.9450787401574,44.14988678000003,26.720000000000027,0.03727714748784441,0.2783357245337159,-0.23922114047287898,"{""type"":""Point"",""coordinates"":[77.2595080391428,28.59341027388086]}"
982,17.74130641392304,1398.4278543307087,43.445774659999984,28.99000000000001,0.013901760889712697,0.20909090909090908,-0.2694733253792398,"{""type"":""Point"",""coordinates"":[77.10243816801737,28.60860275690682]}"
983,17.721085562357132,1485.8889763779528,42.345172219999995,29.53000000000003,0.02531645569620253,0.15122255100451643,-0.21960072595281308,"{""type"":""Point"",""coordinates"":[77.09288641062749,28.714303508163397]}"
984,17.668430283490352,1857.6202755905513,43.849101020000035,28.810000000000002,0.03402489626556016,0.14173614516920058,-0.20465717981888745,"{""type"":""Point"",""coordinates"":[77.25220121339767,28.578272122020948]}"
985,17.681003824869833,1367.4125984251968,40.09611505999999,28.140000000000043,-0.12982456140350876,0.5856861457649376,-0.5590703679793415,"{""type"":""Point"",""coordinates"":[77.19996180155637,28.591993795468714]}"
986,17.681003824869833,1385.977559055118,40.37981072000002,28.33000000000004,-0.11480566164906762,0.5807582032494425,-0.6006451612903225,"{""type"":""Point"",""coordinates"":[77.17252345906184,28.636206306242673]}"
987,17.66207034462377,1378.7807086614173,42.816858980000006,28.590000000000032,-0.041777348466553975,0.412573673870334,-0.4569402228976697,"{""type"":""Point"",""coordinates"":[77.29218326138007,28.50743137719072]}"
988,17.668430283490352,1698.142913385827,43.53122516000002,27.80000000000001,0.027342837111474644,0.12032301480484522,-0.19084406294706724,"{""type"":""Point"",""coordinates"":[77.32591436122033,28.574080649026666]}"
989,17.612781839522142,1220.600590551181,40.882259660000045,27.450000000000045,-0.01714573877962683,0.5097305389221557,-0.5211161387631976,"{""type"":""Point"",""coordinates"":[77.17121262877053,28.541990335382202]}"
990,17.658335737748587,1695.9460629921261,41.12152106000002,27.850000000000023,0.051323360184119676,0.15268456375838926,-0.18380241240666284,"{""type"":""Point"",""coordinates"":[77.2359874383139,28.673224294227794]}"
991,17.668430283490352,1420.203937007874,42.02387834000001,29.120000000000005,-0.16602140742427693,0.5614516620921013,-0.5768401601478288,"{""type"":""Point"",""coordinates"":[77.25746771497342,28.56271182338991]}"
992,17.668430283490352,1525.834842519685,44.62840958000004,29.260000000000048,0.04769076305220884,0.16594960049170251,-0.21214057507987222,"{""type"":""Point"",""coordinates"":[77.32787333049032,28.596946687807577]}"
993,17.724949137369833,1798.1798228346456,40.72844875999999,27.470000000000027,-0.06239753110232424,0.35631617828121154,-0.41049935979513447,"{""type"":""Point"",""coordinates"":[77.11466358910836,28.530636418766623]}"
994,17.681003824869833,1545.2049212598426,42.64253996000002,28.590000000000032,-0.04120603015075377,0.22712466686408053,-0.25957446808510637,"{""type"":""Point"",""coordinates"":[77.18561624508413,28.635845707131494]}"
995,17.668430283490352,1298.3978346456693,35.58432865999998,27.450000000000045,-0.18432948267202412,0.5878787878787879,-0.5431937172774869,"{""type"":""Point"",""coordinates"":[77.25622138285036,28.61802105548768]}"
996,17.668430283490352,1783.9194881889766,43.15182493999998,28.350000000000023,-0.046419098143236075,0.21105141980046047,-0.24219364996064024,"{""type"":""Point"",""coordinates"":[77.30032120796002,28.596356036375596]}"
997,17.681003824869833,1445.5149606299212,40.50627745999998,28.120000000000005,-0.10513867985379488,0.5421542154215422,-0.538001196888091,"{""type"":""Point"",""coordinates"":[77.16361355704831,28.586044351121842]}"
998,17.74130641392304,1381.8791338582678,40.26359804000003,27.810000000000002,-0.11631779257849667,0.49649234693877553,-0.5104602510460251,"{""type"":""Point"",""coordinates"":[77.13636713136543,28.60163225026423]}"
999,17.658335737748587,479.59074803149605,34.480308200000024,27.630000000000052,0.05045045045045045,0.0854788877445932,0.022263450834879406,"{""type"":""Point"",""coordinates"":[77.2345966689328,28.71539762164798]}"
