system:index,Air_Temp_Baseline,Albedo,LST_Day,LST_Night,NDBI,NDVI,NDWI,.geo
0,24.047364220252405,1767.0120078740156,40.52678558000002,29.310000000000002,0.06519337016574586,0.334384858044164,-0.40882597835137385,"{""type"":""Point"",""coordinates"":[78.56460849328863,17.361107264451938]}"
1,24.037715318467917,138.17342519685042,30.043718240000032,27.630000000000052,0.19708029197080293,-0.2028985507246377,0.3939393939393939,"{""type"":""Point"",""coordinates"":[78.5842475275594,17.283758171914286]}"
2,24.026762300379175,2021.0966535433067,44.65917176000005,30.250000000000057,0.08925925925925926,0.18591753074511697,-0.23227261338010524,"{""type"":""Point"",""coordinates"":[78.4684637830783,17.32087522766634]}"
3,24.037715318467917,1594.400787401575,42.37935242000003,27.52000000000004,0.027092113184828417,0.3863311409779811,-0.4562931811354761,"{""type"":""Point"",""coordinates"":[78.58367853720034,17.29779685401809]}"
4,23.677732252038084,1993.6114173228345,39.805583360000014,29.710000000000036,0.07627627627627627,0.09883305548940224,-0.15378844711177794,"{""type"":""Point"",""coordinates"":[78.47935342512692,17.474990159312586]}"
5,23.72446443962332,1890.6094488188976,40.51994954000003,29.77000000000004,0.052856907623909107,0.4056695992179863,-0.46959632089933573,"{""type"":""Point"",""coordinates"":[78.56153667124853,17.491266083244156]}"
6,23.902567221901677,463.46377952755904,28.98071402000005,28.350000000000023,-0.5201192250372578,0.03553299492385787,0.17940466613032985,"{""type"":""Point"",""coordinates"":[78.47785057161676,17.422288606176718]}"
7,23.654055255392336,1776.0818897637796,41.45306900000003,29.350000000000023,-0.001408167370750352,0.29231568016614745,-0.31449696329548454,"{""type"":""Point"",""coordinates"":[78.4013254418123,17.468643997286513]}"
8,23.898320994657638,1999.2866141732281,38.87588191999998,30.130000000000052,0.04515397695068959,0.18499413833528722,-0.2411591355599214,"{""type"":""Point"",""coordinates"":[78.3999939645858,17.440519696053226]}"
9,23.902567221901677,1348.5100393700786,36.63366080000003,29.010000000000048,-0.035222894881673086,0.3071577484364142,-0.3335696561503013,"{""type"":""Point"",""coordinates"":[78.46730724906075,17.414326112825343]}"
10,24.047364220252405,1853.7157480314959,39.22451996000001,29.83000000000004,0.06530356770290006,0.1552346570397112,-0.1988225849611988,"{""type"":""Point"",""coordinates"":[78.55953499866814,17.364286757807307]}"
11,23.902567221901677,1379.6360236220473,39.77140315999998,29.930000000000007,0.043523316062176166,0.26265389876880985,-0.2949842160645388,"{""type"":""Point"",""coordinates"":[78.52732780246957,17.428219530429452]}"
12,24.047364220252405,1165.438188976378,35.28354290000004,27.660000000000025,0.10032853171594643,0.46804123711340206,-0.5071972904318375,"{""type"":""Point"",""coordinates"":[78.59839033694016,17.38506236633201]}"
13,23.654055255392336,1581.0877952755902,40.87200560000002,29.620000000000005,0.11469624401310814,0.07334963325183375,-0.1421138211382114,"{""type"":""Point"",""coordinates"":[78.42336817845107,17.4764313018792]}"
14,23.901310947963168,1697.12125984252,44.72753216000001,27.190000000000055,0.15484223964982674,0.28508042151968943,-0.39326518340348765,"{""type"":""Point"",""coordinates"":[78.44294246431573,17.281452731475074]}"
15,24.037715318467917,1428.2393700787402,39.66886255999998,27.870000000000005,-0.06535811234078095,0.6130256085994309,-0.6145569620253165,"{""type"":""Point"",""coordinates"":[78.57145611810738,17.30589473970717]}"
16,23.677732252038084,1513.895866141732,39.55948592000004,30.010000000000048,0.07016060862214708,0.34474327628361856,-0.4322916666666667,"{""type"":""Point"",""coordinates"":[78.49949702294968,17.4623386330147]}"
17,23.654055255392336,1739.5799212598424,38.479391599999985,29.890000000000043,0.06000466962409526,0.11430943814004982,-0.15160183066361557,"{""type"":""Point"",""coordinates"":[78.39715395047315,17.49186336630851]}"
18,23.901310947963168,1331.3151574803148,43.85593706000003,27.55000000000001,0.18613949355841847,0.34705882352941175,-0.4124903623747109,"{""type"":""Point"",""coordinates"":[78.39198413981647,17.294334924846023]}"
19,23.901310947963168,2028.3220472440944,42.75875264000001,29.390000000000043,0.002652519893899204,0.2608987256874581,-0.3289349670122526,"{""type"":""Point"",""coordinates"":[78.43539139695424,17.325554188325388]}"
20,24.047364220252405,1583.0011811023624,40.58489192000002,29.060000000000002,0.10950711486904516,0.26331187829139846,-0.3677541970224897,"{""type"":""Point"",""coordinates"":[78.58469276586918,17.437025277730015]}"
21,23.654055255392336,1755.4509842519685,37.86072998000003,30.450000000000045,0.04351610095735422,0.16542948038176034,-0.22587841606246514,"{""type"":""Point"",""coordinates"":[78.42193567970301,17.451622553936417]}"
22,23.902567221901677,1398.7,39.183503719999976,29.390000000000043,0.08137749506470718,0.4182187605824585,-0.4546717610281348,"{""type"":""Point"",""coordinates"":[78.5345369961241,17.416650323664747]}"
23,23.902567221901677,1449.0523622047244,40.87200560000002,30.210000000000036,0.0585252482569195,0.40878912424913055,-0.48039867109634554,"{""type"":""Point"",""coordinates"":[78.529873064067,17.438340212784766]}"
24,23.654055255392336,1613.1173228346454,37.84705789999998,30.220000000000027,-0.0011576753878212549,0.24575050417747046,-0.28997613365155134,"{""type"":""Point"",""coordinates"":[78.39875365016601,17.485474377142268]}"
25,24.047364220252405,1815.2944881889764,39.05703698000002,30.370000000000005,0.0396808733991182,0.1710189452124936,-0.2322198275862069,"{""type"":""Point"",""coordinates"":[78.54970987794628,17.367585646977176]}"
26,23.898320994657638,2000.731496062992,44.881343060000006,29.200000000000045,0.10201772581557608,0.1131369798971482,-0.20955041910083821,"{""type"":""Point"",""coordinates"":[78.38466103951288,17.357262404213543]}"
27,24.026762300379175,1512.61437007874,43.43210257999999,27.710000000000036,0.15396825396825398,0.35322119961916854,-0.43859649122807015,"{""type"":""Point"",""coordinates"":[78.48358549699063,17.277521261753673]}"
28,23.677732252038084,1967.8279527559052,39.603920180000046,29.810000000000002,0.05867110864334629,0.1958617446508347,-0.2715,"{""type"":""Point"",""coordinates"":[78.52173046904294,17.45093423029357]}"
29,23.902567221901677,1407.158661417323,40.34904854000001,30.230000000000018,0.0724018167245525,0.17535545023696683,-0.233392539964476,"{""type"":""Point"",""coordinates"":[78.50808619743631,17.4406056508252]}"
30,24.037715318467917,1284.2157480314959,40.67034242,28.670000000000016,0.16670376140663254,0.39285714285714285,-0.481598733676296,"{""type"":""Point"",""coordinates"":[78.58710979923026,17.34178763758271]}"
31,23.902567221901677,1481.9027559055119,39.935468119999996,30.07000000000005,-0.010536633178142612,0.2931953590467231,-0.33852645245050306,"{""type"":""Point"",""coordinates"":[78.50008084030783,17.4314168668146]}"
32,24.037715318467917,1908.6183070866143,41.07366878000005,29.660000000000025,0.07701761573125768,0.1324453380246293,-0.18143681174619822,"{""type"":""Point"",""coordinates"":[78.55063309827457,17.32840676530626]}"
33,23.898320994657638,1583.9509842519683,39.932050100000026,30.410000000000025,0.07429352780309936,0.2403053435114504,-0.2821969696969697,"{""type"":""Point"",""coordinates"":[78.42083830926492,17.39519361679664]}"
34,24.047364220252405,1875.592716535433,38.51698982000005,30.650000000000034,0.04523227383863081,0.17120719820044988,-0.22959853056940435,"{""type"":""Point"",""coordinates"":[78.55315646078164,17.365842418757865]}"
35,24.026762300379175,1687.62125984252,42.24946766000005,30.350000000000023,0.004277856997351803,0.34285714285714286,-0.37535171637591447,"{""type"":""Point"",""coordinates"":[78.501291397882,17.347751578316046]}"
36,23.898320994657638,1468.9716535433072,41.29925810000003,29.730000000000018,0.11631907116749086,0.30808402291534054,-0.42857142857142855,"{""type"":""Point"",""coordinates"":[78.38213736221383,17.425834998379454]}"
37,24.026762300379175,1118.0257874015747,42.38618846000003,29.400000000000034,0.17566858940744626,0.36874183717892905,-0.4515235457063712,"{""type"":""Point"",""coordinates"":[78.50421829268535,17.325459286975395]}"
38,23.902567221901677,1600.4391732283464,37.22497826000006,30.730000000000018,-0.24831932773109244,0.6266082671776622,-0.5711263881544156,"{""type"":""Point"",""coordinates"":[78.46088667627232,17.368033672519676]}"
39,24.026762300379175,1841.95,40.61565410000003,29.960000000000036,0.06553552492046659,0.14352452634310928,-0.18313641245972073,"{""type"":""Point"",""coordinates"":[78.5388356892396,17.344569895332413]}"
40,24.026762300379175,1956.676377952756,43.69529011999998,29.390000000000043,0.10603974031084006,0.12003943800838057,-0.1768971768971769,"{""type"":""Point"",""coordinates"":[78.48678727783579,17.313156393174904]}"
41,23.677732252038084,1489.0326771653545,40.472097260000055,29.78000000000003,0.06042627993847506,0.3531645569620253,-0.4056541748849441,"{""type"":""Point"",""coordinates"":[78.49011604299174,17.482894993327108]}"
42,23.901310947963168,1924.473622047244,41.68891238000003,28.630000000000052,0.08032366291691335,0.1444007858546169,-0.21196358907672302,"{""type"":""Point"",""coordinates"":[78.4035070371096,17.33306477025798]}"
43,23.901310947963168,1663.5572834645668,43.49362694000001,27.55000000000001,0.19549718574108818,0.2157641054720726,-0.3604060913705584,"{""type"":""Point"",""coordinates"":[78.38693582149486,17.29461650306044]}"
44,23.677732252038084,1845.047440944882,38.18885990000001,30.170000000000016,0.03140495867768595,0.18773752216873574,-0.22851153039832284,"{""type"":""Point"",""coordinates"":[78.53836104703853,17.479531179753835]}"
45,23.901310947963168,1455.7629921259843,43.41501248000003,28.150000000000034,0.14391788600131034,0.3088480801335559,-0.3773717498243148,"{""type"":""Point"",""coordinates"":[78.3879806624075,17.31293948486815]}"
46,23.898320994657638,1946.5700787401572,41.04632462000001,30.370000000000005,0.09000199560965876,0.10331478345027825,-0.17647058823529413,"{""type"":""Point"",""coordinates"":[78.42873233378003,17.43863356237451]}"
47,23.677732252038084,1782.4490157480318,39.487707500000056,30.33000000000004,0.0752405949256343,0.12897196261682242,-0.18931082981715894,"{""type"":""Point"",""coordinates"":[78.53554557227554,17.450765693664952]}"
48,24.047364220252405,1606.8722440944882,42.03755042,29.090000000000032,0.10607394366197183,0.18460192475940507,-0.27937007874015746,"{""type"":""Point"",""coordinates"":[78.58892333201729,17.448142893771205]}"
49,23.901310947963168,1583.1379921259843,40.57805588000002,28.82000000000005,-0.0064794816414686825,0.3530778164924506,-0.40615570307785154,"{""type"":""Point"",""coordinates"":[78.41544809763764,17.325495935662566]}"
50,24.026762300379175,1695.7068897637796,44.48485274000001,27.980000000000018,0.13987550347857927,0.2683585313174946,-0.4197642792384406,"{""type"":""Point"",""coordinates"":[78.49235983917397,17.28365908772809]}"
51,23.898320994657638,1933.9490157480316,41.111267,29.82000000000005,0.0992156862745098,0.14735264735264736,-0.20514165792235048,"{""type"":""Point"",""coordinates"":[78.40752481542341,17.388267571826997]}"
52,24.037715318467917,1517.2216535433072,44.59081136000003,28.000000000000057,0.14628114894426478,0.40999057492931196,-0.4945054945054945,"{""type"":""Point"",""coordinates"":[78.55678845755372,17.302621643814494]}"
53,23.901310947963168,2579.53562992126,43.50046298000001,27.460000000000036,0.1349048565748367,0.11656891495601172,-0.21402949382223993,"{""type"":""Point"",""coordinates"":[78.40977753016458,17.29394017122406]}"
54,23.898320994657638,1377.9627952755907,38.46571951999999,29.940000000000055,0.061224489795918366,0.2181184668989547,-0.2499106185198427,"{""type"":""Point"",""coordinates"":[78.42453300155309,17.414635764346]}"
55,23.902567221901677,1325.961811023622,39.06045500000005,30.230000000000018,0.013858497447118891,0.4088225078152136,-0.4595178121626484,"{""type"":""Point"",""coordinates"":[78.50647271036956,17.435970774029016]}"
56,23.902567221901677,1850.9391732283464,43.14157088000002,30.49000000000001,0.0975816716164616,0.10838978634705576,-0.15849673202614378,"{""type"":""Point"",""coordinates"":[78.49726466373937,17.35014356112245]}"
57,23.898320994657638,1601.610433070866,36.428579600000035,30.33000000000004,-0.1144909167722856,0.4811903425042111,-0.4758041958041958,"{""type"":""Point"",""coordinates"":[78.41289207987019,17.4418802532032]}"
58,23.677732252038084,1415.0956692913385,38.56484210000002,28.99000000000001,0.09126498654269635,0.23511805786498172,-0.31422505307855625,"{""type"":""Point"",""coordinates"":[78.47379572980257,17.48964008537647]}"
59,23.902567221901677,1534.8023622047242,41.57611772000001,30.810000000000002,0.10233844606487302,0.13948292371528886,-0.1836870026525199,"{""type"":""Point"",""coordinates"":[78.50402998722838,17.37300015016739]}"
60,23.901310947963168,1694.3417322834646,44.22166520000002,27.470000000000027,0.1499366974136372,0.3135830072666294,-0.42857142857142855,"{""type"":""Point"",""coordinates"":[78.39575140638175,17.29608802351308]}"
61,23.902567221901677,1397.7925196850395,36.81139784000004,29.930000000000007,-0.16406795438678148,0.5769230769230769,-0.5582554517133956,"{""type"":""Point"",""coordinates"":[78.53025168967497,17.428854488616235]}"
62,23.902567221901677,1166.8712598425195,36.606316640000045,29.670000000000016,0.03373913043478261,0.10107015457788347,-0.11476725521669343,"{""type"":""Point"",""coordinates"":[78.54636898501688,17.40394667553249]}"
63,23.654055255392336,2080.4509842519683,38.58193219999998,29.720000000000027,0.03940321346595256,0.14526795895096922,-0.1861124232404346,"{""type"":""Point"",""coordinates"":[78.38358426080228,17.489716861243505]}"
64,23.654055255392336,1676.0218503937008,40.37981072000002,30.450000000000045,0.07127794179671025,0.25434349188265454,-0.307989307989308,"{""type"":""Point"",""coordinates"":[78.43367243395045,17.45245446747714]}"
65,24.047364220252405,1137.9706692913387,37.84705789999998,28.370000000000005,0.12094698919197118,0.4263048016701461,-0.5095006628369421,"{""type"":""Point"",""coordinates"":[78.57568129207692,17.35940351116528]}"
66,23.654055255392336,1392.207874015748,37.78211552000005,29.930000000000007,0.036123729180186026,0.5099966113181972,-0.5333792154163799,"{""type"":""Point"",""coordinates"":[78.43125890303644,17.47438976247182]}"
67,23.898320994657638,1991.813188976378,44.522450960000015,29.53000000000003,0.09355577363428197,0.26529680365296804,-0.39316239316239315,"{""type"":""Point"",""coordinates"":[78.37944325996466,17.387051113619098]}"
68,23.677732252038084,1984.5129921259843,33.44464814000003,29.99000000000001,-0.3473885960709152,0.7876668785759695,-0.7156802928615009,"{""type"":""Point"",""coordinates"":[78.53430398302446,17.474343513554473]}"
69,23.677732252038084,1984.34468503937,39.262118180000016,29.510000000000048,0.05548854041013269,0.130958112662494,-0.1701120797011208,"{""type"":""Point"",""coordinates"":[78.5073711808799,17.471679142558784]}"
70,23.677732252038084,1052.4234251968505,38.41444922000005,29.340000000000032,0.1704900938477581,0.47110494683310217,-0.5854509217737918,"{""type"":""Point"",""coordinates"":[78.48912165050709,17.489446479331686]}"
71,24.026762300379175,2112.905708661417,43.739724379999984,28.99000000000001,0.11491603556140928,0.18518518518518517,-0.28489483747609945,"{""type"":""Point"",""coordinates"":[78.5025005793255,17.314879599047316]}"
72,24.026762300379175,1144.8240157480316,38.97500450000001,29.400000000000034,0.10095533178414666,0.45690376569037655,-0.5021570319240725,"{""type"":""Point"",""coordinates"":[78.50705786193333,17.328112168732474]}"
73,23.901310947963168,2152.811220472441,44.74462226000003,28.750000000000057,0.13368606701940036,0.14338919925512103,-0.2149394014345783,"{""type"":""Point"",""coordinates"":[78.43433944606149,17.314258547279486]}"
74,23.901310947963168,2122.6507874015747,44.94628544,28.370000000000005,0.08498914676907664,0.21913236929922136,-0.2818713450292398,"{""type"":""Point"",""coordinates"":[78.39356212674181,17.338335057885786]}"
75,23.72446443962332,1428.6714566929136,39.21768392000001,28.54000000000002,0.08009153318077804,0.3576494427558257,-0.40461215932914046,"{""type"":""Point"",""coordinates"":[78.59194210358736,17.47020855594985]}"
76,23.902567221901677,1758.5868110236217,40.916439860000025,30.07000000000005,0.03308663474096648,0.1963371936439537,-0.22910902047592696,"{""type"":""Point"",""coordinates"":[78.51571743821843,17.377479090365117]}"
77,24.037715318467917,161.08877952755904,30.194111120000002,27.630000000000052,0.20958083832335328,-0.17757009345794392,0.35766423357664234,"{""type"":""Point"",""coordinates"":[78.5850623127676,17.28426166832948]}"
78,23.902567221901677,2247.504133858268,43.049284339999986,30.83000000000004,0.08856323669958585,0.16942571019824237,-0.2766622043730477,"{""type"":""Point"",""coordinates"":[78.48224521704553,17.365583556365348]}"
79,23.902567221901677,1403.7295275590552,39.56632195999998,30.170000000000016,0.06248569466697185,0.3251374959560013,-0.4182825484764543,"{""type"":""Point"",""coordinates"":[78.49574037156736,17.444170139313947]}"
80,24.026762300379175,1331.1842519685038,43.41501248000003,27.670000000000016,0.16048814183743956,0.3030736240171551,-0.41099071207430343,"{""type"":""Point"",""coordinates"":[78.51261147490544,17.287512544159203]}"
81,23.898320994657638,1894.9057086614173,41.12493907999999,29.99000000000001,0.016253555465258026,0.19231716326028073,-0.23773006134969324,"{""type"":""Point"",""coordinates"":[78.39268577491988,17.44328501904111]}"
82,23.898320994657638,1880.8446850393698,41.57611772000001,30.230000000000018,0.06545903664059284,0.13642052565707133,-0.20233050847457626,"{""type"":""Point"",""coordinates"":[78.44183958520055,17.37090057273814]}"
83,23.898320994657638,1987.479527559055,40.80706322000003,29.99000000000001,0.04456070719826809,0.29581600195742597,-0.33501386438114444,"{""type"":""Point"",""coordinates"":[78.3957167176243,17.44415981683296]}"
84,23.901310947963168,1515.571062992126,40.82415332000005,28.28000000000003,0.08065156932856575,0.43637492240844195,-0.5016223231667748,"{""type"":""Point"",""coordinates"":[78.39324605886047,17.328786246053298]}"
85,23.898320994657638,317.5631889763779,30.597437480000053,29.730000000000018,-0.18566775244299674,0.10975609756097561,0.2571428571428571,"{""type"":""Point"",""coordinates"":[78.38884486513498,17.426885212400066]}"
86,23.654055255392336,1301.6468503937008,37.481329759999994,29.250000000000057,0.04043126684636118,0.4276339773970106,-0.44501845018450187,"{""type"":""Point"",""coordinates"":[78.39455022703493,17.470423864907417]}"
87,23.677732252038084,1431.3614173228345,40.84466143999998,30.170000000000016,0.0374486590964001,0.30751558910403676,-0.3601911915329464,"{""type"":""Point"",""coordinates"":[78.46340224949302,17.4619485764744]}"
88,24.037715318467917,2039.5464566929134,43.23043940000002,27.83000000000004,0.10628768303186908,0.2087604846225536,-0.2937655860349127,"{""type"":""Point"",""coordinates"":[78.5907853957172,17.279121795401363]}"
89,24.026762300379175,2149.194094488189,42.81344095999998,28.130000000000052,0.06299911268855368,0.15687992988606486,-0.21658986175115208,"{""type"":""Point"",""coordinates"":[78.52190495625241,17.295021059144766]}"
90,23.902567221901677,2386.780708661417,40.766046980000056,30.340000000000032,0.06269639383510399,0.1708411214953271,-0.3025577043044292,"{""type"":""Point"",""coordinates"":[78.47751442902603,17.397791820292337]}"
91,23.72446443962332,1905.4293307086616,40.02091862000003,28.690000000000055,0.09377401998462721,0.16703786191536749,-0.24236037934668073,"{""type"":""Point"",""coordinates"":[78.59616531239037,17.483073212958182]}"
92,24.037715318467917,209.12716535433066,30.14625884000003,27.470000000000027,-0.10679611650485436,-0.16585365853658537,0.3925399644760213,"{""type"":""Point"",""coordinates"":[78.57623860800635,17.28848738151285]}"
93,23.902567221901677,1964.0887795275592,42.020460319999984,30.890000000000043,0.09659090909090909,0.09763313609467456,-0.1542649727767695,"{""type"":""Point"",""coordinates"":[78.48626834941378,17.36964664494687]}"
94,23.901310947963168,1458.4687007874015,41.98628012000006,28.05000000000001,0.12712585034013604,0.33571893298633704,-0.4227304227304227,"{""type"":""Point"",""coordinates"":[78.39682432694569,17.30467098772912]}"
95,23.898320994657638,1989.1399606299212,41.77436288000001,30.130000000000052,0.09640397857689365,0.12529776083849453,-0.2054095432508293,"{""type"":""Point"",""coordinates"":[78.43760968318813,17.360640890086426]}"
96,23.677732252038084,1498.1389763779525,39.53555978000003,30.170000000000016,0.028241049588614633,0.34544334975369456,-0.39705882352941174,"{""type"":""Point"",""coordinates"":[78.46022800836975,17.462689999946964]}"
97,23.898320994657638,1925.6409448818897,43.72605229999999,29.200000000000045,0.14102780117944397,0.2501226091221187,-0.3468956406869221,"{""type"":""Point"",""coordinates"":[78.3844854892494,17.354647469586098]}"
98,24.037715318467917,2017.8200787401574,39.83292752,29.810000000000002,0.06925642534824407,0.11022700678680085,-0.16789758739537175,"{""type"":""Point"",""coordinates"":[78.55612218001846,17.340357428408055]}"
99,23.898320994657638,1759.8820866141734,39.96281227999998,29.950000000000045,-0.009565563969709047,0.31824095758521986,-0.377379010331702,"{""type"":""Point"",""coordinates"":[78.41556115551693,17.350707551820033]}"
100,23.901310947963168,1320.8584645669291,40.10636912000001,28.250000000000057,0.07,0.395,-0.4397346111315886,"{""type"":""Point"",""coordinates"":[78.4054911685016,17.307760074919706]}"
101,23.902567221901677,1826.1970472440944,41.89057556,30.110000000000014,0.11391941391941392,0.39022988505747125,-0.40967365967365965,"{""type"":""Point"",""coordinates"":[78.51199164588671,17.44157241402365]}"
102,23.901310947963168,2414.532677165354,44.44383650000003,27.850000000000023,0.12126537785588752,0.12061939690301549,-0.1754648429151528,"{""type"":""Point"",""coordinates"":[78.43562328872117,17.29670377236237]}"
103,23.677732252038084,1944.1261811023621,37.55310817999998,29.310000000000002,0.03779527559055118,0.18554450642735873,-0.2275238573581115,"{""type"":""Point"",""coordinates"":[78.50327731908237,17.490905866139464]}"
104,23.654055255392336,2131.1133858267717,41.76069080000002,29.870000000000005,0.06465743823374803,0.21983546617915906,-0.2589622641509434,"{""type"":""Point"",""coordinates"":[78.41999883178421,17.477249021584175]}"
105,23.677732252038084,1934.946062992126,36.907102399999985,30.110000000000014,0.004943642475776152,0.199523241954708,-0.24925521350546176,"{""type"":""Point"",""coordinates"":[78.53704158412809,17.488352712415256]}"
106,23.898320994657638,1703.8427165354328,42.485311040000056,30.230000000000018,0.10671015843429636,0.12897526501766785,-0.16712328767123288,"{""type"":""Point"",""coordinates"":[78.42342419055942,17.39009489811089]}"
107,23.898320994657638,1479.9086614173227,41.18646344000001,29.170000000000016,-0.021980237951199837,0.5512702785430058,-0.5719602977667494,"{""type"":""Point"",""coordinates"":[78.37504896330745,17.36195051976714]}"
108,24.026762300379175,2157.9864173228348,41.67865832000001,28.210000000000036,0.08946459412780657,0.14683489232107896,-0.23292797006548177,"{""type"":""Point"",""coordinates"":[78.45059703587683,17.296550831888396]}"
109,23.72446443962332,1179.5562992125983,38.78359538000001,28.560000000000002,0.182194113354415,0.387536112257532,-0.4791025076990761,"{""type"":""Point"",""coordinates"":[78.58532394901994,17.474538966707946]}"
110,23.898320994657638,1337.9293307086616,40.34904854000001,30.03000000000003,-0.12383292383292384,0.555253315198912,-0.5120661157024793,"{""type"":""Point"",""coordinates"":[78.41092289982426,17.37318440822498]}"
111,23.902567221901677,1536.4411417322833,40.94378402000001,30.910000000000025,0.07747747747747748,0.2400847714199213,-0.3149277688603531,"{""type"":""Point"",""coordinates"":[78.5118657025547,17.36941275598877]}"
112,24.026762300379175,1061.9332677165353,34.610192960000006,28.83000000000004,-0.12746858168761221,0.6102564102564103,-0.5360782715042804,"{""type"":""Point"",""coordinates"":[78.45491653563607,17.301629119361554]}"
113,24.037715318467917,1395.7748031496064,43.832010920000016,27.590000000000032,0.16705781950074675,0.338361330133699,-0.463817022872141,"{""type"":""Point"",""coordinates"":[78.59271175787805,17.34383140750786]}"
114,24.047364220252405,1768.715748031496,43.456028720000006,29.83000000000004,0.04767905902121403,0.21457272970800964,-0.2633045416550571,"{""type"":""Point"",""coordinates"":[78.56546542928746,17.379450196832636]}"
115,24.026762300379175,1962.9568897637794,44.38573015999998,27.760000000000048,0.16953473550031867,0.25318586198605436,-0.3744725738396624,"{""type"":""Point"",""coordinates"":[78.53093895443716,17.28715951141531]}"
116,23.902567221901677,457.21181102362203,29.086672640000018,28.390000000000043,-0.48148148148148145,-0.012833168805528134,0.14821124361158433,"{""type"":""Point"",""coordinates"":[78.47199486163751,17.422574982366076]}"
117,23.677732252038084,1222.6566929133858,38.70839894000005,28.99000000000001,0.18585331117968193,0.38028169014084506,-0.4595744680851064,"{""type"":""Point"",""coordinates"":[78.47752160961006,17.489108804114032]}"
118,23.902567221901677,1510.2305118110237,42.27339380000001,30.510000000000048,0.07979002624671916,0.09974905897114178,-0.15595120342894825,"{""type"":""Point"",""coordinates"":[78.50967337226017,17.391347968949567]}"
119,23.898320994657638,1907.830905511811,44.437000460000036,30.110000000000014,0.0980325644504749,0.28889966068831796,-0.395434269220677,"{""type"":""Point"",""coordinates"":[78.39407675711531,17.39227314710813]}"
120,23.902567221901677,1755.5503937007875,40.66692440000003,30.170000000000016,0.13759967286853403,0.2962507682851875,-0.30185185185185187,"{""type"":""Point"",""coordinates"":[78.51718770370334,17.437950683893817]}"
121,24.047364220252405,1656.1468503937008,41.76069080000002,29.090000000000032,0.14566408464009067,0.28174603174603174,-0.40696950840074675,"{""type"":""Point"",""coordinates"":[78.59023696295344,17.447095882192095]}"
122,24.026762300379175,2069.071062992126,41.244569780000006,29.620000000000005,0.08621316842488178,0.17438055165965405,-0.22926351847320772,"{""type"":""Point"",""coordinates"":[78.53388862996195,17.32930712260063]}"
123,23.902567221901677,1500.5287401574806,37.806041660000005,29.55000000000001,-0.030235162374020158,0.42106889094840905,-0.425914445133292,"{""type"":""Point"",""coordinates"":[78.53749634805095,17.407558220585962]}"
124,23.902567221901677,2189.49625984252,40.90960382000003,29.810000000000002,0.10753012048192771,0.22286421791167974,-0.36795937211449675,"{""type"":""Point"",""coordinates"":[78.54920240305304,17.448973689191373]}"
125,23.898320994657638,1906.1330708661415,38.81777557999999,29.99000000000001,0.057800115986854826,0.2194145609206905,-0.27960094512995537,"{""type"":""Point"",""coordinates"":[78.39635519093113,17.443796237949627]}"
126,23.898320994657638,2014.655708661417,41.27191393999999,29.750000000000057,0.04562043795620438,0.20534685411385112,-0.2712688381137579,"{""type"":""Point"",""coordinates"":[78.40584640550577,17.359352928605414]}"
127,24.047364220252405,1783.424409448819,39.53214176000006,29.630000000000052,0.07335231005036129,0.11222076215505913,-0.179816002230276,"{""type"":""Point"",""coordinates"":[78.56629479013463,17.402740782370223]}"
128,24.026762300379175,2216.7777559055116,44.25242738000003,29.57000000000005,0.09084988603060892,0.17533150915596715,-0.26822620940268,"{""type"":""Point"",""coordinates"":[78.49048774692501,17.321326331310097]}"
129,23.898320994657638,1719.3958661417323,37.888074140000015,30.610000000000014,0.01210762331838565,0.21410856985395427,-0.25455580865603644,"{""type"":""Point"",""coordinates"":[78.44629926831303,17.445523750141096]}"
130,24.047364220252405,2139.597637795276,37.99745078000001,28.630000000000052,0.02090893381717643,0.22428694900605012,-0.27698895650214106,"{""type"":""Point"",""coordinates"":[78.59623505074809,17.396335253811003]}"
131,23.901310947963168,1521.5897637795276,40.10636912000001,27.930000000000007,-0.012329074198610178,0.37935247403787414,-0.41213258286429016,"{""type"":""Point"",""coordinates"":[78.39387192846804,17.320601660357063]}"
132,23.654055255392336,1283.4539370078742,41.001890360000004,29.680000000000007,0.10463202445332706,0.42889305816135087,-0.48517940717628705,"{""type"":""Point"",""coordinates"":[78.40423528974326,17.475517551445954]}"
133,23.902567221901677,1532.1557086614173,40.66350638000006,30.700000000000045,0.10854616895874264,0.14982578397212543,-0.199207135777998,"{""type"":""Point"",""coordinates"":[78.4925175117944,17.398559815167207]}"
134,23.902567221901677,1899.7068897637796,42.310992020000015,30.230000000000018,0.05616161616161616,0.15844284651624102,-0.22431865828092243,"{""type"":""Point"",""coordinates"":[78.46100594151608,17.350468859737905]}"
135,23.902567221901677,1663.8938976377954,38.38368704000004,29.58000000000004,0.02784014369106421,0.22836879432624113,-0.2690504103165299,"{""type"":""Point"",""coordinates"":[78.45775261740008,17.409877400980857]}"
136,24.026762300379175,1641.299409448819,41.92817378000001,27.360000000000014,-0.0174110522331567,0.48549323017408125,-0.5203619909502263,"{""type"":""Point"",""coordinates"":[78.49860544152223,17.282053097128024]}"
137,23.901310947963168,2173.6970472440944,42.574179560000005,27.870000000000005,0.09556878306878307,0.17432374409617862,-0.2700255398188995,"{""type"":""Point"",""coordinates"":[78.44545906334521,17.290495420240315]}"
138,23.72446443962332,1392.2708661417325,41.326602260000016,28.450000000000045,0.0884095757288457,0.30905377808032675,-0.3652822151224707,"{""type"":""Point"",""coordinates"":[78.59594432677432,17.45864627417506]}"
139,23.902567221901677,1300.6803149606299,37.34119094000005,29.57000000000005,-0.07523286362550752,0.5941926345609065,-0.5713787085514834,"{""type"":""Point"",""coordinates"":[78.5422976466172,17.408899096717803]}"
140,24.037715318467917,1654.61437007874,40.478933299999994,27.370000000000005,-0.024562709341272793,0.5273231622746186,-0.5239413230002767,"{""type"":""Point"",""coordinates"":[78.56196967184513,17.29267841088159]}"
141,23.72446443962332,1735.3220472440944,39.14932352000005,29.99000000000001,0.074114800967671,0.13599568267674042,-0.215007215007215,"{""type"":""Point"",""coordinates"":[78.56213974509866,17.464282813187076]}"
142,23.901310947963168,1751.0523622047242,40.94720203999998,26.980000000000018,0.09319062557667467,0.318486718540381,-0.3795620437956204,"{""type"":""Point"",""coordinates"":[78.3783859518005,17.286294761057043]}"
143,23.898320994657638,1639.8653543307087,37.92567236000002,30.660000000000025,-0.040668278742580784,0.3279102384291725,-0.37018813314037624,"{""type"":""Point"",""coordinates"":[78.44953984331293,17.400689178328918]}"
144,24.026762300379175,2134.6921259842516,42.85103918000004,28.57000000000005,0.10342453966615041,0.14757709251101322,-0.2305148795465281,"{""type"":""Point"",""coordinates"":[78.5431018597288,17.3143742995474]}"
145,23.898320994657638,1511.7383858267715,41.145447200000035,30.08000000000004,0.12232415902140673,0.09194673430564362,-0.16824966078697423,"{""type"":""Point"",""coordinates"":[78.42778819122326,17.361506289253157]}"
146,23.677732252038084,1209.596653543307,39.13906946000003,29.230000000000018,0.14471153846153847,0.44106925880923453,-0.5006326444538169,"{""type"":""Point"",""coordinates"":[78.47717415694179,17.486905618189585]}"
147,23.902567221901677,1682.7797244094486,41.083922840000014,30.810000000000002,0.04021937842778794,0.19897230944904368,-0.22950819672131148,"{""type"":""Point"",""coordinates"":[78.48863076891018,17.38555377424609]}"
148,23.902567221901677,1864.6793307086612,39.25528214000002,29.57000000000005,0.04085035431429762,0.1568627450980392,-0.2113714135298763,"{""type"":""Point"",""coordinates"":[78.54567451362333,17.4114844069602]}"
149,23.898320994657638,1846.692125984252,40.28068814000005,29.980000000000018,0.043193449334698056,0.190828025477707,-0.2460677152759264,"{""type"":""Point"",""coordinates"":[78.37720495820635,17.403000029854937]}"
150,23.898320994657638,1816.9578740157478,39.28604432000003,30.03000000000003,-0.017209961530674226,0.2738336713995943,-0.3039190241370361,"{""type"":""Point"",""coordinates"":[78.41299951075487,17.36766575614328]}"
151,24.047364220252405,1831.9490157480311,40.67034242,29.690000000000055,0.0609597924773022,0.11958762886597939,-0.17025862068965517,"{""type"":""Point"",""coordinates"":[78.57668395382875,17.44471936800851]}"
152,24.026762300379175,1532.3870078740156,41.43597890000001,28.99000000000001,0.0023250898330162756,0.4234016887816647,-0.4469650521152667,"{""type"":""Point"",""coordinates"":[78.50547953625652,17.315129111004225]}"
153,23.902567221901677,1936.9568897637796,42.64253996000002,30.77000000000004,0.1076545231273025,0.08134920634920635,-0.14736842105263157,"{""type"":""Point"",""coordinates"":[78.46727789303466,17.360848782022817]}"
154,23.902567221901677,1755.2570866141734,37.915418300000056,29.450000000000045,0.02541436464088398,0.18357487922705315,-0.23425692695214106,"{""type"":""Point"",""coordinates"":[78.54489228836614,17.417606809692153]}"
155,24.026762300379175,1935.0405511811025,43.79099468000004,30.010000000000048,0.10118074477747502,0.20243013365735116,-0.2895491269220745,"{""type"":""Point"",""coordinates"":[78.46265120522105,17.33982244272509]}"
156,23.654055255392336,1883.7541338582678,38.37001496000005,30.210000000000036,0.047660690861390465,0.08764044943820225,-0.13674321503131523,"{""type"":""Point"",""coordinates"":[78.41387094998431,17.49061896776689]}"
157,24.047364220252405,1483.3879921259845,41.36761850000005,29.690000000000055,0.025,0.24897959183673468,-0.29787928221859705,"{""type"":""Point"",""coordinates"":[78.57550473806424,17.446218640686205]}"
158,23.898320994657638,1778.4431102362203,38.54091596000001,30.670000000000016,-0.020451640391989774,0.2506527415143603,-0.2834941050375134,"{""type"":""Point"",""coordinates"":[78.437737264466,17.44073528947129]}"
159,24.047364220252405,1330.6143700787402,38.01795890000005,27.650000000000034,0.10770005032712632,0.28992360858494,-0.331580923770184,"{""type"":""Point"",""coordinates"":[78.58571610306362,17.360168079802364]}"
160,24.047364220252405,1258.5976377952757,36.33971108000003,27.78000000000003,0.01487603305785124,0.5549757733879985,-0.557297499066816,"{""type"":""Point"",""coordinates"":[78.58912359699508,17.36885880283669]}"
161,23.677732252038084,1677.615354330709,39.897869900000046,30.010000000000048,0.008117204513957633,0.342084114653094,-0.41765704584040747,"{""type"":""Point"",""coordinates"":[78.48911176621534,17.449936257053217]}"
162,23.654055255392336,1927.3033464566931,39.53555978000003,30.210000000000036,0.09921455146754857,0.08380999751305646,-0.13756199425737406,"{""type"":""Point"",""coordinates"":[78.41246110383152,17.48785701899037]}"
163,23.898320994657638,1089.3840551181102,43.46286476,29.57000000000005,0.1868766404199475,0.42110091743119266,-0.5075425790754258,"{""type"":""Point"",""coordinates"":[78.38823412969997,17.358514550318617]}"
164,23.654055255392336,1715.3594488188976,40.01066456000001,29.390000000000043,0.0517477055262644,0.33150534686043326,-0.38426453819840367,"{""type"":""Point"",""coordinates"":[78.38629866576501,17.4706443528413]}"
165,23.901310947963168,1842.0503937007875,42.639121939999995,29.390000000000043,0.03682833568122359,0.18318912237330037,-0.2466788226100547,"{""type"":""Point"",""coordinates"":[78.44389825611589,17.331344032541534]}"
166,23.898320994657638,2075.799409448819,40.84466143999998,30.57000000000005,0.0779169929522318,0.0758337140246688,-0.14487117160913954,"{""type"":""Point"",""coordinates"":[78.41681485364909,17.404607033832985]}"
167,24.037715318467917,2000.1753937007873,37.00280696000004,28.83000000000004,-0.18060527172144483,0.599294688119903,-0.5777342900630572,"{""type"":""Point"",""coordinates"":[78.58054689474038,17.32657596378543]}"
168,23.902567221901677,1695.6773622047244,41.80170704,30.890000000000043,0.0948634891254049,0.0957983193277311,-0.162555720653789,"{""type"":""Point"",""coordinates"":[78.49194872216233,17.362871868138544]}"
169,23.677732252038084,2040.2994094488188,39.41934709999998,29.810000000000002,0.10125260960334029,0.1740909090909091,-0.27492596248766044,"{""type"":""Point"",""coordinates"":[78.52116507206445,17.4552293408034]}"
170,24.026762300379175,1915.68031496063,40.967710160000024,27.870000000000005,0.05170871354446234,0.2625059552167699,-0.3503184713375796,"{""type"":""Point"",""coordinates"":[78.45316684723714,17.2885515357756]}"
171,24.026762300379175,1947.9362204724407,43.445774659999984,29.07000000000005,0.06709750997909143,0.19184069936862555,-0.254601226993865,"{""type"":""Point"",""coordinates"":[78.50793408072377,17.309929976626563]}"
172,23.677732252038084,1646.2482283464567,39.79532930000005,30.220000000000027,0.09504862953138815,0.1771132834962622,-0.23424781429002112,"{""type"":""Point"",""coordinates"":[78.48467227385325,17.47452880273667]}"
173,24.047364220252405,1747.1891732283466,41.36761850000005,28.560000000000002,0.09799470298902763,0.2796564680622652,-0.36775674125071717,"{""type"":""Point"",""coordinates"":[78.59595457707832,17.44249223257385]}"
174,23.898320994657638,1213.3062992125983,40.56780182,29.400000000000034,-7.427581084426838E-4,0.5522273425499232,-0.5510360706062931,"{""type"":""Point"",""coordinates"":[78.39363987327738,17.382353561879825]}"
175,23.901310947963168,1319.0297244094488,40.51994954000003,27.27000000000004,-0.027518172377985463,0.39809254680324974,-0.40653873489694387,"{""type"":""Point"",""coordinates"":[78.42498793136424,17.298625012968586]}"
176,24.026762300379175,1838.3919291338582,44.70702404000002,29.810000000000002,0.14470932664157257,0.09241452991452992,-0.16391576550939102,"{""type"":""Point"",""coordinates"":[78.45458305860524,17.332962583581185]}"
177,24.047364220252405,1887.9913385826771,38.92715222000004,29.57000000000005,0.03666457154829248,0.14065988588439593,-0.19428571428571428,"{""type"":""Point"",""coordinates"":[78.56853809885382,17.417681080832057]}"
178,23.902567221901677,2276.646850393701,45.37695596000003,30.460000000000036,0.11856215073251775,0.16743348669733946,-0.3018068257863038,"{""type"":""Point"",""coordinates"":[78.52523304549189,17.380325167444237]}"
179,23.901310947963168,2117.178346456693,41.33685632000004,28.630000000000052,0.04667464523850231,0.20823401950162512,-0.28183908045977013,"{""type"":""Point"",""coordinates"":[78.44176639294074,17.333107955095436]}"
180,24.047364220252405,1358.8279527559055,37.92909038000005,28.150000000000034,0.1204847354928921,0.3321567243205083,-0.3921062338620435,"{""type"":""Point"",""coordinates"":[78.58480093062015,17.381955347087043]}"
181,24.047364220252405,1958.245275590551,40.882259660000045,29.510000000000048,0.058395558108366837,0.17011658339281466,-0.2288855572213893,"{""type"":""Point"",""coordinates"":[78.56369452579273,17.384541852997955]}"
182,23.898320994657638,2309.402755905512,39.23477402000003,30.24000000000001,0.04570711597060405,0.08167411621292157,-0.135181236673774,"{""type"":""Point"",""coordinates"":[78.38885351348364,17.4088922151435]}"
183,23.654055255392336,1852.8122047244092,40.916439860000025,29.33000000000004,0.10466732869910626,0.18506834910620398,-0.2418732782369146,"{""type"":""Point"",""coordinates"":[78.44390339515165,17.48628200941191]}"
184,23.902567221901677,2033.2511811023621,43.23043940000002,30.230000000000018,0.07467844115953158,0.1427216690374585,-0.1907114624505929,"{""type"":""Point"",""coordinates"":[78.4606928727688,17.35344181517603]}"
185,23.654055255392336,1698.902755905512,40.84124342000001,29.450000000000045,0.11253534401508011,0.308868501529052,-0.39331163065995856,"{""type"":""Point"",""coordinates"":[78.43624151133784,17.486644397703152]}"
186,24.047364220252405,1442.3870078740158,43.616675660000055,29.470000000000027,0.09077269317329333,0.20079260237780713,-0.2546583850931677,"{""type"":""Point"",""coordinates"":[78.55092566175288,17.39318651076669]}"
187,24.037715318467917,2012.6852362204722,40.30119625999998,27.230000000000018,0.07787732598208132,0.243205574912892,-0.31855136733185513,"{""type"":""Point"",""coordinates"":[78.56916600565543,17.285902541622963]}"
188,23.898320994657638,1529.6517716535432,41.42230682000002,29.650000000000034,0.14036617262423715,0.22942643391521197,-0.31379080612924715,"{""type"":""Point"",""coordinates"":[78.38921512844988,17.388002727124213]}"
189,23.654055255392336,1437.3259842519687,41.470159100000046,29.430000000000007,0.19777273664673128,0.3023100100435219,-0.43172616856827384,"{""type"":""Point"",""coordinates"":[78.43326585738416,17.48231085957403]}"
190,23.901310947963168,2458.606496062992,42.35542628000002,28.05000000000001,0.10594972955774737,0.0536182977127859,-0.14951932910615667,"{""type"":""Point"",""coordinates"":[78.38453651061911,17.30245427491994]}"
191,23.898320994657638,1587.9667322834648,41.066832739999995,30.260000000000048,0.1284,0.2974099434355463,-0.37303087586641465,"{""type"":""Point"",""coordinates"":[78.4057879699961,17.44497834471852]}"
192,24.037715318467917,1751.0228346456695,49.56744848000005,27.310000000000002,0.06465279056916559,0.328276222861627,-0.38781087728887675,"{""type"":""Point"",""coordinates"":[78.55442368664505,17.28960964029987]}"
193,23.677732252038084,1755.7718503937006,37.52234600000003,29.600000000000023,0.011943986820428337,0.2774227902023429,-0.30593358737071313,"{""type"":""Point"",""coordinates"":[78.49849331134004,17.48254186691941]}"
194,23.902567221901677,1649.3929133858267,41.470159100000046,30.57000000000005,0.022243034418169046,0.1806615776081425,-0.22823529411764706,"{""type"":""Point"",""coordinates"":[78.51156870461003,17.39195185967611]}"
195,23.902567221901677,1584.858464566929,40.26701606000006,30.170000000000016,0.08109339407744874,0.21909942580840133,-0.2689525007864108,"{""type"":""Point"",""coordinates"":[78.49881079549698,17.44376799227802]}"
196,23.654055255392336,1530.995275590551,41.097594920000006,29.870000000000005,0.09867599300524607,0.12503897723729343,-0.19747759707932294,"{""type"":""Point"",""coordinates"":[78.41766345962802,17.47970419756979]}"
197,23.901310947963168,1365.0838582677163,42.44087678000005,28.590000000000032,0.05968133945449636,0.2162067761089766,-0.2547747747747748,"{""type"":""Point"",""coordinates"":[78.42411448057466,17.340859595970013]}"
198,23.902567221901677,1658.2777559055116,42.686974220000025,30.83000000000004,0.0782934833567745,0.12632483529074764,-0.18683972230606702,"{""type"":""Point"",""coordinates"":[78.47817544510293,17.362135620798988]}"
199,23.902567221901677,1822.5681102362205,40.31828636,29.880000000000052,0.10253721954288111,0.16462585034013605,-0.21212121212121213,"{""type"":""Point"",""coordinates"":[78.5001660464187,17.421437254681333]}"
200,23.72446443962332,1948.1763779527555,39.93888614000002,30.08000000000004,0.09170829170829171,0.11558282208588957,-0.17316129032258065,"{""type"":""Point"",""coordinates"":[78.55151690866137,17.460382614991907]}"
201,23.677732252038084,1998.6084645669291,38.42128525999999,30.170000000000016,0.023229246001523228,0.20337790288529206,-0.2433349491032477,"{""type"":""Point"",""coordinates"":[78.5453540935773,17.453869318913053]}"
202,23.72446443962332,1241.868307086614,34.52474246000003,29.53000000000003,-0.037037037037037035,0.5607580824972129,-0.5613382899628253,"{""type"":""Point"",""coordinates"":[78.57354915703615,17.472155913688553]}"
203,23.898320994657638,1938.2364173228343,40.72844875999999,30.610000000000014,0.11304347826086956,0.11948116737340983,-0.18105263157894738,"{""type"":""Point"",""coordinates"":[78.41942206459454,17.447936181689197]}"
204,23.902567221901677,1891.2501968503939,42.70748234000001,30.77000000000004,0.12211221122112212,0.08849104859335039,-0.15276273022751896,"{""type"":""Point"",""coordinates"":[78.47460587651912,17.364502783568543]}"
205,23.902567221901677,1798.636023622047,40.20207368000001,30.870000000000005,0.018667798048366567,0.1965856182100362,-0.2395498392282958,"{""type"":""Point"",""coordinates"":[78.51784025222636,17.366341014785412]}"
206,23.898320994657638,2214.0838582677166,40.21916378000003,29.760000000000048,0.04049391683312148,0.12809564474807855,-0.17500555926173003,"{""type"":""Point"",""coordinates"":[78.40666072784283,17.370027613657605]}"
207,23.901310947963168,1423.4667322834646,40.81731728,28.55000000000001,0.06231454005934718,0.4396355353075171,-0.502207130730051,"{""type"":""Point"",""coordinates"":[78.42383427510589,17.31669946084192]}"
208,23.901310947963168,1503.8505905511813,40.277270120000026,27.29000000000002,0.11160354552780016,0.37984981226533165,-0.47098065376917947,"{""type"":""Point"",""coordinates"":[78.37816759045045,17.2802938610736]}"
209,23.677732252038084,1155.217716535433,37.11218359999998,29.55000000000001,0.06560239461212272,0.5453795379537953,-0.575273338940286,"{""type"":""Point"",""coordinates"":[78.46578242468124,17.471094990293984]}"
210,24.026762300379175,1979.6202755905513,44.04392816000001,29.810000000000002,0.13736903376018628,0.10213187902825979,-0.16692913385826771,"{""type"":""Point"",""coordinates"":[78.45830849472232,17.326782488875654]}"
211,23.901310947963168,1600.346653543307,40.591727960000014,28.630000000000052,0.0402656704026567,0.3632075471698113,-0.4071819841752891,"{""type"":""Point"",""coordinates"":[78.40903646121073,17.3368776543315]}"
212,23.902567221901677,1666.0543307086612,40.9061858,30.470000000000027,0.06520307354555434,0.20418552036199095,-0.2608824400355345,"{""type"":""Point"",""coordinates"":[78.49861585139301,17.40791842889527]}"
213,24.026762300379175,2158.692125984252,43.66110992000006,28.710000000000036,0.07748941652862139,0.09912280701754386,-0.15884393063583815,"{""type"":""Point"",""coordinates"":[78.51617234647159,17.30059894292303]}"
214,23.898320994657638,1756.5366141732284,39.01260272000002,30.380000000000052,0.008222643896268185,0.2611260053619303,-0.3023255813953488,"{""type"":""Point"",""coordinates"":[78.44916635469613,17.428056268906634]}"
215,23.898320994657638,1791.6606299212594,40.61565410000003,30.410000000000025,0.024390243902439025,0.18635170603674542,-0.23328785811732605,"{""type"":""Point"",""coordinates"":[78.42532317266587,17.39283209298734]}"
216,23.902567221901677,435.56318897637794,29.069582540000056,28.390000000000043,-0.46774193548387094,-0.03805496828752643,0.20245398773006135,"{""type"":""Point"",""coordinates"":[78.4693945989945,17.423677398957736]}"
217,24.047364220252405,1608.0228346456693,45.10351436000002,29.510000000000048,0.06903353057199212,0.21475550471833,-0.3094944512946979,"{""type"":""Point"",""coordinates"":[78.56097629206953,17.389952971571223]}"
218,24.026762300379175,1874.3938976377951,40.49602340000001,30.440000000000055,0.056540084388185655,0.12957817630714827,-0.17653249144961852,"{""type"":""Point"",""coordinates"":[78.51640618025385,17.34639427659069]}"
219,23.898320994657638,1794.3771653543306,39.309970460000045,30.250000000000057,0.01364284259824883,0.2558983666061706,-0.2997048564529112,"{""type"":""Point"",""coordinates"":[78.44572608228388,17.412333821939807]}"
220,24.026762300379175,1982.3240157480316,43.95847766000003,29.24000000000001,0.12818487063006123,0.0773736880644374,-0.1405684754521964,"{""type"":""Point"",""coordinates"":[78.4504104360031,17.335212659236205]}"
221,23.901310947963168,1953.3840551181104,44.228501240000014,28.360000000000014,0.09743589743589744,0.26892573900504685,-0.368230111427831,"{""type"":""Point"",""coordinates"":[78.41135640265003,17.320547733266913]}"
222,24.047364220252405,1527.6645669291338,41.750436740000055,29.450000000000045,0.10512638790455942,0.19044626021370206,-0.2609853528628495,"{""type"":""Point"",""coordinates"":[78.57489604741983,17.435664194674366]}"
223,23.901310947963168,1889.4962598425197,45.048826039999994,29.02000000000004,0.13932915591596018,0.17248305297514435,-0.2707482993197279,"{""type"":""Point"",""coordinates"":[78.38031504152126,17.34316393440642]}"
224,23.677732252038084,1445.2374015748032,37.313846780000006,29.370000000000005,0.14890800794176043,0.298989898989899,-0.342847198050818,"{""type"":""Point"",""coordinates"":[78.45387786076348,17.47688350651676]}"
225,23.898320994657638,1731.271850393701,41.036070559999985,30.03000000000003,0.07198748043818466,0.2894808371840174,-0.34467120181405897,"{""type"":""Point"",""coordinates"":[78.41167172556888,17.367453158846686]}"
226,24.026762300379175,2082.886023622047,42.87154730000003,30.210000000000036,0.14472252448313383,0.16100443131462333,-0.19271623672230653,"{""type"":""Point"",""coordinates"":[78.52914547762698,17.344907899281868]}"
227,24.026762300379175,2112.5858267716535,45.69483181999999,28.110000000000014,0.10894745677354373,0.16608084358523725,-0.26773346071172677,"{""type"":""Point"",""coordinates"":[78.53210551577251,17.291791101956875]}"
228,23.902567221901677,1873.3456692913385,39.200593819999995,30.470000000000027,0.028223350253807105,0.21688278667683702,-0.2608008429926238,"{""type"":""Point"",""coordinates"":[78.49928885617105,17.401315590097866]}"
229,23.901310947963168,1532.6301181102363,41.897411600000055,28.430000000000007,0.13011006289308177,0.34692635423006696,-0.4641085014885875,"{""type"":""Point"",""coordinates"":[78.43398212273047,17.336230347848975]}"
230,23.898320994657638,2134.1940944881894,43.45261070000004,29.500000000000057,0.14199203187250997,0.1578494623655914,-0.27825261158594494,"{""type"":""Point"",""coordinates"":[78.3849699045308,17.360890717524143]}"
231,23.902567221901677,1522.3505905511809,37.70350106000001,29.55000000000001,-0.024566473988439308,0.28287092882991555,-0.30410790925812387,"{""type"":""Point"",""coordinates"":[78.45030961482387,17.422798118924124]}"
232,23.898320994657638,2091.9529527559052,40.48918736000002,30.250000000000057,0.10410094637223975,0.06044340723453909,-0.10104191906954205,"{""type"":""Point"",""coordinates"":[78.41059263535928,17.39803770239204]}"
233,24.047364220252405,1944.2482283464567,40.20207368000001,29.060000000000002,0.07624857033930614,0.18629130966952265,-0.24479835602363215,"{""type"":""Point"",""coordinates"":[78.57801045995161,17.42607334834811]}"
234,23.654055255392336,1488.346653543307,42.478475,30.370000000000005,0.11625514403292181,0.09252782193958664,-0.17671232876712328,"{""type"":""Point"",""coordinates"":[78.44850202075854,17.46204757624223]}"
235,23.902567221901677,1943.5937007874013,40.36955666000006,29.53000000000003,0.060268278858870206,0.208161282487248,-0.28129829984544047,"{""type"":""Point"",""coordinates"":[78.54170288498773,17.386437731241966]}"
236,23.902567221901677,1838.705905511811,40.410572900000034,30.24000000000001,0.07563710499490316,0.18504966021955044,-0.23947512301804263,"{""type"":""Point"",""coordinates"":[78.5013331397244,17.408813431779443]}"
237,24.037715318467917,2031.92342519685,41.702584460000026,27.450000000000045,0.07362377575143532,0.25308359981726813,-0.3276863504356244,"{""type"":""Point"",""coordinates"":[78.57399514368531,17.277359195300324]}"
238,24.037715318467917,1728.0277559055119,43.445774659999984,27.510000000000048,0.025349008082292433,0.4164442071542979,-0.4689922480620155,"{""type"":""Point"",""coordinates"":[78.5915465519771,17.303845705136936]}"
239,24.026762300379175,183.61240157480313,29.98219388000001,27.870000000000005,0.16149068322981366,-0.22413793103448276,0.43157894736842106,"{""type"":""Point"",""coordinates"":[78.45668475161827,17.290639704635645]}"
240,23.72446443962332,2123.191141732283,41.16937333999999,28.970000000000027,0.08773822366055375,0.11712901805372083,-0.19472568872145044,"{""type"":""Point"",""coordinates"":[78.58582643201233,17.49248438405459]}"
241,23.72446443962332,1966.8062992125983,37.86756602000003,28.690000000000055,0.05350444225074037,0.13521193464361828,-0.19909954977488745,"{""type"":""Point"",""coordinates"":[78.59622817315002,17.489955937382813]}"
242,24.047364220252405,1863.4116141732284,41.623969999999986,29.640000000000043,0.12255076594228714,0.22051536174430128,-0.3241935483870968,"{""type"":""Point"",""coordinates"":[78.59220207397172,17.412543207263663]}"
243,23.677732252038084,1834.840748031496,46.38185384000002,30.190000000000055,0.23643276875216038,0.18065205772314272,-0.31684053651266764,"{""type"":""Point"",""coordinates"":[78.45789669819852,17.45338111036266]}"
244,24.037715318467917,1953.1074803149604,38.48280962000001,29.640000000000043,0.02063273727647868,0.17353425947727807,-0.22819122720551996,"{""type"":""Point"",""coordinates"":[78.56659848028927,17.33398583588122]}"
245,23.902567221901677,1932.0100393700789,41.66498624000002,30.630000000000052,0.10956663941128372,0.08304326205867728,-0.14031413612565444,"{""type"":""Point"",""coordinates"":[78.46420397245122,17.359394406718792]}"
246,23.901310947963168,1948.205905511811,40.98480026000004,29.440000000000055,0.01673557786965938,0.19160104986876642,-0.2425976611097288,"{""type"":""Point"",""coordinates"":[78.447591201097,17.329517164818853]}"
247,24.037715318467917,1855.7639763779528,39.641518399999995,29.500000000000057,-0.018604651162790697,0.2923530858126383,-0.3282789992418499,"{""type"":""Point"",""coordinates"":[78.56069641168243,17.344706677000158]}"
248,23.898320994657638,1108.8929133858267,41.96919002000004,29.310000000000002,0.20838595604950746,0.3904170363797693,-0.5191468734852157,"{""type"":""Point"",""coordinates"":[78.39089017605271,17.35649480262015]}"
249,23.902567221901677,1666.330905511811,37.98719672000004,30.160000000000025,-0.0017905102954341987,0.25272879932829556,-0.28731665228645387,"{""type"":""Point"",""coordinates"":[78.50851648776708,17.427998687678315]}"
250,23.654055255392336,1480.5503937007873,39.56632195999998,29.24000000000001,0.08359431462298242,0.2072357981593145,-0.29475833900612664,"{""type"":""Point"",""coordinates"":[78.44920315781515,17.48379587385433]}"
251,24.037715318467917,1554.5149606299212,37.95643454000003,29.440000000000055,-0.11414242728184554,0.5882184729768373,-0.5877644368210406,"{""type"":""Point"",""coordinates"":[78.57452412292221,17.328153026688952]}"
252,23.902567221901677,1840.993307086614,39.197175800000025,30.77000000000004,0.05480868665977249,0.15901597768196804,-0.22127204703367184,"{""type"":""Point"",""coordinates"":[78.5460714182608,17.367515084155723]}"
253,23.902567221901677,1903.2807086614173,34.16243234000001,28.79000000000002,-0.2965241975719275,0.7578354002254791,-0.6977351916376306,"{""type"":""Point"",""coordinates"":[78.48023342627698,17.436904138015986]}"
254,24.026762300379175,2049.644881889764,42.46822094000004,27.560000000000002,0.05818626594443474,0.23228166438042983,-0.28824091778202676,"{""type"":""Point"",""coordinates"":[78.53322932826913,17.282164687173548]}"
255,23.72446443962332,1786.6734251968505,39.40567501999999,29.99000000000001,0.06399317406143344,0.17988706641570315,-0.2222841225626741,"{""type"":""Point"",""coordinates"":[78.55806004304958,17.46047604076028]}"
256,24.047364220252405,1957.071062992126,40.10636912000001,29.200000000000045,0.07816711590296496,0.14272076372315035,-0.21492007104795738,"{""type"":""Point"",""coordinates"":[78.58987010455442,17.42085491405298]}"
257,24.026762300379175,1751.3988188976375,42.98775998000002,27.360000000000014,0.08206352120433266,0.3333333333333333,-0.4112334180073384,"{""type"":""Point"",""coordinates"":[78.4960439138635,17.27709655140592]}"
258,23.902567221901677,2013.569094488189,43.25094752000001,30.450000000000045,0.10076045627376426,0.13402061855670103,-0.18933869751068644,"{""type"":""Point"",""coordinates"":[78.46778360577139,17.358092710278736]}"
259,23.677732252038084,1863.0346456692912,38.55117002000003,29.750000000000057,0.06666666666666667,0.10367553865652725,-0.15705554079192133,"{""type"":""Point"",""coordinates"":[78.5086296261737,17.475191386645466]}"
260,23.902567221901677,442.6773622047244,30.25905350000005,28.180000000000007,-0.3974025974025974,0.11618257261410789,0.0553116769095698,"{""type"":""Point"",""coordinates"":[78.47230902394112,17.43275452808298]}"
261,23.898320994657638,1766.8938976377951,39.59024810000005,29.99000000000001,0.06008010680907877,0.14409534127843987,-0.1908655201578799,"{""type"":""Point"",""coordinates"":[78.4102972798431,17.4108005126912]}"
262,24.047364220252405,1287.7423228346456,37.63855868000002,28.870000000000005,0.07162408759124088,0.47090711962414167,-0.5214953271028038,"{""type"":""Point"",""coordinates"":[78.57156856698352,17.358010092097132]}"
263,23.72446443962332,1892.0366141732281,39.97990238,29.000000000000057,0.10250231696014829,0.20537714712471994,-0.27790973871733965,"{""type"":""Point"",""coordinates"":[78.58533088459276,17.490972791494208]}"
264,23.898320994657638,1624.3574803149606,38.872463900000014,30.130000000000052,-0.0122554289400129,0.3501577287066246,-0.370197904540163,"{""type"":""Point"",""coordinates"":[78.39697747970925,17.437416126836432]}"
265,23.902567221901677,1498.8358267716533,37.14294577999999,30.27000000000004,-0.044244076326273855,0.4959447281465906,-0.5313653136531366,"{""type"":""Point"",""coordinates"":[78.54725848508635,17.381202021307924]}"
266,23.901310947963168,1938.2147637795274,41.083922840000014,28.05000000000001,0.03640182009100455,0.28885767790262173,-0.3758120939530235,"{""type"":""Point"",""coordinates"":[78.3896988496379,17.30625431541596]}"
267,23.901310947963168,1831.4244094488192,43.15524296000001,29.02000000000004,0.08092165898617512,0.2575031525851198,-0.3450229295926625,"{""type"":""Point"",""coordinates"":[78.38077622739951,17.342484796871393]}"
268,23.677732252038084,2325.9834645669293,41.79145298000003,30.170000000000016,0.11154716981132075,0.1774354870974195,-0.2809575625680087,"{""type"":""Point"",""coordinates"":[78.46505804878673,17.45939648630541]}"
269,23.898320994657638,1874.0828740157478,39.689370680000025,30.250000000000057,0.04952538175815105,0.15874213836477988,-0.2070230607966457,"{""type"":""Point"",""coordinates"":[78.44635135034525,17.408617384329496]}"
270,24.037715318467917,2028.2639763779525,39.55264987999999,27.370000000000005,0.09041309431021044,0.11701363962670495,-0.16350947158524426,"{""type"":""Point"",""coordinates"":[78.56372724420423,17.296395487160023]}"
271,23.72446443962332,1612.715748031496,39.28262630000006,29.33000000000004,-0.022017194380373244,0.4033976389288799,-0.4123442480440452,"{""type"":""Point"",""coordinates"":[78.58027804820563,17.45182334699663]}"
272,23.898320994657638,2131.7531496062993,40.28068814000005,30.250000000000057,0.10013351134846461,0.07008391925606713,-0.13087248322147652,"{""type"":""Point"",""coordinates"":[78.40875152893298,17.396708842704033]}"
273,23.902567221901677,1630.931299212598,39.97990238,29.450000000000045,0.08477937530986614,0.07356789764466415,-0.13147410358565736,"{""type"":""Point"",""coordinates"":[78.54727283036704,17.42447692707514]}"
274,24.047364220252405,1826.7777559055119,40.06535287999998,29.430000000000007,0.1016810168101681,0.17479892761394103,-0.22882781828379137,"{""type"":""Point"",""coordinates"":[78.55888355530924,17.353351355285195]}"
275,24.037715318467917,1682.4224409448818,42.90572750000001,27.190000000000055,0.07417148869016307,0.4732142857142857,-0.4898419864559819,"{""type"":""Point"",""coordinates"":[78.56354851084528,17.279514721110413]}"
276,23.902567221901677,1819.3653543307087,41.09417689999998,30.090000000000032,0.005478851632697786,0.16778178075141534,-0.20371352785145888,"{""type"":""Point"",""coordinates"":[78.46303192438532,17.448757496471924]}"
277,23.677732252038084,2081.332874015748,38.40419516000003,29.860000000000014,0.02567049808429119,0.12796628964293635,-0.18032025992109538,"{""type"":""Point"",""coordinates"":[78.49266725656945,17.468623883483538]}"
278,24.037715318467917,765.1389763779526,35.53989439999998,27.680000000000007,-0.15423340961098397,0.481786133960047,-0.4264705882352941,"{""type"":""Point"",""coordinates"":[78.58676181719828,17.292500749360954]}"
279,23.901310947963168,2237.5484251968505,41.849559320000026,28.250000000000057,0.05433845092289115,0.1511969760604788,-0.2003503393912853,"{""type"":""Point"",""coordinates"":[78.37483698411496,17.335131003750146]}"
280,24.026762300379175,1209.8505905511809,42.87496532,29.140000000000043,0.2114713216957606,0.32025052192066805,-0.39050131926121373,"{""type"":""Point"",""coordinates"":[78.51447710112943,17.318838939282834]}"
281,24.037715318467917,1193.3220472440944,41.22064364000005,27.79000000000002,0.15368421052631578,0.47073170731707314,-0.5448334756618275,"{""type"":""Point"",""coordinates"":[78.57597087318733,17.303586875335267]}"
282,23.654055255392336,2079.387992125984,39.22451996000001,29.250000000000057,0.08283789139912802,0.06857538674670977,-0.12576015567988325,"{""type"":""Point"",""coordinates"":[78.38968139734796,17.450816868396565]}"
283,24.037715318467917,1947.4037401574803,39.02969282000004,27.950000000000045,0.05016949152542373,0.33048433048433046,-0.37995567594188623,"{""type"":""Point"",""coordinates"":[78.59850328889158,17.318569131509552]}"
284,23.898320994657638,1756.3811023622047,39.25870015999999,30.130000000000052,0.054373522458628844,0.1866235167206041,-0.23249299719887956,"{""type"":""Point"",""coordinates"":[78.40069152403447,17.435858542436502]}"
285,24.026762300379175,1854.9834645669291,40.90960382000003,28.78000000000003,0.05464147877310583,0.17763157894736842,-0.2315427361735909,"{""type"":""Point"",""coordinates"":[78.52635701839677,17.30433607434421]}"
286,23.902567221901677,1799.9155511811023,38.332416739999985,30.02000000000004,0.050434063662670524,0.17794871794871794,-0.24296536796536797,"{""type"":""Point"",""coordinates"":[78.54037299997708,17.441215083232837]}"
287,23.677732252038084,1772.6399606299215,40.557547760000034,30.110000000000014,0.06824802330420308,0.19477054429028814,-0.2582186007305423,"{""type"":""Point"",""coordinates"":[78.52513734464519,17.451116691019816]}"
288,24.026762300379175,1981.6488188976377,45.39404606000005,28.130000000000052,0.15011713822310327,0.1402321083172147,-0.23390894819466249,"{""type"":""Point"",""coordinates"":[78.48197482282633,17.290917587905216]}"
289,23.898320994657638,1856.7078740157478,41.93842784000003,29.200000000000045,0.09785103275610264,0.11042629686697483,-0.176278563656148,"{""type"":""Point"",""coordinates"":[78.37989857682794,17.355741355523964]}"
290,23.677732252038084,1425.330905511811,39.921796040000004,29.750000000000057,0.1534115601912212,0.2969374167776298,-0.4162122864412941,"{""type"":""Point"",""coordinates"":[78.51642652124231,17.462471126951115]}"
291,23.902567221901677,1861.9214566929134,38.57167814000002,30.470000000000027,0.0773109243697479,0.12356101304681504,-0.17307692307692307,"{""type"":""Point"",""coordinates"":[78.49369447153289,17.40242822901103]}"
292,24.026762300379175,1921.897834645669,43.98240380000004,29.350000000000023,0.12258329905388729,0.07212867554661975,-0.13851080864691753,"{""type"":""Point"",""coordinates"":[78.45712236852906,17.32489009960503]}"
293,24.047364220252405,1754.6133858267717,39.511633640000014,29.850000000000023,0.05531527430002276,0.13171529860921735,-0.17663736886872697,"{""type"":""Point"",""coordinates"":[78.55365957709407,17.35155459023996]}"
294,24.047364220252405,1974.6330708661417,39.634682360000056,28.950000000000045,0.0311009349360809,0.19006327630653855,-0.24766584766584768,"{""type"":""Point"",""coordinates"":[78.58692808998913,17.429125801702497]}"
295,24.026762300379175,2024.8299212598426,41.72651059999998,30.210000000000036,0.059623227811225483,0.12735739231664728,-0.18270639960918417,"{""type"":""Point"",""coordinates"":[78.53706947977369,17.34803415478341]}"
296,24.047364220252405,1780.1852362204725,40.46184320000003,29.670000000000016,0.055893536121673006,0.30546792849631965,-0.3479913137893594,"{""type"":""Point"",""coordinates"":[78.5599153542523,17.40369898339337]}"
297,23.898320994657638,1872.387007874016,43.16891504,29.170000000000016,0.14057224098098453,0.22059565875820292,-0.3227571115973742,"{""type"":""Point"",""coordinates"":[78.37969328728032,17.365480786766167]}"
298,23.902567221901677,1863.1645669291338,41.56586365999999,30.860000000000014,0.06914999009312463,0.18397177419354838,-0.2548076923076923,"{""type"":""Point"",""coordinates"":[78.4583559386016,17.390719184692678]}"
299,24.026762300379175,1801.7137795275592,43.48679090000002,28.110000000000014,0.08201213544724995,0.24535315985130113,-0.30313976104473467,"{""type"":""Point"",""coordinates"":[78.47617274130928,17.2847888943157]}"
300,23.898320994657638,2111.1812992125983,40.41399092000006,30.250000000000057,0.09900230237912509,0.05837277439711517,-0.12479041916167664,"{""type"":""Point"",""coordinates"":[78.40685904641848,17.396477044082584]}"
301,23.901310947963168,508.8673228346456,31.052034140000046,28.430000000000007,-0.38111490329920367,0.10063463281958296,0.19066666666666668,"{""type"":""Point"",""coordinates"":[78.41002799048053,17.30458783990074]}"
302,23.898320994657638,608.7836614173228,31.547647040000015,29.810000000000002,-0.1111111111111111,0.3709063214013709,-0.22282608695652173,"{""type"":""Point"",""coordinates"":[78.41925037717222,17.418107772479274]}"
303,23.901310947963168,1445.188188976378,41.53851950000001,27.090000000000032,0.09884857701499022,0.3428293946260926,-0.42152159013022616,"{""type"":""Point"",""coordinates"":[78.41140950609456,17.277831963872412]}"
304,23.902567221901677,1844.775787401575,40.61223608,30.190000000000055,0.11561433447098976,0.09566596194503171,-0.14815840487399612,"{""type"":""Point"",""coordinates"":[78.51646368895592,17.441731325922206]}"
305,23.898320994657638,1681.2954724409449,40.06535287999998,29.99000000000001,0.005185825410544511,0.28423988842398884,-0.31655704889905634,"{""type"":""Point"",""coordinates"":[78.3891500413084,17.44174554371144]}"
306,24.047364220252405,1320.2728346456695,37.47107570000003,27.78000000000003,-0.06431095406360424,0.5698401667824878,-0.5383043922369765,"{""type"":""Point"",""coordinates"":[78.58480117860321,17.366642727695474]}"
307,23.654055255392336,1686.418503937008,39.576576020000005,29.730000000000018,0.06187624750499002,0.18354784555120313,-0.24375183769479564,"{""type"":""Point"",""coordinates"":[78.40470219243565,17.4595564057607]}"
308,23.898320994657638,1721.9942913385826,41.15570126,30.590000000000032,0.018257261410788383,0.27478448275862066,-0.33070866141732286,"{""type"":""Point"",""coordinates"":[78.44257718021525,17.382824173997992]}"
309,24.026762300379175,1954.3929133858267,43.14840692000001,30.010000000000048,0.0939338608236965,0.10298839219560385,-0.1531112832429641,"{""type"":""Point"",""coordinates"":[78.48780762469838,17.327017918152826]}"
310,23.901310947963168,1769.6901574803148,41.81196110000002,28.590000000000032,0.06897326443495844,0.11517761033369214,-0.17227722772277226,"{""type"":""Point"",""coordinates"":[78.4270776089566,17.334493340754207]}"
311,23.898320994657638,1909.6832677165353,40.43108102000002,30.630000000000052,0.023472278429785512,0.16570048309178745,-0.22301064368981247,"{""type"":""Point"",""coordinates"":[78.43828614630462,17.381102710429456]}"
312,23.72446443962332,1846.7974409448818,37.88123810000002,29.940000000000055,0.064891846921797,0.15876288659793814,-0.2105546580506193,"{""type"":""Point"",""coordinates"":[78.5644798701067,17.47099868666818]}"
313,23.677732252038084,2487.8190944881885,34.480308200000024,29.910000000000025,-0.49558441558441557,0.8962621439156924,-0.8013452213358361,"{""type"":""Point"",""coordinates"":[78.53598866505556,17.464476458774605]}"
314,24.037715318467917,1768.2127952755907,40.89593174000004,29.360000000000014,0.0027569909413154787,0.30785123966942146,-0.37347436940602113,"{""type"":""Point"",""coordinates"":[78.55669383225778,17.31823156414737]}"
315,24.026762300379175,1972.9736220472441,43.13473484000002,28.110000000000014,-0.022509160704938056,0.35522664199814985,-0.4012434241989479,"{""type"":""Point"",""coordinates"":[78.53025336486722,17.29837152648257]}"
316,23.902567221901677,1771.0907480314959,39.38174888000003,30.860000000000014,0.020302375809935207,0.19494204425711276,-0.23934426229508196,"{""type"":""Point"",""coordinates"":[78.52607968985247,17.373985734416493]}"
317,23.898320994657638,1733.9411417322835,38.09315534000001,30.340000000000032,-0.013278008298755186,0.2815533980582524,-0.33808219178082194,"{""type"":""Point"",""coordinates"":[78.44052447647121,17.40926264809662]}"
318,24.026762300379175,1977.0710629921261,41.473577120000016,30.57000000000005,0.06067864271457086,0.12020947393477743,-0.1738588176602644,"{""type"":""Point"",""coordinates"":[78.50935909476986,17.349051613401215]}"
319,23.902567221901677,1313.5828740157478,39.92521406000003,30.110000000000014,0.03696591454632741,0.425728500355366,-0.46263215457528256,"{""type"":""Point"",""coordinates"":[78.511287360718,17.441129258316746]}"
320,23.902567221901677,1847.9608267716533,38.74599716,30.310000000000002,0.05914429530201342,0.14790174002047082,-0.20139260846277451,"{""type"":""Point"",""coordinates"":[78.48622185935777,17.40553549474109]}"
321,23.898320994657638,1311.130118110236,38.94766034000003,29.810000000000002,0.12722035525684108,0.3221818181818182,-0.3952417498081351,"{""type"":""Point"",""coordinates"":[78.42150657107388,17.42376536078954]}"
322,23.902567221901677,1833.2600393700789,39.20742986000005,30.650000000000034,0.016020236087689713,0.1749307827837906,-0.23036373220875067,"{""type"":""Point"",""coordinates"":[78.54708996748789,17.36041275752292]}"
323,23.902567221901677,1869.907677165354,41.0087264,29.230000000000018,0.06727707006369427,0.17531978931527464,-0.24297082228116712,"{""type"":""Point"",""coordinates"":[78.48692814418847,17.44074170696472]}"
324,23.901310947963168,1852.5061023622045,40.950620060000006,28.28000000000003,0.016560030109145654,0.3124058262179809,-0.35143522110162917,"{""type"":""Point"",""coordinates"":[78.39988662773047,17.33170233337202]}"
325,23.901310947963168,1631.1812992125983,44.354967980000026,28.49000000000001,0.040687919463087245,0.29355203619909503,-0.3629320619785459,"{""type"":""Point"",""coordinates"":[78.40392922054937,17.323110065614983]}"
326,23.901310947963168,2419.5720472440944,34.05989174000001,28.630000000000052,-0.5186151943948345,0.8681764407639007,-0.774033060503932,"{""type"":""Point"",""coordinates"":[78.44396748117573,17.34060229549795]}"
327,24.026762300379175,1623.491338582677,39.460363340000015,28.210000000000036,0.08067258643491404,0.4002877697841727,-0.4709794437726723,"{""type"":""Point"",""coordinates"":[78.45322900730615,17.29666270713447]}"
328,24.026762300379175,1668.9175196850395,46.83986851999998,28.710000000000036,0.2044967880085653,0.2884393063583815,-0.41884150222788036,"{""type"":""Point"",""coordinates"":[78.51433546107135,17.300689073814976]}"
329,24.047364220252405,1983.16062992126,39.13906946000003,28.610000000000014,0.06681896059394632,0.15314043754410728,-0.22213911742707554,"{""type"":""Point"",""coordinates"":[78.5913280751382,17.400162007328273]}"
330,23.898320994657638,1787.0474409448818,40.32170438000003,30.130000000000052,0.06726094003241491,0.21126019468560905,-0.2718232044198895,"{""type"":""Point"",""coordinates"":[78.43363181056067,17.359371145995464]}"
331,23.72446443962332,1259.1143700787402,35.78257382000004,29.53000000000003,-0.0028557829604950024,0.5196538045438154,-0.5458547322083639,"{""type"":""Point"",""coordinates"":[78.5714557903011,17.46843803647309]}"
332,23.902567221901677,1892.5818897637796,40.919857879999995,30.370000000000005,-0.11392863611664554,0.45769139606541837,-0.47375988497483823,"{""type"":""Point"",""coordinates"":[78.51173886587208,17.384575901881107]}"
333,23.898320994657638,1935.5031496062993,41.48383118000004,29.57000000000005,0.05660377358490566,0.15966796875,-0.21080805505990313,"{""type"":""Point"",""coordinates"":[78.39318708226574,17.362486549889912]}"
334,24.026762300379175,1845.1812992125986,45.13769456,30.010000000000048,0.1348590110339191,0.12876566249000265,-0.18699186991869918,"{""type"":""Point"",""coordinates"":[78.45566389171184,17.335976035125018]}"
335,23.898320994657638,2084.8259842519683,41.965772000000015,29.650000000000034,0.08555452003727866,0.12445564978225991,-0.18760590656015494,"{""type"":""Point"",""coordinates"":[78.38073235147101,17.385502706097213]}"
336,23.901310947963168,1894.4627952755907,42.427204700000004,29.250000000000057,0.0899295482801492,0.10601863510450768,-0.16467780429594273,"{""type"":""Point"",""coordinates"":[78.44794799093454,17.31266892314618]}"
337,23.901310947963168,1361.6921259842522,40.13713130000002,28.630000000000052,-0.02617801047120419,0.5198921105866486,-0.5438356164383562,"{""type"":""Point"",""coordinates"":[78.43940701397449,17.33811200996872]}"
338,24.037715318467917,1279.0779527559052,40.64299826000001,28.130000000000052,0.126722385362548,0.4425373134328358,-0.5083886071010535,"{""type"":""Point"",""coordinates"":[78.56997199008315,17.31041819801415]}"
339,24.026762300379175,1768.1753937007873,47.84818442000005,27.77000000000004,0.14854570637119113,0.3309878213802436,-0.4148446490218642,"{""type"":""Point"",""coordinates"":[78.54244431384245,17.291783776665802]}"
340,24.026762300379175,1859.7492125984252,42.868129280000005,29.99000000000001,0.09263934744610604,0.1939688218757986,-0.2775499042931365,"{""type"":""Point"",""coordinates"":[78.54026642163501,17.336090986394716]}"
341,23.654055255392336,1979.6232283464567,39.13565144000006,30.210000000000036,0.04356475034812015,0.15911282545805208,-0.19721115537848605,"{""type"":""Point"",""coordinates"":[78.41285887402879,17.490032442706728]}"
342,23.902567221901677,1432.503149606299,36.903684380000016,29.870000000000005,-0.059907834101382486,0.5289648622981956,-0.5275142314990512,"{""type"":""Point"",""coordinates"":[78.52121194616609,17.40948101611091]}"
343,24.037715318467917,1838.650787401575,41.0087264,28.83000000000004,0.048478900883218844,0.2047713717693837,-0.28833377624235984,"{""type"":""Point"",""coordinates"":[78.58444472559141,17.332176652722442]}"
344,24.037715318467917,1412.610433070866,45.44189834000002,27.870000000000005,0.2806736166800321,0.2673966796185094,-0.4131547853485624,"{""type"":""Point"",""coordinates"":[78.56587951285212,17.30368216682205]}"
345,24.026762300379175,2236.8043307086614,43.63376576000002,27.700000000000045,0.05506645952011048,0.13380281690140844,-0.20043859649122808,"{""type"":""Point"",""coordinates"":[78.50025081449736,17.2891887929977]}"
346,23.902567221901677,1922.6625984251966,39.47745343999998,30.660000000000025,0.0682997716421009,0.11006678209250556,-0.1617913538700492,"{""type"":""Point"",""coordinates"":[78.45082208184532,17.40416187576724]}"
347,23.902567221901677,1730.793503937008,39.084381140000005,30.090000000000032,0.0045662100456621,0.14918292040063258,-0.20275862068965517,"{""type"":""Point"",""coordinates"":[78.53162721520884,17.375235477306735]}"
348,23.901310947963168,1679.328937007874,42.59468767999999,27.430000000000007,0.031710079275198186,0.3917525773195876,-0.4578005115089514,"{""type"":""Point"",""coordinates"":[78.43366772349113,17.283792815859584]}"
349,23.902567221901677,1773.8102362204722,39.82267346000003,30.340000000000032,0.10942045200268516,0.07219827586206896,-0.13649343232438607,"{""type"":""Point"",""coordinates"":[78.47867873731924,17.397969565776005]}"
350,24.026762300379175,1800.9608267716535,32.81915048000002,29.57000000000005,-0.3120274914089347,0.796283227475888,-0.7680018522806206,"{""type"":""Point"",""coordinates"":[78.4871522443582,17.3181591865771]}"
351,24.026762300379175,1507.2561023622047,34.56575870000006,27.350000000000023,-0.20462543991955756,0.4236482471776589,-0.3640762880728722,"{""type"":""Point"",""coordinates"":[78.45642662867647,17.279340474892035]}"
352,23.901310947963168,1898.678346456693,42.69381026000002,29.250000000000057,0.08721047331319234,0.1282051282051282,-0.1945176594623089,"{""type"":""Point"",""coordinates"":[78.4468291592155,17.31293476201757]}"
353,23.654055255392336,1338.5021653543308,40.608818059999976,29.930000000000007,0.001584786053882726,0.3390010626992561,-0.36412847347527966,"{""type"":""Point"",""coordinates"":[78.42661633215032,17.47207106634677]}"
354,23.72446443962332,1912.475590551181,39.01260272000002,29.590000000000032,0.07381753413813576,0.15784265215239981,-0.23190313240326402,"{""type"":""Point"",""coordinates"":[78.57063308356747,17.489799294875976]}"
355,23.902567221901677,1850.1320866141732,37.94618048000001,30.060000000000002,0.01020408163265306,0.1657486229344016,-0.20465717981888745,"{""type"":""Point"",""coordinates"":[78.49113291435803,17.41412339939379]}"
356,23.901310947963168,2066.7777559055116,43.879863200000045,27.190000000000055,0.13359920239282153,0.20082911100875173,-0.2996011964107677,"{""type"":""Point"",""coordinates"":[78.44708641560948,17.283279701847995]}"
357,23.902567221901677,1377.846653543307,38.09315534000001,29.930000000000007,-0.028422548555187114,0.4334763948497854,-0.459005376344086,"{""type"":""Point"",""coordinates"":[78.5250420420453,17.428524287341197]}"
358,23.898320994657638,2080.3210629921255,38.851955780000026,30.150000000000034,0.027168234064785787,0.23638778220451528,-0.3054451974760458,"{""type"":""Point"",""coordinates"":[78.43424442305343,17.423228196156533]}"
359,24.047364220252405,2225.891929133858,40.1713115,28.420000000000016,0.08812770202859993,0.17304812834224598,-0.22110888443553775,"{""type"":""Point"",""coordinates"":[78.58351999332453,17.371794498691816]}"
360,23.654055255392336,1955.4893700787402,38.38710506000001,30.210000000000036,0.06357423897287223,0.11819980217606331,-0.15474974463738508,"{""type"":""Point"",""coordinates"":[78.41062362506652,17.48346063837354]}"
361,23.654055255392336,1678.3131889763781,41.94184586000006,29.450000000000045,0.14948649676683148,0.23026134800550208,-0.3642464917632703,"{""type"":""Point"",""coordinates"":[78.43629887253235,17.484671765903304]}"
362,23.898320994657638,1794.832874015748,41.24115175999998,30.29000000000002,0.10398534127347686,0.05815526102245064,-0.10947249007373795,"{""type"":""Point"",""coordinates"":[78.41814590940449,17.39934416441893]}"
363,24.037715318467917,1960.253149606299,39.511633640000014,29.810000000000002,0.045020463847203276,0.15948887837198297,-0.22103164714677298,"{""type"":""Point"",""coordinates"":[78.55338369394539,17.34009825695869]}"
364,23.677732252038084,1941.8791338582678,38.89297202,30.170000000000016,0.12536902184609328,0.13802816901408452,-0.18254390633315593,"{""type"":""Point"",""coordinates"":[78.5445129830572,17.482975936033284]}"
365,24.026762300379175,1219.2885826771653,42.70064630000002,29.590000000000032,0.17422200441068367,0.33096366508688785,-0.433432581880051,"{""type"":""Point"",""coordinates"":[78.49843347624928,17.33285890974409]}"
366,24.026762300379175,1456.058267716535,43.71579824000003,30.57000000000005,0.08786610878661087,0.06688417618270799,-0.12063056888279644,"{""type"":""Point"",""coordinates"":[78.50841906758392,17.343315644198288]}"
367,23.677732252038084,1870.4470472440944,39.06045500000005,30.220000000000027,0.05602923264311815,0.1689291101055807,-0.22691292875989447,"{""type"":""Point"",""coordinates"":[78.48013861016163,17.467662157720646]}"
368,23.898320994657638,1571.788582677165,44.17039490000002,30.640000000000043,0.034344245832496484,0.3816091954022989,-0.4739423666462293,"{""type"":""Point"",""coordinates"":[78.44164984595378,17.39850339006784]}"
369,24.047364220252405,1502.372244094488,41.04632462000001,29.470000000000027,0.11524547803617571,0.08940502704422526,-0.15247391450690004,"{""type"":""Point"",""coordinates"":[78.55457439491781,17.399939341556824]}"
370,23.901310947963168,1317.904724409449,40.950620060000006,27.660000000000025,0.06423927178153446,0.2736283185840708,-0.32669616519174044,"{""type"":""Point"",""coordinates"":[78.37977958313338,17.303982134619577]}"
371,23.898320994657638,608.7836614173228,31.547647040000015,29.810000000000002,-0.1111111111111111,0.3709063214013709,-0.22282608695652173,"{""type"":""Point"",""coordinates"":[78.4192992414718,17.418031663892496]}"
372,23.902567221901677,1613.3309055118111,41.28216800000001,30.680000000000007,0.04032623470774807,0.24150058616647127,-0.29660238751147844,"{""type"":""Point"",""coordinates"":[78.50196353568771,17.38939577124306]}"
373,24.037715318467917,1330.791535433071,41.51117534000002,27.590000000000032,0.004961659900766802,0.5151098901098901,-0.5524278676988037,"{""type"":""Point"",""coordinates"":[78.5940098473143,17.34608385659175]}"
374,23.898320994657638,1827.3614173228348,40.84466143999998,30.53000000000003,0.06851037083595223,0.14558103581551146,-0.2114441416893733,"{""type"":""Point"",""coordinates"":[78.40024590274143,17.402516084036684]}"
375,23.654055255392336,1719.1753937007875,38.85879182000002,29.670000000000016,0.06,0.1393939393939394,-0.17233560090702948,"{""type"":""Point"",""coordinates"":[78.38222847017987,17.475283489373677]}"
376,23.902567221901677,1686.3673228346458,42.35542628000002,30.470000000000027,0.07583029372240353,0.3247110621904238,-0.41090269636576787,"{""type"":""Point"",""coordinates"":[78.50093683545906,17.408147452293566]}"
377,23.902567221901677,904.1025590551181,40.044844760000046,29.850000000000023,0.22064276885043263,0.40736607142857145,-0.5074716078900179,"{""type"":""Point"",""coordinates"":[78.52671560050435,17.405532993180383]}"
378,24.047364220252405,1261.7442913385826,37.628304619999994,27.150000000000034,0.1807802093244529,0.32921651871864144,-0.4225526641883519,"{""type"":""Point"",""coordinates"":[78.59379153303864,17.371640791995308]}"
379,23.902567221901677,1865.4844488188976,39.47403542000001,29.720000000000027,0.08282476024411509,0.0748403575989783,-0.1357624831309042,"{""type"":""Point"",""coordinates"":[78.53867060521218,17.389741337821114]}"
380,24.026762300379175,1917.211811023622,41.98969814000003,30.250000000000057,-0.02375071252137564,0.27285613040396883,-0.337968711199404,"{""type"":""Point"",""coordinates"":[78.47109405276309,17.320123801115763]}"
381,24.037715318467917,1288.9283464566927,40.07902496000003,27.590000000000032,0.14936369725385132,0.4216417910447761,-0.49236192714453586,"{""type"":""Point"",""coordinates"":[78.59547288340933,17.34487093670853]}"
382,23.72446443962332,1743.3289370078742,38.33925278000004,29.590000000000032,0.0413564929693962,0.23363491218733368,-0.291005291005291,"{""type"":""Point"",""coordinates"":[78.57406050504585,17.490628819407483]}"
383,24.026762300379175,2020.8289370078737,43.097136620000015,27.77000000000004,0.014115092290988056,0.2649175760390063,-0.3036611629576454,"{""type"":""Point"",""coordinates"":[78.54895554072341,17.297927773477998]}"
384,24.047364220252405,1843.8102362204725,40.557547760000034,29.690000000000055,0.07294513348749211,0.13806451612903226,-0.19285907492561535,"{""type"":""Point"",""coordinates"":[78.56196409659943,17.368876980376438]}"
385,23.901310947963168,1519.575,43.66452794000003,27.99000000000001,0.023990403838464614,0.49616916947594236,-0.5415219450584149,"{""type"":""Point"",""coordinates"":[78.38058331720326,17.3324952519987]}"
386,23.902567221901677,1630.479527559055,41.67524030000004,30.170000000000016,0.10813823857302118,0.09409190371991247,-0.2102874432677761,"{""type"":""Point"",""coordinates"":[78.4936470048888,17.443462911341385]}"
387,24.037715318467917,2151.873228346457,42.751916600000015,29.810000000000002,0.08334930063230504,0.07578142568023387,-0.11723493694535264,"{""type"":""Point"",""coordinates"":[78.55192331169499,17.335636865828846]}"
388,23.902567221901677,532.4647637795275,31.745892200000014,29.010000000000048,-0.3516260162601626,0.14655172413793102,0.021339220014716703,"{""type"":""Point"",""coordinates"":[78.46782508877627,17.41477969699736]}"
389,23.902567221901677,1733.4539370078742,40.67034242,30.160000000000025,0.04755811473661761,0.22088572990705305,-0.2698322433892522,"{""type"":""Point"",""coordinates"":[78.50668914665354,17.43022669344526]}"
390,23.898320994657638,1779.1576771653545,41.59320782000003,30.260000000000048,0.11228968544257498,0.25881742738589214,-0.3758503401360544,"{""type"":""Point"",""coordinates"":[78.3958008788876,17.40787331421648]}"
391,23.898320994657638,1966.2807086614175,40.605400040000006,29.480000000000018,0.07755102040816327,0.23850369311412914,-0.3149506703769289,"{""type"":""Point"",""coordinates"":[78.4066963804448,17.350593773677485]}"
392,23.677732252038084,1767.5041338582676,37.310428760000036,29.310000000000002,-0.038492063492063494,0.36444212721584984,-0.3853890947591318,"{""type"":""Point"",""coordinates"":[78.50249825486472,17.489777596202714]}"
393,23.902567221901677,1711.8751968503934,41.83246922000001,30.07000000000005,0.12928022361984626,0.07847663012117714,-0.13789954337899543,"{""type"":""Point"",""coordinates"":[78.50058667867133,17.432539785190066]}"
394,23.898320994657638,1342.9598425196848,37.447149560000014,29.99000000000001,0.07330960854092526,0.3714887640449438,-0.4276315789473684,"{""type"":""Point"",""coordinates"":[78.41206916942825,17.424943038317856]}"
395,23.654055255392336,1754.3102362204722,40.86516956000003,29.870000000000005,0.056932350971198926,0.13578919064264589,-0.18518518518518517,"{""type"":""Point"",""coordinates"":[78.41893645837943,17.481785203497715]}"
396,24.037715318467917,2075.6665354330707,39.58341206,28.190000000000055,0.05816762683516075,0.12447304193476814,-0.19754253308128544,"{""type"":""Point"",""coordinates"":[78.58995064753702,17.324205731115637]}"
397,24.037715318467917,1566.8830708661417,40.61223608,28.130000000000052,0.01232504700229789,0.39140670982931136,-0.43316156411033646,"{""type"":""Point"",""coordinates"":[78.56906173949639,17.30936942250821]}"
398,24.026762300379175,1078.4608267716533,34.40511176000001,28.83000000000004,0.0012033694344163659,0.42306043720531505,-0.44473455178416016,"{""type"":""Point"",""coordinates"":[78.45336482061359,17.300589836646875]}"
399,23.902567221901677,1533.3486220472441,40.919857879999995,29.79000000000002,0.09515260323159784,0.22702373706634205,-0.3224007871433257,"{""type"":""Point"",""coordinates"":[78.54901997970997,17.43956059595015]}"
400,23.901310947963168,2953.1901574803146,41.72651059999998,27.390000000000043,0.10728887635697167,0.04161868728409278,-0.09266609145815358,"{""type"":""Point"",""coordinates"":[78.38186788425385,17.299179744036984]}"
401,23.898320994657638,2085.7433070866145,40.772883019999995,29.54000000000002,0.05426067499533843,0.13696480609728762,-0.20047337278106508,"{""type"":""Point"",""coordinates"":[78.3982001321279,17.36905366056858]}"
402,24.026762300379175,1788.1074803149606,43.57565942000002,27.850000000000023,0.12202013067278827,0.29277171086843473,-0.40889770473221876,"{""type"":""Point"",""coordinates"":[78.4805517655906,17.282811009097255]}"
403,23.901310947963168,2462.1950787401574,42.65279401999999,27.930000000000007,0.10584170854271356,0.13993993993993994,-0.2017728999577881,"{""type"":""Point"",""coordinates"":[78.39132028125887,17.317440738989006]}"
404,23.677732252038084,2041.779724409449,38.43153932000001,30.110000000000014,0.03576864535768645,0.14531073446327683,-0.21302058401148874,"{""type"":""Point"",""coordinates"":[78.5332862364747,17.45656023508051]}"
405,23.902567221901677,1849.9470472440946,41.66498624000002,30.850000000000023,0.08721934369602763,0.08633093525179857,-0.15047619047619049,"{""type"":""Point"",""coordinates"":[78.468065593189,17.381921694439445]}"
406,23.902567221901677,1901.590748031496,40.45500716000004,30.660000000000025,0.08946726311508743,0.13395796404152951,-0.18653948065712772,"{""type"":""Point"",""coordinates"":[78.54210246569771,17.37431797880817]}"
407,23.898320994657638,1801.9431102362205,40.22258180000006,30.650000000000034,0.013333333333333334,0.22838018741633198,-0.24470971242539338,"{""type"":""Point"",""coordinates"":[78.42681653526968,17.390490662405472]}"
408,23.898320994657638,2125.4942913385826,41.83246922000001,29.200000000000045,0.0763732129420617,0.08893324462186737,-0.14532306974574294,"{""type"":""Point"",""coordinates"":[78.38122079360906,17.3532866011894]}"
409,23.898320994657638,2010.432283464567,41.719674560000044,29.360000000000014,0.06604651162790698,0.1585506577429033,-0.240731586752348,"{""type"":""Point"",""coordinates"":[78.39734244615975,17.35161783847589]}"
410,24.037715318467917,1539.4962598425195,46.98000734000004,27.430000000000007,0.10513447432762836,0.3305059073008179,-0.43061889250814334,"{""type"":""Point"",""coordinates"":[78.55993932025189,17.287558897655874]}"
411,23.902567221901677,1708.1645669291336,39.44327324000005,29.58000000000004,0.10202184522426214,0.09991460290350128,-0.15412186379928317,"{""type"":""Point"",""coordinates"":[78.45723599200173,17.408642893753047]}"
412,23.898320994657638,1809.9746062992126,40.048262780000016,30.670000000000016,0.060672195547795724,0.14316069057104913,-0.1882937603533959,"{""type"":""Point"",""coordinates"":[78.44098988952253,17.390498251955282]}"
413,24.037715318467917,1185.0031496062993,41.391544640000006,27.670000000000016,0.1625090821022039,0.4330708661417323,-0.4937365010799136,"{""type"":""Point"",""coordinates"":[78.58269796903474,17.34198575688925]}"
414,24.037715318467917,137.1035433070866,29.783948720000012,27.470000000000027,0.2822966507177033,-0.3902439024390244,0.5967741935483871,"{""type"":""Point"",""coordinates"":[78.58098741910099,17.286998329577635]}"
415,23.902567221901677,1821.1153543307087,40.26701606000006,30.340000000000032,0.0952481520591341,0.11272727272727273,-0.18637496538355025,"{""type"":""Point"",""coordinates"":[78.47855086489048,17.399335044856137]}"
416,23.72446443962332,1757.3102362204725,41.39838068000006,29.930000000000007,0.10413573700954401,0.14751426242868787,-0.2222222222222222,"{""type"":""Point"",""coordinates"":[78.56984315270364,17.481061239901543]}"
417,24.047364220252405,1275.4362204724407,39.689370680000025,27.350000000000023,0.09719934102141681,0.4228486646884273,-0.482225656877898,"{""type"":""Point"",""coordinates"":[78.58996308282785,17.361536657320972]}"
418,23.72446443962332,1864.4854330708663,41.40179870000003,28.880000000000052,0.08000794123486202,0.15101838052657726,-0.24771136241249328,"{""type"":""Point"",""coordinates"":[78.58818632773864,17.476315548148623]}"
419,23.898320994657638,1833.7620078740158,41.07708680000002,30.110000000000014,0.050237341772151896,0.2593758195646473,-0.30029786081776333,"{""type"":""Point"",""coordinates"":[78.40025174789571,17.39907587140344]}"
420,23.898320994657638,2196.293503937008,42.570761540000035,29.170000000000016,0.09590973201692525,0.10422049956933678,-0.17695662152857472,"{""type"":""Point"",""coordinates"":[78.37790765852203,17.360356853181614]}"
421,23.901310947963168,2212.1812992125983,43.12106276000003,28.05000000000001,0.07788366743345383,0.16431535269709543,-0.2546389447797899,"{""type"":""Point"",""coordinates"":[78.38857365338293,17.307421296339594]}"
422,23.72446443962332,1973.4440944881892,40.83782540000004,28.670000000000016,0.11213744688712358,0.1696276466293502,-0.2548302872062663,"{""type"":""Point"",""coordinates"":[78.59175659271817,17.46555681543383]}"
423,23.902567221901677,1332.047440944882,39.053618959999994,29.700000000000045,-0.08280565026790063,0.5096774193548387,-0.5101902173913043,"{""type"":""Point"",""coordinates"":[78.52585212719862,17.415120394728213]}"
424,23.898320994657638,1143.7265748031498,38.49989972000003,29.870000000000005,0.1916624300965938,0.3784135240572172,-0.45271813613522155,"{""type"":""Point"",""coordinates"":[78.42265543519538,17.417853087907687]}"
425,23.654055255392336,2067.5346456692914,40.656670340000005,29.680000000000007,0.10830837143307583,0.23790763843291748,-0.36618357487922704,"{""type"":""Point"",""coordinates"":[78.4067112144907,17.47857540705023]}"
426,23.898320994657638,1675.7049212598422,37.40613331999998,29.970000000000027,-0.08117016893283889,0.4229934924078091,-0.43978052126200273,"{""type"":""Point"",""coordinates"":[78.4057741586598,17.431877877173473]}"
427,23.901310947963168,1925.7974409448818,41.309512160000054,28.230000000000018,0.01761252446183953,0.20818291215403129,-0.2625754527162978,"{""type"":""Point"",""coordinates"":[78.37918357823185,17.341000279186048]}"
428,24.026762300379175,1830.1763779527557,42.34859024000002,30.390000000000043,0.08186264086753137,0.12155844155844156,-0.1768874352684655,"{""type"":""Point"",""coordinates"":[78.47748692895352,17.349337681989766]}"
429,23.72446443962332,1437.7068897637796,41.330020279999985,29.850000000000023,0.16666666666666666,0.305575158786168,-0.36229749631811486,"{""type"":""Point"",""coordinates"":[78.55810346426588,17.452113221302653]}"
430,23.654055255392336,1803.1133858267717,38.622948440000016,30.53000000000003,0.013046179333195278,0.23567539538501425,-0.272630173564753,"{""type"":""Point"",""coordinates"":[78.44017557468288,17.450739735571513]}"
431,23.898320994657638,1231.8368110236222,38.038467019999985,29.870000000000005,0.21794871794871795,0.3149700598802395,-0.4315514993481095,"{""type"":""Point"",""coordinates"":[78.42444487642666,17.417209517337874]}"
432,23.72446443962332,1840.481496062992,40.07560694000006,28.690000000000055,0.060053289608526336,0.16603101957793034,-0.22949061662198392,"{""type"":""Point"",""coordinates"":[78.59861129496298,17.48581343024366]}"
433,24.037715318467917,1941.586811023622,42.39986054000002,27.450000000000045,0.058174523570712136,0.3247119680225723,-0.41985887096774194,"{""type"":""Point"",""coordinates"":[78.57738876148655,17.28146196100867]}"
434,23.72446443962332,1825.2019685039372,39.10147124000002,29.590000000000032,0.040887610437641254,0.19325153374233128,-0.26128073493650367,"{""type"":""Point"",""coordinates"":[78.56424667361956,17.48372942812441]}"
435,23.654055255392336,1988.096653543307,39.97990238,29.640000000000043,0.07045636509207366,0.10676835081029552,-0.16041979010494753,"{""type"":""Point"",""coordinates"":[78.39588697576384,17.45448450862169]}"
436,23.677732252038084,2014.6074803149606,47.33889943999998,30.350000000000023,0.1861106603926659,0.15151515151515152,-0.3059099192918511,"{""type"":""Point"",""coordinates"":[78.4753911304408,17.451704277855157]}"
437,23.677732252038084,1741.608464566929,40.07218892000003,28.99000000000001,0.07190265486725664,0.31883678281372807,-0.42324003392705684,"{""type"":""Point"",""coordinates"":[78.47052158314557,17.487241219409345]}"
438,24.026762300379175,2261.2905511811023,42.160599140000045,27.350000000000023,0.07496372722876028,0.23984442523768368,-0.3109435686543294,"{""type"":""Point"",""coordinates"":[78.45197495320376,17.280472666117674]}"
439,24.037715318467917,1447.7403543307087,42.73140848000003,28.670000000000016,0.09946808510638298,0.14391891891891892,-0.19773611602405378,"{""type"":""Point"",""coordinates"":[78.58042409008782,17.34565543852433]}"
440,23.898320994657638,1813.7285433070865,41.28216800000001,29.310000000000002,0.033196721311475406,0.24157894736842106,-0.27238403451995685,"{""type"":""Point"",""coordinates"":[78.38871124264242,17.35507613716409]}"
441,24.037715318467917,1346.0277559055119,40.37981072000002,28.670000000000016,0.047004608294930875,0.4486865148861646,-0.4792560801144492,"{""type"":""Point"",""coordinates"":[78.57827941232524,17.3496187462587]}"
442,23.677732252038084,1547.1271653543308,37.28308460000005,29.27000000000004,0.056801509117585414,0.3686131386861314,-0.4084507042253521,"{""type"":""Point"",""coordinates"":[78.46034752892034,17.480198023804448]}"
443,23.677732252038084,1864.4175196850392,38.411031200000025,29.410000000000025,0.06203288490284006,0.2572001001753068,-0.32909716706380726,"{""type"":""Point"",""coordinates"":[78.46650731634942,17.492156696766447]}"
444,23.902567221901677,1933.7866141732281,38.97842251999998,30.470000000000027,0.06419119099348213,0.16470009832841692,-0.21331626120358516,"{""type"":""Point"",""coordinates"":[78.53132603406335,17.44880521739815]}"
445,24.026762300379175,1211.1379921259843,42.36568034000004,27.470000000000027,0.18817966903073285,0.3818913480885312,-0.4618986802894849,"{""type"":""Point"",""coordinates"":[78.5217096476303,17.28463659626136]}"
446,24.026762300379175,1884.7492125984252,43.616675660000055,29.57000000000005,0.10928616550852811,0.0885229027277406,-0.13801452784503632,"{""type"":""Point"",""coordinates"":[78.49299276561202,17.32381745337558]}"
447,24.026762300379175,1723.9125984251966,44.63182760000001,30.250000000000057,0.12491620111731844,0.09538461538461539,-0.16651772415847482,"{""type"":""Point"",""coordinates"":[78.46961046639852,17.322939341601955]}"
448,23.902567221901677,1980.5523622047244,38.903226080000024,29.79000000000002,0.007616570685491362,0.21935631134444192,-0.2934624697336562,"{""type"":""Point"",""coordinates"":[78.54357834861167,17.43741807384411]}"
449,23.898320994657638,1722.5671259842518,38.22304010000005,29.970000000000027,-0.049726085124315214,0.324647700079766,-0.34903872190630925,"{""type"":""Point"",""coordinates"":[78.40341514065172,17.43224982716698]}"
450,24.047364220252405,1652.0572834645668,41.17279136000002,28.890000000000043,0.07707910750507099,0.27379619260918253,-0.3602391629297459,"{""type"":""Point"",""coordinates"":[78.58712672525597,17.43472175381417]}"
451,23.902567221901677,2046.8407480314957,37.54969016000001,29.53000000000003,0.01911976911976912,0.21086617679804054,-0.28466808410111033,"{""type"":""Point"",""coordinates"":[78.54472595992918,17.38480681060965]}"
452,23.654055255392336,1947.569094488189,40.46867924000003,29.950000000000045,0.09520153550863723,0.13262854396924556,-0.2084081004870546,"{""type"":""Point"",""coordinates"":[78.43057654351769,17.464404056903348]}"
453,23.654055255392336,1278.4086614173227,37.248904400000015,29.430000000000007,-0.02850412249705536,0.5756044749188018,-0.5665590240401865,"{""type"":""Point"",""coordinates"":[78.43739752533367,17.48290024757904]}"
454,23.901310947963168,1425.6812992125986,37.720591160000026,28.49000000000001,-0.14197257850508624,0.6383248730964467,-0.6042249145697421,"{""type"":""Point"",""coordinates"":[78.40127175188906,17.31754785313873]}"
455,23.677732252038084,1343.5021653543306,38.311908620000054,29.27000000000004,0.050980392156862744,0.4871969955616251,-0.5579399141630901,"{""type"":""Point"",""coordinates"":[78.46802004679088,17.488889076875243]}"
456,23.901310947963168,1456.3141732283461,38.886135980000006,28.390000000000043,0.04245786217196501,0.4407704654895666,-0.4846179292093946,"{""type"":""Point"",""coordinates"":[78.40635923617879,17.309788508175412]}"
457,24.026762300379175,1814.5375984251966,43.36374218000003,30.28000000000003,0.1088495575221239,0.07413333333333333,-0.13368983957219252,"{""type"":""Point"",""coordinates"":[78.46682614113239,17.34335401134585]}"
458,23.72446443962332,1808.6547244094488,38.48622764000004,30.590000000000032,0.051559516231699555,0.15146831530139104,-0.20550161812297735,"{""type"":""Point"",""coordinates"":[78.5519081776998,17.47596406178151]}"
459,23.677732252038084,1410.4608267716535,36.80456179999999,29.52000000000004,-0.03093681917211329,0.5403645833333334,-0.5586297760210803,"{""type"":""Point"",""coordinates"":[78.51935514466875,17.48536414209695]}"
460,23.677732252038084,1322.1950787401574,38.97842251999998,29.510000000000048,0.061764705882352944,0.36812008577555394,-0.416204217536071,"{""type"":""Point"",""coordinates"":[78.50212366572386,17.481312911219558]}"
461,23.902567221901677,1733.215748031496,41.16595532000002,30.49000000000001,0.12305961754780652,0.0995768688293371,-0.15496296296296297,"{""type"":""Point"",""coordinates"":[78.48214826647799,17.394694772305154]}"
462,23.902567221901677,1736.8023622047242,39.77823920000003,30.460000000000036,0.018933623503808488,0.20245398773006135,-0.25222222222222224,"{""type"":""Point"",""coordinates"":[78.51888025648726,17.375338824767706]}"
463,23.902567221901677,1410.7610236220473,39.050200940000025,29.870000000000005,0.00850546780072904,0.34210526315789475,-0.3779128672745694,"{""type"":""Point"",""coordinates"":[78.5224590768201,17.416469220694488]}"
464,24.037715318467917,2124.7246062992126,40.328540420000024,28.190000000000055,0.10539940828402367,0.08232662192393736,-0.14454696001892595,"{""type"":""Point"",""coordinates"":[78.58752614350799,17.323905446158598]}"
465,24.026762300379175,1662.5484251968505,42.36909836000001,30.260000000000048,0.11190989695662593,0.08425980105324751,-0.14347423634680653,"{""type"":""Point"",""coordinates"":[78.49899468116547,17.339090664679777]}"
466,24.047364220252405,1719.2905511811025,38.8041035,30.650000000000034,0.05336635892816933,0.15557998900494777,-0.2094361334867664,"{""type"":""Point"",""coordinates"":[78.5553351710526,17.365750419513848]}"
467,23.898320994657638,2040.9608267716535,40.32170438000003,30.57000000000005,0.07364649681528662,0.08840037418147802,-0.14856860809476802,"{""type"":""Point"",""coordinates"":[78.41640070213677,17.403196144414142]}"
468,24.037715318467917,1771.3338582677166,41.671822280000015,27.450000000000045,0.008776458440887971,0.4826254826254826,-0.5189873417721519,"{""type"":""Point"",""coordinates"":[78.57653498701886,17.278433883628736]}"
469,23.654055255392336,1556.0927165354333,41.01556244000005,29.930000000000007,0.06005859375,0.1551155115511551,-0.22494432071269488,"{""type"":""Point"",""coordinates"":[78.43067592117056,17.468086195024817]}"
470,23.902567221901677,1780.672440944882,42.49556510000002,30.700000000000045,0.11155115511551156,0.10660454919155933,-0.1640242144710291,"{""type"":""Point"",""coordinates"":[78.45454668976966,17.369087188735087]}"
471,24.026762300379175,2010.5907480314959,43.52438912000002,28.110000000000014,0.07734204793028322,0.16559633027522935,-0.2548148148148148,"{""type"":""Point"",""coordinates"":[78.5289579329834,17.295367175215393]}"
472,23.902567221901677,1783.1734251968503,41.27533196000002,30.500000000000057,0.08933217692974849,0.11613074674461865,-0.1797752808988764,"{""type"":""Point"",""coordinates"":[78.53900971507879,17.355583271868117]}"
473,23.901310947963168,1633.7442913385826,44.04392816000001,27.210000000000036,0.11209068010075567,0.18421052631578946,-0.32685069008782935,"{""type"":""Point"",""coordinates"":[78.42181869431079,17.288206136447965]}"
474,23.677732252038084,1855.1064960629922,39.62784632,30.210000000000036,0.06712494945410433,0.18398768283294842,-0.23998925020155873,"{""type"":""Point"",""coordinates"":[78.48007629160014,17.461312529038874]}"
475,23.677732252038084,1785.828937007874,39.750895040000046,30.02000000000004,0.03911696359411309,0.2389513108614232,-0.3407187246690084,"{""type"":""Point"",""coordinates"":[78.4679576125751,17.460857200318188]}"
476,23.654055255392336,1754.3102362204722,40.86516956000003,29.870000000000005,0.056932350971198926,0.13578919064264589,-0.18518518518518517,"{""type"":""Point"",""coordinates"":[78.41902333424629,17.48210447109563]}"
477,24.026762300379175,2109.715748031496,43.391086340000015,27.560000000000002,0.09352989352989353,0.23224226230238254,-0.3015051740357479,"{""type"":""Point"",""coordinates"":[78.53009728524091,17.280005813433508]}"
478,23.898320994657638,1968.1409448818897,43.295381780000014,29.730000000000018,0.08975521305530372,0.18872839213829032,-0.2712079007343631,"{""type"":""Point"",""coordinates"":[78.38162018501797,17.428996658476855]}"
479,24.037715318467917,1714.8653543307084,39.313388480000015,29.170000000000016,0.0635390571623776,0.1355979011322839,-0.18809592603293845,"{""type"":""Point"",""coordinates"":[78.5697914967941,17.33413394339861]}"
480,23.677732252038084,2018.3830708661417,38.739161120000006,30.33000000000004,0.07208082378084321,0.10046082949308756,-0.17635467980295566,"{""type"":""Point"",""coordinates"":[78.53831177341758,17.455950381181125]}"
481,23.898320994657638,2160.151771653543,40.02775466000003,29.210000000000036,0.007360672975814932,0.20896478121664888,-0.26910150123235493,"{""type"":""Point"",""coordinates"":[78.38020050115676,17.37280487531054]}"
482,23.902567221901677,1823.3791338582676,40.13371328000005,30.33000000000004,0.1080669710806697,0.08604712734974848,-0.14007782101167315,"{""type"":""Point"",""coordinates"":[78.51648277620824,17.394160448714306]}"
483,23.902567221901677,1955.9726377952754,37.495001839999986,29.53000000000003,-0.1497735980494601,0.4960344436891004,-0.4980712502836397,"{""type"":""Point"",""coordinates"":[78.54386128755064,17.384427676826977]}"
484,24.037715318467917,1865.672440944882,39.27237223999998,28.33000000000004,0.06920342881037006,0.12737401873892124,-0.18625099920063948,"{""type"":""Point"",""coordinates"":[78.59552184646357,17.33399944280111]}"
485,24.037715318467917,1853.0316929133858,40.75237490000001,29.970000000000027,0.017529215358931552,0.1867910259642047,-0.22956385479237398,"{""type"":""Point"",""coordinates"":[78.55242842076,17.346839919101374]}"
486,24.026762300379175,1192.408661417323,42.98434196000005,28.440000000000055,0.13133940182054615,0.3610431947840261,-0.4316330904414916,"{""type"":""Point"",""coordinates"":[78.5078762244626,17.3083375766598]}"
487,23.677732252038084,2261.8988188976377,40.00724653999998,30.210000000000036,0.0868133772309825,0.16929221211448858,-0.20374600274097762,"{""type"":""Point"",""coordinates"":[78.47848789858764,17.464072453993495]}"
488,23.898320994657638,1840.0917322834646,39.58341206,30.03000000000003,0.019815577790857367,0.2833290521448754,-0.3185537081024017,"{""type"":""Point"",""coordinates"":[78.41391124350072,17.366480558655173]}"
489,23.898320994657638,1559.2275590551183,40.99505432000001,29.650000000000034,-2.1272069772388852E-4,0.4056801195814649,-0.44321669736034375,"{""type"":""Point"",""coordinates"":[78.39700932996004,17.377818578902545]}"
490,24.047364220252405,1862.6990157480316,34.35725948000004,27.870000000000005,-0.2351150202976996,0.7080701754385965,-0.635752688172043,"{""type"":""Point"",""coordinates"":[78.58403232478187,17.38713814350113]}"
491,23.898320994657638,1882.946062992126,41.03948858000001,29.960000000000036,0.08434636244623153,0.22768304914744233,-0.29182058047493403,"{""type"":""Point"",""coordinates"":[78.37947990065769,17.416978399961717]}"
492,23.654055255392336,1161.4903543307087,38.02479493999999,29.430000000000007,0.131592164741336,0.46277495769881555,-0.4982668977469671,"{""type"":""Point"",""coordinates"":[78.43397037706178,17.479074944713552]}"
493,24.037715318467917,1914.1261811023624,43.28170970000002,27.680000000000007,0.08858413639733136,0.20954254795868174,-0.2800624674648621,"{""type"":""Point"",""coordinates"":[78.58889937295959,17.299610119093707]}"
494,24.026762300379175,1680.68031496063,44.38914818000001,27.360000000000014,0.01021355617455896,0.47522834209797954,-0.4772727272727273,"{""type"":""Point"",""coordinates"":[78.49230634055651,17.278327366997274]}"
495,23.898320994657638,1987.4381889763777,42.12300091999998,30.590000000000032,0.10641721987527661,0.07737084647101625,-0.15286789514663898,"{""type"":""Point"",""coordinates"":[78.4428477158661,17.38111453762761]}"
496,23.902567221901677,1744.5976377952754,41.01214442000003,30.77000000000004,0.11865962818453064,0.08413325804630152,-0.1290796824463393,"{""type"":""Point"",""coordinates"":[78.46137013792534,17.395556662647284]}"
497,24.037715318467917,1532.6429133858267,40.69426856000001,27.52000000000004,0.13159443028044715,0.3633004926108374,-0.4489528795811518,"{""type"":""Point"",""coordinates"":[78.58108472087953,17.294823534733077]}"
498,23.677732252038084,1232.9332677165355,35.909040559999994,29.55000000000001,0.029865604778496764,0.5256360078277886,-0.5143745143745144,"{""type"":""Point"",""coordinates"":[78.51377409641276,17.46878224691961]}"
499,24.026762300379175,1984.9992125984252,41.77778090000004,28.07000000000005,0.08741594620557157,0.13338105464089717,-0.19858692909412062,"{""type"":""Point"",""coordinates"":[78.53885065968322,17.29975618788032]}"
500,23.902567221901677,1822.5996062992126,38.51357180000002,28.79000000000002,0.008160703075957313,0.20980091883614088,-0.2549642573471009,"{""type"":""Point"",""coordinates"":[78.48098531325971,17.4395430542519]}"
501,24.026762300379175,1751.715748031496,41.85981337999999,29.52000000000004,-0.0327648974899406,0.39782157676348545,-0.4384841206298372,"{""type"":""Point"",""coordinates"":[78.46943089824248,17.311665696291016]}"
502,23.898320994657638,1471.2846456692914,39.41592908000001,30.610000000000014,0.05145317545748116,0.4022915340547422,-0.4546054803565533,"{""type"":""Point"",""coordinates"":[78.4225121320863,17.442871487727164]}"
503,23.901310947963168,1801.1950787401572,42.194779340000025,28.49000000000001,0.014388489208633094,0.27705851890212324,-0.3233163402200161,"{""type"":""Point"",""coordinates"":[78.40286624774387,17.32244780967143]}"
504,24.047364220252405,2111.2728346456697,42.66646609999998,29.060000000000002,0.09828986007946104,0.16129032258064516,-0.2566201251805489,"{""type"":""Point"",""coordinates"":[78.57490728933581,17.429959395949133]}"
505,23.898320994657638,1770.6970472440944,38.84511974000003,30.360000000000014,0.10469798657718121,0.08425900839880791,-0.1424493291464459,"{""type"":""Point"",""coordinates"":[78.42842200940754,17.43195235523741]}"
506,23.901310947963168,1659.6980314960629,40.85491550000006,27.160000000000025,0.07050831576481612,0.12695257029253054,-0.1830649970184854,"{""type"":""Point"",""coordinates"":[78.4129712350329,17.28519557066627]}"
507,23.901310947963168,1780.4972440944882,41.38812661999998,27.210000000000036,0.09412861136999068,0.2915227212330587,-0.36593591905564926,"{""type"":""Point"",""coordinates"":[78.42463334645915,17.288344724849527]}"
508,24.037715318467917,2214.0336614173234,40.22258180000006,27.660000000000025,0.07953340402969247,0.09989440337909188,-0.16849899035225488,"{""type"":""Point"",""coordinates"":[78.56028932584869,17.295265227552903]}"
509,23.901310947963168,1765.9381889763781,35.15707616000003,28.370000000000005,-0.15166816952209197,0.607754279959718,-0.596100974756311,"{""type"":""Point"",""coordinates"":[78.44356651664815,17.34650718023299]}"
510,23.677732252038084,1595.9942913385826,38.233294160000014,30.170000000000016,0.0392156862745098,0.3878612716763006,-0.44247521778311805,"{""type"":""Point"",""coordinates"":[78.46558756318758,17.466167686688877]}"
511,23.902567221901677,1765.8437007874015,41.26507790000005,30.680000000000007,0.024843378699503132,0.20437566702241194,-0.2500692328994738,"{""type"":""Point"",""coordinates"":[78.46344106033823,17.381984408225627]}"
512,23.677732252038084,1351.1950787401574,37.20447014000001,29.27000000000004,0.064,0.4716981132075472,-0.5151079136690647,"{""type"":""Point"",""coordinates"":[78.45797300274145,17.483918151619566]}"
513,23.677732252038084,1920.711811023622,39.65177246000002,29.650000000000034,0.08205560235888795,0.2702261599440429,-0.4183806300442593,"{""type"":""Point"",""coordinates"":[78.52227531600177,17.49238467842364]}"
514,24.026762300379175,2127.928346456693,41.69574842000003,29.120000000000005,0.08411533867940625,0.17154081187254475,-0.2504076403447473,"{""type"":""Point"",""coordinates"":[78.54407746581894,17.31696822875624]}"
515,23.654055255392336,2070.2364173228348,40.424244980000026,29.52000000000004,0.010605542251111872,0.28191489361702127,-0.34793754369610813,"{""type"":""Point"",""coordinates"":[78.40343419558637,17.46133574158575]}"
516,24.047364220252405,1958.3417322834646,43.20309524000004,28.610000000000014,0.07419989272304667,0.23609453330150393,-0.3112180298809825,"{""type"":""Point"",""coordinates"":[78.58673979347634,17.394459181165825]}"
517,23.902567221901677,1862.7846456692914,38.95791440000005,28.590000000000032,0.0978426672477664,0.07115135834411385,-0.13022113022113022,"{""type"":""Point"",""coordinates"":[78.46252779930116,17.418283172049648]}"
518,24.037715318467917,1872.3643700787402,39.231356000000005,29.440000000000055,0.04398340248962656,0.16187594553706505,-0.21390937829293993,"{""type"":""Point"",""coordinates"":[78.56952981318217,17.32671381052348]}"
519,23.898320994657638,1702.7944881889764,40.044844760000046,29.650000000000034,0.0072423398328690805,0.4237017310252996,-0.501685393258427,"{""type"":""Point"",""coordinates"":[78.40392180114848,17.378017111044603]}"
520,23.901310947963168,906.3141732283465,37.426641440000026,28.480000000000018,0.01349014181943964,0.4830993239729589,-0.4685890834191555,"{""type"":""Point"",""coordinates"":[78.40041705417183,17.30980956953457]}"
521,24.026762300379175,2387.8328740157476,36.22349840000004,29.930000000000007,-0.4933297032398584,0.8739323539460199,-0.7921908184937102,"{""type"":""Point"",""coordinates"":[78.52330524734957,17.333996236710572]}"
522,24.037715318467917,2035.3870078740156,41.51117534000002,27.710000000000036,0.0464893820547159,0.14944649446494465,-0.19577735124760076,"{""type"":""Point"",""coordinates"":[78.58660372355641,17.304119891021806]}"
523,23.902567221901677,1655.2246062992126,42.167435179999984,30.700000000000045,0.07033780657103193,0.1589270262474762,-0.21646987587042082,"{""type"":""Point"",""coordinates"":[78.46218891949002,17.371765979750748]}"
524,23.654055255392336,1777.6192913385828,39.50821561999999,29.140000000000043,0.08552765870585834,0.1839323467230444,-0.24582869855394884,"{""type"":""Point"",""coordinates"":[78.37539841153387,17.479320436245242]}"
525,23.898320994657638,1299.0051181102363,38.363178919999996,29.910000000000025,-0.03286159750539698,0.511938202247191,-0.5210173083716001,"{""type"":""Point"",""coordinates"":[78.40506435446424,17.376487846411777]}"
526,23.902567221901677,1834.9431102362203,42.41695063999998,30.230000000000018,0.11209813874788493,0.10328515111695138,-0.17492303386509936,"{""type"":""Point"",""coordinates"":[78.46015046389586,17.35791114368369]}"
527,23.654055255392336,1963.366338582677,39.09805322,29.450000000000045,0.09756944444444444,0.19384474046853467,-0.30701533819461907,"{""type"":""Point"",""coordinates"":[78.44682049235765,17.478556016353167]}"
528,23.902567221901677,1862.2669291338582,41.46674108000002,30.77000000000004,0.11670578195007468,0.09321362556113018,-0.1480865224625624,"{""type"":""Point"",""coordinates"":[78.45930962516266,17.392916807790964]}"
529,24.047364220252405,1870.983464566929,41.13177512000004,29.03000000000003,0.134596600898613,0.11474584801207852,-0.2044589450788472,"{""type"":""Point"",""coordinates"":[78.58286843961129,17.40151484553869]}"
530,24.047364220252405,2079.4253937007875,41.603461880000054,29.640000000000043,0.10753424657534247,0.21406941532727697,-0.28627838104639686,"{""type"":""Point"",""coordinates"":[78.58517635152003,17.41111539292069]}"
531,24.026762300379175,2197.9057086614175,41.48041316000001,28.630000000000052,0.05461121157323689,0.11804961505560307,-0.17721233956316146,"{""type"":""Point"",""coordinates"":[78.53751987059769,17.311253149246586]}"
532,23.902567221901677,1718.7393700787402,39.82267346000003,30.160000000000025,0.10833910833910834,0.09410430839002268,-0.15223880597014924,"{""type"":""Point"",""coordinates"":[78.51130607226742,17.42925374838469]}"
533,23.898320994657638,1694.4716535433072,38.10340940000003,30.010000000000048,-0.0023824994585228505,0.27282728272827284,-0.3055007052186178,"{""type"":""Point"",""coordinates"":[78.43372659018786,17.414705115564946]}"
534,23.902567221901677,1701.5218503937008,40.950620060000006,30.79000000000002,-0.005371900826446281,0.3490435264762961,-0.37031822021965644,"{""type"":""Point"",""coordinates"":[78.48221604123529,17.383474120526685]}"
535,24.037715318467917,1957.4519685039372,45.25048922000002,27.430000000000007,0.1329329654276903,0.28506134231416885,-0.3933229003651539,"{""type"":""Point"",""coordinates"":[78.5591417408143,17.283726861808372]}"
536,23.902567221901677,1917.3909448818897,38.62978448000001,30.700000000000045,0.04868448311580692,0.12,-0.17955304392499358,"{""type"":""Point"",""coordinates"":[78.49732882220063,17.40016480470628]}"
537,23.677732252038084,1566.1704724409446,38.85537380000005,30.090000000000032,-0.007448393275164928,0.4026666666666667,-0.43846855059252504,"{""type"":""Point"",""coordinates"":[78.48773996848965,17.46254295693779]}"
538,24.047364220252405,1838.3437007874018,40.444753100000014,29.060000000000002,0.05455251407493691,0.23761118170266837,-0.3052800857678906,"{""type"":""Point"",""coordinates"":[78.57473954359988,17.42623086375798]}"
539,23.677732252038084,2001.4726377952754,39.22793797999998,29.510000000000048,0.037435284747112704,0.12812135355892648,-0.17730150998538724,"{""type"":""Point"",""coordinates"":[78.5069871728826,17.471901944611442]}"
540,23.677732252038084,1987.0188976377951,37.864148,30.170000000000016,0.025966532025389497,0.19688017017253603,-0.2402645113886848,"{""type"":""Point"",""coordinates"":[78.5401096916516,17.480717589808094]}"
541,24.047364220252405,1778.8840551181104,43.11422672000003,29.060000000000002,0.10100568430257979,0.07334899504045941,-0.16355404640633842,"{""type"":""Point"",""coordinates"":[78.57666292092604,17.432558239096686]}"
542,24.037715318467917,2071.6724409448816,39.69620672000002,27.370000000000005,0.04375586854460094,0.16043755697356427,-0.21266968325791855,"{""type"":""Point"",""coordinates"":[78.5625662581788,17.297077386763213]}"
543,23.677732252038084,1747.979527559055,38.462301500000024,30.110000000000014,0.07002480442663614,0.31127253161151464,-0.39816408491107286,"{""type"":""Point"",""coordinates"":[78.52832422046768,17.458733966131838]}"
544,23.901310947963168,1428.942125984252,43.011686120000036,28.480000000000018,0.15080591742106425,0.30284552845528456,-0.39651416122004357,"{""type"":""Point"",""coordinates"":[78.39692711038197,17.312263685275997]}"
545,23.898320994657638,1684.9874015748035,41.89057556,30.29000000000002,0.10613482621880102,0.10209951107276388,-0.1729415365779002,"{""type"":""Point"",""coordinates"":[78.42109140652681,17.377046139907172]}"
546,24.037715318467917,1701.49625984252,42.14692706000005,27.52000000000004,0.11673151750972763,0.2670946134524142,-0.33883810085520494,"{""type"":""Point"",""coordinates"":[78.58707049606775,17.298347826659548]}"
547,23.898320994657638,1783.0090551181102,42.338336180000056,30.470000000000027,0.0863202545068929,0.15868746637977407,-0.2224744608399546,"{""type"":""Point"",""coordinates"":[78.44583749955622,17.36769121661052]}"
548,23.902567221901677,1958.9864173228345,40.72161272000005,30.07000000000005,0.06722024515618821,0.1423728813559322,-0.19959318586320873,"{""type"":""Point"",""coordinates"":[78.51158659513422,17.37985722257474]}"
549,24.047364220252405,1821.7413385826771,41.46332305999999,29.060000000000002,0.07294300719704337,0.23535510627268014,-0.2947568595490356,"{""type"":""Point"",""coordinates"":[78.57423541928115,17.427200051260808]}"
550,24.026762300379175,1555.7423228346456,37.70350106000001,29.400000000000034,-0.03310404127257094,0.4350552403702598,-0.4454135338345865,"{""type"":""Point"",""coordinates"":[78.5073326209858,17.33162434884698]}"
551,23.898320994657638,2043.63405511811,38.95107836,29.970000000000027,0.04909747292418772,0.2101998621640248,-0.26512968299711814,"{""type"":""Point"",""coordinates"":[78.40118297948224,17.427871367326535]}"
552,23.902567221901677,1808.0179133858264,38.97158648000004,29.49000000000001,0.03172641120725175,0.21541246444272044,-0.26821370750134915,"{""type"":""Point"",""coordinates"":[78.45573486623474,17.437056875809194]}"
553,24.026762300379175,2142.2206692913387,44.68993394000006,29.57000000000005,0.10720688418788096,0.08828671328671328,-0.17591499409681227,"{""type"":""Point"",""coordinates"":[78.48881200189103,17.322279172617716]}"
554,23.902567221901677,1885.3466535433072,38.411031200000025,29.850000000000023,0.023485784919653894,0.17326732673267325,-0.2219644238205723,"{""type"":""Point"",""coordinates"":[78.51888021842431,17.40119917617095]}"
555,24.037715318467917,1406.4175196850395,39.36465878000001,29.810000000000002,0.12815964523281598,0.3247978436657682,-0.42309084328628305,"{""type"":""Point"",""coordinates"":[78.55873102734479,17.33882942397937]}"
556,23.902567221901677,1910.2098425196848,38.26747436000005,29.49000000000001,0.026083207587842206,0.1130820399113082,-0.16293436293436295,"{""type"":""Point"",""coordinates"":[78.45570240348022,17.43721690382876]}"
557,23.901310947963168,1426.926377952756,41.18988146000004,27.99000000000001,0.030277366080880795,0.4938030006523157,-0.5348525469168901,"{""type"":""Point"",""coordinates"":[78.37969851514787,17.325681862390486]}"
558,23.902567221901677,1795.7482283464567,41.23773374000001,30.720000000000027,0.03122497998398719,0.2503229139757169,-0.31521739130434784,"{""type"":""Point"",""coordinates"":[78.5307672619298,17.363137818209555]}"
559,23.677732252038084,1816.8850393700789,37.06091330000004,30.140000000000043,-0.017224695180956068,0.3110501371913195,-0.3613053613053613,"{""type"":""Point"",""coordinates"":[78.54619492904602,17.48660592260827]}"
560,23.898320994657638,1978.7600393700786,40.10978713999998,30.80000000000001,0.0727938186254575,0.08882521489971347,-0.1437170805116629,"{""type"":""Point"",""coordinates"":[78.44484191262606,17.434308851807977]}"
561,23.901310947963168,1473.6389763779528,44.734368200000006,26.970000000000027,0.13573061733527333,0.3271624640919247,-0.42543709290366816,"{""type"":""Point"",""coordinates"":[78.4058899334489,17.289096577150044]}"
562,23.72446443962332,1818.5858267716535,39.378330860000005,29.590000000000032,0.005221427190098627,0.3032683050418039,-0.3597673803859371,"{""type"":""Point"",""coordinates"":[78.56708972130338,17.48839711040295]}"
563,23.898320994657638,1609.4027559055119,38.000868800000035,30.670000000000016,0.007555447233731416,0.1976470588235294,-0.2343134283116096,"{""type"":""Point"",""coordinates"":[78.4343734049529,17.436611131639896]}"
564,23.898320994657638,1577.1173228346454,40.718194700000026,29.57000000000005,0.07696114823063598,0.12247968702979235,-0.1807534029756252,"{""type"":""Point"",""coordinates"":[78.37861137832245,17.438391137772307]}"
565,24.026762300379175,1725.4204724409449,42.41353262000001,29.870000000000005,0.05720920413763986,0.20735333874020007,-0.2833333333333333,"{""type"":""Point"",""coordinates"":[78.52705766022041,17.337781505821688]}"
566,23.654055255392336,1604.852559055118,41.31976622000002,29.250000000000057,0.14365971107544143,0.26048434731246306,-0.36619718309859156,"{""type"":""Point"",""coordinates"":[78.38858487619233,17.480525271930688]}"
567,23.901310947963168,1765.7600393700786,40.11662318000003,27.390000000000043,0.08008429926238145,0.32574031890660593,-0.4623115577889447,"{""type"":""Point"",""coordinates"":[78.37860192277338,17.29216807062203]}"
568,23.72446443962332,1635.4706692913385,39.98673842000005,28.260000000000048,0.08466312056737589,0.1898588303082685,-0.2618392911701803,"{""type"":""Point"",""coordinates"":[78.59854813397827,17.45898936228166]}"
569,24.047364220252405,1696.039566929134,40.28068814000005,29.850000000000023,0.11101123595505619,0.12770809578107184,-0.18763134193935754,"{""type"":""Point"",""coordinates"":[78.55235113282872,17.355492956521605]}"
570,24.026762300379175,1365.186220472441,38.769923300000016,29.80000000000001,-0.13979518933079305,0.5533917559234015,-0.5448676565526146,"{""type"":""Point"",""coordinates"":[78.50864705203587,17.334703391231887]}"
571,24.026762300379175,1942.4952755905508,41.77778090000004,28.670000000000016,0.059754948162111216,0.20366795366795368,-0.2695342326291677,"{""type"":""Point"",""coordinates"":[78.5328443869163,17.3016777581725]}"
572,23.677732252038084,1476.1753937007875,40.35246656000004,30.090000000000032,0.07544642857142857,0.2827500774233509,-0.39039946290701577,"{""type"":""Point"",""coordinates"":[78.47275437389273,17.469103846038415]}"
573,23.677732252038084,1830.2541338582676,37.884656120000045,30.02000000000004,-0.004482477587612062,0.24589335355066969,-0.28085216939464797,"{""type"":""Point"",""coordinates"":[78.47269900866132,17.460115977100834]}"
574,23.901310947963168,1437.8141732283466,46.91848298000002,27.27000000000004,0.12216441207075962,0.408347245409015,-0.4696864111498258,"{""type"":""Point"",""coordinates"":[78.42605570873998,17.292556357314123]}"
575,23.72446443962332,1268.1753937007875,37.76502542000003,29.03000000000003,0.07072599531615925,0.45614678899082567,-0.5238095238095238,"{""type"":""Point"",""coordinates"":[78.58892780554261,17.451437773463965]}"
576,24.037715318467917,1997.2118110236222,40.492605379999986,27.33000000000004,0.09353287012292892,0.1849091755938519,-0.28,"{""type"":""Point"",""coordinates"":[78.57324802272494,17.299684761159092]}"
577,23.654055255392336,1597.414566929134,38.60244032000003,30.310000000000002,0.010789083985614555,0.36565420560747663,-0.39832535885167464,"{""type"":""Point"",""coordinates"":[78.41009681548502,17.452175346276785]}"
578,23.902567221901677,1840.856496062992,38.21962208000002,29.58000000000004,-0.013098649201801064,0.25379939209726443,-0.29040667361835243,"{""type"":""Point"",""coordinates"":[78.45643180242934,17.410322264303208]}"
579,23.902567221901677,1086.5907480314959,40.15080338000001,29.55000000000001,0.21762493283181086,0.3456561922365989,-0.4465971187282663,"{""type"":""Point"",""coordinates"":[78.53187138245463,17.406004056903807]}"
580,23.902567221901677,1886.731496062992,39.06387302000002,29.49000000000001,0.016031646887362066,0.16922315685304304,-0.22150426466787285,"{""type"":""Point"",""coordinates"":[78.46324318765178,17.4379850048644]}"
581,23.72446443962332,1789.1192913385826,40.08927902000005,28.880000000000052,0.06963788300835655,0.14776632302405499,-0.20846089618703034,"{""type"":""Point"",""coordinates"":[78.59525565179887,17.482979160162852]}"
582,23.902567221901677,1921.5789370078737,39.02969282000004,30.33000000000004,0.003234937323089365,0.18995896693217476,-0.2325,"{""type"":""Point"",""coordinates"":[78.5206716032759,17.39742181280411]}"
583,23.902567221901677,1437.7748031496062,39.96281227999998,30.310000000000002,0.02411873840445269,0.20444880601897286,-0.2532334921715453,"{""type"":""Point"",""coordinates"":[78.48647081684634,17.40051365249861]}"
584,23.677732252038084,1521.5001968503936,40.92669392000005,30.090000000000032,0.09739714525608732,0.3121757705218187,-0.4121510673234811,"{""type"":""Point"",""coordinates"":[78.48224189426539,17.459096896669624]}"
585,23.654055255392336,1805.2718503937006,40.53362162000002,29.52000000000004,0.0060377358490566035,0.3367165693986298,-0.38777660695468913,"{""type"":""Point"",""coordinates"":[78.40130052272917,17.462069366122147]}"
586,23.902567221901677,2276.1970472440944,43.192841180000016,30.090000000000032,0.13664596273291926,0.1480825958702065,-0.31962025316455694,"{""type"":""Point"",""coordinates"":[78.4636172389937,17.449340582487796]}"
587,23.902567221901677,1614.9933070866139,42.89205542000002,30.390000000000043,0.09145358212393458,0.15153284671532846,-0.22674961119751166,"{""type"":""Point"",""coordinates"":[78.47631271835334,17.35726969761117]}"
588,23.902567221901677,1815.3663385826771,39.57999404000003,30.77000000000004,0.021944922547332185,0.16623909697280656,-0.21323725647184413,"{""type"":""Point"",""coordinates"":[78.54339478430128,17.368083877366438]}"
589,24.047364220252405,1492.7413385826771,44.437000460000036,28.390000000000043,0.20240480961923848,0.17327219128725843,-0.2702127659574468,"{""type"":""Point"",""coordinates"":[78.57362581148502,17.385936278418704]}"
590,24.037715318467917,2009.8879921259845,41.835887240000034,28.670000000000016,0.0912063953488372,0.135527809307605,-0.24582814445828144,"{""type"":""Point"",""coordinates"":[78.5799063540657,17.3475016217947]}"
591,23.902567221901677,1834.9057086614173,40.967710160000024,30.860000000000014,0.10729800173761946,0.09076433121019108,-0.14293659621802002,"{""type"":""Point"",""coordinates"":[78.45376394624404,17.390540491784094]}"
592,24.026762300379175,1590.2846456692914,45.43506230000003,27.470000000000027,0.20867806582092296,0.297166968053044,-0.4251655629139073,"{""type"":""Point"",""coordinates"":[78.52485526195096,17.286021788372043]}"
593,23.654055255392336,2008.4824803149606,41.753854760000024,29.07000000000005,0.07025846377866764,0.1756041426927503,-0.26310583580613256,"{""type"":""Point"",""coordinates"":[78.37902313259863,17.464069476928046]}"
594,23.901310947963168,1903.1163385826771,45.69141380000002,28.690000000000055,0.011103151862464184,0.3341386808407828,-0.38743718592964826,"{""type"":""Point"",""coordinates"":[78.4487307460618,17.308550524883657]}"
595,23.902567221901677,1559.8614173228348,39.22451996000001,30.370000000000005,0.01704966641957005,0.19603126879134095,-0.2365557973267019,"{""type"":""Point"",""coordinates"":[78.45068046401039,17.435250744310416]}"
596,23.902567221901677,1483.942125984252,41.53168346000001,30.02000000000004,0.11169829449915926,0.17434106065417593,-0.26427350427350427,"{""type"":""Point"",""coordinates"":[78.53648252760763,17.434428041493657]}"
597,23.902567221901677,446.9814960629921,29.141360960000043,28.350000000000023,-0.5382113821138211,-0.011494252873563218,0.23214285714285715,"{""type"":""Point"",""coordinates"":[78.48071991677118,17.42399909244727]}"
598,23.902567221901677,1829.6891732283464,42.488729060000026,30.230000000000018,0.09944751381215469,0.10508474576271186,-0.1746119733924612,"{""type"":""Point"",""coordinates"":[78.46204880472833,17.35603229534683]}"
599,24.047364220252405,1921.245275590551,40.28752417999999,29.370000000000005,0.06341826297191742,0.20970453999519578,-0.29128205128205126,"{""type"":""Point"",""coordinates"":[78.57533726115966,17.372053310007267]}"
600,23.654055255392336,1771.9066929133858,41.85297734000005,29.250000000000057,0.11167413759501071,0.20295592504618634,-0.2926829268292683,"{""type"":""Point"",""coordinates"":[78.3832687394973,17.451515798969286]}"
601,23.902567221901677,2574.554330708662,43.17233306000003,30.660000000000025,0.10280654359897944,0.12283996994740796,-0.19226166733147187,"{""type"":""Point"",""coordinates"":[78.53861824728578,17.370418467019604]}"
602,24.026762300379175,1833.7718503937008,40.66008836000003,29.970000000000027,0.05453770771197273,0.14234234234234233,-0.19493807215939687,"{""type"":""Point"",""coordinates"":[78.54853072133965,17.345107293306945]}"
603,23.901310947963168,2462.138976377953,41.67865832000001,27.950000000000045,0.09342560553633218,0.07924676343664182,-0.13983840894965818,"{""type"":""Point"",""coordinates"":[78.41808870192008,17.300856150665584]}"
604,24.047364220252405,1478.8112204724407,41.58295376000001,29.670000000000016,0.09633251833740832,0.17407878017789072,-0.2558613659531091,"{""type"":""Point"",""coordinates"":[78.56159379936267,17.401292566758716]}"
605,24.026762300379175,2106.5927165354333,43.442356640000014,28.590000000000032,0.10392770246784845,0.18229763815638614,-0.24782187802516942,"{""type"":""Point"",""coordinates"":[78.4763511414324,17.294686451765617]}"
606,23.898320994657638,1404.2511811023621,40.74895688000004,29.53000000000003,0.02268159632500718,0.16376068376068376,-0.1856495994427029,"{""type"":""Point"",""coordinates"":[78.37803149140191,17.43104144762786]}"
607,23.898320994657638,1823.59468503937,41.22064364000005,30.470000000000027,0.07865646258503402,0.1262993762993763,-0.18707203505888798,"{""type"":""Point"",""coordinates"":[78.44691954096976,17.367673521509676]}"
608,24.047364220252405,1781.549409448819,39.97990238,30.27000000000004,0.04835258878904578,0.16348417473188595,-0.22500688515560452,"{""type"":""Point"",""coordinates"":[78.54994233133628,17.37863255615118]}"
609,23.898320994657638,1800.853543307087,39.15615955999999,30.380000000000052,0.04687828463317217,0.21132781191557573,-0.24355458036204058,"{""type"":""Point"",""coordinates"":[78.44864304121491,17.432670923896303]}"
610,23.898320994657638,2261.753149606299,42.06489457999999,30.170000000000016,0.16355690031938142,0.05669993629220641,-0.1334851936218679,"{""type"":""Point"",""coordinates"":[78.37958174824722,17.395610209407028]}"
611,23.902567221901677,1868.5818897637796,38.14442564000001,29.850000000000023,0.006037892983551947,0.17818361303060218,-0.22598870056497175,"{""type"":""Point"",""coordinates"":[78.53748437338612,17.431616247403234]}"
612,23.902567221901677,1672.1547244094486,39.00576668000002,30.230000000000018,0.12079114669178244,0.09469363822925828,-0.14434569414649095,"{""type"":""Point"",""coordinates"":[78.50568690947739,17.43522814740732]}"
613,23.901310947963168,2072.9027559055116,43.55173328000001,27.870000000000005,0.050459511010924225,0.21472937000887313,-0.30318895763921944,"{""type"":""Point"",""coordinates"":[78.44738414162232,17.291200279133065]}"
614,23.902567221901677,1916.287598425197,39.456945320000045,29.53000000000003,0.07588532883642496,0.07900566084174256,-0.14494646121702795,"{""type"":""Point"",""coordinates"":[78.5432932963539,17.389156183005174]}"
615,23.902567221901677,1574.8643700787402,37.365117080000005,30.120000000000005,-0.07226107226107226,0.35333921741688734,-0.3617525162818236,"{""type"":""Point"",""coordinates"":[78.54418119651784,17.382697823992416]}"
616,23.898320994657638,2057.4529527559052,39.62101028000001,30.170000000000016,0.016778523489932886,0.19213381555153708,-0.24651382651855352,"{""type"":""Point"",""coordinates"":[78.38340926631967,17.39788264828227]}"
617,23.901310947963168,1905.4017716535434,42.95357978000004,28.690000000000055,0.07659073055773763,0.158128078817734,-0.23121235925634984,"{""type"":""Point"",""coordinates"":[78.44246629405924,17.302040337956544]}"
618,23.898320994657638,1848.398818897638,37.775279479999995,29.970000000000027,-0.01011704026978774,0.28165114523030454,-0.31780538302277433,"{""type"":""Point"",""coordinates"":[78.40133382881795,17.42894968625841]}"
619,24.047364220252405,1849.1832677165353,39.884197820000054,30.370000000000005,0.05740818910932883,0.1416155419222904,-0.1912510002667378,"{""type"":""Point"",""coordinates"":[78.55031547079354,17.37266736522447]}"
620,24.026762300379175,1983.1685039370077,42.79293284000005,28.110000000000014,0.10626154104414974,0.2622095779990517,-0.3434266969467575,"{""type"":""Point"",""coordinates"":[78.52611895779967,17.294300309414936]}"
621,23.901310947963168,2399.9736220472437,44.18748500000004,28.55000000000001,0.12608895002292525,0.05206991720331187,-0.16813074565883554,"{""type"":""Point"",""coordinates"":[78.41933514402925,17.311385698349746]}"
622,23.901310947963168,1535.253149606299,41.76069080000002,27.190000000000055,0.11690980069858228,0.3196192815474363,-0.4054937867887508,"{""type"":""Point"",""coordinates"":[78.41517523854131,17.28176142446769]}"
623,24.047364220252405,1101.05531496063,38.19911395999998,27.590000000000032,0.17279411764705882,0.3815789473684211,-0.4788732394366197,"{""type"":""Point"",""coordinates"":[78.57701241143303,17.35421648445779]}"
624,23.898320994657638,1205.678346456693,39.35098670000002,29.960000000000036,0.1630738016738524,0.3274336283185841,-0.4012738853503185,"{""type"":""Point"",""coordinates"":[78.38085926706171,17.424166476554912]}"
625,23.901310947963168,1936.4923228346456,41.48041316000001,28.77000000000004,0.09434729564863766,0.1148936170212766,-0.17179689555380162,"{""type"":""Point"",""coordinates"":[78.42353887833937,17.34358507794024]}"
626,23.654055255392336,1705.8653543307082,40.43449903999999,29.29000000000002,0.0395558639833449,0.15880547027630476,-0.19654178674351586,"{""type"":""Point"",""coordinates"":[78.38501492585202,17.46281543901905]}"
627,23.901310947963168,1984.4933070866143,41.57953573999998,29.430000000000007,0.04349435498796965,0.23223652837386743,-0.2823821339950372,"{""type"":""Point"",""coordinates"":[78.44759188367618,17.324552205587068]}"
628,23.654055255392336,1746.3673228346456,39.95939426000001,29.640000000000043,0.05269485073131637,0.2903930131004367,-0.3352160406664784,"{""type"":""Point"",""coordinates"":[78.3967179677367,17.45282727221019]}"
629,24.026762300379175,1906.0474409448816,43.25094752000001,27.380000000000052,0.10709117221418235,0.21786331112755983,-0.3089366215857863,"{""type"":""Point"",""coordinates"":[78.53701946444403,17.28016632258271]}"
630,23.901310947963168,1148.6891732283464,39.15274154000002,28.710000000000036,-0.012993762993762994,0.5910204081632653,-0.5755860953920776,"{""type"":""Point"",""coordinates"":[78.4197229305359,17.31886587332632]}"
631,23.898320994657638,1805.8318897637796,40.89251372000001,30.630000000000052,0.06385780118499013,0.11151641479937467,-0.17037037037037037,"{""type"":""Point"",""coordinates"":[78.4372764354947,17.380283894485483]}"
632,23.902567221901677,1680.2885826771656,41.507757319999996,29.33000000000004,0.12348860257680871,0.23588596981553941,-0.33635539437896644,"{""type"":""Point"",""coordinates"":[78.49145976205521,17.42658468379097]}"
633,23.902567221901677,1815.5287401574806,41.58295376000001,30.54000000000002,0.04831436547133348,0.15567144719687093,-0.20075860200487672,"{""type"":""Point"",""coordinates"":[78.5137326056287,17.36573027383642]}"
634,24.026762300379175,1756.1163385826771,41.261659880000025,29.400000000000034,0.09521812080536912,0.15378443434073283,-0.236457437661221,"{""type"":""Point"",""coordinates"":[78.5134328901381,17.328233877639075]}"
635,23.902567221901677,1822.2059055118111,39.248446100000024,30.77000000000004,0.05686486486486487,0.1347554630593132,-0.18532608695652175,"{""type"":""Point"",""coordinates"":[78.5485454196404,17.3690217616678]}"
636,23.72446443962332,1734.192125984252,37.771861460000025,29.77000000000004,0.03349628824913996,0.43571812802582033,-0.47255172413793106,"{""type"":""Point"",""coordinates"":[78.56149188133674,17.490776139305417]}"
637,24.047364220252405,1622.4155511811023,42.574179560000005,29.79000000000002,0.15282791817087846,0.2347266881028939,-0.34779834077855776,"{""type"":""Point"",""coordinates"":[78.5496530982806,17.43614302412732]}"
638,23.898320994657638,1203.2521653543308,38.411031200000025,29.810000000000002,0.07453109575518263,0.48221343873517786,-0.5299877600979193,"{""type"":""Point"",""coordinates"":[78.42119433254561,17.42021325056484]}"
639,23.677732252038084,1407.325,39.788493259999996,29.690000000000055,0.13947481704692208,0.3416107382550336,-0.45012694958287996,"{""type"":""Point"",""coordinates"":[78.52306094158898,17.459277219072156]}"
640,23.902567221901677,2019.6094488188974,42.36226232000001,30.460000000000036,0.05411441333104278,0.26487479898920285,-0.33673221655741686,"{""type"":""Point"",""coordinates"":[78.52678583809895,17.380913299656]}"
641,23.902567221901677,1831.487401574803,39.73038692,30.170000000000016,0.050770811921891056,0.1880627733470543,-0.24676025917926567,"{""type"":""Point"",""coordinates"":[78.49781495606618,17.445264796970122]}"
642,23.902567221901677,1900.1478346456693,41.494085240000004,30.870000000000005,0.05278116118554608,0.1595427435387674,-0.21510416666666668,"{""type"":""Point"",""coordinates"":[78.51524056931567,17.368909658192827]}"
643,23.654055255392336,1992.8003937007873,41.66156822000005,29.640000000000043,0.10263816676295012,0.12154031287605295,-0.18786642875350498,"{""type"":""Point"",""coordinates"":[78.39566835969255,17.455630045557907]}"
644,23.901310947963168,1818.1330708661417,42.38618846000003,28.49000000000001,0.03654999033069039,0.284020618556701,-0.3403282216841539,"{""type"":""Point"",""coordinates"":[78.4037096699917,17.31843293809762]}"
645,23.898320994657638,1890.511023622047,39.82609148000006,30.250000000000057,0.06832036998108051,0.11468812877263582,-0.16785243741765482,"{""type"":""Point"",""coordinates"":[78.41209943153322,17.399931217288707]}"
646,23.898320994657638,1812.6793307086614,38.73232508000001,30.010000000000048,0.018166089965397925,0.1737331954498449,-0.21390374331550802,"{""type"":""Point"",""coordinates"":[78.42947298179006,17.41235132421953]}"
647,23.902567221901677,1644.3771653543306,39.36465878000001,30.700000000000045,0.08445071747824041,0.1396778916544656,-0.1826192646611972,"{""type"":""Point"",""coordinates"":[78.48993177999304,17.395653316875258]}"
648,23.901310947963168,1399.4460629921261,37.231814299999996,28.450000000000045,-0.04939676758479399,0.5094957432874918,-0.5065359477124183,"{""type"":""Point"",""coordinates"":[78.43210611508371,17.34800957661238]}"
649,23.677732252038084,1313.7748031496062,38.88955400000003,29.27000000000004,0.21507953802571367,0.3365491651205937,-0.46244417377182295,"{""type"":""Point"",""coordinates"":[78.46450743281261,17.486963145430295]}"
650,23.654055255392336,2026.8761811023621,35.22885458000002,29.730000000000018,-0.12408272181454302,0.45698227410289666,-0.49082061490820617,"{""type"":""Point"",""coordinates"":[78.41370946976454,17.46360426346451]}"
651,23.898320994657638,1721.3742125984252,39.90812396000001,30.360000000000014,0.10383017997231195,0.10466439135381114,-0.15320665083135393,"{""type"":""Point"",""coordinates"":[78.42603857619977,17.429316114812107]}"
652,23.902567221901677,1680.6901574803148,39.347568679999995,29.29000000000002,0.02968990543215307,0.223516361619523,-0.27662037037037035,"{""type"":""Point"",""coordinates"":[78.48702952422828,17.413216824402948]}"
653,23.902567221901677,1901.9874015748032,39.897869900000046,30.220000000000027,0.0627365066719777,0.16571711667079514,-0.22679874869655892,"{""type"":""Point"",""coordinates"":[78.5233764398897,17.443699182204988]}"
654,23.898320994657638,1658.9490157480313,38.496481700000004,29.940000000000055,0.0647887323943662,0.16525299795261772,-0.205446293494705,"{""type"":""Point"",""coordinates"":[78.42385691592773,17.413709109773187]}"
655,23.902567221901677,1421.99625984252,40.70110460000001,30.03000000000003,0.021624007060900265,0.4691848906560636,-0.4919246298788694,"{""type"":""Point"",""coordinates"":[78.5198318668507,17.405247552386687]}"
656,23.898320994657638,1865.4578740157478,40.46867924000003,29.82000000000005,0.10697877926055567,0.06385196768308575,-0.10863661053775123,"{""type"":""Point"",""coordinates"":[78.40227589608963,17.38791641114089]}"
657,23.677732252038084,1988.5838582677168,39.49796156000002,29.600000000000023,0.09519136408243375,0.10050131296252089,-0.16238023197175996,"{""type"":""Point"",""coordinates"":[78.4975403160581,17.476168787984157]}"
658,24.026762300379175,1305.887992125984,40.181565560000024,27.610000000000014,0.051451187335092345,0.5647442872687704,-0.5698689956331878,"{""type"":""Point"",""coordinates"":[78.51691349740724,17.291661340697082]}"
659,23.902567221901677,1726.2049212598422,40.393482800000015,30.810000000000002,0.012713722051731697,0.2172972972972973,-0.260565351245452,"{""type"":""Point"",""coordinates"":[78.50110023947614,17.374763283138805]}"
660,24.026762300379175,1676.4490157480313,37.300174700000014,27.730000000000018,-0.13066557778685178,0.48193738292748195,-0.48951048951048953,"{""type"":""Point"",""coordinates"":[78.45918109690794,17.282434852069372]}"
661,24.026762300379175,1953.6320866141732,40.913021840000056,27.980000000000018,0.08610634648370498,0.2622601279317697,-0.35918367346938773,"{""type"":""Point"",""coordinates"":[78.4911263216991,17.289301046296327]}"
662,23.901310947963168,1941.7570866141732,41.162537300000054,28.250000000000057,0.07444463286416822,0.2933649289099526,-0.3895112016293279,"{""type"":""Point"",""coordinates"":[78.39969188865385,17.306487310759707]}"
663,24.037715318467917,1925.602559055118,38.510153779999996,29.500000000000057,0.07063048683160415,0.13999021047479196,-0.2008249548852797,"{""type"":""Point"",""coordinates"":[78.55887595964055,17.345177266876625]}"
664,23.898320994657638,1660.2324803149606,42.509237180000014,30.230000000000018,0.06956521739130435,0.3103256331756193,-0.390431187241583,"{""type"":""Point"",""coordinates"":[78.41839628463212,17.38702519953022]}"
665,23.898320994657638,1827.475590551181,38.759669239999994,30.370000000000005,0.00105999576001696,0.19959266802443992,-0.24261603375527427,"{""type"":""Point"",""coordinates"":[78.44959602840163,17.436089179533326]}"
666,23.902567221901677,1700.797440944882,42.82369502000006,30.700000000000045,0.10455531453362256,0.16183506895581198,-0.23223880597014926,"{""type"":""Point"",""coordinates"":[78.4582533548084,17.368931482776024]}"
667,24.026762300379175,2007.0031496062993,40.36613864000003,29.870000000000005,0.02895945676053525,0.13069767441860466,-0.1873015873015873,"{""type"":""Point"",""coordinates"":[78.53299336578728,17.335202333920513]}"
668,24.047364220252405,1741.0966535433072,41.56586365999999,29.690000000000055,0.0639269406392694,0.22089875473741202,-0.2808861119000284,"{""type"":""Point"",""coordinates"":[78.57978697092557,17.44669599425356]}"
669,23.72446443962332,1179.5562992125983,38.78359538000001,28.560000000000002,0.182194113354415,0.387536112257532,-0.4791025076990761,"{""type"":""Point"",""coordinates"":[78.58486127700172,17.474611725648955]}"
670,24.037715318467917,1648.4913385826771,40.74553886000001,27.33000000000004,0.06025851083196796,0.42321477805348773,-0.5213675213675214,"{""type"":""Point"",""coordinates"":[78.57650089793262,17.29623910317719]}"
671,24.026762300379175,1771.7590551181102,43.25436553999998,30.010000000000048,0.0528835690968444,0.10766098243827946,-0.19856788763426053,"{""type"":""Point"",""coordinates"":[78.54701119044073,17.341346759895156]}"
672,24.026762300379175,1858.8673228346456,44.22166520000002,30.03000000000003,0.13104030386157417,0.08855405762622258,-0.14643652561247217,"{""type"":""Point"",""coordinates"":[78.48039348767182,17.32950704967132]}"
673,23.72446443962332,1707.3151574803148,37.89832820000004,29.30000000000001,-0.23143285821455364,0.6844535659312468,-0.6280684354078849,"{""type"":""Point"",""coordinates"":[78.57686523410277,17.48630736275644]}"
674,23.901310947963168,1708.4263779527557,45.35302982000002,28.000000000000057,0.1663391102376273,0.27905701754385964,-0.4075414781297134,"{""type"":""Point"",""coordinates"":[78.38494576898248,17.324484576778854]}"
675,24.026762300379175,1867.567125984252,42.69039224000005,28.110000000000014,0.004470938897168405,0.3114110429447853,-0.3566895151053567,"{""type"":""Point"",""coordinates"":[78.53422659208506,17.29882349574522]}"
676,24.026762300379175,1636.9391732283466,40.96087412000003,29.970000000000027,0.11968209443665265,0.10634547591069331,-0.18019429645879034,"{""type"":""Point"",""coordinates"":[78.54955410506723,17.347882625476363]}"
677,23.677732252038084,2097.428346456693,39.29971640000002,29.600000000000023,0.028993746446844798,0.14171122994652408,-0.1885873347251218,"{""type"":""Point"",""coordinates"":[78.49783169973297,17.47552251877869]}"
678,23.898320994657638,1826.9175196850395,37.218142220000004,30.150000000000034,-0.07456670697299476,0.3370110330992979,-0.3622892181911088,"{""type"":""Point"",""coordinates"":[78.43868306925314,17.423317779917355]}"
679,23.898320994657638,1935.3879921259843,39.26553620000004,30.150000000000034,-0.10644460535843592,0.41547012505789715,-0.41974448315911733,"{""type"":""Point"",""coordinates"":[78.38448371275405,17.40624801151369]}"
680,24.026762300379175,1917.7797244094488,44.963375540000015,30.010000000000048,0.12816799420709632,0.1806815395930375,-0.2839242868568382,"{""type"":""Point"",""coordinates"":[78.45923591243753,17.341824878322747]}"
681,23.901310947963168,1986.6438976377954,42.17085320000001,28.78000000000003,0.11329137356534617,0.15255052935514918,-0.2272610812195747,"{""type"":""Point"",""coordinates"":[78.41385723922804,17.350020185835316]}"
682,24.026762300379175,2210.4706692913387,43.07321048000006,28.660000000000025,0.07916222932197373,0.10689140174951994,-0.1764172335600907,"{""type"":""Point"",""coordinates"":[78.49170231025163,17.30436311344157]}"
683,23.901310947963168,2295.99625984252,44.816400680000015,28.150000000000034,0.1474302496328928,0.12672229769066562,-0.3047191011235955,"{""type"":""Point"",""coordinates"":[78.3936032478687,17.3163071941432]}"
684,24.026762300379175,1763.5188976377951,39.09463520000003,28.05000000000001,0.020429544264012573,0.46781789638932497,-0.5096878363832078,"{""type"":""Point"",""coordinates"":[78.46199208315525,17.28713500921667]}"
685,23.677732252038084,1659.7787401574803,38.899808060000055,30.210000000000036,0.04126062616628654,0.2905386547585822,-0.35086181711948583,"{""type"":""Point"",""coordinates"":[78.47961782330947,17.458944495126868]}"
686,23.677732252038084,1402.9470472440946,37.0267331,29.750000000000057,-0.035732259687971814,0.3606611570247934,-0.374749498997996,"{""type"":""Point"",""coordinates"":[78.51110342235549,17.479963550805397]}"
687,24.026762300379175,1889.4893700787402,43.52780714000005,30.28000000000003,0.10960929250263991,0.07605921388463502,-0.13945945945945945,"{""type"":""Point"",""coordinates"":[78.46496902043285,17.34461054689056]}"
688,23.902567221901677,1327.8338582677163,39.99357445999999,29.930000000000007,0.06358681546846613,0.2704225352112676,-0.3467711832773423,"{""type"":""Point"",""coordinates"":[78.46169091197602,17.40692805377092]}"
689,23.902567221901677,2009.1872047244092,43.63034774000005,30.390000000000043,0.08621330360460795,0.15014031805425632,-0.23227261338010524,"{""type"":""Point"",""coordinates"":[78.47882633417845,17.35201942632652]}"
690,24.026762300379175,1785.078937007874,43.92429746000005,27.850000000000023,0.11468584405753217,0.22589098532494759,-0.31626336522228476,"{""type"":""Point"",""coordinates"":[78.4812623929582,17.281873224793323]}"
691,23.901310947963168,2042.709842519685,41.56244564000002,28.750000000000057,0.04549477783678527,0.2318939913182545,-0.2893352462936394,"{""type"":""Point"",""coordinates"":[78.38212344150833,17.348038433421983]}"
692,24.026762300379175,1710.7954724409446,43.65769190000003,30.230000000000018,0.08496732026143791,0.15702479338842976,-0.23674911660777384,"{""type"":""Point"",""coordinates"":[78.47097957072337,17.331617611079068]}"
693,24.026762300379175,1965.4155511811023,42.129836960000034,30.250000000000057,0.08589440504334121,0.11915098890496864,-0.17796395024117798,"{""type"":""Point"",""coordinates"":[78.4717293463941,17.340204611788227]}"
694,23.898320994657638,2105.2433070866136,41.39838068000006,29.360000000000014,0.03926180568120138,0.17218543046357615,-0.23002084781097984,"{""type"":""Point"",""coordinates"":[78.39598152118371,17.354070526098347]}"
695,23.902567221901677,1973.39094488189,45.605963299999985,30.130000000000052,0.10115437292115045,0.09198954124078916,-0.17493606138107418,"{""type"":""Point"",""coordinates"":[78.45244336185577,17.35855306738782]}"
696,23.72446443962332,1513.9066929133855,37.30701074000001,30.130000000000052,-0.0028527540048277375,0.37899818949909475,-0.4223467164643635,"{""type"":""Point"",""coordinates"":[78.55428281058012,17.490141806493472]}"
697,23.902567221901677,1682.8938976377951,41.230897700000014,30.870000000000005,0.08887809616318601,0.06894586894586895,-0.1257125712571257,"{""type"":""Point"",""coordinates"":[78.51368790832905,17.369608960341097]}"
698,23.654055255392336,1586.0297244094486,44.08494440000004,30.310000000000002,0.19982810485603783,0.25598650927487354,-0.2705561241896963,"{""type"":""Point"",""coordinates"":[78.41799251380884,17.458276761405195]}"
699,24.047364220252405,2078.1685039370077,40.048262780000016,28.610000000000014,0.11357538901806474,0.13643659711075443,-0.21203228173147468,"{""type"":""Point"",""coordinates"":[78.59324961493753,17.392561016880155]}"
700,24.026762300379175,1933.336811023622,40.034590700000024,29.620000000000005,0.020743639921722113,0.1934176007631767,-0.2538210974693059,"{""type"":""Point"",""coordinates"":[78.53315979328558,17.331587123383134]}"
701,23.654055255392336,2071.2029527559057,39.395420960000024,29.250000000000057,0.09231378763866878,0.05697808535178778,-0.11565619673727782,"{""type"":""Point"",""coordinates"":[78.38705837513852,17.455915229217272]}"
702,23.677732252038084,1863.0346456692912,38.55117002000003,29.750000000000057,0.06666666666666667,0.10367553865652725,-0.15705554079192133,"{""type"":""Point"",""coordinates"":[78.50864824343667,17.47500314874753]}"
703,24.026762300379175,2144.004133858268,43.852519040000004,27.980000000000018,0.07900903916973552,0.17841079460269865,-0.2727272727272727,"{""type"":""Point"",""coordinates"":[78.4941328933698,17.29076773089863]}"
704,23.898320994657638,1343.6104330708663,39.166413620000014,29.760000000000048,-0.010494752623688156,0.38493150684931504,-0.4174553101997897,"{""type"":""Point"",""coordinates"":[78.4047434898356,17.371887439894184]}"
705,23.902567221901677,1769.7246062992124,38.472555560000046,29.930000000000007,0.03090507726269316,0.1629139072847682,-0.1994535519125683,"{""type"":""Point"",""coordinates"":[78.53108273938362,17.4313463877777]}"
706,24.026762300379175,1551.9096456692912,42.30073795999999,29.05000000000001,0.0859375,0.32661417322834646,-0.37109375,"{""type"":""Point"",""coordinates"":[78.50591704000612,17.32212798392194]}"
707,23.898320994657638,1792.6251968503936,40.23967190000002,30.03000000000003,0.0938793291221956,0.10257089848926583,-0.16886765945490306,"{""type"":""Point"",""coordinates"":[78.41870383494684,17.374195583117974]}"
708,24.026762300379175,2241.6124015748032,44.38231214000001,29.52000000000004,0.08456926475228779,0.19284539473684212,-0.29973118279569894,"{""type"":""Point"",""coordinates"":[78.46720593957396,17.313601529541724]}"
709,23.901310947963168,1998.6133858267715,43.58249546000002,28.230000000000018,0.04751173708920188,0.1828358208955224,-0.24100807438218744,"{""type"":""Point"",""coordinates"":[78.38558423919694,17.336205462466975]}"
710,24.037715318467917,1820.5877952755907,42.06489457999999,27.510000000000048,0.010268420104485679,0.4011731701096659,-0.44086021505376344,"{""type"":""Point"",""coordinates"":[78.59210867927115,17.302329102091715]}"
711,23.902567221901677,1679.738385826772,39.162995600000045,30.29000000000002,0.012032085561497326,0.2841007819287576,-0.30565371024734983,"{""type"":""Point"",""coordinates"":[78.50820961614792,17.40584586165081]}"
712,23.902567221901677,1724.2403543307087,38.34267080000001,30.130000000000052,0.05099030762747577,0.25669642857142855,-0.3066434580794894,"{""type"":""Point"",""coordinates"":[78.4935043473402,17.449379471483944]}"
713,23.677732252038084,1612.6064960629922,40.39690082000004,29.510000000000048,0.08236389018147976,0.16824644549763032,-0.2271313005600498,"{""type"":""Point"",""coordinates"":[78.50919956554239,17.472887238231106]}"
714,23.898320994657638,1649.243307086614,43.15182493999998,29.24000000000001,0.05433352133859748,0.40502793296089384,-0.49258160237388726,"{""type"":""Point"",""coordinates"":[78.38531237465455,17.377257655292595]}"
715,24.047364220252405,2742.5887795275594,39.26553620000004,29.450000000000045,0.19948036951501155,0.021174737617381697,-0.07438977140643162,"{""type"":""Point"",""coordinates"":[78.5697735822233,17.43550057491505]}"
716,24.026762300379175,2004.102559055118,44.23191926000004,28.29000000000002,0.09191814082552896,0.2205128205128205,-0.30313588850174217,"{""type"":""Point"",""coordinates"":[78.50446825935472,17.307005905894663]}"
717,23.654055255392336,1222.1143700787402,38.64003853999998,29.460000000000036,0.1908284023668639,0.3352318958502848,-0.40858369098712444,"{""type"":""Point"",""coordinates"":[78.39629282039203,17.48199420562356]}"
718,24.047364220252405,1783.2748031496062,38.821193600000015,29.430000000000007,0.04691891891891892,0.1679915209326974,-0.2106564130733315,"{""type"":""Point"",""coordinates"":[78.56715428071574,17.355549329192122]}"
719,23.901310947963168,1649.5415354330707,42.64595798000005,27.870000000000005,0.0995687965503724,0.3262124711316397,-0.3900151285930408,"{""type"":""Point"",""coordinates"":[78.4464783072543,17.28886450247845]}"
720,23.902567221901677,1827.701968503937,39.30313441999999,30.870000000000005,0.017723681400811445,0.16929334011184544,-0.21532364597093792,"{""type"":""Point"",""coordinates"":[78.51906248538542,17.373867181663815]}"
721,24.047364220252405,1123.95,37.41980540000003,28.150000000000034,0.08884787766939098,0.4625476089716462,-0.4961038961038961,"{""type"":""Point"",""coordinates"":[78.58625150728811,17.38167896194573]}"
722,24.047364220252405,1817.3840551181102,42.341754200000025,29.060000000000002,0.05932517612161661,0.28455696202531644,-0.3732070365358593,"{""type"":""Point"",""coordinates"":[78.58254404624735,17.43869901883771]}"
723,24.047364220252405,1096.6212598425195,39.51846968000001,27.650000000000034,0.23017308189098423,0.36259716506630085,-0.4522417153996101,"{""type"":""Point"",""coordinates"":[78.57959112171498,17.358969011327165]}"
724,23.902567221901677,1932.5553149606294,43.52438912000002,30.890000000000043,0.11543038476794923,0.10834990059642147,-0.17029651010233535,"{""type"":""Point"",""coordinates"":[78.4881493878308,17.363197678724404]}"
725,23.654055255392336,1629.2590551181104,43.08688256000005,29.250000000000057,0.08073350797809002,0.13429327064354982,-0.19209388511426806,"{""type"":""Point"",""coordinates"":[78.37727380242707,17.455978978226987]}"
726,23.902567221901677,1778.0238188976375,43.37741426000002,30.890000000000043,0.08929327126534067,0.1514178705189941,-0.21616275784119807,"{""type"":""Point"",""coordinates"":[78.48624035967381,17.359526935842865]}"
727,24.047364220252405,1929.225590551181,41.72992862000001,28.950000000000045,0.11583080492593253,0.1998062484863163,-0.296519235802146,"{""type"":""Point"",""coordinates"":[78.58701433996549,17.430841314010408]}"
728,23.677732252038084,1480.2088582677163,36.025253239999984,30.170000000000016,-0.025839793281653745,0.45821854912764004,-0.48921537980618945,"{""type"":""Point"",""coordinates"":[78.5480808216997,17.453562172770894]}"
729,23.654055255392336,1772.825,38.74257914000003,30.450000000000045,0.024518388791593695,0.17634635691657866,-0.22484881803188564,"{""type"":""Point"",""coordinates"":[78.42566002234354,17.450140245267335]}"
730,24.037715318467917,1926.6517716535434,38.63320250000004,29.500000000000057,0.016091954022988506,0.21303731695795938,-0.28303772170871844,"{""type"":""Point"",""coordinates"":[78.56041408562201,17.346779052493027]}"
731,23.654055255392336,1882.0287401574801,40.78313708000002,29.620000000000005,0.13186145432448856,0.17296113847837985,-0.20291888857704182,"{""type"":""Point"",""coordinates"":[78.4202793895946,17.47678091868776]}"
732,23.902567221901677,1867.9716535433067,40.424244980000026,30.680000000000007,0.08543973260914978,0.12198872373141978,-0.1677780741531075,"{""type"":""Point"",""coordinates"":[78.5007177588099,17.382919876643506]}"
733,23.901310947963168,1920.3840551181104,41.39496266000003,28.370000000000005,0.08867924528301886,0.18469462840323767,-0.2620851842174027,"{""type"":""Point"",""coordinates"":[78.44811151475326,17.343289918678366]}"
734,24.037715318467917,2007.630118110236,40.998472340000035,29.170000000000016,0.06722354813046937,0.09273066169617894,-0.15916955017301038,"{""type"":""Point"",""coordinates"":[78.57500004353298,17.334942062978527]}"
735,23.902567221901677,1850.6261811023624,39.836345540000025,30.77000000000004,0.058460271716755864,0.15944233206590622,-0.22005868231528408,"{""type"":""Point"",""coordinates"":[78.54344390986647,17.370456199066904]}"
736,23.898320994657638,1632.352559055118,38.02821296000002,29.710000000000036,-0.013639906469212782,0.4510460251046025,-0.500865551067513,"{""type"":""Point"",""coordinates"":[78.39122033179345,17.436381307578756]}"
737,23.654055255392336,1240.4135826771656,38.41786724000002,29.250000000000057,0.04486251808972504,0.5137614678899083,-0.543859649122807,"{""type"":""Point"",""coordinates"":[78.4006500114413,17.474424760605302]}"
738,23.898320994657638,2575.498228346457,40.328540420000024,29.950000000000045,0.0980546792849632,0.18535152876144412,-0.31632457318242857,"{""type"":""Point"",""coordinates"":[78.41275359886153,17.387644495423004]}"
739,23.898320994657638,2137.247244094488,40.26701606000006,30.110000000000014,0.07888234176012165,0.06999337602119673,-0.12855146716348392,"{""type"":""Point"",""coordinates"":[78.39018701643036,17.399040353239414]}"
740,24.047364220252405,2273.735433070866,42.85445720000001,28.890000000000043,0.10989188316927545,0.13544668587896252,-0.22224684245512963,"{""type"":""Point"",""coordinates"":[78.57841509782551,17.381953993759137]}"
741,23.902567221901677,1743.8742125984252,38.851955780000026,29.010000000000048,-0.03260869565217391,0.270733012306046,-0.29816889860617657,"{""type"":""Point"",""coordinates"":[78.4683331766393,17.410373718872723]}"
742,24.026762300379175,1817.2403543307084,39.20742986000005,29.99000000000001,0.022916666666666665,0.20441705187467898,-0.24601487778958556,"{""type"":""Point"",""coordinates"":[78.54010524296092,17.341917007630283]}"
743,24.026762300379175,1920.6133858267715,40.25676199999998,29.710000000000036,0.07679771847626808,0.12178217821782178,-0.1839080459770115,"{""type"":""Point"",""coordinates"":[78.52368168359624,17.329162237092458]}"
744,23.898320994657638,1457.7954724409446,41.470159100000046,30.650000000000034,0.03182214472537053,0.41735800893426933,-0.47623795280824194,"{""type"":""Point"",""coordinates"":[78.4272466345638,17.38709134612503]}"
745,23.901310947963168,1547.6458661417323,40.15422139999998,28.630000000000052,-0.05360134003350084,0.48305334512231063,-0.517490952955368,"{""type"":""Point"",""coordinates"":[78.43754000994102,17.333908471135967]}"
746,23.901310947963168,1897.7787401574801,46.945827140000006,28.49000000000001,0.14825732616611756,0.18848294217275588,-0.3347826086956522,"{""type"":""Point"",""coordinates"":[78.403956893872,17.324142440907803]}"
747,24.026762300379175,1948.1616141732284,40.33879448000005,29.110000000000014,0.03651354534746761,0.18780251694094868,-0.23378582202111614,"{""type"":""Point"",""coordinates"":[78.54560625781707,17.324171752741634]}"
748,24.026762300379175,125.19212598425197,29.67457208000002,27.870000000000005,0.22285714285714286,-0.3674418604651163,0.6190476190476191,"{""type"":""Point"",""coordinates"":[78.45771099101535,17.287872152830456]}"
749,23.898320994657638,2024.6586614173227,41.91108368000005,29.500000000000057,0.07494885623953877,0.15352504638218925,-0.22091310751104565,"{""type"":""Point"",""coordinates"":[78.38144472269302,17.35828642610377]}"
750,23.898320994657638,1865.4578740157478,40.46867924000003,29.82000000000005,0.10697877926055567,0.06385196768308575,-0.10863661053775123,"{""type"":""Point"",""coordinates"":[78.4025686673669,17.388656984356647]}"
751,23.898320994657638,937.2206692913386,39.3338966,29.82000000000005,0.060089686098654706,0.09053069719042664,-0.046430354468297554,"{""type"":""Point"",""coordinates"":[78.40054484297461,17.389099351378665]}"
752,23.898320994657638,336.73838582677166,30.50515094000002,29.730000000000018,-0.2565597667638484,0.19722222222222222,0.18216318785578747,"{""type"":""Point"",""coordinates"":[78.38999012176124,17.427404485451913]}"
753,23.654055255392336,1876.5661417322833,38.66054666000002,29.58000000000004,0.08264287231782452,0.10040774719673802,-0.1542368350708367,"{""type"":""Point"",""coordinates"":[78.44765131287616,17.492754916319047]}"
754,23.902567221901677,1843.5198818897638,38.94766034000003,29.880000000000052,0.016609880749574105,0.17986714358712313,-0.2216931216931217,"{""type"":""Point"",""coordinates"":[78.49136791643585,17.417408455808385]}"
755,23.902567221901677,1834.5937007874015,39.5389778,30.110000000000014,0.053091544679921346,0.11960733660552829,-0.1719848566792861,"{""type"":""Point"",""coordinates"":[78.51140546913398,17.420014381805448]}"
756,23.677732252038084,1925.5316929133858,35.413427660000025,30.03000000000003,-0.09443631039531479,0.4147149278448072,-0.44619105199516323,"{""type"":""Point"",""coordinates"":[78.54391960592484,17.4610370149903]}"
757,24.047364220252405,2093.7305118110235,41.261659880000025,29.200000000000045,0.07221812822402358,0.1266219239373602,-0.19167061050638903,"{""type"":""Point"",""coordinates"":[78.59755935791502,17.424016403560632]}"
758,23.654055255392336,1739.1094488188978,38.185441879999985,29.720000000000027,0.02539748090026843,0.2569906790945406,-0.31586283802620574,"{""type"":""Point"",""coordinates"":[78.38268949578878,17.484011135588677]}"
759,24.037715318467917,1664.7521653543306,38.43153932000001,29.810000000000002,0.07074652777777778,0.21647727272727274,-0.2824198861934711,"{""type"":""Point"",""coordinates"":[78.56131223592543,17.339474561685837]}"
760,23.72446443962332,1808.261023622047,38.43153932000001,30.590000000000032,0.04497843499691929,0.20904836193447737,-0.25982118667027904,"{""type"":""Point"",""coordinates"":[78.55896625037508,17.477031295139668]}"
761,23.72446443962332,1996.9598425196848,38.98184054000001,29.30000000000001,0.04990162761581113,0.22199217851391764,-0.2952938307729822,"{""type"":""Point"",""coordinates"":[78.58355741010823,17.491799767100698]}"
762,23.898320994657638,1934.3437007874015,40.05509882000001,30.170000000000016,0.07210283189395461,0.11756168359941944,-0.1901081916537867,"{""type"":""Point"",""coordinates"":[78.38487807828533,17.39965965704078]}"
763,24.037715318467917,2042.8515748031498,36.03208928000004,28.190000000000055,-0.013628929674722878,0.2617054964940059,-0.31092831962397177,"{""type"":""Point"",""coordinates"":[78.58294442967521,17.32432528473334]}"
764,24.026762300379175,1791.84468503937,46.67238554000005,27.470000000000027,0.20253164556962025,0.2747603833865815,-0.4165680473372781,"{""type"":""Point"",""coordinates"":[78.52689196170542,17.288041894806387]}"
765,23.72446443962332,1771.6124015748028,38.838283700000034,30.380000000000052,0.04238013698630137,0.185793798038696,-0.23830611680044284,"{""type"":""Point"",""coordinates"":[78.54966157164516,17.472868497245]}"
766,24.047364220252405,1527.1714566929134,39.38516690000006,29.650000000000034,0.08293530178028659,0.33628598544764315,-0.3858267716535433,"{""type"":""Point"",""coordinates"":[78.56083144580835,17.442864288246426]}"
767,23.677732252038084,1497.2246062992126,37.884656120000045,29.52000000000004,-0.02686817800167926,0.49739822467095196,-0.5112758727216559,"{""type"":""Point"",""coordinates"":[78.52106981637148,17.489623449249752]}"
768,23.677732252038084,1782.4490157480318,39.487707500000056,30.33000000000004,0.0752405949256343,0.12897196261682242,-0.18931082981715894,"{""type"":""Point"",""coordinates"":[78.53538556960848,17.451005330667112]}"
769,23.901310947963168,1962.0562992125983,44.94286742000003,28.82000000000005,0.11262441068622316,0.19492123207147896,-0.3087818696883853,"{""type"":""Point"",""coordinates"":[78.4120491812986,17.33082336271107]}"
770,23.902567221901677,1823.2049212598426,38.821193600000015,29.850000000000023,0.022005924672027083,0.17339426250317339,-0.2259946949602122,"{""type"":""Point"",""coordinates"":[78.5208816363157,17.40107375658881]}"
771,23.898320994657638,1252.9460629921261,40.12345922000003,29.650000000000034,0.01354346220142822,0.4727941176470588,-0.5020622422197225,"{""type"":""Point"",""coordinates"":[78.39919828440821,17.379980035182967]}"
772,23.901310947963168,1753.1389763779528,42.05805854000005,28.78000000000003,0.1252040102588016,0.05660377358490566,-0.11467617349970291,"{""type"":""Point"",""coordinates"":[78.41606292034669,17.34800037478722]}"
773,23.902567221901677,1593.418503937008,40.11320516000001,30.370000000000005,0.08851499634235552,0.1286231884057971,-0.19006685768863418,"{""type"":""Point"",""coordinates"":[78.45652807198235,17.440219055230774]}"
774,23.898320994657638,1760.399803149606,40.48235132000002,30.53000000000003,0.09554140127388536,0.07926167209554831,-0.13502711961176134,"{""type"":""Point"",""coordinates"":[78.42948843424894,17.44301228226237]}"
775,24.026762300379175,1818.1183070866139,39.67911662000006,29.870000000000005,0.048901782014090345,0.2082126875493551,-0.24525230602278894,"{""type"":""Point"",""coordinates"":[78.52728904081846,17.340336885023074]}"
776,23.902567221901677,2027.3712598425193,40.89593174000004,30.29000000000002,0.07739113899980984,0.11642890013805798,-0.19832057298098296,"{""type"":""Point"",""coordinates"":[78.50433993805251,17.407790235362636]}"
777,24.026762300379175,1341.1911417322835,34.049637680000046,29.54000000000002,-0.32869481765834935,0.7311659893716786,-0.6817491648952323,"{""type"":""Point"",""coordinates"":[78.47235109489766,17.310354006638352]}"
778,24.047364220252405,1483.61437007874,40.22599982000003,29.450000000000045,-0.007226738934056007,0.3898410719850421,-0.43270157404433024,"{""type"":""Point"",""coordinates"":[78.57713257870182,17.43631777645629]}"
779,24.026762300379175,1835.446062992126,43.14157088000002,30.230000000000018,0.08780389793048021,0.1734298268286379,-0.2544901906604034,"{""type"":""Point"",""coordinates"":[78.52924351182322,17.347803653730512]}"
780,23.654055255392336,1983.1094488188976,40.06193486000001,30.07000000000005,0.10760118460019744,0.09073359073359073,-0.15660184237461616,"{""type"":""Point"",""coordinates"":[78.40651566518586,17.452121178371357]}"
781,24.026762300379175,1885.1596456692914,43.442356640000014,30.010000000000048,0.09172172561212592,0.16037735849056603,-0.24939855653568566,"{""type"":""Point"",""coordinates"":[78.5483004726141,17.341716722551595]}"
782,23.902567221901677,1733.7157480314959,39.27237223999998,30.700000000000045,0.012229135378674105,0.25244831338411317,-0.2806675938803894,"{""type"":""Point"",""coordinates"":[78.49079539506226,17.392390394644845]}"
783,23.677732252038084,1784.9509842519685,36.74303744000002,29.590000000000032,0.04197349042709867,0.3594566353187043,-0.43400385781206946,"{""type"":""Point"",""coordinates"":[78.50454104485769,17.4843821753133]}"
784,24.037715318467917,1825.6616141732284,38.42470328000002,29.170000000000016,0.04208754208754209,0.16449219749296495,-0.21906802356722013,"{""type"":""Point"",""coordinates"":[78.57353518079243,17.340369995272706]}"
785,23.901310947963168,1690.5267716535434,39.022856779999984,29.110000000000014,-0.0547011874635001,0.46313799621928164,-0.4811372334609076,"{""type"":""Point"",""coordinates"":[78.43449116724156,17.33280127219599]}"
786,23.902567221901677,1378.1438976377951,36.23717048000003,29.350000000000023,-0.0563570784490532,0.556293590169379,-0.5389162561576355,"{""type"":""Point"",""coordinates"":[78.53731429032459,17.415494396555943]}"
787,23.898320994657638,1446.326968503937,40.229417839999996,30.640000000000043,0.08523344191096634,0.12860013395847286,-0.17544471573072898,"{""type"":""Point"",""coordinates"":[78.43758169569848,17.394195313864856]}"
788,23.654055255392336,1965.7885826771653,39.46719938000001,29.670000000000016,0.0059810920316419065,0.1970260223048327,-0.2689655172413793,"{""type"":""Point"",""coordinates"":[78.41540297434878,17.46829264847599]}"
789,24.047364220252405,1954.251181102362,39.36465878000001,28.870000000000005,0.010752688172043012,0.24857142857142858,-0.29289940828402367,"{""type"":""Point"",""coordinates"":[78.56730131480553,17.351213365388485]}"
790,24.037715318467917,1842.0799212598426,40.74553886000001,27.470000000000027,-0.025130713442401753,0.48171623598244756,-0.5321401562893875,"{""type"":""Point"",""coordinates"":[78.57406116389711,17.283727261335116]}"
791,23.72446443962332,1770.0523622047244,38.83144765999998,29.730000000000018,0.08238330823833083,0.14064171122994654,-0.19663394109396914,"{""type"":""Point"",""coordinates"":[78.5700052388035,17.45623311195839]}"
792,23.902567221901677,1759.215748031496,38.91348014000005,29.170000000000016,0.029082774049217,0.2666489785088883,-0.30938014262205155,"{""type"":""Point"",""coordinates"":[78.4542178492306,17.432479699000865]}"
793,23.902567221901677,1425.262007874016,40.48918736000002,30.370000000000005,0.013716814159292035,0.41839007317849186,-0.48500999333777484,"{""type"":""Point"",""coordinates"":[78.52019107946035,17.387387105632122]}"
794,23.898320994657638,1902.936220472441,38.01454088000003,30.010000000000048,0.010472238688006322,0.2178988326848249,-0.2684903748733536,"{""type"":""Point"",""coordinates"":[78.42973963772943,17.413348819639133]}"
795,23.902567221901677,1633.4421259842516,41.93159179999998,30.910000000000025,0.08014606957524505,0.31231148889498217,-0.4385332131048993,"{""type"":""Point"",""coordinates"":[78.5099880059622,17.367649514903928]}"
796,24.037715318467917,1825.907677165354,42.35884429999999,28.670000000000016,0.0997867803837953,0.09833506763787721,-0.17408231368186874,"{""type"":""Point"",""coordinates"":[78.57941006758179,17.343425277257204]}"
797,24.026762300379175,1230.6635826771653,41.28900404000001,27.950000000000045,0.04623208506703652,0.5808429118773947,-0.5955143078112916,"{""type"":""Point"",""coordinates"":[78.51493964027122,17.292604625608302]}"
798,23.902567221901677,1455.9273622047244,39.70304276000002,28.79000000000002,-0.013065795613625758,0.37753807106598986,-0.40745542949756886,"{""type"":""Point"",""coordinates"":[78.47698885075509,17.43518041667733]}"
799,24.037715318467917,1909.317125984252,39.658608500000014,28.55000000000001,0.0445468509984639,0.20952843947496355,-0.2690640142820709,"{""type"":""Point"",""coordinates"":[78.55464282637182,17.313194480443588]}"
800,23.677732252038084,1646.628149606299,39.21426589999999,29.750000000000057,0.10931005818786367,0.2699259259259259,-0.328580285182889,"{""type"":""Point"",""coordinates"":[78.51623678399062,17.478252290965017]}"
801,23.677732252038084,1698.8673228346456,37.7616074,29.690000000000055,0.04804303468744203,0.3714591127739177,-0.4662857142857143,"{""type"":""Point"",""coordinates"":[78.52558993022483,17.46280116338916]}"
802,23.898320994657638,1699.5139763779528,39.067291039999986,29.950000000000045,-0.06666666666666667,0.3980166175288127,-0.41893362350380847,"{""type"":""Point"",""coordinates"":[78.41447671076217,17.357284226781765]}"
803,24.026762300379175,2015.6832677165353,41.23773374000001,28.07000000000005,0.06496681802305274,0.2591721542803387,-0.312576611914685,"{""type"":""Point"",""coordinates"":[78.53813106189253,17.301687883198074]}"
804,23.898320994657638,1816.231496062992,39.463781359999984,29.74000000000001,0.02197112366603892,0.20339855818743563,-0.2564516129032258,"{""type"":""Point"",""coordinates"":[78.38496440509735,17.448637251130965]}"
805,23.901310947963168,2116.260039370079,43.79099468000004,27.160000000000025,0.11391057487579843,0.14910262310170272,-0.23004926108374385,"{""type"":""Point"",""coordinates"":[78.41129805517541,17.28823100119689]}"
806,23.677732252038084,1947.3240157480316,37.77869750000002,29.52000000000004,0.04182106934886183,0.28825622775800713,-0.3684475806451613,"{""type"":""Point"",""coordinates"":[78.5190265795894,17.486974301689877]}"
807,23.902567221901677,1831.4942913385828,40.07902496000003,30.77000000000004,0.07034540859309182,0.12344107915500127,-0.19297297297297297,"{""type"":""Point"",""coordinates"":[78.54219090892497,17.370209204333854]}"
808,24.037715318467917,1759.8062992125983,38.66054666000002,29.970000000000027,0.025696393867415245,0.19207397622192868,-0.24024189114898295,"{""type"":""Point"",""coordinates"":[78.55426811301761,17.34584361849882]}"
809,24.047364220252405,1941.525787401575,39.23477402000003,28.420000000000016,0.04183266932270916,0.16324062877871826,-0.21189216427311666,"{""type"":""Point"",""coordinates"":[78.58131908565299,17.36910780062014]}"
810,24.037715318467917,2130.3181102362205,41.34027434000001,27.710000000000036,0.06264668712764036,0.14892675370657224,-0.20828484989527576,"{""type"":""Point"",""coordinates"":[78.58654989406779,17.307368243062232]}"
811,24.047364220252405,2241.4372047244096,41.34369235999998,29.130000000000052,0.13333333333333333,0.10444493102693234,-0.1779542269967305,"{""type"":""Point"",""coordinates"":[78.5655518046154,17.428284812793205]}"
812,24.026762300379175,2147.065157480315,41.589789800000005,27.83000000000004,0.08758353851565248,0.1389681668496158,-0.20763500931098697,"{""type"":""Point"",""coordinates"":[78.5378690290402,17.297349684816226]}"
813,23.901310947963168,2343.2885826771653,43.08688256000005,27.950000000000045,0.1578021978021978,0.12993906034991154,-0.26859412933127347,"{""type"":""Point"",""coordinates"":[78.41811313818772,17.308622916802413]}"
814,23.677732252038084,1494.2826771653542,40.40031884000001,29.890000000000043,0.1505711318795431,0.29594423320659063,-0.3997262149212868,"{""type"":""Point"",""coordinates"":[78.53323331829094,17.492784694382472]}"
815,24.026762300379175,1713.3948818897636,41.19329948000001,29.710000000000036,0.08453133985048879,0.28490718321226793,-0.3883720930232558,"{""type"":""Point"",""coordinates"":[78.52396871365072,17.326179723663145]}"
816,23.677732252038084,1976.5070866141732,38.43837536000001,29.340000000000032,0.0222899599923795,0.21266540642722118,-0.2584600294261893,"{""type"":""Point"",""coordinates"":[78.48831436983659,17.485104285236105]}"
817,23.677732252038084,1541.2344488188976,39.45352730000002,29.890000000000043,-0.06417112299465241,0.5084548104956268,-0.5385072851620577,"{""type"":""Point"",""coordinates"":[78.53454136595063,17.492567479579872]}"
818,24.026762300379175,777.1734251968504,36.756709520000015,27.980000000000018,-0.09580838323353294,0.5132900177200236,-0.45899772209567197,"{""type"":""Point"",""coordinates"":[78.48987951393214,17.28990601663445]}"
819,23.898320994657638,2249.132086614173,41.36420048000002,29.450000000000045,0.05024946543121882,0.10787778008729994,-0.17117117117117117,"{""type"":""Point"",""coordinates"":[78.38737026413675,17.370507422555324]}"
820,23.902567221901677,1920.971653543307,40.72844875999999,30.53000000000003,0.06630412047688768,0.11155378486055777,-0.15827711468604047,"{""type"":""Point"",""coordinates"":[78.5256604129024,17.362083796302127]}"
821,24.037715318467917,1266.3181102362205,38.55117002000003,27.670000000000016,0.16727716727716727,0.2985529322162985,-0.3515655965120888,"{""type"":""Point"",""coordinates"":[78.58534578446923,17.34617302975872]}"
822,23.902567221901677,1759.7954724409449,40.308032300000036,30.810000000000002,0.07082945013979497,0.08046599837442428,-0.13070598242132123,"{""type"":""Point"",""coordinates"":[78.49475212923764,17.38695815631805]}"
823,24.026762300379175,1994.1448818897638,44.27293550000002,29.810000000000002,0.11217889484383663,0.14571905556880516,-0.21867072552004058,"{""type"":""Point"",""coordinates"":[78.45393569340186,17.32766617171859]}"
824,24.047364220252405,1812.356496062992,40.37981072000002,29.060000000000002,0.060109289617486336,0.16549387542350794,-0.22789676002196596,"{""type"":""Point"",""coordinates"":[78.58151385104834,17.427218260537234]}"
825,24.026762300379175,1748.196062992126,44.01658400000002,28.05000000000001,0.13209549071618037,0.3161705551086082,-0.4234338747099768,"{""type"":""Point"",""coordinates"":[78.46257511542117,17.287432645681776]}"
826,23.902567221901677,1943.3141732283466,42.43745876000003,30.630000000000052,0.1165892099414023,0.0940940940940941,-0.1587596077391996,"{""type"":""Point"",""coordinates"":[78.46613104301383,17.365642000029258]}"
827,23.654055255392336,1379.8082677165353,38.40419516000003,29.680000000000007,0.03638470451911935,0.43825665859564167,-0.45080251221214235,"{""type"":""Point"",""coordinates"":[78.43892528645864,17.47228839597474]}"
828,23.901310947963168,2237.723622047244,41.92817378000001,28.130000000000052,0.09259555413401567,0.19176643562276832,-0.27248261942139496,"{""type"":""Point"",""coordinates"":[78.37555244240383,17.309190074774964]}"
829,23.902567221901677,1910.9667322834648,38.92373420000001,30.690000000000055,0.03584672435105068,0.14846625766871166,-0.2,"{""type"":""Point"",""coordinates"":[78.5002784765483,17.40016946759485]}"
830,24.026762300379175,1919.5671259842516,45.79053638000005,28.29000000000002,0.10778443113772455,0.3143837294780691,-0.40713536201469047,"{""type"":""Point"",""coordinates"":[78.50107008894537,17.30580144896782]}"
831,23.677732252038084,2117.9874015748032,39.69962473999999,30.210000000000036,0.04633781763826607,0.2474473169671953,-0.3270164085971805,"{""type"":""Point"",""coordinates"":[78.4785900431158,17.466128984864486]}"
832,23.654055255392336,1322.2246062992126,40.17472952000003,29.450000000000045,0.14107142857142857,0.3846707448722562,-0.48342328450269856,"{""type"":""Point"",""coordinates"":[78.43503268077848,17.484749864334955]}"
833,23.654055255392336,1635.0799212598422,42.78951482000002,30.370000000000005,0.1154663518299882,0.11124295461287452,-0.172090112640801,"{""type"":""Point"",""coordinates"":[78.44904538641457,17.460303920447473]}"
834,23.677732252038084,1803.6458661417323,47.20217864000006,30.350000000000023,0.1496030087755955,0.1044776119402985,-0.1715601611974669,"{""type"":""Point"",""coordinates"":[78.47338286212255,17.45263633322533]}"
835,23.902567221901677,1548.755118110236,37.659066800000005,30.27000000000004,-0.1138812592436087,0.5245806824754193,-0.5136376686764283,"{""type"":""Point"",""coordinates"":[78.45096070217355,17.445091713911967]}"
836,23.901310947963168,2107.2757874015747,42.198197359999995,28.150000000000034,0.12805474095796676,0.15643906655142611,-0.27156094084105487,"{""type"":""Point"",""coordinates"":[78.38671702798938,17.315269380279076]}"
837,23.898320994657638,1327.6301181102363,42.41695063999998,30.640000000000043,0.05736509479824988,0.36597393448397325,-0.41429613420860684,"{""type"":""Point"",""coordinates"":[78.44213641122855,17.397011819248842]}"
838,24.026762300379175,2021.6163385826771,41.036070559999985,29.07000000000005,0.02295918367346939,0.2272831311512932,-0.303988326848249,"{""type"":""Point"",""coordinates"":[78.52128604713803,17.313177402725657]}"
839,23.677732252038084,2002.21968503937,39.97306634000006,29.710000000000036,0.089449990213349,0.12150433944069432,-0.16679207424128417,"{""type"":""Point"",""coordinates"":[78.48035231630026,17.478257311064255]}"
840,24.026762300379175,2179.9116141732284,44.22166520000002,28.470000000000027,0.11416921508664628,0.13298565840938723,-0.22538190364277322,"{""type"":""Point"",""coordinates"":[78.46164054575333,17.2959275424017]}"
841,24.026762300379175,1914.1340551181102,42.80660492000004,29.250000000000057,0.10997547015535568,0.09013520280420631,-0.15276674609478422,"{""type"":""Point"",""coordinates"":[78.45073240923409,17.31532042206777]}"
842,23.902567221901677,1757.912598425197,41.083922840000014,30.890000000000043,0.06462212486308871,0.165075034106412,-0.21203519727504969,"{""type"":""Point"",""coordinates"":[78.4857405004527,17.370712815148234]}"
843,24.047364220252405,1964.457874015748,39.69620672000002,29.83000000000004,0.013824884792626729,0.1600282818760311,-0.20637254901960783,"{""type"":""Point"",""coordinates"":[78.56697448470541,17.3753415234716]}"
844,24.047364220252405,720.2009842519685,32.14580053999998,27.870000000000005,-0.20284697508896798,0.23207776427703525,-0.19223985890652556,"{""type"":""Point"",""coordinates"":[78.58966074251217,17.38748997973739]}"
845,23.901310947963168,1523.5080708661415,42.864711260000036,28.82000000000005,0.04795117698343505,0.3304904051172708,-0.39776,"{""type"":""Point"",""coordinates"":[78.41171058200143,17.33203298577355]}"
846,23.677732252038084,1370.7374015748032,36.23717048000003,29.27000000000004,0.010857010857010857,0.45844686648501365,-0.47046703296703296,"{""type"":""Point"",""coordinates"":[78.45826619051097,17.477284494865614]}"
847,23.677732252038084,1966.8811023622047,38.838283700000034,30.060000000000002,0.06456126324205477,0.13399563847831356,-0.18541033434650456,"{""type"":""Point"",""coordinates"":[78.50393196569927,17.452490437834943]}"
848,23.901310947963168,1646.9834645669291,44.064436279999995,27.410000000000025,0.14716202270381837,0.19491035280508964,-0.286025521319639,"{""type"":""Point"",""coordinates"":[78.41799542766799,17.293847544424104]}"
849,23.898320994657638,1533.1399606299212,39.51505166000004,30.130000000000052,0.06084396467124632,0.1530120481927711,-0.2364341085271318,"{""type"":""Point"",""coordinates"":[78.44622010944282,17.36440464124626]}"
850,23.901310947963168,1571.6872047244094,39.30313441999999,27.350000000000023,-0.018638573743922204,0.4284090909090909,-0.5227135069654755,"{""type"":""Point"",""coordinates"":[78.38843261034371,17.279901903810128]}"
851,24.037715318467917,1805.4696850393702,44.34129589999998,28.000000000000057,0.15500730400908944,0.34800621439668566,-0.47228506787330315,"{""type"":""Point"",""coordinates"":[78.56021287911793,17.302039726307846]}"
852,23.898320994657638,2078.429330708661,40.03800871999999,30.630000000000052,0.05912096460521198,0.09086809470124013,-0.15548125149271555,"{""type"":""Point"",""coordinates"":[78.40833662268479,17.40115465881164]}"
853,23.902567221901677,1862.2029527559055,40.43449903999999,30.810000000000002,0.052676659528907925,0.12028361610534312,-0.18257150494520183,"{""type"":""Point"",""coordinates"":[78.48926432660356,17.38951214713945]}"
854,23.901310947963168,1691.6753937007875,42.492147079999995,28.610000000000014,0.12619222303741745,0.3495750708215297,-0.42677448337825696,"{""type"":""Point"",""coordinates"":[78.4158893229302,17.341335311681068]}"
855,24.047364220252405,1837.1438976377951,39.72696890000003,29.690000000000055,0.05869751499571551,0.12695562964862786,-0.18724669008376116,"{""type"":""Point"",""coordinates"":[78.56329644061087,17.37263176146148]}"
856,23.677732252038084,1270.9726377952754,38.393941100000006,29.27000000000004,0.08661048689138577,0.4581464872944694,-0.5182879377431907,"{""type"":""Point"",""coordinates"":[78.4665771178173,17.484808089102064]}"
857,23.72446443962332,1220.2147637795276,39.36465878000001,29.33000000000004,0.22468659594985535,0.31479967293540473,-0.41736447774349933,"{""type"":""Point"",""coordinates"":[78.58540789672072,17.457019106318253]}"
858,23.902567221901677,1972.3899606299212,38.851955780000026,30.650000000000034,0.05113636363636364,0.11625686321317737,-0.16987740805604204,"{""type"":""Point"",""coordinates"":[78.54680165928134,17.362633948743028]}"
859,23.901310947963168,2027.639960629921,42.782678780000026,27.870000000000005,0.10150891632373114,0.22831692451945618,-0.288102261553589,"{""type"":""Point"",""coordinates"":[78.44617570321158,17.2881336883585]}"
860,23.901310947963168,1362.229527559055,39.25528214000002,28.390000000000043,-0.05659526493799324,0.5793731041456016,-0.5900916185951816,"{""type"":""Point"",""coordinates"":[78.40244912556844,17.311601470259387]}"
861,23.898320994657638,2360.5454724409446,41.0087264,30.010000000000048,0.07717041800643087,0.1784247853676745,-0.311318795430945,"{""type"":""Point"",""coordinates"":[78.39272772120812,17.41961491102191]}"
862,24.026762300379175,1394.9962598425197,42.15034508000002,30.010000000000048,0.08669724770642202,0.41205673758865247,-0.4282639885222382,"{""type"":""Point"",""coordinates"":[78.49497553612757,17.32889161674906]}"
863,24.047364220252405,1735.7856299212597,41.996534180000026,29.360000000000014,0.09219858156028368,0.17095483133218983,-0.20576979687959965,"{""type"":""Point"",""coordinates"":[78.56287635633822,17.440519718121262]}"
864,24.026762300379175,1689.7885826771653,42.478475,30.390000000000043,0.058075827306596536,0.20832161934214224,-0.25342665500145817,"{""type"":""Point"",""coordinates"":[78.47042078871041,17.344031563559252]}"
865,23.72446443962332,1060.9608267716535,38.393941100000006,29.03000000000003,0.12181916621548457,0.47454545454545455,-0.5484486873508353,"{""type"":""Point"",""coordinates"":[78.58847019925602,17.455880636785626]}"
866,23.902567221901677,1712.727559055118,39.00918469999999,29.670000000000016,0.07168373422243392,0.08277777777777778,-0.1351193942923704,"{""type"":""Point"",""coordinates"":[78.54063221353454,17.392479182975723]}"
867,23.898320994657638,1487.3003937007873,42.488729060000026,29.150000000000034,0.21907273126785323,0.1468215553404324,-0.28442356342609326,"{""type"":""Point"",""coordinates"":[78.4421681352543,17.351943208402098]}"
868,23.677732252038084,1509.1330708661417,37.30701074000001,29.810000000000002,0.014750454637300466,0.4920440636474908,-0.5270905104917006,"{""type"":""Point"",""coordinates"":[78.51523229683136,17.453784576540983]}"
869,24.047364220252405,2056.5169291338584,39.85343564000004,28.950000000000045,0.04629803186504217,0.16483516483516483,-0.21606118546845124,"{""type"":""Point"",""coordinates"":[78.58367999100216,17.429644896601292]}"
870,24.037715318467917,1578.2994094488186,44.33104184000001,27.590000000000032,0.11029695333590436,0.32472006890611543,-0.4741214057507987,"{""type"":""Point"",""coordinates"":[78.59275544948207,17.345951489345172]}"
871,24.047364220252405,1275.6753937007873,39.67569860000003,28.370000000000005,0.06238003838771593,0.44848035581912526,-0.4944550669216061,"{""type"":""Point"",""coordinates"":[78.57574786860579,17.36568125099682]}"
872,24.026762300379175,1942.9450787401574,41.097594920000006,29.620000000000005,0.06464872944693573,0.19646271510516253,-0.2715265430530861,"{""type"":""Point"",""coordinates"":[78.53412154139163,17.32812547119751]}"
873,23.902567221901677,1840.2127952755907,39.70304276000002,30.79000000000002,0.044073598630723146,0.14681724845995894,-0.19721329046087888,"{""type"":""Point"",""coordinates"":[78.48461058897688,17.386998000006596]}"
874,23.898320994657638,1889.0179133858267,42.885219380000024,29.03000000000003,0.1692614770459082,0.09989429175475686,-0.1609483960948396,"{""type"":""Point"",""coordinates"":[78.42982309580688,17.350231534447527]}"
875,24.026762300379175,2072.45,42.17768924000001,28.130000000000052,0.047810954387250415,0.1678274545046057,-0.23262983163386294,"{""type"":""Point"",""coordinates"":[78.52187953333872,17.297637874921154]}"
876,24.026762300379175,2000.4047244094486,40.000410500000044,29.210000000000036,0.03589940487617585,0.18136908962597037,-0.22011661807580174,"{""type"":""Point"",""coordinates"":[78.53516619929482,17.324590494616398]}"
877,23.902567221901677,1845.463779527559,39.231356000000005,30.130000000000052,0.09490688804128337,0.05464052287581699,-0.10824175824175825,"{""type"":""Point"",""coordinates"":[78.514533193194,17.428326258366894]}"
878,23.902567221901677,1859.6586614173227,42.40327855999999,30.500000000000057,0.07270973963355834,0.22247648105771675,-0.28659352421728657,"{""type"":""Point"",""coordinates"":[78.53367199798474,17.351832105254687]}"
879,23.898320994657638,1989.5139763779525,40.181565560000024,30.170000000000016,0.029770992366412213,0.18785046728971963,-0.24638391762686934,"{""type"":""Point"",""coordinates"":[78.38168010096845,17.396321534352232]}"
880,24.026762300379175,1860.3102362204722,41.34027434000001,29.210000000000036,0.0673966396073249,0.24308002013085053,-0.3251072961373391,"{""type"":""Point"",""coordinates"":[78.5340123618062,17.31854272154668]}"
881,23.901310947963168,1990.9637795275592,41.93842784000003,28.77000000000004,0.11253761283851554,0.08431372549019608,-0.14108847046685583,"{""type"":""Point"",""coordinates"":[78.42145132798284,17.34372863019112]}"
882,23.902567221901677,1876.7531496062993,39.99015644000002,30.810000000000002,0.07235539916428414,0.0643451930355791,-0.11823966065747614,"{""type"":""Point"",""coordinates"":[78.49240371744555,17.3910135657732]}"
883,23.654055255392336,2278.942125984252,43.21676732000003,29.250000000000057,0.11701616776052505,0.10629763337344565,-0.2255054432348367,"{""type"":""Point"",""coordinates"":[78.37968591850806,17.454695931453735]}"
884,23.898320994657638,1578.7816929133858,38.55117002000003,30.610000000000014,0.03228915662650603,0.19275319275319275,-0.23912372724467756,"{""type"":""Point"",""coordinates"":[78.44032206014946,17.441966629761236]}"
885,24.026762300379175,1928.2974409448816,43.011686120000036,27.560000000000002,0.06126482213438735,0.3781431334622824,-0.4423076923076923,"{""type"":""Point"",""coordinates"":[78.53297725027738,17.27810589810639]}"
886,24.047364220252405,1790.5326771653542,39.70646078000004,29.380000000000052,0.06344676180021953,0.12767644726407612,-0.18237250554323725,"{""type"":""Point"",""coordinates"":[78.59734503479594,17.40906806817585]}"
887,23.901310947963168,2001.113385826772,41.586371780000036,28.05000000000001,0.12633417426741703,0.05954342198164274,-0.14905564063297602,"{""type"":""Point"",""coordinates"":[78.38424310358188,17.3036316123061]}"
888,24.037715318467917,1176.1872047244092,37.31726480000003,27.670000000000016,0.026865671641791045,0.5499207606973059,-0.5456341367048597,"{""type"":""Point"",""coordinates"":[78.58621070206034,17.348040032095227]}"
889,24.026762300379175,1719.1124015748032,42.37935242000003,30.250000000000057,0.06525496974935177,0.19337931034482758,-0.2513740237199884,"{""type"":""Point"",""coordinates"":[78.46933785487792,17.334066764472293]}"
890,23.902567221901677,1452.645866141732,40.66008836000003,30.230000000000018,0.11189189189189189,0.0902455209024552,-0.15704225352112677,"{""type"":""Point"",""coordinates"":[78.49957637295786,17.43549205662181]}"
891,23.677732252038084,1778.4037401574801,39.487707500000056,30.110000000000014,4.2265426880811494E-4,0.23145014319187712,-0.28184281842818426,"{""type"":""Point"",""coordinates"":[78.52822619349246,17.4856860437913]}"
892,24.047364220252405,2236.067125984252,33.13019029999998,27.870000000000005,-0.3523212759897465,0.7998483699772555,-0.6969263759828449,"{""type"":""Point"",""coordinates"":[78.58252844456374,17.38677443905603]}"
893,23.902567221901677,863.0238188976377,34.87679852000002,29.58000000000004,-0.12905844155844157,0.46267087276551,-0.41003547896604153,"{""type"":""Point"",""coordinates"":[78.46308447151597,17.414538772752625]}"
894,23.72446443962332,1988.2334645669291,41.439396920000036,28.54000000000002,0.12094917655392244,0.12613430127041741,-0.2940563086548488,"{""type"":""Point"",""coordinates"":[78.59295874576674,17.467431677977565]}"
895,23.898320994657638,1916.9529527559055,40.52678558000002,29.710000000000036,0.04777327935222672,0.18101933216168717,-0.20491803278688525,"{""type"":""Point"",""coordinates"":[78.39463819068303,17.438573697995675]}"
896,23.898320994657638,1702.1498031496062,38.11024544000003,30.05000000000001,-0.08771929824561403,0.41883980840872803,-0.4410810810810811,"{""type"":""Point"",""coordinates"":[78.39892844006798,17.417586550999395]}"
897,24.026762300379175,2177.2354330708663,44.440418480000005,28.390000000000043,0.10286392136925945,0.1436595376971268,-0.2357609710550887,"{""type"":""Point"",""coordinates"":[78.48443902350525,17.29775892472199]}"
898,23.901310947963168,997.1448818897638,38.34267080000001,27.460000000000036,0.1413582046050714,0.46859421734795614,-0.49619095987811074,"{""type"":""Point"",""coordinates"":[78.40532590999959,17.291788907883078]}"
899,24.026762300379175,1702.8938976377951,39.52872374000003,29.960000000000036,0.10771992818671454,0.13373253493013973,-0.17563571850975754,"{""type"":""Point"",""coordinates"":[78.54731044299548,17.349898689010086]}"
900,23.654055255392336,2000.3505905511813,41.71625654000002,29.140000000000043,0.07250250584697628,0.27808471454880296,-0.33301320528211287,"{""type"":""Point"",""coordinates"":[78.37506872117223,17.475683113154517]}"
901,23.902567221901677,1511.9253937007875,31.974899540000024,28.440000000000055,-0.1277258566978193,0.4706906558328497,-0.5092316855270994,"{""type"":""Point"",""coordinates"":[78.4848952434436,17.426761044988133]}"
902,24.047364220252405,1133.7423228346456,37.41980540000003,28.370000000000005,0.11591255719369599,0.46011754827875734,-0.5241016652059597,"{""type"":""Point"",""coordinates"":[78.57392309370154,17.361194377925067]}"
903,23.901310947963168,2338.9165354330707,43.801248740000005,28.55000000000001,0.146779303062302,0.08936825885978428,-0.2365544381285527,"{""type"":""Point"",""coordinates"":[78.41918939859798,17.309437409392295]}"
904,24.026762300379175,2000.7659448818897,41.74701872000003,29.07000000000005,0.06485671191553545,0.16159250585480095,-0.2283308568598316,"{""type"":""Point"",""coordinates"":[78.51230202387185,17.31122358232645]}"
905,23.902567221901677,1578.779724409449,38.35292486000003,29.49000000000001,-0.009519038076152305,0.21312462372065022,-0.23733497083205404,"{""type"":""Point"",""coordinates"":[78.4624232809272,17.439510234355094]}"
906,23.898320994657638,1777.2423228346454,39.66202652000004,30.53000000000003,0.09826325411334552,0.05932885906040269,-0.12421652421652421,"{""type"":""Point"",""coordinates"":[78.42975538387164,17.44244055186486]}"
907,24.037715318467917,1776.4096456692914,42.35542628000002,27.710000000000036,0.08987341772151898,0.16155088852988692,-0.22071307300509338,"{""type"":""Point"",""coordinates"":[78.58739867454662,17.30386908823848]}"
908,23.72446443962332,1866.215748031496,38.16835178000002,29.77000000000004,0.0530006186842648,0.15725806451612903,-0.20873914187944195,"{""type"":""Point"",""coordinates"":[78.55726886433062,17.483264855219257]}"
909,23.898320994657638,1902.4401574803148,40.37981072000002,29.360000000000014,-0.05572441742654509,0.24462494027711418,-0.2896039603960396,"{""type"":""Point"",""coordinates"":[78.39998417495488,17.352439017683718]}"
910,23.72446443962332,2047.5612204724405,39.65177246000002,28.450000000000045,0.09929341762737078,0.15802055940712406,-0.20109099925613688,"{""type"":""Point"",""coordinates"":[78.59883391207157,17.455931213948976]}"
911,23.902567221901677,1915.8968503937008,43.59616754000001,30.730000000000018,0.09654148100997241,0.065298974230673,-0.12437285450224451,"{""type"":""Point"",""coordinates"":[78.46534656805973,17.37392313151003]}"
912,23.902567221901677,1682.842716535433,41.230897700000014,30.55000000000001,0.05225225225225225,0.1803646563814867,-0.2264645875837948,"{""type"":""Point"",""coordinates"":[78.5094757313895,17.352235396911507]}"
913,23.654055255392336,2128.797440944882,38.02137692000002,29.29000000000002,0.037891836031691356,0.21911828895678742,-0.2942539388322521,"{""type"":""Point"",""coordinates"":[78.38931350997238,17.466025529797776]}"
914,24.026762300379175,1857.6498031496062,44.320787780000046,29.28000000000003,0.15477145148356056,0.12636922254875768,-0.1806216746009521,"{""type"":""Point"",""coordinates"":[78.46831642521005,17.30480305423383]}"
915,23.654055255392336,1601.4608267716535,42.85103918000004,29.250000000000057,0.0986046511627907,0.14437555358724535,-0.2177191328934967,"{""type"":""Point"",""coordinates"":[78.38350190370988,17.454894785060336]}"
916,24.037715318467917,1954.1724409448816,41.93159179999998,29.660000000000025,0.018845467169212458,0.17789949988092402,-0.2279046673286991,"{""type"":""Point"",""coordinates"":[78.55497547571112,17.33249807123331]}"
917,24.026762300379175,1910.3437007874015,45.62647142000003,29.58000000000004,0.14795218498922202,0.11202046035805627,-0.1815217391304348,"{""type"":""Point"",""coordinates"":[78.4644819862217,17.324071529786494]}"
918,23.654055255392336,1467.553346456693,36.807979820000014,29.250000000000057,0.028068506184586107,0.327916802079948,-0.34940554821664466,"{""type"":""Point"",""coordinates"":[78.39494193668136,17.481384416665758]}"
919,23.677732252038084,1747.301377952756,41.54193752000003,29.690000000000055,0.12944983818770225,0.15574650912996776,-0.25590895827254156,"{""type"":""Point"",""coordinates"":[78.52168138372363,17.46438147306598]}"
920,23.901310947963168,2421.626181102362,43.44919268000001,28.110000000000014,0.1150272348606216,0.13522400328812165,-0.1851534005578202,"{""type"":""Point"",""coordinates"":[78.42905147171167,17.30850179021853]}"
921,23.902567221901677,1788.059251968504,43.08346454000002,30.83000000000004,0.1199823555359506,0.1006896551724138,-0.15518239722061378,"{""type"":""Point"",""coordinates"":[78.47838795917403,17.362964376487454]}"
922,23.902567221901677,1646.938188976378,39.15274154000002,30.02000000000004,0.06550218340611354,0.17209570481406747,-0.2246987951807229,"{""type"":""Point"",""coordinates"":[78.54233088631878,17.43616949442248]}"
923,23.902567221901677,1812.326968503937,39.573158000000035,30.190000000000055,0.08905626938413824,0.09303561935140882,-0.1482826026249651,"{""type"":""Point"",""coordinates"":[78.51884930087799,17.444609831812308]}"
924,23.902567221901677,1799.9155511811023,38.332416739999985,30.02000000000004,0.050434063662670524,0.17794871794871794,-0.24296536796536797,"{""type"":""Point"",""coordinates"":[78.54005918844449,17.440825636465934]}"
925,23.898320994657638,1615.5070866141732,37.50867391999998,29.980000000000018,0.09068776628119293,0.29201498991063707,-0.3723208818126148,"{""type"":""Point"",""coordinates"":[78.39186052281947,17.431204044448574]}"
926,24.047364220252405,2029.7590551181104,41.753854760000024,29.29000000000002,0.0874976067394218,0.12564950401511574,-0.18439363817097415,"{""type"":""Point"",""coordinates"":[78.56448718248357,17.427391848868538]}"
927,23.902567221901677,1613.8397637795274,40.14054931999999,29.930000000000007,0.0524822695035461,0.35300925925925924,-0.3817966903073286,"{""type"":""Point"",""coordinates"":[78.46227469354166,17.40532582156341]}"
928,24.047364220252405,1700.656692913386,38.68447279999998,28.390000000000043,0.06737661273807086,0.24630541871921183,-0.2948535683821439,"{""type"":""Point"",""coordinates"":[78.57414692530779,17.383970427540863]}"
929,23.898320994657638,1341.5061023622047,40.130295260000025,30.05000000000001,0.11697926949654491,0.278313683458378,-0.3512084592145015,"{""type"":""Point"",""coordinates"":[78.39841093490828,17.418752925478362]}"
930,23.654055255392336,1518.4086614173227,37.55652620000001,29.660000000000025,-0.09270810927081093,0.5291992775436484,-0.5218693828639904,"{""type"":""Point"",""coordinates"":[78.44929284195491,17.47098536934129]}"
931,23.901310947963168,1725.8909448818897,41.81537911999999,28.430000000000007,0.017294738758419807,0.42502639915522705,-0.498611882287618,"{""type"":""Point"",""coordinates"":[78.43188785907316,17.33537746318564]}"
932,24.047364220252405,1765.832874015748,41.50433930000003,28.950000000000045,0.07987346777382365,0.24040511727078892,-0.31283497884344147,"{""type"":""Point"",""coordinates"":[78.56931743212012,17.395251616755708]}"
933,23.901310947963168,1822.6478346456693,42.61519580000004,28.590000000000032,0.12640163098878696,0.2978293791014639,-0.435110242813285,"{""type"":""Point"",""coordinates"":[78.42191067314891,17.33398090590568]}"
934,24.047364220252405,1947.7944881889762,40.742120839999984,28.150000000000034,0.012991765782250687,0.2593976184917114,-0.33879374534623974,"{""type"":""Point"",""coordinates"":[78.5826637866987,17.379327580228047]}"
935,23.898320994657638,1988.863385826772,39.98673842000005,30.630000000000052,0.055769620766578785,0.09759547383309759,-0.15504837509302902,"{""type"":""Point"",""coordinates"":[78.41461206819899,17.40569953815896]}"
936,23.902567221901677,1894.6645669291338,40.52336756,30.340000000000032,0.06953846153846154,0.15156130997715156,-0.21153846153846154,"{""type"":""Point"",""coordinates"":[78.47781294216341,17.396057804433173]}"
937,24.047364220252405,1739.6133858267713,40.78997312000001,29.29000000000002,0.07411339987258442,0.23793299261783077,-0.26011560693641617,"{""type"":""Point"",""coordinates"":[78.56191482037889,17.42657692369863]}"
938,23.901310947963168,1964.8555118110237,41.603461880000054,27.53000000000003,0.06714856381966901,0.18654730220179047,-0.2408906882591093,"{""type"":""Point"",""coordinates"":[78.37806348999962,17.322725922653973]}"
939,23.677732252038084,1373.1685039370077,38.588768240000036,29.57000000000005,-0.04372223521159691,0.5010087424344317,-0.4909819639278557,"{""type"":""Point"",""coordinates"":[78.5272426931122,17.486637365757037]}"
940,24.026762300379175,1791.0838582677166,43.06295641999998,30.350000000000023,0.09541404042599434,0.12975027144408252,-0.1730552423900789,"{""type"":""Point"",""coordinates"":[78.49596888929662,17.34365183190185]}"
941,23.654055255392336,2064.0415354330707,40.99163629999998,29.250000000000057,0.03278688524590164,0.16779127305443095,-0.231791221826809,"{""type"":""Point"",""coordinates"":[78.37723330039104,17.4538726390534]}"
942,23.72446443962332,1114.7088582677166,35.09555180000001,28.960000000000036,0.08686551543694401,0.504959034066408,-0.5273522975929978,"{""type"":""Point"",""coordinates"":[78.58116747607902,17.466918232382547]}"
943,23.901310947963168,1642.7462598425195,41.788034960000005,28.630000000000052,0.07622981599699587,0.37468566638725903,-0.4774774774774775,"{""type"":""Point"",""coordinates"":[78.44084392672855,17.334893101483647]}"
944,23.898320994657638,2262.4273622047244,41.866649420000044,29.210000000000036,0.06360179744210162,0.13063439065108515,-0.19181698196216454,"{""type"":""Point"",""coordinates"":[78.3813577956767,17.36992158097032]}"
945,23.654055255392336,1851.7590551181104,40.048262780000016,29.390000000000043,0.08150277150482448,0.132085020242915,-0.20984315846403462,"{""type"":""Point"",""coordinates"":[78.38743360668269,17.472336438836358]}"
946,24.026762300379175,1845.5897637795274,41.38129058000004,29.620000000000005,0.06513089005235602,0.15259488768396592,-0.20877335499593827,"{""type"":""Point"",""coordinates"":[78.53548294096115,17.326616577917402]}"
947,23.901310947963168,1784.477559055118,41.05316066,27.83000000000004,0.005051525560719338,0.27268027914189713,-0.29955133280548957,"{""type"":""Point"",""coordinates"":[78.44418567940977,17.29799688909591]}"
948,24.026762300379175,2042.3653543307087,42.61861382000001,28.130000000000052,0.06416652330982281,0.2471343420449335,-0.3054955603551716,"{""type"":""Point"",""coordinates"":[78.52293132887199,17.296762469586625]}"
949,23.902567221901677,1629.5326771653542,41.13519314000001,30.02000000000004,0.056453501991098616,0.16990996224223062,-0.2254335260115607,"{""type"":""Point"",""coordinates"":[78.54037817813985,17.4340590087979]}"
950,23.72446443962332,1571.6616141732284,39.25186412000005,29.930000000000007,0.01759656652360515,0.3308139534883721,-0.3940316686967113,"{""type"":""Point"",""coordinates"":[78.56654972241887,17.477087770380102]}"
951,24.047364220252405,1188.340748031496,35.42368171999999,28.370000000000005,-0.10044313146233383,0.6957511380880121,-0.6319824753559693,"{""type"":""Point"",""coordinates"":[78.57258187650126,17.360349139137046]}"
952,24.026762300379175,2104.2442913385826,42.47505697999998,28.110000000000014,0.05631003643590593,0.25755903774001326,-0.32542451732961153,"{""type"":""Point"",""coordinates"":[78.52672190097789,17.295200957424232]}"
953,23.898320994657638,1945.8200787401574,40.66008836000003,30.630000000000052,0.09890563700185835,0.08341608738828203,-0.13912816496998173,"{""type"":""Point"",""coordinates"":[78.41347970972824,17.407846376510136]}"
954,24.037715318467917,1961.323031496063,41.05657868000003,27.720000000000027,0.07240573907240574,0.35808500244259894,-0.40015109544195415,"{""type"":""Point"",""coordinates"":[78.59197520880959,17.287924314718545]}"
955,24.026762300379175,1954.9450787401577,42.22212350000001,27.380000000000052,0.06980994152046784,0.22650602409638554,-0.29286258572517143,"{""type"":""Point"",""coordinates"":[78.53878101039597,17.27822136457108]}"
956,23.654055255392336,1177.5395669291338,38.69472686000006,30.220000000000027,0.1388028895768834,0.3725328947368421,-0.4582787243337702,"{""type"":""Point"",""coordinates"":[78.40386172985167,17.491385200140705]}"
957,23.898320994657638,1690.8929133858267,38.12391752000002,30.250000000000057,-0.11837063924178262,0.47030752916224816,-0.4797225186766275,"{""type"":""Point"",""coordinates"":[78.446397857627,17.411983039175993]}"
958,23.902567221901677,1829.6891732283464,42.488729060000026,30.230000000000018,0.09944751381215469,0.10508474576271186,-0.1746119733924612,"{""type"":""Point"",""coordinates"":[78.46195672071433,17.356080536843915]}"
959,24.047364220252405,1907.241338582677,42.97066988000006,29.49000000000001,0.14624652455977757,0.14719800747198009,-0.25435729847494554,"{""type"":""Point"",""coordinates"":[78.56097744413957,17.392276908266645]}"
960,23.902567221901677,1779.7718503937006,39.887615840000024,30.250000000000057,0.09779179810725552,0.077502691065662,-0.13782324524012504,"{""type"":""Point"",""coordinates"":[78.52127140853453,17.3842528345506]}"
961,24.047364220252405,1360.2610236220473,41.606879900000024,29.670000000000016,0.09147360878910915,0.31900138696255204,-0.38933528122717315,"{""type"":""Point"",""coordinates"":[78.55046024935024,17.399468528572502]}"
962,23.677732252038084,1347.0248031496062,37.57703432000005,29.55000000000001,0.0493739664540515,0.4084704235211761,-0.4448833034111311,"{""type"":""Point"",""coordinates"":[78.51638554203664,17.467792413926382]}"
963,23.902567221901677,1679.4499999999998,42.62203183999998,30.130000000000052,0.06633461625537695,0.17459413272571916,-0.22701576911633442,"{""type"":""Point"",""coordinates"":[78.45586971454514,17.35928469305217]}"
964,24.026762300379175,2005.1133858267717,48.24809276000002,27.310000000000002,0.1486899212345282,0.2397003745318352,-0.34826883910386963,"{""type"":""Point"",""coordinates"":[78.54868216700622,17.284127554213264]}"
965,23.902567221901677,1825.9411417322835,38.01454088000003,29.58000000000004,0.0017094017094017094,0.1970279272354599,-0.22979731508291656,"{""type"":""Point"",""coordinates"":[78.45441681085791,17.412232140909826]}"
966,23.654055255392336,1560.6438976377951,40.478933299999994,29.930000000000007,0.10088403536141445,0.06531115218730746,-0.12822185970636216,"{""type"":""Point"",""coordinates"":[78.42806213386473,17.46947463327381]}"
967,23.898320994657638,1915.9175196850392,41.85639536000002,29.79000000000002,0.11053471667996807,0.11394302848575712,-0.1850079744816587,"{""type"":""Point"",""coordinates"":[78.42398269726345,17.35301196363273]}"
968,24.047364220252405,2163.823031496063,40.72844875999999,28.150000000000034,0.07074380165289257,0.2118991161888338,-0.2903373881110856,"{""type"":""Point"",""coordinates"":[78.5793063988153,17.379113983677858]}"
969,23.901310947963168,1741.3368110236217,40.22258180000006,28.430000000000007,-0.0686760778328882,0.4695697796432319,-0.47382267824256774,"{""type"":""Point"",""coordinates"":[78.43335687741387,17.333373883575018]}"
970,23.902567221901677,1536.5602362204725,37.823131760000024,28.79000000000002,-0.18298916377019014,0.672737785487135,-0.6248244875035103,"{""type"":""Point"",""coordinates"":[78.47931302484217,17.439151163360897]}"
971,23.898320994657638,1941.672440944882,41.04290660000004,30.010000000000048,0.08161333080855898,0.16614570810290935,-0.25128998968008254,"{""type"":""Point"",""coordinates"":[78.3975484836941,17.4238467070817]}"
972,23.677732252038084,1871.033661417323,39.80216533999999,30.210000000000036,0.0973111395646607,0.08294930875576037,-0.13648576034390114,"{""type"":""Point"",""coordinates"":[78.47601727757329,17.462268776569694]}"
973,23.898320994657638,2178.6812992125983,40.80706322000003,29.650000000000034,0.06727272727272728,0.1079913606911447,-0.1664392905866303,"{""type"":""Point"",""coordinates"":[78.3827547700517,17.39024915938853]}"
974,24.037715318467917,2284.406692913386,43.555151300000034,27.110000000000014,0.06315619447585204,0.18803768947152807,-0.24623979372582724,"{""type"":""Point"",""coordinates"":[78.55093252486002,17.28203317931095]}"
975,23.654055255392336,1405.772834645669,40.35930259999998,29.460000000000036,0.11326860841423948,0.39086294416243655,-0.4605543710021322,"{""type"":""Point"",""coordinates"":[78.39647971057356,17.476848090377693]}"
976,24.026762300379175,1739.1429133858267,45.92383916000006,28.440000000000055,0.12146294513955727,0.2029520295202952,-0.330224424366074,"{""type"":""Point"",""coordinates"":[78.50424014131944,17.300986345596716]}"
977,23.898320994657638,1968.7866141732281,41.27533196000002,30.130000000000052,0.08838821490467938,0.11888442448593713,-0.20243840487680975,"{""type"":""Point"",""coordinates"":[78.43164742807116,17.36019870912263]}"
978,24.037715318467917,2061.271850393701,37.79578760000004,28.83000000000004,0.014609203798392988,0.2117673478553784,-0.26015880429705746,"{""type"":""Point"",""coordinates"":[78.58063862873075,17.327095913168673]}"
979,23.72446443962332,1799.078937007874,38.065811180000026,29.930000000000007,0.023919429290809903,0.20956838273530942,-0.2583175547741412,"{""type"":""Point"",""coordinates"":[78.56658471544606,17.475213739814503]}"
980,23.898320994657638,355.4037401574803,31.219517119999978,29.980000000000018,-0.20474777448071216,0.10176390773405698,0.2237093690248566,"{""type"":""Point"",""coordinates"":[78.39261240540368,17.427589815987538]}"
981,23.902567221901677,1837.9608267716537,40.43449903999999,30.720000000000027,0.04846186262115466,0.14852492370295015,-0.20010629816635664,"{""type"":""Point"",""coordinates"":[78.53312194029441,17.364490898841353]}"
982,23.898320994657638,1475.898818897638,39.71329681999998,29.400000000000034,0.009633911368015413,0.4282185859833282,-0.48411934552454283,"{""type"":""Point"",""coordinates"":[78.38866288566508,17.379697240161494]}"
983,23.654055255392336,2058.9746062992126,37.86756602000003,29.720000000000027,0.04361493123772102,0.12088418144139995,-0.1648719789423307,"{""type"":""Point"",""coordinates"":[78.37987761045733,17.485401317632313]}"
984,24.026762300379175,1849.8171259842518,41.13519314000001,30.230000000000018,0.012453300124533,0.1972823351786613,-0.235202492211838,"{""type"":""Point"",""coordinates"":[78.52639244994664,17.34935167808723]}"
985,23.902567221901677,1788.059251968504,43.08346454000002,30.83000000000004,0.1199823555359506,0.1006896551724138,-0.15518239722061378,"{""type"":""Point"",""coordinates"":[78.47834401910454,17.363070588058516]}"
986,23.902567221901677,1741.0937007874013,38.643456560000004,30.660000000000025,0.06886561176732783,0.1365614798694233,-0.19065260758050726,"{""type"":""Point"",""coordinates"":[78.45309833829931,17.4072850743701]}"
987,24.037715318467917,1703.0100393700786,42.14692706000005,27.190000000000055,0.08982873121286264,0.45110058512120366,-0.4812286689419795,"{""type"":""Point"",""coordinates"":[78.56321310175157,17.278518795112063]}"
988,24.037715318467917,1907.092716535433,43.555151300000034,27.590000000000032,0.09705782888062225,0.24330616996507567,-0.41870350690754515,"{""type"":""Point"",""coordinates"":[78.59424022913235,17.34517861008531]}"
989,24.026762300379175,1879.0533464566927,43.64060180000001,29.250000000000057,0.09904270986745213,0.22625908293660738,-0.3099571734475375,"{""type"":""Point"",""coordinates"":[78.45192273498124,17.313069239737978]}"
990,23.902567221901677,1768.8988188976377,39.556067900000016,30.190000000000055,0.02560791908758339,0.20233669676048857,-0.24875896304467732,"{""type"":""Point"",""coordinates"":[78.51150262301414,17.444302098482083]}"
991,24.026762300379175,2502.629133858268,40.55412974000001,29.870000000000005,0.12600098055237785,0.07109953935509714,-0.09388422990386582,"{""type"":""Point"",""coordinates"":[78.53124354638574,17.333792127417755]}"
992,24.047364220252405,1799.8889763779525,38.95791440000005,27.150000000000034,0.09566673644546787,0.15384615384615385,-0.21964991530208922,"{""type"":""Point"",""coordinates"":[78.59604365776562,17.368045367882697]}"
993,23.901310947963168,1231.1557086614173,40.2738521,28.250000000000057,0.18362403100775193,0.342094782954998,-0.42978362324989394,"{""type"":""Point"",""coordinates"":[78.39991234648998,17.301727051896602]}"
994,23.902567221901677,1605.0356299212597,38.41786724000002,29.930000000000007,0.1317165953399905,0.12093308778391651,-0.16565592084264283,"{""type"":""Point"",""coordinates"":[78.46513693435898,17.406923243839177]}"
995,23.902567221901677,1864.993307086614,39.309970460000045,30.250000000000057,0.035218783351120594,0.13825232938806345,-0.18417605449305738,"{""type"":""Point"",""coordinates"":[78.5301038939554,17.38910118396934]}"
996,24.047364220252405,2011.2413385826771,40.93011194000002,29.370000000000005,0.14157078539269635,0.17507418397626112,-0.3250965250965251,"{""type"":""Point"",""coordinates"":[78.57068567986069,17.367445684390674]}"
997,23.898320994657638,1904.005118110236,43.72263428000002,29.150000000000034,0.11490236382322713,0.08737373737373737,-0.14490826907737303,"{""type"":""Point"",""coordinates"":[78.44492082962745,17.357124256209193]}"
998,23.898320994657638,1822.8653543307084,39.58341206,30.27000000000004,0.06404371584699453,0.11220779220779221,-0.1696257853045616,"{""type"":""Point"",""coordinates"":[78.41986225658522,17.3727172028186]}"
999,23.677732252038084,1637.0779527559057,38.821193600000015,29.590000000000032,0.08086628253526723,0.3042007330138145,-0.4366459627329193,"{""type"":""Point"",""coordinates"":[78.51023826593718,17.486475321332502]}"
