system:index,Air_Temp_Baseline,Albedo,LST_Day,LST_Night,NDBI,NDVI,NDWI,.geo
0,18.966531372070335,1764.1478346456693,43.17404207000004,28.150000000000034,-0.050683371298405465,0.4000252940432528,-0.43282422987315555,"{""type"":""Point"",""coordinates"":[75.87070077876912,26.8885174444058]}"
1,19.159099085190746,2023.4519685039368,41.810252090000006,26.77000000000004,-0.07284878863826232,0.39269059754907276,-0.4584894946053379,"{""type"":""Point"",""coordinates"":[75.89170730495749,26.8111630407594]}"
2,19.04254744680304,2438.6872047244096,40.71477668,29.230000000000018,0.06988543371522095,0.09763399323998069,-0.15884991843393148,"{""type"":""Point"",""coordinates"":[75.76780319862853,26.848294244004208]}"
3,19.159099085190746,2188.8904527559057,47.381624690000024,26.870000000000005,0.11456424540057172,0.2787128188843019,-0.3883461671072291,"{""type"":""Point"",""coordinates"":[75.89110434041106,26.825201889509696]}"
4,18.723017182221326,2577.6178149606303,43.329561979999994,27.05000000000001,0.11743104930072662,0.1552464716710984,-0.18705338377469524,"{""type"":""Point"",""coordinates"":[75.7794504311239,27.00240957920876]}"
5,18.737014770507812,1353.7930118110237,40.405445869999994,25.690000000000055,0.1387813778613292,0.3563218390804598,-0.43161764705882355,"{""type"":""Point"",""coordinates"":[75.86739686698148,27.018676985354308]}"
6,18.927716282435824,2276.846161417323,43.05612038000004,28.74000000000001,0.09646848457755923,0.06851342778600127,-0.11091568649005167,"{""type"":""Point"",""coordinates"":[75.77786541891632,26.949708000329647]}"
7,18.473306274414085,2431.073523622047,45.99390857000003,24.950000000000045,0.05436647028115445,0.22678018575851394,-0.27245358755644755,"{""type"":""Point"",""coordinates"":[75.69595308616188,26.99605221435597]}"
8,18.473306274414085,2479.1015748031496,45.990490550000004,26.220000000000027,0.09508098380323936,0.13517072711880349,-0.2245560629122273,"{""type"":""Point"",""coordinates"":[75.69452572639122,26.967927558381206]}"
9,18.927716282435824,1776.9490157480313,43.266328610000016,28.74000000000001,0.023037228160707704,0.34389656483711495,-0.4122818702544292,"{""type"":""Point"",""coordinates"":[75.76658828568479,26.941745045956765]}"
10,18.966531372070335,2156.686712598425,42.898891460000016,28.170000000000016,0.0922658238960583,0.13079615048118984,-0.2031649988363975,"{""type"":""Point"",""coordinates"":[75.86527300329534,26.891698116750394]}"
11,18.723017182221326,1432.1975393700789,40.96600115000001,27.730000000000018,0.0835528395321884,0.41707396546106223,-0.4660374178324625,"{""type"":""Point"",""coordinates"":[75.83080261155173,26.955636515392783]}"
12,18.966531372070335,1668.649311023622,43.50559000999999,26.79000000000002,0.10305307656176609,0.31171864267069654,-0.4086751254057244,"{""type"":""Point"",""coordinates"":[75.90683846147817,26.91246267230835]}"
13,18.473306274414085,1479.1419291338584,45.46069745,26.250000000000057,0.10098176718092566,0.4096764059063776,-0.5049471742411538,"{""type"":""Point"",""coordinates"":[75.71953670436145,27.003844585337152]}"
14,18.91604142622515,2182.836811023622,47.16970745000003,26.510000000000048,0.11779711884753902,0.2367729041758704,-0.3311445714932639,"{""type"":""Point"",""coordinates"":[75.74047594955097,26.808869289902685]}"
15,19.159099085190746,1946.9642716535436,44.19432103999998,27.32000000000005,0.052938792055127686,0.3364603592266331,-0.44329132690882134,"{""type"":""Point"",""coordinates"":[75.87803152954562,26.833303201703774]}"
16,18.723017182221326,1467.9706692913387,42.69210125000001,26.110000000000014,0.14630623194387124,0.2986972217862188,-0.41945445187853836,"{""type"":""Point"",""coordinates"":[75.80101176318449,26.98975789606303]}"
17,18.473306274414085,1863.5149606299212,42.31611905,24.57000000000005,-0.06054888507718696,0.48987951807228913,-0.5097057746306922,"{""type"":""Point"",""coordinates"":[75.69147197129308,27.01927044287817]}"
18,18.91604142622515,2226.391437007874,50.517658040000015,25.100000000000023,0.16258417819877155,0.17740089480803245,-0.3083593479014915,"{""type"":""Point"",""coordinates"":[75.68593940662115,26.821740530346684]}"
19,18.72016522442857,2232.872244094488,44.92919533999998,27.650000000000034,0.11493725130088767,0.20116315297538684,-0.2950397491882208,"{""type"":""Point"",""coordinates"":[75.73240428553622,26.8529696283575]}"
20,18.737014770507812,2163.743307086614,41.940136850000044,26.410000000000025,0.06117889671764908,0.13966830082403253,-0.22846863053744096,"{""type"":""Point"",""coordinates"":[75.89218168499298,26.9644300139054]}"
21,18.473306274414085,2373.659153543307,45.08300624000003,26.230000000000018,0.08921847383385845,0.16002740530488402,-0.2402678945165341,"{""type"":""Point"",""coordinates"":[75.71801970633672,26.97903556421754]}"
22,18.927716282435824,1642.240846456693,41.646187130000044,28.090000000000032,0.027619559376679204,0.253185595567867,-0.3054393305439331,"{""type"":""Point"",""coordinates"":[75.83851905056173,26.944066328070466]}"
23,18.723017182221326,1620.7447834645668,41.44110593000005,27.53000000000003,0.09020999704229518,0.3169687455401741,-0.3903872231429863,"{""type"":""Point"",""coordinates"":[75.833523444749,26.965756868686466]}"
24,18.473306274414085,2279.0838582677166,44.26097243000004,25.29000000000002,0.08539255552080074,0.18632721371335836,-0.2861227182757862,"{""type"":""Point"",""coordinates"":[75.69318865554649,27.0128818961981]}"
25,18.966531372070335,1196.930807086614,41.47186811000006,28.510000000000048,0.13481593164970473,0.35152109911678114,-0.4496842105263158,"{""type"":""Point"",""coordinates"":[75.85476197800548,26.894999063173145]}"
26,18.72016522442857,2114.826968503937,46.75441802,25.83000000000004,0.12519060689234524,0.2513905551314211,-0.38792790613281725,"{""type"":""Point"",""coordinates"":[75.67810395767158,26.884665778159764]}"
27,19.04254744680304,2464.2246062992126,43.07491949000001,27.55000000000001,0.04090309338806627,0.209577516871591,-0.29071717470652064,"{""type"":""Point"",""coordinates"":[75.78397197995872,26.804940793257966]}"
28,18.723017182221326,1387.4903543307087,37.88123810000002,26.53000000000003,0.056776158364150536,0.457234078306167,-0.468088708312172,"{""type"":""Point"",""coordinates"":[75.8248071534887,26.978351864160107]}"
29,18.723017182221326,1381.9524606299212,39.21597491,27.190000000000055,0.06643007652212488,0.4100502512562814,-0.4541371566764553,"{""type"":""Point"",""coordinates"":[75.8102103097274,26.968024468083925]}"
30,18.966531372070335,2104.507086614173,42.79635086000002,27.470000000000027,0.07264,0.2675779114270093,-0.35199440167949614,"{""type"":""Point"",""coordinates"":[75.89477216264662,26.869191630321403]}"
31,18.723017182221326,2215.387992125984,46.80568832000006,27.010000000000048,0.005452402004126142,0.363021306674745,-0.4382525306339904,"{""type"":""Point"",""coordinates"":[75.80164766496455,26.95883611184878]}"
32,18.966531372070335,2174.8186023622047,43.620093680000025,28.07000000000005,0.10531350552221933,0.1317931793179318,-0.20836269673478977,"{""type"":""Point"",""coordinates"":[75.85575652478305,26.855820002260348]}"
33,18.72016522442857,2232.0941929133855,44.22337421000003,28.510000000000048,0.07999003239471716,0.15326947105372762,-0.2325840195860227,"{""type"":""Point"",""coordinates"":[75.71683846755903,26.922606408230937]}"
34,18.966531372070335,1528.3043307086614,42.72799046,28.510000000000048,0.06202060048213894,0.3028919330289193,-0.3617562838052816,"{""type"":""Point"",""coordinates"":[75.85844929633276,26.89325514724]}"
35,18.927716282435824,1874.1675196850392,41.31463918999998,29.630000000000052,-0.012022900763358779,0.2951520332152888,-0.3382965299684543,"{""type"":""Point"",""coordinates"":[75.8029535284315,26.87517078758729]}"
36,18.473306274414085,2680.2442913385826,44.58226631000002,26.510000000000048,0.09106678230702515,0.13358572201189833,-0.19079632610548244,"{""type"":""Point"",""coordinates"":[75.67540424700071,26.953237567880464]}"
37,18.927716282435824,2110.309744094488,42.933071659999996,29.180000000000007,0.08430367955286447,0.12419945105215005,-0.17640019147917663,"{""type"":""Point"",""coordinates"":[75.80607619460018,26.852878357618405]}"
38,18.927716282435824,1692.9116141732284,40.35930259999998,29.55000000000001,0.007381587041213861,0.29785522788203755,-0.3627023223082336,"{""type"":""Point"",""coordinates"":[75.7597076316799,26.895452162471575]}"
39,18.927716282435824,1574.5346456692914,36.82506992000003,28.05000000000001,0.0768,0.3534672335434687,-0.44747569771088114,"{""type"":""Point"",""coordinates"":[75.84313422585012,26.871985242729217]}"
40,19.04254744680304,2179.151771653543,48.41557574000001,28.77000000000004,0.05994108983799706,0.2744334631127084,-0.42207864542720286,"{""type"":""Point"",""coordinates"":[75.78741311496691,26.840575934129074]}"
41,18.723017182221326,1573.9618110236222,42.74508056000002,25.810000000000002,-0.023633998265394623,0.32500701655907943,-0.3883252462873107,"{""type"":""Point"",""coordinates"":[75.79096494354688,27.010314482479316]}"
42,18.72016522442857,2241.537106299213,47.08767497000002,26.510000000000048,0.02585635359116022,0.2939334637964775,-0.4111620958275531,"{""type"":""Point"",""coordinates"":[75.69827622892896,26.860473556224463]}"
43,18.91604142622515,2206.8555118110235,50.350175060000026,25.07000000000005,0.09287512961042808,0.255689973344269,-0.38411119900553736,"{""type"":""Point"",""coordinates"":[75.68053629926287,26.822020585811266]}"
44,18.723017182221326,1700.286122047244,38.52040784000002,26.30000000000001,0.024035362372225803,0.41988210075026794,-0.46098704163220294,"{""type"":""Point"",""coordinates"":[75.84259662816298,27.00694659426781]}"
45,18.91604142622515,2135.459842519685,46.95949922,26.200000000000045,0.0691415313225058,0.2542726135889954,-0.37006260671599317,"{""type"":""Point"",""coordinates"":[75.68165547206988,26.84034389007135]}"
46,18.473306274414085,2127.3028543307087,43.84226497999998,28.150000000000034,0.08133971291866028,0.15942028985507245,-0.23062580118867265,"{""type"":""Point"",""coordinates"":[75.72529875784423,26.966047867435684]}"
47,18.723017182221326,1436.1143700787402,37.92396335000001,27.150000000000034,0.06492960706030679,0.4441018984260912,-0.46695236525465633,"{""type"":""Point"",""coordinates"":[75.83959026192103,26.978181545471344]}"
48,18.737014770507812,1940.3382874015747,40.90105877000002,25.950000000000045,-0.05468813864137988,0.43132904370978475,-0.5121894045944679,"{""type"":""Point"",""coordinates"":[75.89670803466134,26.9755463251296]}"
49,18.72016522442857,2160.6640748031496,46.28273125999999,26.82000000000005,0.12461911086803656,0.20201695097092587,-0.3154866737114007,"{""type"":""Point"",""coordinates"":[75.71105707530823,26.852907582363034]}"
50,19.04254744680304,1337.229527559055,37.028442110000015,28.500000000000057,-0.2586750788643533,0.7987441635807438,-0.6965831435079727,"{""type"":""Point"",""coordinates"":[75.79336508637299,26.811078588344397]}"
51,18.72016522442857,2222.0410433070865,43.66965497000001,27.210000000000036,0.03048832271762208,0.19840436699559102,-0.2445219666412297,"{""type"":""Point"",""coordinates"":[75.702583574925,26.915677369707677]}"
52,19.159099085190746,2163.3441929133855,44.26780846999998,27.710000000000036,0.03355704697986577,0.2375232967488093,-0.32270916334661354,"{""type"":""Point"",""coordinates"":[75.8623319006224,26.830033615711336]}"
53,18.91604142622515,1932.1330708661417,45.599127260000046,25.53000000000003,-0.045491078604725926,0.4948287749942542,-0.5515267175572519,"{""type"":""Point"",""coordinates"":[75.7049832880263,26.82135051452275]}"
54,18.72016522442857,2241.6099409448816,44.08836242000001,28.610000000000014,0.049836120682410286,0.1604228676998871,-0.23065200827255905,"{""type"":""Point"",""coordinates"":[75.72079771977789,26.94204928847578]}"
55,18.723017182221326,1735.8633858267715,43.18942316000005,26.920000000000016,0.10906217070600632,0.3506389776357827,-0.4306260575296108,"{""type"":""Point"",""coordinates"":[75.80848539689633,26.9633896938046]}"
56,18.927716282435824,1308.8166338582678,42.639121939999995,29.630000000000052,-0.0042884990253411305,0.3333333333333333,-0.389428263214671,"{""type"":""Point"",""coordinates"":[75.79864407494878,26.87756292523997]}"
57,18.473306274414085,2163.2374015748032,47.52689054000001,26.99000000000001,0.08488805970149253,0.25300691857370944,-0.3513947881988291,"{""type"":""Point"",""coordinates"":[75.70833737858078,26.96929132353954]}"
58,18.723017182221326,1503.8432086614173,42.509237180000014,26.150000000000034,0.10966138552345449,0.3064883756268044,-0.40674083769633507,"{""type"":""Point"",""coordinates"":[75.77349615545569,27.01705932498307]}"
59,18.927716282435824,2102.4352362204722,35.79624590000003,28.950000000000045,-0.19203254313367935,0.7628876672544341,-0.6929973104890925,"{""type"":""Point"",""coordinates"":[75.80589345021303,26.900419218871622]}"
60,18.91604142622515,2063.213779527559,47.28933815000005,25.100000000000023,0.11602465331278891,0.2970834275378702,-0.388431752178122,"{""type"":""Point"",""coordinates"":[75.68997157658185,26.823494713958716]}"
61,18.723017182221326,1499.438188976378,40.46013419000002,27.730000000000018,0.025055566781167913,0.48759056574687837,-0.5132507448643563,"{""type"":""Point"",""coordinates"":[75.83393096243172,26.956271094814852]}"
62,18.966531372070335,1338.8535433070867,42.51778223000002,28.130000000000052,0.055745164960182024,0.4197742045843312,-0.4737215909090909,"{""type"":""Point"",""coordinates"":[75.85118102511963,26.93136072176088]}"
63,18.473306274414085,2069.4303149606294,44.76171236000005,24.100000000000023,-0.01851275668948351,0.39416524701873934,-0.47222846863053747,"{""type"":""Point"",""coordinates"":[75.67695117344292,27.017119896290243]}"
64,18.473306274414085,1976.8417322834646,45.82471658000003,26.55000000000001,-0.014075392331337972,0.4281157439052176,-0.5056449675714629,"{""type"":""Point"",""coordinates"":[75.7305783359324,26.979869616125228]}"
65,18.966531372070335,2330.154724409449,42.36055331,28.130000000000052,0.07029401824940859,0.11410347271438696,-0.1723844023012998,"{""type"":""Point"",""coordinates"":[75.88254593221887,26.886810842036052]}"
66,18.473306274414085,2272.350590551181,44.31736976000002,26.640000000000043,0.06059113300492611,0.16363266551408523,-0.24640522875816995,"{""type"":""Point"",""coordinates"":[75.72798227979648,27.001804497284812]}"
67,18.72016522442857,2363.01594488189,45.72217598000003,26.420000000000016,0.11987647389107244,0.21323529411764705,-0.33489461358313816,"{""type"":""Point"",""coordinates"":[75.67251881243406,26.91445279647673]}"
68,18.723017182221326,1832.9691929133858,42.54683540000002,26.30000000000001,0.1274226080855915,0.26945649400357236,-0.3539257041774391,"{""type"":""Point"",""coordinates"":[75.83825610743382,27.001759547825355]}"
69,18.723017182221326,1790.7162401574803,42.46992995000005,26.08000000000004,0.11463691046988057,0.2704528396297223,-0.4016008832459288,"{""type"":""Point"",""coordinates"":[75.80943483443774,26.999098001281066]}"
70,18.723017182221326,1785.2777559055119,40.52678558000002,25.260000000000048,-0.09461525394937999,0.5533325298300591,-0.5797989703358666,"{""type"":""Point"",""coordinates"":[75.78989813622742,27.016865975526983]}"
71,19.04254744680304,1865.3569881889764,42.36226232000001,29.640000000000043,0.0027421494913754977,0.36637983274754576,-0.4301661803881771,"{""type"":""Point"",""coordinates"":[75.80423264632705,26.842298760304498]}"
72,18.927716282435824,2330.5863188976377,38.56826011999999,29.180000000000007,0.02801523487092679,0.1474820143884892,-0.19413538525527713,"{""type"":""Point"",""coordinates"":[75.80911693115152,26.855531073324073]}"
73,18.91604142622515,2285.91062992126,45.563238049999995,27.170000000000016,-0.006131386861313868,0.36380726229346,-0.42529211043325404,"{""type"":""Point"",""coordinates"":[75.73127582796148,26.841673818680512]}"
74,18.72016522442857,2305.9869094488186,46.668967520000024,26.30000000000001,0.09475206943663103,0.10550593777603298,-0.2212945896129242,"{""type"":""Point"",""coordinates"":[75.68763134519538,26.865741124576864]}"
75,18.737014770507812,1914.1483267716535,46.815942380000024,25.970000000000027,0.04843304843304843,0.39515455304928987,-0.485010162601626,"{""type"":""Point"",""coordinates"":[75.8999376970625,26.997611023389585]}"
76,18.927716282435824,1569.1645669291338,42.12641894000001,29.420000000000016,-0.01818181818181818,0.3286467486818981,-0.364826237400331,"{""type"":""Point"",""coordinates"":[75.81839512344708,26.904897325153435]}"
77,19.159099085190746,2048.6906496062993,42.07343963000005,26.950000000000045,-0.08847647820457488,0.3664932813177286,-0.4034501947690595,"{""type"":""Point"",""coordinates"":[75.89257970797335,26.81166629020351]}"
78,18.927716282435824,2362.9081692913387,41.66669525000003,29.920000000000016,0.09617133879103613,0.09442274957444678,-0.17691396575858728,"{""type"":""Point"",""coordinates"":[75.78257203964996,26.893003054320754]}"
79,18.723017182221326,1331.6502952755905,41.80170704,27.110000000000014,0.12442292534624479,0.367569468870911,-0.4445476500092885,"{""type"":""Point"",""coordinates"":[75.796998584384,26.97158953050997]}"
80,19.04254744680304,2406.142421259842,44.332750850000025,29.02000000000004,0.053813457374288234,0.14599320058280718,-0.21067213955874808,"{""type"":""Point"",""coordinates"":[75.81504118615777,26.814931064978847]}"
81,18.473306274414085,2590.5095472440944,48.42582980000003,26.230000000000018,0.11917383820998279,0.12090415279481338,-0.24564307272904293,"{""type"":""Point"",""coordinates"":[75.68670020976472,26.97069083501704]}"
82,18.72016522442857,2155.165059055118,42.18452528,29.590000000000032,0.08936784200559113,0.11506183745583039,-0.1761006289308176,"{""type"":""Point"",""coordinates"":[75.73931748770579,26.89831697208954]}"
83,18.473306274414085,2402.9209645669293,47.58328787000005,26.230000000000018,0.03897677549646584,0.3245500092781592,-0.4162698412698413,"{""type"":""Point"",""coordinates"":[75.68994587875287,26.971566501622153]}"
84,18.72016522442857,2152.9342519685038,49.44952679000005,26.27000000000004,0.12950721153846154,0.21735476415589872,-0.37314847730773787,"{""type"":""Point"",""coordinates"":[75.68729236231124,26.85619222097773]}"
85,18.473306274414085,2483.7693897637796,44.94970346000002,26.590000000000032,0.06207600846159457,0.20664414414414414,-0.2838741887169246,"{""type"":""Point"",""coordinates"":[75.68258642022352,26.954289885820945]}"
86,18.473306274414085,2053.9741141732284,46.60744316,24.700000000000045,0.08049608973852596,0.24518613607188702,-0.4134790528233151,"{""type"":""Point"",""coordinates"":[75.68869868963486,26.997830219529934]}"
87,18.723017182221326,1687.0809055118111,44.98559267000002,28.29000000000002,0.1201174079927749,0.09589426321709786,-0.16484830369152592,"{""type"":""Point"",""coordinates"":[75.76238667205907,26.989367237460897]}"
88,19.159099085190746,2125.897342519685,45.59741825000003,26.99000000000001,0.0807231983702572,0.16551872578562205,-0.2606215807240135,"{""type"":""Point"",""coordinates"":[75.89870077547603,26.806524629602404]}"
89,19.04254744680304,2330.9829724409446,44.58568433000005,28.390000000000043,0.040085439658241365,0.2646093237032173,-0.35702063412179164,"{""type"":""Point"",""coordinates"":[75.82499161497147,26.822438703209095]}"
90,18.927716282435824,1616.712303149606,44.137923709999995,28.750000000000057,0.031920572221629126,0.267188373392957,-0.34360646021632835,"{""type"":""Point"",""coordinates"":[75.7775165988255,26.92521121086381]}"
91,18.737014770507812,1672.6768700787402,45.339357740000025,26.03000000000003,0.08815941642202652,0.4224257563141826,-0.49286338479464026,"{""type"":""Point"",""coordinates"":[75.90445695638188,27.010474283965124]}"
92,19.159099085190746,1995.995275590551,44.17039490000002,26.950000000000045,-0.011260904044409199,0.43377557904205083,-0.4890238206445586,"{""type"":""Point"",""coordinates"":[75.88313927518699,26.815894563249728]}"
93,18.927716282435824,2270.6271653543304,40.75921094,29.920000000000016,0.0653196307263543,0.11235489220563848,-0.1666485487552995,"{""type"":""Point"",""coordinates"":[75.78688061523167,26.897066173732863]}"
94,18.91604142622515,1464.2334645669291,47.95756105999999,25.680000000000007,0.1027790030877812,0.29616058626732517,-0.3917208347588094,"{""type"":""Point"",""coordinates"":[75.69112060631045,26.832077979339193]}"
95,18.72016522442857,1648.1547244094488,42.61861382000001,29.05000000000001,0.11709820387217168,0.08406129170843477,-0.16694928318174812,"{""type"":""Point"",""coordinates"":[75.73478677268827,26.888056673481618]}"
96,18.723017182221326,2207.0243110236224,43.59445853,28.110000000000014,0.08984810778340342,0.12961976781339865,-0.21169884610990516,"{""type"":""Point"",""coordinates"":[75.75898952258045,26.99010841539261]}"
97,18.72016522442857,2272.9859251968505,41.94184586000006,25.970000000000027,0.013907518531591952,0.3419156499183399,-0.4572769953051643,"{""type"":""Point"",""coordinates"":[75.67791593432715,26.88205078782837]}"
98,18.966531372070335,1792.1640748031493,43.481663870000034,28.000000000000057,0.004331398027831536,0.39821405461369225,-0.4257059910266561,"{""type"":""Point"",""coordinates"":[75.8616258877159,26.867769536291526]}"
99,18.72016522442857,2127.6665354330707,42.92110859000002,27.57000000000005,0.07978631742202309,0.17105263157894737,-0.24099465489193586,"{""type"":""Point"",""coordinates"":[75.71118185358654,26.87811922308785]}"
100,18.91604142622515,1865.3131889763781,45.006100790000005,26.450000000000045,-0.023626005361930293,0.4869173664354387,-0.5219232685600399,"{""type"":""Point"",""coordinates"":[75.7003972371457,26.835169366654103]}"
101,18.723017182221326,1413.3766732283464,40.40031884000001,27.000000000000057,0.08905077742742198,0.3768282662284306,-0.4402613030771875,"{""type"":""Point"",""coordinates"":[75.81438894325434,26.968990951437032]}"
102,18.91604142622515,2407.392913385827,47.35940756000002,26.460000000000036,0.11892948428807698,0.14230019493177387,-0.2357654997891185,"{""type"":""Point"",""coordinates"":[75.73264609770769,26.82411925113818]}"
103,18.723017182221326,1957.4898622047244,42.415241630000025,25.07000000000005,-0.007804156740326953,0.3869983041266252,-0.4470393960839821,"{""type"":""Point"",""coordinates"":[75.80504710741307,27.018324954899047]}"
104,18.473306274414085,1623.9824803149604,45.17358377000005,26.250000000000057,0.13051786738008792,0.30690794197903204,-0.4084507042253521,"{""type"":""Point"",""coordinates"":[75.71593043538718,27.004661626749197]}"
105,18.723017182221326,1313.0636811023621,38.221331090000035,25.700000000000045,0.0394174083920934,0.4791740833036668,-0.4983772087991345,"{""type"":""Point"",""coordinates"":[75.84118258077632,27.015768333251472]}"
106,18.72016522442857,2405.4047244094486,43.78074062000002,28.510000000000048,0.05110266159695818,0.20712005417432525,-0.27835262780452824,"{""type"":""Point"",""coordinates"":[75.7196061280934,26.917508207472558]}"
107,18.72016522442857,2310.881594488189,45.73584806000002,25.670000000000016,0.13332870145209477,0.23333992485663438,-0.36716352476983777,"{""type"":""Point"",""coordinates"":[75.66781414770134,26.889350709999313]}"
108,18.91604142622515,2156.2068897637796,45.76319222000001,27.05000000000001,0.13044841643148322,0.20670147954743254,-0.3054019065552548,"{""type"":""Point"",""coordinates"":[75.74867230786218,26.823968339562274]}"
109,18.737014770507812,2137.325,45.23681714000003,26.160000000000025,0.09338775510204082,0.19599396941632566,-0.28839907192575404,"{""type"":""Point"",""coordinates"":[75.89285515422591,27.0019435132771]}"
110,18.72016522442857,2620.7221456692914,43.14327989000003,27.28000000000003,0.0830722200993504,0.09550766983199416,-0.14451969855957264,"{""type"":""Point"",""coordinates"":[75.70621964231826,26.9005950224716]}"
111,18.927716282435824,1954.9913385826774,39.974775350000016,29.350000000000023,0.0365710451266566,0.37870603769055333,-0.4041564792176039,"{""type"":""Point"",""coordinates"":[75.81427710161077,26.89683131303686]}"
112,19.04254744680304,2427.2177165354333,45.79395440000002,27.640000000000043,0.12691435053885422,0.11438914027149322,-0.27105697770437653,"{""type"":""Point"",""coordinates"":[75.75329690564453,26.829047082691975]}"
113,18.966531372070335,2018.4219488188976,44.52415997000003,27.470000000000027,0.006657789613848202,0.40474080638015064,-0.46748437861606107,"{""type"":""Point"",""coordinates"":[75.90076435532147,26.87123361710824]}"
114,18.966531372070335,1760.9746062992124,42.63399491000001,27.80000000000001,0.05540382364416699,0.2932692307692308,-0.3459346768589298,"{""type"":""Point"",""coordinates"":[75.87161522362067,26.906860169792267]}"
115,19.04254744680304,2117.5312007874018,44.58910235000002,27.870000000000005,0.007777322963569382,0.29987129987129985,-0.36088030541208177,"{""type"":""Point"",""coordinates"":[75.8346560964138,26.81457605174189]}"
116,18.927716282435824,1959.9805118110237,45.243653180000024,28.74000000000001,0.09216589861751152,0.09550290135396518,-0.15734355044699871,"{""type"":""Point"",""coordinates"":[75.77159990041991,26.94999416154599]}"
117,18.723017182221326,1615.817618110236,44.794183550000014,26.30000000000001,0.10309179668804441,0.3336179903216624,-0.4338179035960214,"{""type"":""Point"",""coordinates"":[75.77748385247094,27.016528172910327]}"
118,18.927716282435824,2093.5567913385826,43.53635219,30.150000000000034,0.07369603895495833,0.11496844003606853,-0.17176024638711207,"{""type"":""Point"",""coordinates"":[75.81192467388485,26.91876668525507]}"
119,18.72016522442857,2206.2511811023624,45.14282159000004,26.99000000000001,0.038555392874572963,0.25771440732070655,-0.3039161610590182,"{""type"":""Point"",""coordinates"":[75.6881860681533,26.9196793637131]}"
120,18.723017182221326,1653.3993110236222,39.47574443000002,27.24000000000001,0.11700468018720749,0.3491306786315199,-0.455012853470437,"{""type"":""Point"",""coordinates"":[75.81994997144507,26.9653687766445]}"
121,18.737014770507812,1951.5602362204722,44.204575100000056,26.430000000000007,-0.0026586905948820204,0.35885598468640917,-0.4433680181796436,"{""type"":""Point"",""coordinates"":[75.89811372694773,26.974498896952248]}"
122,18.927716282435824,1386.2250984251968,39.81241940000001,28.110000000000014,0.07886077385680246,0.3692022263450835,-0.4272151898734177,"{""type"":""Point"",""coordinates"":[75.83783739000654,26.85672323166189]}"
123,18.927716282435824,2103.6286417322835,41.90253862999998,29.120000000000005,0.08463313336409783,0.09325396825396826,-0.1706798866855524,"{""type"":""Point"",""coordinates"":[75.84168742465671,26.934973776215138]}"
124,18.737014770507812,1570.4367125984252,38.583641209999996,26.99000000000001,0.04150943396226415,0.4561222989857416,-0.4774049217002237,"{""type"":""Point"",""coordinates"":[75.85420428663383,26.976387200416625]}"
125,18.473306274414085,2479.73937007874,46.945827140000006,26.230000000000018,0.11897324460138531,0.19082147774208352,-0.3163555194805195,"{""type"":""Point"",""coordinates"":[75.69062954337309,26.971203102120867]}"
126,18.72016522442857,2207.8751968503934,46.614279200000055,27.210000000000036,0.05797515350564044,0.31166119892633465,-0.43803814713896455,"{""type"":""Point"",""coordinates"":[75.70078333537397,26.886762309921746]}"
127,18.966531372070335,1262.6015748031496,39.84489058999998,27.350000000000023,0.05977343938298385,0.43234808151275933,-0.47961312345913143,"{""type"":""Point"",""coordinates"":[75.87249968680956,26.93015055291114]}"
128,19.04254744680304,2075.073031496063,42.04096844000003,29.010000000000048,0.11718011718011719,0.09776733254994124,-0.1541882876204596,"{""type"":""Point"",""coordinates"":[75.79137735236083,26.848745849991392]}"
129,18.473306274414085,2210.127165354331,43.74656042000004,28.690000000000055,0.06708347414667118,0.16772419627749577,-0.23969911305714606,"{""type"":""Point"",""coordinates"":[75.74409380694097,26.972940727357727]}"
130,18.966531372070335,2514.6350393700786,45.43677131000004,26.810000000000002,0.07318412742001923,0.16459627329192547,-0.3075060532687651,"{""type"":""Point"",""coordinates"":[75.90453255474853,26.92373629564142]}"
131,18.91604142622515,2168.172933070866,49.157286080000006,26.370000000000005,0.09977793092886132,0.2359125315391085,-0.34708376303426147,"{""type"":""Point"",""coordinates"":[75.68796172063921,26.848007815830144]}"
132,18.473306274414085,1913.0617125984254,46.233169970000006,25.630000000000052,0.1212091662603608,0.15553276061033466,-0.22362525458248472,"{""type"":""Point"",""coordinates"":[75.69906212574135,27.00292652023645]}"
133,18.927716282435824,1725.590748031496,43.03561225999999,29.850000000000023,0.059882583170254404,0.25923984272608125,-0.33074792243767315,"{""type"":""Point"",""coordinates"":[75.79356769073199,26.92597928772682]}"
134,18.927716282435824,2173.7383858267713,42.902309479999985,29.840000000000032,0.0753786544557943,0.12227447627191107,-0.20096076861489193,"{""type"":""Point"",""coordinates"":[75.75982978935583,26.877887361566184]}"
135,18.927716282435824,2300.542027559055,43.088591570000006,29.090000000000032,0.08883708883708884,0.08246153846153846,-0.14518229166666666,"{""type"":""Point"",""coordinates"":[75.75636513376207,26.937295619067058]}"
136,19.04254744680304,2113.4406496062993,45.73584806000002,29.130000000000052,0.09523434423001181,0.2645601673455907,-0.36461922300106925,"{""type"":""Point"",""coordinates"":[75.80004867437634,26.80947243173775]}"
137,18.91604142622515,2135.9002952755905,45.77344628000003,27.05000000000001,0.10081363812475784,0.24133504492939667,-0.34103779036172427,"{""type"":""Point"",""coordinates"":[75.743171630062,26.81791231053884]}"
138,18.737014770507812,2302.6483267716535,48.189986420000025,25.650000000000034,0.13647109391790244,0.1960706489382814,-0.3175210405508799,"{""type"":""Point"",""coordinates"":[75.90422075939297,26.98604741806761]}"
139,18.927716282435824,2029.490846456693,42.03755042,28.53000000000003,0.07766336252526225,0.11792837979703721,-0.17652835747606188,"{""type"":""Point"",""coordinates"":[75.8468240951273,26.93631386555287]}"
140,19.159099085190746,2258.6581692913383,46.30836641000002,27.470000000000027,0.08294829482948295,0.22937764231638974,-0.3488673139158576,"{""type"":""Point"",""coordinates"":[75.86787064939887,26.82008922390332]}"
141,18.737014770507812,1568.2029527559055,37.09167548000005,26.850000000000023,-0.09612109744560075,0.6231437377416643,-0.5893004115226338,"{""type"":""Point"",""coordinates"":[75.86804593146012,26.991693575967336]}"
142,18.91604142622515,2273.080413385827,46.43483315000003,24.350000000000023,0.14985129261038663,0.19883858479406388,-0.24461315172490788,"{""type"":""Point"",""coordinates"":[75.67138540813588,26.81369608424461]}"
143,18.72016522442857,2398.6926181102363,42.50752817,29.000000000000057,0.06475891158713093,0.1165086887835703,-0.17290737475365625,"{""type"":""Point"",""coordinates"":[75.74756919920503,26.92810655501989]}"
144,19.04254744680304,1365.9682086614173,41.23431572000004,27.82000000000005,-0.03543705703678704,0.5175597691673537,-0.5304289990023279,"{""type"":""Point"",""coordinates"":[75.84769016823306,26.841788940492307]}"
145,18.72016522442857,2322.0725393700786,42.96383384000001,28.510000000000048,0.07891580714799712,0.1659919028340081,-0.2324810099497165,"{""type"":""Point"",""coordinates"":[75.72427281566878,26.888920426768326]}"
146,18.723017182221326,2228.303346456693,42.37764341000002,26.30000000000001,0.0419797451813133,0.2084063047285464,-0.2763873775843308,"{""type"":""Point"",""coordinates"":[75.7771129859331,27.014324977359237]}"
147,18.927716282435824,1393.6837598425197,41.74018268000003,29.670000000000016,0.039763222236520394,0.22007848266841074,-0.28810633523217677,"{""type"":""Point"",""coordinates"":[75.78941458761359,26.912973294857785]}"
148,18.966531372070335,1621.1438976377954,41.39496266000003,28.53000000000003,-0.03983983983983984,0.43184011026878016,-0.47724687144482364,"{""type"":""Point"",""coordinates"":[75.85043654512987,26.938898579753758]}"
149,18.72016522442857,2541.377165354331,50.11091366000005,25.79000000000002,0.10702772404900064,0.20760310401953092,-0.35121951219512193,"{""type"":""Point"",""coordinates"":[75.67012260501069,26.930400961823505]}"
150,18.72016522442857,2535.2383858267717,42.314410039999984,27.690000000000055,0.06960769348191116,0.1228813559322034,-0.19334312285854136,"{""type"":""Point"",""coordinates"":[75.7084420222163,26.89507685177187]}"
151,18.737014770507812,1689.6261811023621,38.976713510000025,25.670000000000016,-0.1317686194788394,0.5912693257113161,-0.5704577509937171,"{""type"":""Point"",""coordinates"":[75.88361150366521,26.972126424299958]}"
152,19.04254744680304,2022.4534448818897,42.13325498000006,29.640000000000043,0.09668219412491681,0.11604416255579046,-0.17540821375556656,"{""type"":""Point"",""coordinates"":[75.80742130988301,26.84254811406057]}"
153,18.927716282435824,2364.306791338583,41.44965098,29.83000000000004,0.07670666115018618,0.11468531468531469,-0.1779983108108108,"{""type"":""Point"",""coordinates"":[75.76654732057919,26.888267722682414]}"
154,18.927716282435824,1730.291535433071,42.461384899999985,27.750000000000057,0.038620990617499455,0.1772879091516366,-0.2402533427163969,"{""type"":""Point"",""coordinates"":[75.84959841450294,26.94502112335469]}"
155,18.927716282435824,2148.0100393700786,39.32364254000004,29.710000000000036,0.04485852311939269,0.1920757967269595,-0.2513562386980108,"{""type"":""Point"",""coordinates"":[75.761587610404,26.867241073319388]}"
156,18.473306274414085,1594.5503937007875,44.35154996000006,26.03000000000003,0.0663265306122449,0.40689066059225515,-0.4934260238778903,"{""type"":""Point"",""coordinates"":[75.70936359154273,27.01803024391499]}"
157,18.737014770507812,1961.6247047244092,39.16470461000006,25.670000000000016,-0.060834924060087975,0.4356958328653263,-0.46835152211372777,"{""type"":""Point"",""coordinates"":[75.88234956243038,26.97362602185772]}"
158,18.473306274414085,2082.4436023622043,43.91233439000001,27.53000000000003,-0.009544008483563097,0.34419463451721516,-0.4114963503649635,"{""type"":""Point"",""coordinates"":[75.73493487905675,26.968151084109948]}"
159,18.966531372070335,2033.8835629921261,42.73311749000004,27.630000000000052,0.0053590568060021436,0.3120174007612833,-0.38666666666666666,"{""type"":""Point"",""coordinates"":[75.89328046296171,26.88757250194402]}"
160,18.966531372070335,2131.7939960629924,43.31418088999999,27.53000000000003,0.05553270259152612,0.22951697547392097,-0.305287094940307,"{""type"":""Point"",""coordinates"":[75.89692525998261,26.89626216702368]}"
161,18.723017182221326,1323.4942913385826,44.864252960000044,26.700000000000045,0.08165548098434004,0.42757781255433835,-0.5128063386769854,"{""type"":""Point"",""coordinates"":[75.78990339284441,26.977355761428047]}"
162,18.473306274414085,1515.1094488188976,41.524847420000015,26.220000000000027,-0.008500933029234915,0.44589774078478,-0.48564447159437996,"{""type"":""Point"",""coordinates"":[75.70785663728351,27.015267975622542]}"
163,18.72016522442857,2205.5853346456693,46.25709611000002,26.210000000000036,0.1278313683458378,0.23767998377611033,-0.3943340187342929,"{""type"":""Point"",""coordinates"":[75.68192904772641,26.885919034982923]}"
164,18.473306274414085,2059.4726377952757,46.660422470000015,24.410000000000025,0.05085015096138567,0.29034348671419313,-0.42724014336917565,"{""type"":""Point"",""coordinates"":[75.67986192762633,26.998048246145498]}"
165,18.72016522442857,2438.401279527559,42.85787521999998,28.57000000000005,0.04256156085280466,0.15039228660553927,-0.21010241622750322,"{""type"":""Point"",""coordinates"":[75.74151144231324,26.858760715374785]}"
166,18.72016522442857,1876.250688976378,44.454090560000054,28.090000000000032,0.028180142217540165,0.35,-0.4098318899643403,"{""type"":""Point"",""coordinates"":[75.71253221325925,26.932018978308076]}"
167,18.966531372070335,2038.9647637795276,42.18281626999999,27.07000000000005,0.010461934653146628,0.34250464024456817,-0.4144714137812033,"{""type"":""Point"",""coordinates"":[75.88775306186078,26.853981922020935]}"
168,18.927716282435824,2213.799409448819,42.01020626000002,29.83000000000004,0.05926883308714919,0.09652426557624018,-0.13982102908277405,"{""type"":""Point"",""coordinates"":[75.79295887527677,26.890291357721644]}"
169,18.723017182221326,1289.7221456692914,39.29971640000002,26.53000000000003,0.11694735602402544,0.3913527556132863,-0.4435887562572199,"{""type"":""Point"",""coordinates"":[75.82420092123816,26.982647034580193]}"
170,19.04254744680304,2029.4623031496058,43.03048523000001,27.350000000000023,0.04582027610739392,0.25080492949927835,-0.33927722301474084,"{""type"":""Point"",""coordinates"":[75.7514204658752,26.81596932272551]}"
171,19.04254744680304,2147.1394685039368,42.77755175000004,29.33000000000004,0.03404146403890453,0.2232065687121867,-0.2770133092713738,"{""type"":""Point"",""coordinates"":[75.81004603024222,26.837348830156557]}"
172,18.723017182221326,2092.0415354330707,44.03709212000001,27.05000000000001,0.08942632170978627,0.11951135184971765,-0.16684684684684684,"{""type"":""Point"",""coordinates"":[75.78514260759559,27.001948302431064]}"
173,18.737014770507812,2328.5233267716535,42.57930658999999,26.53000000000003,0.05845131693427193,0.17651709824075903,-0.24845306764551653,"{""type"":""Point"",""coordinates"":[75.90423192451898,26.96989337197345]}"
174,18.72016522442857,2557.227559055118,45.15649367000003,27.110000000000014,0.11129777404451911,0.16348973607038123,-0.25790151590211036,"{""type"":""Point"",""coordinates"":[75.68771763318746,26.909759652423084]}"
175,18.91604142622515,2235.7639763779525,49.59650165000005,26.250000000000057,0.12391138273491215,0.17343702036222244,-0.2927516627212265,"{""type"":""Point"",""coordinates"":[75.72126353342081,26.826038628927922]}"
176,18.927716282435824,2341.991338582677,43.22018534000006,29.27000000000004,0.07299150881776617,0.12885265460330086,-0.1970479704797048,"{""type"":""Point"",""coordinates"":[75.75294909454652,26.860380510153117]}"
177,18.966531372070335,1207.3486220472441,39.781657220000056,27.260000000000048,0.09431174587540014,0.42530517341600466,-0.49877750611246946,"{""type"":""Point"",""coordinates"":[75.87489811163526,26.945090293369432]}"
178,18.927716282435824,2066.292027559055,42.582724610000014,29.460000000000036,0.0778786430960344,0.12588962781472407,-0.17999510882856445,"{""type"":""Point"",""coordinates"":[75.82857414420593,26.90774241230066]}"
179,18.72016522442857,2031.4800196850392,43.13815285999999,28.57000000000005,0.031106663330831456,0.2994072251426015,-0.3610590440487348,"{""type"":""Point"",""coordinates"":[75.73922989333822,26.86052434729258]}"
180,18.966531372070335,2348.4253937007875,45.57349211000002,27.340000000000032,0.05681996546852927,0.17340363210310486,-0.244228180971115,"{""type"":""Point"",""coordinates"":[75.89230032350319,26.909360048272976]}"
181,18.966531372070335,1488.3791338582676,40.57292885000004,27.370000000000005,0.05735354362965998,0.4285270836566817,-0.49270191372040223,"{""type"":""Point"",""coordinates"":[75.86972004232456,26.911952251109593]}"
182,18.72016522442857,2339.3707677165353,48.42924782,25.610000000000014,0.12588059489077066,0.18251829033500191,-0.3353625394064572,"{""type"":""Point"",""coordinates"":[75.68259473965044,26.936296890432978]}"
183,18.473306274414085,2111.103051181102,45.50342269999999,26.390000000000043,0.17072068679870472,0.20944535969247666,-0.35749506903353057,"{""type"":""Point"",""coordinates"":[75.7415070761286,27.013698663595296]}"
184,18.927716282435824,1628.4696850393702,41.42572484000004,29.53000000000003,0.07376866503231558,0.1820250284414107,-0.2474861173645505,"{""type"":""Point"",""coordinates"":[75.75949558493417,26.880860291430892]}"
185,18.473306274414085,1456.1724409448818,39.42447413000002,26.53000000000003,0.03731037310373104,0.5068185464463341,-0.5256660168940871,"{""type"":""Point"",""coordinates"":[75.7333071549733,27.014059944746393]}"
186,18.966531372070335,1294.4883858267717,41.162537300000054,27.730000000000018,0.09620372553643008,0.3577754162238753,-0.45492503321313343,"{""type"":""Point"",""coordinates"":[75.85605808122766,26.92059968765042]}"
187,19.159099085190746,1924.8102362204722,45.99903560000001,26.950000000000045,0.048812664907651716,0.3493975903614458,-0.4355400696864111,"{""type"":""Point"",""coordinates"":[75.87556792326372,26.813311604312197]}"
188,18.72016522442857,1725.0823818897636,44.794183550000014,26.590000000000032,0.09713448686258354,0.3292896616794716,-0.4141095497562374,"{""type"":""Point"",""coordinates"":[75.68298080036104,26.915407511011583]}"
189,18.473306274414085,1692.9883858267715,41.283877010000026,26.53000000000003,0.05605048255382331,0.3559050919754732,-0.43570924488355683,"{""type"":""Point"",""coordinates"":[75.730125240192,27.00972592954374]}"
190,18.91604142622515,2382.5006889763777,47.93363492000003,25.79000000000002,0.08846068000892791,0.16375379939209728,-0.2777140473459172,"{""type"":""Point"",""coordinates"":[75.67796864579763,26.829857606708696]}"
191,18.473306274414085,2351.44655511811,45.31030457000003,26.220000000000027,0.08313016122689737,0.16545036489053283,-0.240608704905821,"{""type"":""Point"",""coordinates"":[75.70073052719229,26.97238771192169]}"
192,19.159099085190746,2020.374212598425,46.687766630000056,27.470000000000027,0.0925144553836537,0.32277904328018225,-0.4225869671729544,"{""type"":""Point"",""coordinates"":[75.85979236184211,26.81702212133107]}"
193,18.723017182221326,1782.9549212598426,42.64937600000002,25.370000000000005,-0.038815670698682074,0.3649626378839995,-0.4757630161579892,"{""type"":""Point"",""coordinates"":[75.79993027603365,27.00996116403275]}"
194,18.927716282435824,2131.045964566929,42.46480292000001,30.150000000000034,0.0780316677728264,0.08056450716746305,-0.14131455399061033,"{""type"":""Point"",""coordinates"":[75.81395220144904,26.91937043648834]}"
195,18.723017182221326,1393.9549212598424,39.99357445999999,27.110000000000014,0.09414364640883978,0.35013175230566534,-0.4240055584505819,"{""type"":""Point"",""coordinates"":[75.80028421169669,26.971187284627813]}"
196,18.473306274414085,1998.8077755905513,44.954830490000006,25.970000000000027,0.0728975234094688,0.2202257544344621,-0.3001963672066765,"{""type"":""Point"",""coordinates"":[75.71342958734945,27.007116311171774]}"
197,18.72016522442857,2325.412598425197,44.247300350000046,27.810000000000002,0.08289909995262909,0.1702599234334072,-0.24261874197689345,"{""type"":""Point"",""coordinates"":[75.72033629282228,26.868273041833728]}"
198,18.927716282435824,2202.363877952756,41.654732179999996,29.720000000000027,0.06687483736664064,0.1413112667091025,-0.20254862508383636,"{""type"":""Point"",""coordinates"":[75.77821388590526,26.889555036336283]}"
199,18.927716282435824,2172.726574803149,42.78438778999998,28.610000000000014,0.1043802423112768,0.06541019955654102,-0.12450269131757548,"{""type"":""Point"",""coordinates"":[75.80174243066212,26.94885649791396]}"
200,18.737014770507812,1570.2615157480316,40.656670340000005,27.27000000000004,-0.018679452602137648,0.47604573744391376,-0.49838377901851305,"{""type"":""Point"",""coordinates"":[75.8566789609528,26.987795672119766]}"
201,18.723017182221326,1477.1015748031496,42.794641850000005,27.110000000000014,0.10164000809880543,0.4079009995240362,-0.4523731587561375,"{""type"":""Point"",""coordinates"":[75.8500854097895,26.98128354774902]}"
202,18.737014770507812,2476.302362204724,41.48895821000002,26.49000000000001,0.0044822949350067235,0.24810339983141333,-0.2882830626450116,"{""type"":""Point"",""coordinates"":[75.88025456735026,26.999563824605723]}"
203,18.473306274414085,2204.0927165354333,46.33058354000002,26.230000000000018,0.13683420855213804,0.2132011809363138,-0.33263840630067176,"{""type"":""Point"",""coordinates"":[75.71533079033394,26.97534867947118]}"
204,18.927716282435824,1923.45,41.92817378000001,29.83000000000004,0.019695613249776187,0.2914258756928883,-0.3538575667655786,"{""type"":""Point"",""coordinates"":[75.77439342494009,26.891922083599272]}"
205,18.927716282435824,2136.463779527559,40.13542229000001,29.450000000000045,0.0023102896747822996,0.21725932350390287,-0.2638451148131472,"{""type"":""Point"",""coordinates"":[75.82066940188739,26.893759054349037]}"
206,18.72016522442857,2355.530708661417,43.999493900000004,27.110000000000014,0.09468892261001517,0.16900166552366022,-0.2641169615425363,"{""type"":""Point"",""coordinates"":[75.7016563298585,26.897437198178256]}"
207,18.91604142622515,2428.699507874016,46.72878287000003,26.610000000000014,0.13067419696434876,0.14602140530479293,-0.28257473179877096,"{""type"":""Point"",""coordinates"":[75.72003201678824,26.844112853041025]}"
208,18.91604142622515,2334.3811023622043,48.79668497,24.470000000000027,0.15221833041447752,0.15075277337559428,-0.26903331512834516,"{""type"":""Point"",""coordinates"":[75.67115162606652,26.807695110595418]}"
209,18.723017182221326,1877.8574803149609,43.702126160000034,27.710000000000036,0.07754206291148501,0.23672918965305872,-0.31422615945805105,"{""type"":""Point"",""coordinates"":[75.76492927024968,26.998513812279562]}"
210,18.927716282435824,2122.381102362205,43.049284339999986,29.29000000000002,0.09300397877984085,0.1841991341991342,-0.2851773549447968,"{""type"":""Point"",""coordinates"":[75.75693500100427,26.854200766785322]}"
211,18.72016522442857,2397.635531496063,46.71681980000005,26.630000000000052,0.1095066185318893,0.1717585692995529,-0.30606312292358806,"{""type"":""Point"",""coordinates"":[75.70419552390429,26.864287819826618]}"
212,18.927716282435824,2256.75905511811,43.23043940000002,29.460000000000036,0.041952197894033094,0.18039538714991762,-0.23935135135135135,"{""type"":""Point"",""coordinates"":[75.80008873195243,26.935337734669282]}"
213,19.04254744680304,2611.608956692913,46.272477200000026,28.83000000000004,0.09835239945319807,0.14835517272977183,-0.23431498079385404,"{""type"":""Point"",""coordinates"":[75.81885896206255,26.828017156376976]}"
214,18.473306274414085,2039.5154527559055,44.54637710000003,28.630000000000052,0.058733008463708644,0.2203502549323875,-0.31698564593301437,"{""type"":""Point"",""coordinates"":[75.74717125501293,26.95547359800928]}"
215,18.72016522442857,2187.249212598425,43.53635219,28.510000000000048,0.04119963647379582,0.30663639178449786,-0.391514618597494,"{""type"":""Point"",""coordinates"":[75.72163973959508,26.920245769298933]}"
216,18.723017182221326,2298.511023622047,45.39917308999998,28.640000000000043,0.05329207495272477,0.11466450764092703,-0.17482666666666666,"{""type"":""Point"",""coordinates"":[75.76881719553953,26.95109644847918]}"
217,18.966531372070335,1483.5174212598426,40.76262896000003,27.120000000000005,-0.037107516650808754,0.4947432576565595,-0.4938328003654637,"{""type"":""Point"",""coordinates"":[75.8668112565036,26.917364003376136]}"
218,18.927716282435824,1499.418996062992,41.64789614000006,28.77000000000004,0.08467611117119066,0.29063738944800244,-0.3800750040763085,"{""type"":""Point"",""coordinates"":[75.81913283333904,26.873812454850327]}"
219,18.72016522442857,2328.1817913385826,42.46309391,29.250000000000057,0.05005542764560416,0.13268937468225725,-0.18940849882553917,"{""type"":""Point"",""coordinates"":[75.74348894498968,26.93975073529265]}"
220,18.72016522442857,2462.606003937008,42.87838334000003,28.57000000000005,0.09408707975749941,0.11882535978218592,-0.18252826310380268,"{""type"":""Point"",""coordinates"":[75.74848324925016,26.862630141902457]}"
221,18.91604142622515,2309.827460629921,46.36134572000003,26.27000000000004,0.06391545042778057,0.22922960725075528,-0.35709818636647905,"{""type"":""Point"",""coordinates"":[75.7066766852694,26.847958449447216]}"
222,18.737014770507812,1878.7910433070867,42.70406432000004,26.410000000000025,0.03956487411176419,0.3338206627680312,-0.4021516393442623,"{""type"":""Point"",""coordinates"":[75.88169917024048,26.963071741624624]}"
223,18.72016522442857,2340.044980314961,48.627492980000056,25.810000000000002,0.17564338862721005,0.16936186695071173,-0.3449159149125738,"{""type"":""Point"",""coordinates"":[75.67345122595461,26.87056590334386]}"
224,18.723017182221326,1529.686220472441,43.28170970000002,26.99000000000001,0.11547108113631718,0.2958083832335329,-0.4077085704992682,"{""type"":""Point"",""coordinates"":[75.75218666690142,27.004301333312817]}"
225,18.72016522442857,2411.1365157480313,42.675011150000046,27.690000000000055,0.017142857142857144,0.27204643325219996,-0.3389830508474576,"{""type"":""Point"",""coordinates"":[75.70702053627477,26.894863948240907]}"
226,18.927716282435824,1481.3417322834646,38.69472686000006,28.090000000000032,0.15700934579439252,0.3053545586107091,-0.4165067178502879,"{""type"":""Point"",""coordinates"":[75.83276872019927,26.872324659391836]}"
227,19.04254744680304,2248.7339566929136,41.95380893000004,27.850000000000023,0.06473120094522744,0.15630217028380636,-0.21619841966637401,"{""type"":""Point"",""coordinates"":[75.83590726421143,26.81920747935906]}"
228,18.927716282435824,2178.3692913385826,42.36909836000001,29.850000000000023,-0.03600854440036619,0.39755068436760316,-0.43962684193787765,"{""type"":""Point"",""coordinates"":[75.80081118526687,26.928734871774616]}"
229,18.72016522442857,2166.5110236220476,44.146468760000005,27.99000000000001,0.0727758304122851,0.19578086320094715,-0.2655199908873448,"{""type"":""Point"",""coordinates"":[75.73089811269449,26.863645559628424]}"
230,18.72016522442857,2221.9706692913383,43.978985780000016,25.83000000000004,0.08272769444873976,0.24792258335962974,-0.318808359270787,"{""type"":""Point"",""coordinates"":[75.67843473899387,26.88829418923307]}"
231,18.72016522442857,1920.5080708661417,44.09178043999998,28.970000000000027,0.08093841642228738,0.1446311176040906,-0.2158282684598474,"{""type"":""Point"",""coordinates"":[75.7483973708998,26.950215580605025]}"
232,18.72016522442857,2515.0666338582673,44.103743510000015,27.55000000000001,0.05503156331229112,0.16084298877839615,-0.23163294937566548,"{""type"":""Point"",""coordinates"":[75.70586933448139,26.925448238748054]}"
233,18.737014770507812,2058.494291338583,41.512884350000036,26.660000000000025,0.011645829765370782,0.257846556233653,-0.32911100875172733,"{""type"":""Point"",""coordinates"":[75.8850323650242,26.953480033576824]}"
234,18.473306274414085,2243.786122047244,43.693581110000025,27.33000000000004,0.09178663559956728,0.12899555187752146,-0.20703384207033843,"{""type"":""Point"",""coordinates"":[75.7464417934564,26.989464815999156]}"
235,18.927716282435824,2081.982480314961,45.40088209999999,29.210000000000036,0.14583333333333334,0.062331948178929356,-0.09429686516429561,"{""type"":""Point"",""coordinates"":[75.8461924513368,26.91385260267894]}"
236,18.927716282435824,1643.9903543307084,43.011686120000036,29.460000000000036,-0.03648895195621326,0.38827043171327724,-0.42901062045835664,"{""type"":""Point"",""coordinates"":[75.80299566607376,26.93623262693432]}"
237,19.159099085190746,1933.9273622047244,44.66258978000002,27.110000000000014,0.05475780202948497,0.18792107795957652,-0.254159786612473,"{""type"":""Point"",""coordinates"":[75.88073012906654,26.804766995793624]}"
238,19.159099085190746,1544.3254921259843,46.03834283000003,26.480000000000018,0.02713905062666535,0.4593634344929682,-0.507800550627103,"{""type"":""Point"",""coordinates"":[75.89951908642581,26.831248291441323]}"
239,19.04254744680304,2114.7767716535436,44.92577732000001,27.450000000000045,0.0978185595567867,0.14502307185234015,-0.22958942897593204,"{""type"":""Point"",""coordinates"":[75.75518616285595,26.818057839375324]}"
240,18.737014770507812,2110.274803149606,47.084256950000054,25.970000000000027,0.11826771653543307,0.22704361165899628,-0.32614874467077215,"{""type"":""Point"",""coordinates"":[75.89339200758255,27.019888778983404]}"
241,18.737014770507812,2920.030708661417,45.34448477000001,26.180000000000007,0.11934003225406277,0.10930541448550668,-0.21693665895260136,"{""type"":""Point"",""coordinates"":[75.90452415200109,27.017356987617752]}"
242,18.966531372070335,1749.2314960629922,40.16618447000002,26.52000000000004,-0.027413793103448277,0.4916145181476846,-0.5405894519131335,"{""type"":""Point"",""coordinates"":[75.90021738806668,26.93994558698465]}"
243,18.723017182221326,1951.2418307086614,44.64208166000003,28.870000000000005,0.05895137190980712,0.24157706093189965,-0.30405320617392395,"{""type"":""Point"",""coordinates"":[75.75649955400773,26.980799328655486]}"
244,18.966531372070335,2024.7541338582678,42.350299250000035,27.340000000000032,0.022462831286360698,0.3360574268360022,-0.4138132523080519,"{""type"":""Point"",""coordinates"":[75.8728327647251,26.861395531644465]}"
245,18.927716282435824,2423.926377952756,41.34198335000002,29.760000000000048,0.07044287548138639,0.11489607390300231,-0.18442036393375588,"{""type"":""Point"",""coordinates"":[75.76325614374664,26.886813147064256]}"
246,18.72016522442857,2249.159645669291,43.37570525000001,28.610000000000014,0.035074165636588384,0.2451400657960323,-0.3169548713622944,"{""type"":""Point"",""coordinates"":[75.74546394391562,26.8569343177481]}"
247,18.966531372070335,2140.536614173228,42.81002294000001,28.000000000000057,0.05595509559726364,0.2040268456375839,-0.2500290326326791,"{""type"":""Point"",""coordinates"":[75.86651816933049,26.872117773289684]}"
248,18.72016522442857,2251.797440944882,43.16891504,26.210000000000036,0.14520785219399537,0.22229102167182663,-0.34636808002728203,"{""type"":""Point"",""coordinates"":[75.68477226262,26.88390008716586]}"
249,18.723017182221326,1718.66062992126,43.90378934,27.810000000000002,0.04634017904160084,0.4131876706984003,-0.48139059304703474,"{""type"":""Point"",""coordinates"":[75.8106748927295,26.955417478269275]}"
250,18.473306274414085,1421.7339566929134,40.760919950000016,26.970000000000027,0.05434435818355844,0.4346563407550823,-0.4894472361809045,"{""type"":""Point"",""coordinates"":[75.74718021078345,27.011213188572327]}"
251,18.966531372070335,2142.4071850393702,44.33616887000005,27.380000000000052,0.09816996369563606,0.29255601571625783,-0.40052928316649405,"{""type"":""Point"",""coordinates"":[75.88131087977614,26.8555606724064]}"
252,18.966531372070335,1255.8082677165355,39.340732640000056,28.510000000000048,0.115227327399567,0.3541973490427099,-0.4747393744987971,"{""type"":""Point"",""coordinates"":[75.85086970255479,26.8949291866443]}"
253,18.723017182221326,1593.6876968503936,44.24559134000003,28.130000000000052,0.07822512392697377,0.1293141756776774,-0.18846453624318005,"{""type"":""Point"",""coordinates"":[75.78040865730036,26.964323585946644]}"
254,19.04254744680304,2020.1876968503934,41.261659880000025,27.710000000000036,0.003779289493575208,0.31712191872085277,-0.3733935394234109,"{""type"":""Point"",""coordinates"":[75.83710450490152,26.809580908697153]}"
255,18.737014770507812,1990.4539370078742,42.35542628000002,27.350000000000023,0.027677694071405176,0.36044912923923006,-0.42016505202726945,"{""type"":""Point"",""coordinates"":[75.8636807552934,26.987887725908127]}"
256,18.966531372070335,2347.9406496062993,42.70235531000003,26.510000000000048,0.04127873444838098,0.144261972662012,-0.21195708780335382,"{""type"":""Point"",""coordinates"":[75.8977220687765,26.948258044297813]}"
257,19.04254744680304,1544.0198818897638,44.691642950000016,27.920000000000016,-0.08743633276740238,0.4783612233121754,-0.4734723220704529,"{""type"":""Point"",""coordinates"":[75.7973050466911,26.804515977418397]}"
258,18.927716282435824,2176.122244094488,41.507757319999996,29.83000000000004,0.08564321250888415,0.10547798066595059,-0.18407731247123793,"{""type"":""Point"",""coordinates"":[75.76708776345268,26.885511681542226]}"
259,18.723017182221326,1597.9027559055119,41.31122117000001,25.590000000000032,0.10171102661596958,0.35658914728682173,-0.4511670761670762,"{""type"":""Point"",""coordinates"":[75.81078039036464,27.00261016275181]}"
260,18.723017182221326,1564.272342519685,44.219956190000005,28.870000000000005,0.14271665642286416,0.09344622138601442,-0.1559754682579148,"{""type"":""Point"",""coordinates"":[75.77193134403828,26.960173718868024]}"
261,18.72016522442857,2373.9977362204727,46.37159978,26.83000000000004,0.08958348372193749,0.2535533247192128,-0.3289778714436249,"{""type"":""Point"",""coordinates"":[75.7055547720347,26.938210979176763]}"
262,18.966531372070335,2216.152263779528,43.13131682000005,28.130000000000052,0.08007930350831825,0.1362862010221465,-0.20207253886010362,"{""type"":""Point"",""coordinates"":[75.87814655457223,26.88541852533241]}"
263,18.737014770507812,2013.9878937007877,46.578389990000005,25.970000000000027,0.11296311576862778,0.23237418319385533,-0.33407793497145694,"{""type"":""Point"",""coordinates"":[75.89286174130434,27.01837733664257]}"
264,18.473306274414085,2237.2319881889766,46.05543293000005,26.730000000000018,-0.13501211364804347,0.49501982400154726,-0.5504964396750577,"{""type"":""Point"",""coordinates"":[75.69129538297351,26.96482316445837]}"
265,18.966531372070335,1677.275787401575,39.092926190000014,28.630000000000052,0.06900431276954809,0.35470668485675305,-0.43310723048058886,"{""type"":""Point"",""coordinates"":[75.85213699598032,26.908615903779772]}"
266,18.91604142622515,2427.002657480315,48.85650032000001,26.350000000000023,0.1213672748251244,0.139010937646069,-0.25608247422680414,"{""type"":""Point"",""coordinates"":[75.68349416210245,26.833659241850206]}"
267,18.72016522442857,2133.575492125984,47.89774570999998,25.810000000000002,0.13681388247560886,0.26197735191637633,-0.38288986994392077,"{""type"":""Point"",""coordinates"":[75.67394489069925,26.8698869175681]}"
268,18.723017182221326,2265.635039370079,43.93967855000005,28.29000000000002,0.04367110201296486,0.1548048202698527,-0.20287522797983049,"{""type"":""Point"",""coordinates"":[75.76415979872671,26.986815263630856]}"
269,18.72016522442857,2161.000688976378,42.480184010000016,29.190000000000055,0.09630289532293987,0.11106243154435926,-0.1836639439906651,"{""type"":""Point"",""coordinates"":[75.74415745449363,26.936034376886035]}"
270,19.159099085190746,2182.3417322834644,45.87769589000004,27.470000000000027,0.09686199167467179,0.1853330531624291,-0.295441497301642,"{""type"":""Point"",""coordinates"":[75.86975428887376,26.823805884911117]}"
271,18.737014770507812,2311.7014763779525,41.77948991000005,26.03000000000003,0.06579270790659565,0.14650578179989945,-0.21297872340425533,"{""type"":""Point"",""coordinates"":[75.88745684777933,26.979229386949694]}"
272,18.72016522442857,2341.3363188976377,44.46605363000003,27.170000000000016,0.0894478823434863,0.11592632719393282,-0.2039103177133142,"{""type"":""Point"",""coordinates"":[75.70389797367667,26.92411893938862]}"
273,18.737014770507812,680.2319881889764,36.208117310000034,27.170000000000016,-0.16801853997682503,0.6,-0.4991076740035693,"{""type"":""Point"",""coordinates"":[75.85214416359824,26.95189080499509]}"
274,18.966531372070335,1182.4391732283461,43.42013951000001,28.230000000000018,0.166156202143951,0.3091564816670006,-0.4164318231086061,"{""type"":""Point"",""coordinates"":[75.8645777255256,26.88076286002902]}"
275,19.159099085190746,1954.9549212598426,43.85081003000005,27.130000000000052,0.08558072635742539,0.2332686711930165,-0.296787353391127,"{""type"":""Point"",""coordinates"":[75.8695514120679,26.806925169351985]}"
276,18.723017182221326,2059.838779527559,43.37741426000002,28.710000000000036,0.04841312533620226,0.17959546565903534,-0.25520340586565754,"{""type"":""Point"",""coordinates"":[75.76199692128152,26.97617613422958]}"
277,18.723017182221326,1612.7167322834646,46.841577529999995,26.400000000000034,0.11831251473014377,0.10386544703452345,-0.16851475870685617,"{""type"":""Point"",""coordinates"":[75.79370074236326,26.996043339831875]}"
278,19.159099085190746,2053.835826771653,44.86937999000003,26.630000000000052,0.03610832497492478,0.2952937212175671,-0.35606773283160864,"{""type"":""Point"",""coordinates"":[75.89440217823345,26.819904847469115]}"
279,18.72016522442857,2320.5075787401574,47.942179969999984,26.200000000000045,0.1671190923644463,0.170497896899149,-0.3345973678340397,"{""type"":""Point"",""coordinates"":[75.66758718297902,26.862531118686892]}"
280,19.04254744680304,2057.190157480315,41.84785031000001,29.710000000000036,0.09008189262966333,0.1384335154826958,-0.2172854534388314,"{""type"":""Point"",""coordinates"":[75.81705380253752,26.846257296740486]}"
281,19.159099085190746,2113.360433070866,46.85183159000002,27.200000000000045,0.12108027006751688,0.26454398273070695,-0.39360057095277745,"{""type"":""Point"",""coordinates"":[75.88286043088432,26.830994125381142]}"
282,18.473306274414085,2277.362401574803,47.66361133999999,25.640000000000043,0.05977945443993035,0.24519600307455802,-0.39011047945940147,"{""type"":""Point"",""coordinates"":[75.68348347173298,26.978221795417006]}"
283,19.159099085190746,2839.162598425197,48.31816217000005,26.52000000000004,0.11619891678975874,0.11343723346514693,-0.2534916201117318,"{""type"":""Point"",""coordinates"":[75.9069594920631,26.845969394018873]}"
284,18.473306274414085,2607.918011811024,45.684577760000025,26.690000000000055,0.059177964278028836,0.15234580917237744,-0.23166494506526433,"{""type"":""Point"",""coordinates"":[75.69527223711839,26.963266591367823]}"
285,19.04254744680304,2349.6616141732284,42.79293284000005,28.83000000000004,0.06954195921096623,0.12037037037037036,-0.18036263386703424,"{""type"":""Point"",""coordinates"":[75.82976172063249,26.83175320154737]}"
286,18.723017182221326,1556.084842519685,42.28193885000002,27.090000000000032,0.09112614405093514,0.3664373317379599,-0.41907424666045356,"{""type"":""Point"",""coordinates"":[75.84475797010741,26.968630174008535]}"
287,18.723017182221326,1421.3712598425197,39.63126434000003,27.140000000000043,0.07435734013171871,0.43487567923596243,-0.4657695542472666,"{""type"":""Point"",""coordinates"":[75.82845268538618,26.978533940125594]}"
288,19.04254744680304,2060.6040354330707,43.64743784000001,28.99000000000001,0.0904428444619785,0.07319911555917608,-0.12545765194044423,"{""type"":""Point"",""coordinates"":[75.78225342814397,26.818337096348806]}"
289,18.72016522442857,2461.8373031496058,45.127440500000034,25.83000000000004,0.10976185657424273,0.21835472255562738,-0.3461185351423034,"{""type"":""Point"",""coordinates"":[75.67300566564458,26.883143187568468]}"
290,18.723017182221326,1586.5282480314959,43.19455019000003,26.29000000000002,0.11571442335485115,0.34495896834701056,-0.43137866500311917,"{""type"":""Point"",""coordinates"":[75.8191281034888,26.989889287084907]}"
291,18.927716282435824,1936.8368110236217,42.29561093000001,29.850000000000023,0.010545454545454545,0.27626641651031897,-0.33056234718826405,"{""type"":""Point"",""coordinates"":[75.7948254071064,26.929847677899165]}"
292,18.927716282435824,2052.496751968504,42.876674330000014,29.29000000000002,0.07474711306060335,0.1688341060725998,-0.24725473633401712,"{""type"":""Point"",""coordinates"":[75.75566480454286,26.85230827077682]}"
293,18.966531372070335,1316.2693897637796,39.08609015000002,28.210000000000036,0.11721152750882788,0.3792489766862431,-0.4725441763252898,"{""type"":""Point"",""coordinates"":[75.85898987537266,26.878967215656203]}"
294,18.737014770507812,2089.7108267716535,46.26564116000003,26.660000000000025,0.0899453370879576,0.24821083721458595,-0.3162434115955918,"{""type"":""Point"",""coordinates"":[75.89457387037739,26.956529854653652]}"
295,18.927716282435824,1209.7674212598424,41.25824186,28.27000000000004,0.08733241448440045,0.4097155022256629,-0.4530221424296828,"{""type"":""Point"",""coordinates"":[75.8412441656343,26.87544978102518]}"
296,18.966531372070335,1490.213779527559,38.98696757000005,27.30000000000001,0.055324459234608984,0.41517370306901386,-0.47300145938057403,"{""type"":""Point"",""coordinates"":[75.86567425201524,26.931110256182425]}"
297,18.72016522442857,2293.570078740158,44.78392948999999,25.840000000000032,0.10304620317737939,0.24903592449766593,-0.34117903454287896,"{""type"":""Point"",""coordinates"":[75.67278608702361,26.89288255135711]}"
298,18.927716282435824,1462.717716535433,39.96964832000003,28.850000000000023,-0.22073647397654803,0.7571809298193664,-0.6817344480657503,"{""type"":""Point"",""coordinates"":[75.75700526815815,26.918137458805536]}"
299,19.04254744680304,2242.838287401575,44.07810835999999,28.52000000000004,0.10647003665501663,0.10394944707740916,-0.17960837272113436,"{""type"":""Point"",""coordinates"":[75.77604137785582,26.812208263722027]}"
300,18.72016522442857,2501.041535433071,44.64549968000006,27.170000000000016,0.06571963783952545,0.13924050632911392,-0.18797141722905916,"{""type"":""Point"",""coordinates"":[75.70187175411091,26.92388667786452]}"
301,18.91604142622515,1956.4352362204725,45.68799578000005,25.960000000000036,0.03787497905144964,0.35624852350578784,-0.4131692307692308,"{""type"":""Point"",""coordinates"":[75.7052527244762,26.831998242860088]}"
302,18.72016522442857,2353.838779527559,43.46286476,27.950000000000045,0.06336088154269973,0.22228879568603954,-0.2806026365348399,"{""type"":""Point"",""coordinates"":[75.71514208226331,26.94552023514215]}"
303,18.91604142622515,1689.357972440945,45.55127498000002,24.190000000000055,0.1392155102773539,0.3367716754948425,-0.4401561796065475,"{""type"":""Point"",""coordinates"":[75.70672780039253,26.805242692394913]}"
304,18.723017182221326,1458.5587598425197,37.93763543,27.000000000000057,0.06638611257233035,0.43129032258064515,-0.4578610152784623,"{""type"":""Point"",""coordinates"":[75.81917412371004,26.969149485231437]}"
305,18.473306274414085,2366.941633858268,46.063977980000004,26.230000000000018,0.015143603133159269,0.2746934440475041,-0.3423487544483986,"{""type"":""Point"",""coordinates"":[75.68291398483906,26.969150310169045]}"
306,18.966531372070335,2497.9091535433067,46.64675039000002,27.53000000000003,0.11417462000706964,0.11795146324054247,-0.2540032025620496,"{""type"":""Point"",""coordinates"":[75.89230139481856,26.89404742816722]}"
307,18.473306274414085,2056.8200787401574,45.252198229999976,25.160000000000025,0.04707516592066677,0.3404255319148936,-0.46720532319391633,"{""type"":""Point"",""coordinates"":[75.69956944900986,26.986965499025587]}"
308,18.72016522442857,2101.1261811023624,42.51436421000005,29.350000000000023,0.08322544849269466,0.11694456962595765,-0.18687896564108702,"{""type"":""Point"",""coordinates"":[75.74011007794324,26.910240674218347]}"
309,18.927716282435824,1790.7142716535436,42.76558868000001,29.430000000000007,0.04552799163577607,0.2785841609371021,-0.3490059108006448,"{""type"":""Point"",""coordinates"":[75.78851094627639,26.85443745476998]}"
310,18.72016522442857,2363.1507874015747,44.63011859000005,27.690000000000055,0.07559429477020602,0.1412639405204461,-0.228,"{""type"":""Point"",""coordinates"":[75.7235069582402,26.861907348778857]}"
311,18.72016522442857,2223.376673228346,40.56096578000006,29.350000000000023,0.03449987589972698,0.21892625861708795,-0.2779237844940867,"{""type"":""Point"",""coordinates"":[75.73551568587528,26.908518594723017]}"
312,18.737014770507812,1781.8392716535432,40.95745610000006,26.850000000000023,0.026238083185691385,0.48948251387275776,-0.5146981627296588,"{""type"":""Point"",""coordinates"":[75.87054928192943,26.9984088972455]}"
313,18.723017182221326,1301.7679133858267,40.43791706000002,26.610000000000014,0.09103512014787431,0.42846768336964414,-0.465995900875722,"{""type"":""Point"",""coordinates"":[75.84006124352906,26.991892242682088]}"
314,19.159099085190746,1930.6965551181104,45.684577760000025,27.54000000000002,0.10283830505748975,0.337248322147651,-0.43253305944280396,"{""type"":""Point"",""coordinates"":[75.86224078367287,26.845643549616174]}"
315,19.04254744680304,2079.6655511811023,46.64162336000004,28.750000000000057,0.1739821882951654,0.17938237965485923,-0.3007763586275983,"{""type"":""Point"",""coordinates"":[75.83392867802871,26.825788155695395]}"
316,18.927716282435824,1644.350590551181,42.81856799000002,29.460000000000036,-0.01703065517932278,0.38141243706626754,-0.4402042842956448,"{""type"":""Point"",""coordinates"":[75.82948157766306,26.901402878309614]}"
317,18.72016522442857,2242.8309055118107,42.319537070000024,29.250000000000057,0.06948691811077132,0.13430672051361706,-0.20958480565371024,"{""type"":""Point"",""coordinates"":[75.73791879566795,26.936678858700702]}"
318,18.927716282435824,2651.704429133858,41.55219158,28.940000000000055,0.06246630208734499,0.08639771510174937,-0.14108934095809506,"{""type"":""Point"",""coordinates"":[75.81159043738444,26.876470359816338]}"
319,18.723017182221326,1451.9687007874015,39.92863208000006,27.000000000000057,0.1259211096662332,0.30159754720025816,-0.39477779699118104,"{""type"":""Point"",""coordinates"":[75.81363547751049,26.96854784971283]}"
320,18.927716282435824,2149.0592519685038,41.943554870000014,29.30000000000001,0.03031390134529148,0.17000324640190456,-0.22529465095194923,"{""type"":""Point"",""coordinates"":[75.78682926049069,26.932955015915184]}"
321,18.473306274414085,2014.1488188976377,45.68286875000001,28.180000000000007,0.053245686113393594,0.3079804745147009,-0.3818661549532262,"{""type"":""Point"",""coordinates"":[75.71755882666984,26.951178287155745]}"
322,18.966531372070335,1201.1886811023621,40.497732410000026,28.130000000000052,0.12025867429424202,0.37252619324796277,-0.4883231643172733,"{""type"":""Point"",""coordinates"":[75.85196065460498,26.88782667232066]}"
323,18.723017182221326,1889.1512795275587,42.601523720000046,27.27000000000004,0.022476940986836214,0.31359807460890493,-0.36877742946708464,"{""type"":""Point"",""coordinates"":[75.78757053765258,26.968161221209005]}"
324,18.72016522442857,2094.5725393700786,46.604025139999976,26.510000000000048,0.10533407307600856,0.24303490804977426,-0.35250419362568897,"{""type"":""Point"",""coordinates"":[75.69440073795406,26.859110164758846]}"
325,18.72016522442857,2297.844192913386,46.029797780000024,26.230000000000018,-0.0064069519110391045,0.35615758658330854,-0.3903754196764676,"{""type"":""Point"",""coordinates"":[75.69872707867887,26.850518960155654]}"
326,18.72016522442857,2237.834350393701,43.00997711000002,28.53000000000003,0.09270683681230457,0.12078505063158994,-0.19421579532814237,"{""type"":""Point"",""coordinates"":[75.74158787827963,26.868018986733198]}"
327,19.04254744680304,2310.813681102362,46.01441669000002,27.450000000000045,0.08725467013478364,0.1691065118626956,-0.2537895192724123,"{""type"":""Point"",""coordinates"":[75.75148931125673,26.824080499681152]}"
328,19.04254744680304,2092.8599409448816,47.01418754000002,28.99000000000001,0.13037820252135016,0.15889876436158681,-0.3026315789473684,"{""type"":""Point"",""coordinates"":[75.81689298139528,26.82810744873867]}"
329,18.966531372070335,1745.7088582677166,45.97169144000003,26.410000000000025,0.12581268669829557,0.3092105263157895,-0.4191984025103409,"{""type"":""Point"",""coordinates"":[75.89928263253927,26.92756466946256]}"
330,18.72016522442857,2213.527263779528,41.68720337000002,29.05000000000001,0.027655310621242483,0.25452476988313166,-0.32409125641305536,"{""type"":""Point"",""coordinates"":[75.73052809901702,26.886786298873194]}"
331,18.737014770507812,2039.776279527559,43.02023116999999,26.49000000000001,0.030231502496595553,0.2111111111111111,-0.2689474934663816,"{""type"":""Point"",""coordinates"":[75.87801474258353,26.99584650067307]}"
332,18.927716282435824,1540.8313976377951,42.45283985000003,29.640000000000043,0.00856508406471397,0.389037037037037,-0.41610028696571516,"{""type"":""Point"",""coordinates"":[75.81413659440612,26.911994466644494]}"
333,18.72016522442857,2414.2516732283466,45.00268276999998,26.210000000000036,0.0946427218307191,0.17355858952951578,-0.24341762930585908,"{""type"":""Point"",""coordinates"":[75.68723152384165,26.8898925088296]}"
334,18.927716282435824,2001.6330708661417,42.94845275,29.27000000000004,0.06556169429097605,0.19038123167155424,-0.2542330985045112,"{""type"":""Point"",""coordinates"":[75.75410693018338,26.8633940674793]}"
335,18.72016522442857,2303.17687007874,44.88476108000003,26.420000000000016,0.0775943567740528,0.26158742788939726,-0.3564324671158165,"{""type"":""Point"",""coordinates"":[75.67389890157028,26.912904814887817]}"
336,18.91604142622515,2266.88061023622,43.775613590000034,27.78000000000003,0.04073436603557085,0.22120200333889817,-0.26858877086494687,"{""type"":""Point"",""coordinates"":[75.74584136093982,26.840086120875466]}"
337,18.72016522442857,2227.9677165354333,42.885219380000024,27.99000000000001,0.01943679216406489,0.2925156344563244,-0.36537027171017583,"{""type"":""Point"",""coordinates"":[75.736705541694,26.865528063889116]}"
338,19.159099085190746,1954.05187007874,45.07275218000001,27.670000000000016,0.057216816924038204,0.24964505442498816,-0.32025,"{""type"":""Point"",""coordinates"":[75.87644371577552,26.83782704471257]}"
339,19.04254744680304,2500.626181102362,43.054411370000025,27.930000000000007,0.049072035231204784,0.1330584707646177,-0.1857226907236713,"{""type"":""Point"",""coordinates"":[75.84697258983469,26.81919854040878]}"
340,18.927716282435824,1286.5331692913385,38.33583476000001,28.220000000000027,-0.06370405389433872,0.5864621893178212,-0.5560165975103735,"{""type"":""Point"",""coordinates"":[75.84466646712826,26.86350610117301]}"
341,18.473306274414085,1624.5533464566927,43.948223600000006,26.03000000000003,0.05771015030617926,0.4154703832752613,-0.5066013944518617,"{""type"":""Point"",""coordinates"":[75.70828085530789,27.017443489452923]}"
342,18.927716282435824,2152.0508858267717,42.254594689999976,29.78000000000003,0.07068626533096152,0.08718510405257393,-0.14381193823461627,"{""type"":""Point"",""coordinates"":[75.82426406516817,26.936898709990285]}"
343,18.966531372070335,2235.521850393701,44.324205800000016,27.310000000000002,0.11194139194139194,0.21927177630255482,-0.3595782862270076,"{""type"":""Point"",""coordinates"":[75.89192193391408,26.859581459443334]}"
344,19.159099085190746,2246.054330708662,44.66771681,27.32000000000005,0.056651814131126674,0.20573578765381878,-0.28325576361078036,"{""type"":""Point"",""coordinates"":[75.87206289997216,26.83109204162441]}"
345,19.04254744680304,2172.417027559055,43.03048523000001,29.430000000000007,0.09662644235003964,0.12124193724718486,-0.18689966439069552,"{""type"":""Point"",""coordinates"":[75.80181286971582,26.816608061885983]}"
346,18.72016522442857,2272.5907480314963,43.06979246000003,29.000000000000057,0.09457337288431339,0.08036643764313971,-0.1439594356261023,"{""type"":""Point"",""coordinates"":[75.74894301458451,26.931579397401748]}"
347,18.927716282435824,1782.3181102362203,42.29902894999998,29.190000000000055,0.08723678556080791,0.12843671138265375,-0.19008264462809918,"{""type"":""Point"",""coordinates"":[75.83541593658593,26.902651900674815]}"
348,18.91604142622515,2233.6542322834644,46.64162336000004,25.650000000000034,0.04024815820085304,0.2773248013210858,-0.3333333333333333,"{""type"":""Point"",""coordinates"":[75.73055030278577,26.811207979173478]}"
349,18.927716282435824,1884.7063976377951,43.97214974000002,28.750000000000057,0.017065497187529793,0.26317079147267824,-0.3211173757047668,"{""type"":""Point"",""coordinates"":[75.77876218270153,26.925388987539662]}"
350,19.04254744680304,2313.3727362204722,44.36180402000002,29.010000000000048,0.08931354055605675,0.12685203978079967,-0.20251245397444229,"{""type"":""Point"",""coordinates"":[75.7878058031253,26.845578726356905]}"
351,19.04254744680304,2264.1010826771653,46.193862739999986,26.630000000000052,0.08642166344294004,0.1670290571259142,-0.2655948553054662,"{""type"":""Point"",""coordinates"":[75.75490654250677,26.806758586663072]}"
352,18.91604142622515,2016.797440944882,44.290025600000035,27.78000000000003,0.03355704697986577,0.27390268798911194,-0.33825807220302634,"{""type"":""Point"",""coordinates"":[75.74464389146797,26.840351822990765]}"
353,18.473306274414085,1370.365846456693,44.50023383000001,26.210000000000036,0.04756600200512421,0.4408493427704752,-0.5050167224080268,"{""type"":""Point"",""coordinates"":[75.72301548312852,26.999484971999035]}"
354,18.737014770507812,1547.3825787401574,38.925443210000026,26.27000000000004,-0.008238213399503723,0.5215698022768125,-0.5181587206695561,"{""type"":""Point"",""coordinates"":[75.87713211253495,27.017207973074253]}"
355,18.927716282435824,2028.2073818897636,43.63376576000002,28.750000000000057,0.050171338195237676,0.2501445588065225,-0.3088751664850466,"{""type"":""Point"",""coordinates"":[75.79208022753762,26.941542890387492]}"
356,18.91604142622515,1679.0100393700786,44.69335196000003,27.350000000000023,0.09895833333333333,0.35952848722986247,-0.4293301858955444,"{""type"":""Point"",""coordinates"":[75.74491143134131,26.810696797395316]}"
357,18.723017182221326,1407.2846456692914,36.75158249000003,28.08000000000004,0.03152104929130527,0.5199203187250996,-0.5113898976559921,"{""type"":""Point"",""coordinates"":[75.8283568039886,26.95594154996489]}"
358,18.473306274414085,2215.2378937007875,46.48610345000003,28.690000000000055,0.030386539995648706,0.28040605248036776,-0.4221891288160834,"{""type"":""Point"",""coordinates"":[75.73119778500978,26.95064344544663]}"
359,18.966531372070335,2177.385531496063,44.04392816000001,27.870000000000005,0.07530327306019684,0.2588284171167428,-0.36225694054175567,"{""type"":""Point"",""coordinates"":[75.89093053988732,26.899199584416095]}"
360,18.473306274414085,2235.2083661417323,46.60744316,26.220000000000027,0.0497632058287796,0.28873517786561265,-0.4084233261339093,"{""type"":""Point"",""coordinates"":[75.7058931849838,27.010871169794477]}"
361,18.473306274414085,1450.4367125984252,39.66031751000003,26.53000000000003,-0.011986476795410306,0.5739324410452518,-0.5475481748394172,"{""type"":""Point"",""coordinates"":[75.7333697125374,27.01208732267211]}"
362,18.72016522442857,2319.7364173228348,43.84226497999998,28.090000000000032,0.04048090092832141,0.2430993690851735,-0.3145001563640154,"{""type"":""Point"",""coordinates"":[75.71395651491903,26.926756394661318]}"
363,18.966531372070335,1696.2280511811023,45.73584806000002,28.000000000000057,0.1587465888773878,0.24166666666666667,-0.34375469712911466,"{""type"":""Point"",""coordinates"":[75.85869667091504,26.867510939550634]}"
364,18.723017182221326,1556.7305118110235,41.48724920000001,26.090000000000032,0.1321166435231105,0.32015691007845504,-0.4,"{""type"":""Point"",""coordinates"":[75.84917955741379,27.010390314188594]}"
365,18.927716282435824,2387.385531496063,45.96485540000003,29.350000000000023,0.06805667718963365,0.18105694082620022,-0.29148438294841794,"{""type"":""Point"",""coordinates"":[75.79988748899257,26.860278238136218]}"
366,18.927716282435824,1513.7999015748032,39.058745990000034,29.110000000000014,-0.07001942144536441,0.5090096583537552,-0.5448642266824085,"{""type"":""Point"",""coordinates"":[75.81058136635973,26.87073445647103]}"
367,18.723017182221326,2071.7270669291343,44.730950180000036,27.470000000000027,0.07705661105217475,0.0878708650676367,-0.1567750513719328,"{""type"":""Point"",""coordinates"":[75.78029387573915,26.995081596575655]}"
368,18.72016522442857,1975.3845472440946,42.63741292999998,29.24000000000001,0.05158155000426294,0.2718957237594329,-0.35890544832641097,"{""type"":""Point"",""coordinates"":[75.7391210997704,26.925919760730274]}"
369,18.966531372070335,1459.8427165354328,39.904705939999985,27.30000000000001,0.015280135823429542,0.45,-0.4791201785145043,"{""type"":""Point"",""coordinates"":[75.85996060258195,26.927351775557028]}"
370,18.91604142622515,2248.7501968503934,49.89899642,25.79000000000002,0.11164036915748735,0.1981529813290504,-0.3253386631134799,"{""type"":""Point"",""coordinates"":[75.67287728530503,26.831383924162285]}"
371,18.72016522442857,2353.838779527559,43.46286476,27.950000000000045,0.06336088154269973,0.22228879568603954,-0.2806026365348399,"{""type"":""Point"",""coordinates"":[75.71519439037662,26.945444136773432]}"
372,18.927716282435824,1984.9401574803148,42.55708946000004,30.150000000000034,0.05143191116306254,0.15228966986155484,-0.1997043242577307,"{""type"":""Point"",""coordinates"":[75.80367700064397,26.916814940725317]}"
373,18.966531372070335,2320.8668307086614,44.30027966,27.470000000000027,0.0891414682965187,0.24130540672187042,-0.34864521591871295,"{""type"":""Point"",""coordinates"":[75.90215284773652,26.873485639301613]}"
374,18.72016522442857,2382.6586614173225,45.725594,26.720000000000027,0.06721623335447051,0.15565157615633898,-0.22290346045931622,"{""type"":""Point"",""coordinates"":[75.69479194286215,26.929924013250083]}"
375,18.473306274414085,2178.3387795275594,47.714881640000044,24.29000000000002,0.108375132998936,0.245303046385734,-0.3541089566020314,"{""type"":""Point"",""coordinates"":[75.67550319692087,27.002686091168652]}"
376,18.927716282435824,1979.7688976377954,43.72947032000002,29.460000000000036,-0.011200267469073889,0.36177397568662767,-0.43562359083896995,"{""type"":""Point"",""coordinates"":[75.80257189308435,26.935566665085698]}"
377,18.927716282435824,2308.8451771653545,42.26143073000003,30.200000000000045,0.0471948608137045,0.11608307414467743,-0.18378205810365011,"{""type"":""Point"",""coordinates"":[75.83015354938587,26.93295005628163]}"
378,18.966531372070335,2193.3338582677166,42.90401849,27.53000000000003,0.04495335029686175,0.18426588136306268,-0.24063464081092992,"{""type"":""Point"",""coordinates"":[75.90191880951818,26.899042648399405]}"
379,18.927716282435824,1999.264960629921,42.743371550000006,28.900000000000034,0.09425981873111783,0.061990789939780376,-0.13132075471698113,"{""type"":""Point"",""coordinates"":[75.8429476958821,26.917156708767962]}"
380,19.04254744680304,2218.8023622047244,41.73847367000002,29.230000000000018,0.05818245737387941,0.12444910807974817,-0.19053438506832573,"{""type"":""Point"",""coordinates"":[75.77061831748175,26.84754295656566]}"
381,18.966531372070335,2255.7851377952757,44.35325897000001,27.470000000000027,0.07797373358348968,0.23551890587288818,-0.3309500595818438,"{""type"":""Point"",""coordinates"":[75.90371785169931,26.87227223182493]}"
382,18.737014770507812,1694.2866141732281,43.33981604000002,26.27000000000004,0.0021956087824351296,0.34345606019887126,-0.3953942777390091,"{""type"":""Point"",""coordinates"":[75.88080008667036,27.018036593385823]}"
383,19.159099085190746,2077.6911417322835,45.30175952000002,27.960000000000036,0.07852112676056339,0.1759155246012132,-0.25140466228332337,"{""type"":""Point"",""coordinates"":[75.85394526603233,26.825341348518805]}"
384,18.966531372070335,1656.0203740157478,45.54272993000001,28.190000000000055,0.017473241240508645,0.49228845352230094,-0.526001705029838,"{""type"":""Point"",""coordinates"":[75.86787091065644,26.89628778470511]}"
385,18.72016522442857,2492.9721456692914,45.22143605000002,26.170000000000016,0.1065270451145579,0.0788097727920905,-0.14614685385314616,"{""type"":""Point"",""coordinates"":[75.6737381672166,26.859897308698898]}"
386,18.723017182221326,1509.208366141732,43.221894350000014,27.110000000000014,0.15516721904188008,0.2876167151385275,-0.40668896321070236,"{""type"":""Point"",""coordinates"":[75.79475886722743,26.97088235343456]}"
387,18.966531372070335,2160.889468503937,42.37080737000002,28.010000000000048,0.03917625291609685,0.24780610112829085,-0.3321436538032567,"{""type"":""Point"",""coordinates"":[75.85713532090801,26.863049845576732]}"
388,18.927716282435824,1698.6773622047244,43.97727677,28.74000000000001,0.04907447266465777,0.20184983677910773,-0.2717328727691422,"{""type"":""Point"",""coordinates"":[75.76714212273001,26.942198660752553]}"
389,18.723017182221326,2174.556791338583,46.13404738999998,27.810000000000002,0.1334384621160922,0.182255916402008,-0.3316408954534964,"{""type"":""Point"",""coordinates"":[75.80871891980047,26.957645600894708]}"
390,18.72016522442857,2049.6552165354333,45.43506230000003,26.29000000000002,0.0499001996007984,0.33993919603648237,-0.40678567206525595,"{""type"":""Point"",""coordinates"":[75.69003318608603,26.935280021704685]}"
391,18.72016522442857,2422.0503937007875,42.99117799999999,27.110000000000014,0.10488812882998433,0.1949015504613336,-0.2982637453493179,"{""type"":""Point"",""coordinates"":[75.70169222302532,26.878003366966674]}"
392,18.723017182221326,2197.5326771653545,41.529974450000054,25.07000000000005,0.08186940669539278,0.214779081241092,-0.2747353888633226,"{""type"":""Point"",""coordinates"":[75.80421374150951,27.017196723669738]}"
393,18.723017182221326,1954.1990157480313,46.27931324000002,27.010000000000048,0.034812737172083816,0.3434378229417844,-0.4219737481769567,"{""type"":""Point"",""coordinates"":[75.80218850654563,26.959959008940235]}"
394,18.473306274414085,2024.0799212598426,44.04051014000004,27.710000000000036,0.021132713440405747,0.2909698996655518,-0.3609119755552944,"{""type"":""Point"",""coordinates"":[75.70745387547659,26.952353919503885]}"
395,19.159099085190746,2453.001673228346,45.170165750000024,27.27000000000004,0.05336635892816933,0.19341408024224072,-0.2614522904580916,"{""type"":""Point"",""coordinates"":[75.86025525902754,26.815708562776717]}"
396,18.966531372070335,2295.0612204724407,45.76319222000001,27.090000000000032,0.08827650630546474,0.1666500647474848,-0.26698398961488534,"{""type"":""Point"",""coordinates"":[75.8978115263291,26.85160883072513]}"
397,19.159099085190746,2135.0115157480313,45.13085852000006,27.670000000000016,0.06271439880376463,0.16319179128916056,-0.23333333333333334,"{""type"":""Point"",""coordinates"":[75.87547026743741,26.83677850174647]}"
398,19.04254744680304,2160.019389763779,44.734368200000006,27.640000000000043,0.09555649597968684,0.16190061976731543,-0.24183614177803603,"{""type"":""Point"",""coordinates"":[75.75163579517177,26.828007642867778]}"
399,18.737014770507812,1357.7516732283464,39.658608500000014,27.230000000000018,0.023790731762318187,0.4794941900205058,-0.4797470517860195,"{""type"":""Point"",""coordinates"":[75.85401080360268,26.96697414260053]}"
400,18.91604142622515,2170.7152559055116,47.64823024999998,25.79000000000002,0.034740780331373594,0.326686955609193,-0.3969060773480663,"{""type"":""Point"",""coordinates"":[75.67511229882821,26.826582219040787]}"
401,18.72016522442857,2054.151279527559,44.920650290000026,26.670000000000016,0.08335342818101439,0.29048319565463393,-0.37083784108666906,"{""type"":""Point"",""coordinates"":[75.69259870352754,26.896461034262334]}"
402,19.04254744680304,1804.4849409448818,43.555151300000034,28.650000000000034,0.06033884870702467,0.20600203458799593,-0.2845726669375593,"{""type"":""Point"",""coordinates"":[75.78072725388232,26.810230494379724]}"
403,18.91604142622515,2005.4027559055116,48.45146495000006,26.370000000000005,0.12348863453167822,0.2445919652054481,-0.3652228499686127,"{""type"":""Point"",""coordinates"":[75.68523030403337,26.844846149614458]}"
404,18.723017182221326,1339.6596456692914,37.63855868000002,26.750000000000057,0.07584519572953737,0.4500087244808934,-0.488713722680043,"{""type"":""Point"",""coordinates"":[75.83717123451935,26.983976418171903]}"
405,18.927716282435824,2239.7,45.03002693000002,28.74000000000001,0.1251288090681584,0.19927353445666432,-0.338664263993693,"{""type"":""Point"",""coordinates"":[75.7673977381351,26.909340678568338]}"
406,18.927716282435824,1653.5922244094488,42.45283985000003,28.810000000000002,-0.008902713718760056,0.3179206949698753,-0.3475644699140401,"{""type"":""Point"",""coordinates"":[75.84662245264933,26.90173278295991]}"
407,18.72016522442857,2348.5489173228348,42.6835562,29.100000000000023,0.05277756375683797,0.2115896324036661,-0.2841027783580531,"{""type"":""Point"",""coordinates"":[75.72323814650231,26.917904619612486]}"
408,18.72016522442857,2336.7078740157476,45.532475869999985,25.710000000000036,0.08893617021276595,0.2435624394966118,-0.3597967608764687,"{""type"":""Point"",""coordinates"":[75.67442104393893,26.88068886820917]}"
409,18.72016522442857,2106.6133858267717,38.769923300000016,26.55000000000001,-0.01172879177377892,0.3591625296783941,-0.4057372474606541,"{""type"":""Point"",""coordinates"":[75.69167905708746,26.879024975262894]}"
410,19.159099085190746,1968.475590551181,43.95847766000003,27.27000000000004,0.08622484385843164,0.25345073774393145,-0.34293727689954107,"{""type"":""Point"",""coordinates"":[75.86569416849626,26.81497017880891]}"
411,18.927716282435824,2241.787106299212,43.071501470000044,29.090000000000032,0.06412567602369303,0.14372639530004197,-0.20224966916629908,"{""type"":""Point"",""coordinates"":[75.7558116108344,26.936061065162214]}"
412,18.72016522442857,2165.3437007874013,42.94332572000002,29.27000000000004,-0.0027633289986996098,0.2927493713327745,-0.3456211146253681,"{""type"":""Point"",""coordinates"":[75.7384125753799,26.917914530343232]}"
413,18.966531372070335,2295.776771653543,43.926006470000004,27.440000000000055,0.07545367717287488,0.1680241327300151,-0.24930092493009248,"{""type"":""Point"",""coordinates"":[75.89005295256815,26.869391085879435]}"
414,19.159099085190746,2483.312696850394,46.34425562000001,26.77000000000004,0.09742264340584392,0.15265425873292382,-0.26364458739571817,"{""type"":""Point"",""coordinates"":[75.88822062376015,26.81440416312221]}"
415,18.927716282435824,1954.4903543307087,44.16184985000001,28.750000000000057,0.1226158038147139,0.14416243654822336,-0.19575596816976126,"{""type"":""Point"",""coordinates"":[75.77862477643725,26.926754463068917]}"
416,18.737014770507812,1673.861909448819,42.05293151000001,26.670000000000016,-0.036314665180644565,0.5100825551495466,-0.5364913247039383,"{""type"":""Point"",""coordinates"":[75.87628765942384,27.008470121246194]}"
417,18.966531372070335,2034.2196850393698,43.11251771000002,27.700000000000045,0.038488576449912125,0.26001842468908337,-0.31120431396045534,"{""type"":""Point"",""coordinates"":[75.89782356259138,26.888939754900008]}"
418,18.737014770507812,2139.94655511811,45.26416130000001,26.160000000000025,0.1136629950785095,0.22236586942469294,-0.3268623552800842,"{""type"":""Point"",""coordinates"":[75.8959182608727,27.003719212232046]}"
419,18.72016522442857,2286.1842519685038,45.79053638000005,26.720000000000027,0.13318743160856653,0.18596941503582504,-0.24355236600134558,"{""type"":""Point"",""coordinates"":[75.69479787871603,26.926483802123116]}"
420,18.72016522442857,2345.7241141732284,41.58295376000001,25.670000000000016,0.1630338833435187,0.19914388559198365,-0.3598852603706973,"{""type"":""Point"",""coordinates"":[75.6708744370863,26.887758020150663]}"
421,18.91604142622515,2427.334842519685,49.77252968000005,26.200000000000045,0.1573761641247132,0.16365330848089468,-0.31778364116094987,"{""type"":""Point"",""coordinates"":[75.6822898967766,26.834825882313464]}"
422,18.737014770507812,2075.9627952755905,45.94434727999999,25.970000000000027,0.08091861898890258,0.31155834158143625,-0.4207767452942578,"{""type"":""Point"",""coordinates"":[75.89973930285895,26.99295934272908]}"
423,18.927716282435824,1559.1507874015747,41.097594920000006,28.79000000000002,0.02542204568023833,0.4078324487161096,-0.48091142296665157,"{""type"":""Point"",""coordinates"":[75.8292271601163,26.942537562101553]}"
424,18.72016522442857,2430.811712598425,43.33639802000005,27.950000000000045,0.04959506363285769,0.16366040230427803,-0.24238757814075418,"{""type"":""Point"",""coordinates"":[75.71878793872465,26.94526624459644]}"
425,18.473306274414085,1461.3889763779528,47.94388898,25.630000000000052,0.07572861920688008,0.20868478600437362,-0.3077573094473551,"{""type"":""Point"",""coordinates"":[75.70170960756461,27.005984996383486]}"
426,18.473306274414085,2800.0789370078737,44.81469167,26.690000000000055,0.06173344235486509,0.1527835914608623,-0.21268163804491413,"{""type"":""Point"",""coordinates"":[75.70071424588853,26.959287240822068]}"
427,18.72016522442857,2175.042027559055,48.39677662999998,25.810000000000002,0.16752075063154095,0.2019591496456857,-0.3831394651636887,"{""type"":""Point"",""coordinates"":[75.67224000458086,26.86840187278978]}"
428,18.927716282435824,2097.6950787401574,41.309512160000054,30.160000000000025,0.06347779176407121,0.16107457362612865,-0.22267871815940837,"{""type"":""Point"",""coordinates"":[75.77747202120592,26.87675708070034]}"
429,18.737014770507812,1999.5238188976377,41.24286076999999,26.99000000000001,-0.016979016498478296,0.40526781761841524,-0.462229387379088,"{""type"":""Point"",""coordinates"":[75.86372847309434,26.97952489702914]}"
430,18.473306274414085,2341.7369094488186,45.24536219000004,27.660000000000025,0.07264296754250386,0.13478001194505276,-0.2085232693734761,"{""type"":""Point"",""coordinates"":[75.73753815356352,26.978155886831534]}"
431,18.72016522442857,2268.5813976377954,43.628638730000034,28.610000000000014,0.058074656188605106,0.21895657479914574,-0.28798624543305396,"{""type"":""Point"",""coordinates"":[75.7207038302838,26.94462302437974]}"
432,18.737014770507812,2407.7,46.36134572000003,26.03000000000003,0.13454595945570674,0.18836987607244995,-0.31775898520084567,"{""type"":""Point"",""coordinates"":[75.90707459687097,27.013213666974934]}"
433,19.159099085190746,2066.855019685039,43.93284251,26.77000000000004,0.057750236681297876,0.22859387274155538,-0.296849087893864,"{""type"":""Point"",""coordinates"":[75.88436506681772,26.80886882614134]}"
434,18.737014770507812,1376.7093503937008,38.63832953000002,26.33000000000004,-0.05643488702106757,0.5967662101963372,-0.5634894991922456,"{""type"":""Point"",""coordinates"":[75.87029810611206,27.01113969432399]}"
435,18.473306274414085,1901.1675196850395,44.96166653,25.79000000000002,0.035520054384772265,0.34335424310569296,-0.4312736443883985,"{""type"":""Point"",""coordinates"":[75.69012899996765,26.981891241665153]}"
436,18.723017182221326,1368.514468503937,44.36522204000005,28.170000000000016,0.07486332701104541,0.38038954553021476,-0.48548907201719815,"{""type"":""Point"",""coordinates"":[75.77522066132042,26.97912358737289]}"
437,18.723017182221326,1627.6143700787402,42.30928301000006,26.74000000000001,0.02455601841701381,0.24831649831649832,-0.30949227373068433,"{""type"":""Point"",""coordinates"":[75.76999326568325,27.01466031086974]}"
438,18.91604142622515,1890.1483267716535,46.13917442000002,26.630000000000052,0.1006470881035341,0.13165476637855442,-0.2021290751829674,"{""type"":""Point"",""coordinates"":[75.75014255718914,26.80789032734654]}"
439,18.966531372070335,2381.8628937007875,44.41307432000002,27.440000000000055,0.07065337763012182,0.2094542659492698,-0.29759818575404595,"{""type"":""Point"",""coordinates"":[75.88762040164026,26.87306143289528]}"
440,18.72016522442857,2626.934251968504,44.94628544,25.970000000000027,0.10759008433427038,0.16487365524143108,-0.33562822719449226,"{""type"":""Point"",""coordinates"":[75.68243962607484,26.882480766988635]}"
441,18.966531372070335,2187.925393700787,40.04142674000002,27.79000000000002,-0.14991560533988033,0.4811740290542544,-0.4882335418528448,"{""type"":""Point"",""coordinates"":[75.88532597374034,26.877025353558263]}"
442,18.723017182221326,2298.073031496063,43.515844070000014,26.99000000000001,0.02895213028458628,0.18178178178178178,-0.23635982825426746,"{""type"":""Point"",""coordinates"":[75.75910857368449,27.007616443856406]}"
443,18.723017182221326,1614.2103346456693,43.763650520000056,26.340000000000032,0.08807113801910889,0.38029782359679265,-0.4485349361382419,"{""type"":""Point"",""coordinates"":[75.76569483037113,27.0195755592943]}"
444,18.723017182221326,1405.1187992125986,37.80945968000003,27.150000000000034,0.09212657954422723,0.39866888519134774,-0.4601354872329338,"{""type"":""Point"",""coordinates"":[75.8350755656094,26.976221676151276]}"
445,19.04254744680304,2110.1311023622047,43.693581110000025,28.350000000000023,0.028371218595111946,0.23091912958752842,-0.2873641304347826,"{""type"":""Point"",""coordinates"":[75.8247770315794,26.812054264796473]}"
446,18.927716282435824,1613.0405511811023,40.39519181000003,29.27000000000004,0.015336134453781512,0.3288914091295719,-0.38137341585617446,"{""type"":""Point"",""coordinates"":[75.79405974500419,26.851236933492086]}"
447,18.927716282435824,2189.5174212598426,42.14009102,29.57000000000005,0.07544678228717316,0.13424775893725024,-0.19476678043230944,"{""type"":""Point"",""coordinates"":[75.76903129598278,26.850358420845257]}"
448,18.723017182221326,2066.5390748031496,40.27043408000003,27.32000000000005,-0.0038737327948570014,0.35228155878760964,-0.37751639900475004,"{""type"":""Point"",""coordinates"":[75.84818855970289,26.96483261932981]}"
449,18.473306274414085,2563.163090551181,45.23339912000006,26.690000000000055,0.07735089645078669,0.12561378448352825,-0.2240776699029126,"{""type"":""Point"",""coordinates"":[75.69818829344898,26.959658590535586]}"
450,18.737014770507812,2289.228543307087,42.92794463000001,26.77000000000004,0.054579971523493115,0.1907940619707084,-0.27325023969319273,"{""type"":""Point"",""coordinates"":[75.89478615981655,26.962125745612013]}"
451,18.927716282435824,1235.106496062992,44.86937999000003,28.630000000000052,0.11682808716707022,0.09288389513108614,-0.189079054604727,"{""type"":""Point"",""coordinates"":[75.84942695493072,26.912221155674604]}"
452,18.473306274414085,2164.979527559055,47.61234104000005,26.590000000000032,0.12093162137951627,0.20126491890237683,-0.38151102768653217,"{""type"":""Point"",""coordinates"":[75.72725817998023,26.991818677885203]}"
453,18.473306274414085,1376.3894685039368,40.72673974999998,26.53000000000003,0.04924775408594004,0.4964224872231687,-0.525,"{""type"":""Point"",""coordinates"":[75.73454652179512,27.010315974675844]}"
454,18.91604142622515,1899.7674212598426,45.84180667999999,26.33000000000004,0.06167441013027239,0.24863619832706996,-0.312770838643895,"{""type"":""Point"",""coordinates"":[75.69588202111947,26.844956054306877]}"
455,18.723017182221326,1914.376181102362,47.47391123,26.870000000000005,0.19323979591836735,0.2347486578818936,-0.39894940558473874,"{""type"":""Point"",""coordinates"":[75.76731533937364,27.016308031924112]}"
456,18.91604142622515,2626.688188976378,45.38037398000006,26.450000000000045,0.10984308131241084,0.12159611755190078,-0.19643370721886683,"{""type"":""Point"",""coordinates"":[75.70132659075877,26.83719801746125]}"
457,18.927716282435824,2119.628149606299,42.60665075000003,29.710000000000036,0.08312566749733001,0.14250859487634468,-0.21946022727272727,"{""type"":""Point"",""coordinates"":[75.76605784100012,26.870772926977246]}"
458,18.737014770507812,1278.8510826771653,37.72742720000002,26.440000000000055,0.05324046747727541,0.46644724812579996,-0.47697974217311234,"{""type"":""Point"",""coordinates"":[75.85709497229234,27.00337704007153]}"
459,18.723017182221326,2046.3604330708663,46.12721135000004,25.910000000000025,-0.004769736842105263,0.3161693418076053,-0.41134342150860576,"{""type"":""Point"",""coordinates"":[75.8222553890175,27.012782019003982]}"
460,18.723017182221326,2016.7561023622045,44.70702404000002,25.79000000000002,0.07844243792325056,0.11836548339230682,-0.20265128268074137,"{""type"":""Point"",""coordinates"":[75.80381584620939,27.00873205800912]}"
461,18.927716282435824,1807.9578740157478,42.435749750000014,29.230000000000018,0.009015921734126223,0.2857142857142857,-0.35947368421052633,"{""type"":""Point"",""coordinates"":[75.78247553336146,26.922114263079717]}"
462,18.927716282435824,2202.761515748032,41.42401583000003,29.420000000000016,0.06411553674914912,0.08941000107077846,-0.14276086712344155,"{""type"":""Point"",""coordinates"":[75.82177932799702,26.902756761864552]}"
463,18.927716282435824,1869.2191929133855,39.723550880000005,28.79000000000002,0.04353847485501601,0.3415078305208207,-0.4033528067056134,"{""type"":""Point"",""coordinates"":[75.82559643801935,26.943886778994294]}"
464,18.966531372070335,2173.05531496063,45.10693237999999,27.090000000000032,0.06874710335238683,0.2585864912830149,-0.36380090497737555,"{""type"":""Point"",""coordinates"":[75.89521827700165,26.851309308863883]}"
465,18.927716282435824,2128.8909448818895,42.49385609000001,29.350000000000023,0.09077652205614291,0.11078944438258546,-0.17710914454277285,"{""type"":""Point"",""coordinates"":[75.80049103262714,26.866509970882785]}"
466,18.966531372070335,1646.2462598425195,40.769465000000025,28.510000000000048,0.02972027972027972,0.38384817841806346,-0.429593589009731,"{""type"":""Point"",""coordinates"":[75.86078000051837,26.893162694314885]}"
467,18.72016522442857,1451.006102362205,45.78199132999998,28.090000000000032,0.05473231357552581,0.25059288537549407,-0.34982935153583616,"{""type"":""Point"",""coordinates"":[75.71208857368575,26.930607998913025]}"
468,19.159099085190746,2013.1138779527557,47.76444293000003,27.110000000000014,0.1668088406359054,0.27661596958174905,-0.38293216630196936,"{""type"":""Point"",""coordinates"":[75.8834491079398,26.80584098848667]}"
469,18.473306274414085,2266.6906496062993,44.46605363000003,26.590000000000032,0.022506586375611592,0.30880870792178994,-0.37943488421499894,"{""type"":""Point"",""coordinates"":[75.72736226727214,26.99550083177983]}"
470,18.927716282435824,1790.4071850393702,41.81708813,29.58000000000004,0.07850568489442339,0.1044776119402985,-0.18079644789787708,"{""type"":""Point"",""coordinates"":[75.75292067137141,26.896505107534022]}"
471,19.04254744680304,1961.057775590551,43.252656530000024,28.02000000000004,0.05055950338969207,0.33963351388728824,-0.4287118977384464,"{""type"":""Point"",""coordinates"":[75.83254049788384,26.822783976919194]}"
472,18.927716282435824,1234.4401574803148,37.97523365000001,28.03000000000003,0.07161932507890265,0.4157719363198815,-0.5228992433293509,"{""type"":""Point"",""coordinates"":[75.84331796775955,26.88299859052914]}"
473,18.91604142622515,2290.2196850393702,47.68411946000003,25.07000000000005,0.06235946634687453,0.22755372387400646,-0.33568225496476617,"{""type"":""Point"",""coordinates"":[75.71786971882943,26.815619129923526]}"
474,18.723017182221326,1925.4352362204722,44.513905910000005,27.130000000000052,0.07985074626865672,0.19912472647702406,-0.2549618320610687,"{""type"":""Point"",""coordinates"":[75.78022994019456,26.988731968069146]}"
475,18.723017182221326,2031.6857283464567,43.127898800000025,28.29000000000002,0.06573069559668156,0.16560509554140126,-0.23425267975430566,"{""type"":""Point"",""coordinates"":[75.76726191472166,26.98827615931874]}"
476,18.473306274414085,2034.5587598425195,44.17210391000003,26.450000000000045,0.02295351707116413,0.3319874383131449,-0.4001414760669653,"{""type"":""Point"",""coordinates"":[75.71488331097196,27.009516871284244]}"
477,19.04254744680304,2141.061220472441,41.7436007,27.890000000000043,0.08489182251558489,0.12220348510399101,-0.17462932454695224,"{""type"":""Point"",""coordinates"":[75.83375125627852,26.807422470018178]}"
478,18.473306274414085,2429.3013779527555,46.151137489999996,26.510000000000048,0.08795526673719208,0.14646656534954408,-0.24279242174629326,"{""type"":""Point"",""coordinates"":[75.67485055711974,26.956399060146556]}"
479,18.966531372070335,2103.1758858267717,42.92623562000006,27.340000000000032,0.016290415943107584,0.2772170925488512,-0.34494064443188244,"{""type"":""Point"",""coordinates"":[75.87624812965211,26.861542836617364]}"
480,18.723017182221326,1395.9568897637794,38.93569726999999,27.150000000000034,0.057986635050657466,0.46570518195539157,-0.4821095472274038,"{""type"":""Point"",""coordinates"":[75.84254912760575,26.98336580502837]}"
481,18.72016522442857,2338.3747047244096,45.43677131000004,26.32000000000005,0.1214072996744927,0.22688588007736943,-0.36746793144335455,"{""type"":""Point"",""coordinates"":[75.6733292318806,26.900206808212094]}"
482,18.927716282435824,1896.1980314960629,42.28364786000003,30.230000000000018,0.11597463694006954,0.08239418983220637,-0.15145863860396963,"{""type"":""Point"",""coordinates"":[75.81920886389432,26.92157861216519]}"
483,18.927716282435824,1349.5745078740158,44.80101959000001,28.630000000000052,0.12221755564888702,0.09903593339176162,-0.18212669683257918,"{""type"":""Point"",""coordinates"":[75.84850198276852,26.911842175368307]}"
484,18.966531372070335,2286.206889763779,42.950161760000015,27.29000000000002,0.05338445656982746,0.26110019646365423,-0.36241112172344264,"{""type"":""Point"",""coordinates"":[75.90377037545575,26.86140072080068]}"
485,18.966531372070335,1356.5075787401574,42.457966880000015,28.210000000000036,0.16452529846503694,0.288218793828892,-0.3958966565349544,"{""type"":""Point"",""coordinates"":[75.85767370373847,26.874252796510742]}"
486,19.04254744680304,2017.6050196850395,43.13473484000002,29.33000000000004,0.052387327086122266,0.22623859568079455,-0.2874984842973202,"{""type"":""Point"",""coordinates"":[75.80998333343791,26.835756434397517]}"
487,18.723017182221326,1751.8722440944882,45.995617580000044,28.05000000000001,0.11549874457886328,0.05961170358217118,-0.12694488875963356,"{""type"":""Point"",""coordinates"":[75.7785289823902,26.991491855248015]}"
488,18.72016522442857,2298.330413385827,42.415241630000025,27.690000000000055,0.07447225927960449,0.17505230646607553,-0.2624705630485977,"{""type"":""Point"",""coordinates"":[75.70941790567329,26.893891861405848]}"
489,18.72016522442857,2271.365846456693,43.79783071999998,26.77000000000004,0.10824931930237693,0.22900608519269777,-0.33091707852828117,"{""type"":""Point"",""coordinates"":[75.69132460498454,26.90522562386553]}"
490,18.966531372070335,1945.32155511811,45.494877650000035,27.340000000000032,0.06558079725675096,0.30009541984732824,-0.36335209505941213,"{""type"":""Point"",""coordinates"":[75.89147777022245,26.914543076468288]}"
491,18.72016522442857,2299.55875984252,45.188964860000056,25.99000000000001,0.06633698339809255,0.3092926490984743,-0.4025257349039584,"{""type"":""Point"",""coordinates"":[75.67255858527355,26.944380096824073]}"
492,18.473306274414085,1465.6178149606299,42.42549569000005,26.640000000000043,0.10774655190293476,0.349435382685069,-0.44824103686248107,"{""type"":""Point"",""coordinates"":[75.73088114940114,27.00649013176398]}"
493,19.159099085190746,2098.192125984252,46.19557175,26.480000000000018,0.044281020184634645,0.33362445414847164,-0.4099722991689751,"{""type"":""Point"",""coordinates"":[75.89668800518166,26.827013550618375]}"
494,19.04254744680304,2044.7915354330705,43.16378801000002,27.640000000000043,0.03413267985296692,0.2460200970983403,-0.30310544338174517,"{""type"":""Point"",""coordinates"":[75.79330555068503,26.805746869688893]}"
495,18.72016522442857,2396.4972440944885,41.494085240000004,29.350000000000023,0.04401294498381877,0.15266803238708418,-0.20301364284259824,"{""type"":""Point"",""coordinates"":[75.74039928933558,26.90853107492246]}"
496,18.927716282435824,1410.5405511811023,41.47870415,28.850000000000023,-0.02033969385615433,0.5671497584541063,-0.5674021581575133,"{""type"":""Point"",""coordinates"":[75.76023389305108,26.92297518736994]}"
497,19.159099085190746,2181.1749015748032,48.31816217000005,26.960000000000036,0.159226511393861,0.2042833607907743,-0.37502939101810484,"{""type"":""Point"",""coordinates"":[75.88833042566442,26.822229335796088]}"
498,18.723017182221326,1698.0410433070867,41.892284570000015,25.77000000000004,0.10863407948835084,0.3264445955132563,-0.42361009776740116,"{""type"":""Point"",""coordinates"":[75.8162877599282,26.996200637454564]}"
499,19.04254744680304,2099.852066929134,45.75977420000004,28.200000000000045,0.16299010055343363,0.1694619908516663,-0.3143206854345165,"{""type"":""Point"",""coordinates"":[75.84313115655111,26.82717154699859]}"
500,18.723017182221326,2248.4263779527555,45.831552620000025,27.810000000000002,0.0476114902396445,0.22182632596966304,-0.30357336808949714,"{""type"":""Point"",""coordinates"":[75.7812120526027,26.96696251600731]}"
501,19.04254744680304,1596.1896653543306,42.99117799999999,29.010000000000048,0.07491473597553805,0.1416545718432511,-0.21164510166358594,"{""type"":""Point"",""coordinates"":[75.76883520274215,26.839084767665288]}"
502,18.473306274414085,2322.5740157480313,45.83497064000005,27.29000000000002,0.10516431924882629,0.14257168548306523,-0.24833533457046175,"{""type"":""Point"",""coordinates"":[75.71863887137054,26.970284615136926]}"
503,18.72016522442857,2291.49281496063,46.69631168000001,26.230000000000018,0.06814297391692056,0.25224685440383465,-0.34031637451902524,"{""type"":""Point"",""coordinates"":[75.69758921952273,26.849856429525]}"
504,18.737014770507812,1911.9037401574801,41.92475576000004,26.99000000000001,0.02156829961544892,0.35824532900081235,-0.4207331876669094,"{""type"":""Point"",""coordinates"":[75.88171170496692,26.95736693972107]}"
505,18.473306274414085,2230.939665354331,43.58420447000003,28.150000000000034,0.09350762527233115,0.10753833049403748,-0.17377567140600317,"{""type"":""Point"",""coordinates"":[75.72496514956971,26.959366604703465]}"
506,18.91604142622515,2514.7083661417323,49.94684870000003,25.07000000000005,0.09552831609943162,0.17425320056899005,-0.3124006359300477,"{""type"":""Point"",""coordinates"":[75.70840022458856,26.812606660724075]}"
507,18.91604142622515,2468.213779527559,47.918253830000026,25.33000000000004,0.08346972176759411,0.21420182491643328,-0.3393124065769806,"{""type"":""Point"",""coordinates"":[75.7208821511768,26.815758273074458]}"
508,19.159099085190746,2069.8289370078737,41.671822280000015,27.470000000000027,-0.03697154798263945,0.41500329019521826,-0.45309156436535647,"{""type"":""Point"",""coordinates"":[75.86607396027384,26.822676425776642]}"
509,18.72016522442857,2264.551377952756,40.014082580000036,28.53000000000003,0.07521974306964165,0.14252897567087813,-0.20387281329079107,"{""type"":""Point"",""coordinates"":[75.7411601477651,26.873923817497815]}"
510,18.723017182221326,2030.7339566929134,44.59252036999999,28.05000000000001,0.02213573339819995,0.30533607533282825,-0.4105263157894737,"{""type"":""Point"",""coordinates"":[75.7647231376241,26.993586497309657]}"
511,18.927716282435824,1751.584842519685,42.07173062000004,28.74000000000001,-0.07789436243997866,0.5274697580645161,-0.5505244308007163,"{""type"":""Point"",""coordinates"":[75.76244673545169,26.90940309111752]}"
512,18.723017182221326,1602.4750984251968,43.08688256000005,26.870000000000005,0.09980357309886821,0.3869433635970601,-0.4702108157653529,"{""type"":""Point"",""coordinates"":[75.75656550862206,27.011336367424242]}"
513,18.723017182221326,2297.8884842519683,43.914043400000025,24.77000000000004,0.08575700934579439,0.22906824806513218,-0.3205183585313175,"{""type"":""Point"",""coordinates"":[75.82537856274531,27.019802249011697]}"
514,19.04254744680304,1410.2226377952754,41.757272779999994,28.010000000000048,-0.009392747924858016,0.48896407282100857,-0.5049666178146882,"{""type"":""Point"",""coordinates"":[75.84873600945288,26.84438269723342]}"
515,18.473306274414085,2143.1635826771653,46.327165519999994,25.160000000000025,0.013702801461632157,0.3364968021456571,-0.44711269965374734,"{""type"":""Point"",""coordinates"":[75.6982117619546,26.98874451021968]}"
516,18.966531372070335,1876.7708661417323,47.43973103000002,27.03000000000003,0.06396957123098201,0.3203267894159249,-0.406051162186729,"{""type"":""Point"",""coordinates"":[75.89437397748439,26.921863290663037]}"
517,18.927716282435824,1955.6916338582678,42.32466410000001,28.810000000000002,0.09210145626386344,0.1302677392243967,-0.198777537246912,"{""type"":""Point"",""coordinates"":[75.76147262857374,26.9457017811857]}"
518,18.966531372070335,1789.1635826771653,41.24627879000002,27.380000000000052,-0.08861671469740634,0.5106223444138965,-0.5287719742000759,"{""type"":""Point"",""coordinates"":[75.87596902346101,26.854122770629857]}"
519,18.72016522442857,2302.0489173228343,45.11205941000003,27.010000000000048,0.16674983959506665,0.1387373343725643,-0.3394453357781343,"{""type"":""Point"",""coordinates"":[75.69872501006343,26.90542600421612]}"
520,18.91604142622515,2653.6753937007875,46.063977980000004,26.450000000000045,0.0925128490068065,0.11465620201330831,-0.23777946191739296,"{""type"":""Point"",""coordinates"":[75.6949664534453,26.837217542922936]}"
521,18.927716282435824,1775.6822834645668,42.01191527000003,28.29000000000002,0.13520029673590506,0.19717586649550706,-0.3131512250070403,"{""type"":""Point"",""coordinates"":[75.82651138075161,26.861413713072746]}"
522,19.159099085190746,2126.807283464567,47.21926874000002,26.870000000000005,0.003526525605642441,0.3529717914021026,-0.4340247131509267,"{""type"":""Point"",""coordinates"":[75.8942325637935,26.83152403841802]}"
523,18.927716282435824,1517.790059055118,41.00359937000002,29.55000000000001,-0.0949655640702299,0.6298007507941091,-0.6234718826405868,"{""type"":""Point"",""coordinates"":[75.7611029365373,26.89918457107316]}"
524,18.473306274414085,2291.029724409449,46.850122580000004,24.190000000000055,0.09305971212768989,0.21115234560852603,-0.3908862419407715,"{""type"":""Point"",""coordinates"":[75.66818863590424,27.00672075534727]}"
525,18.72016522442857,2443.5986220472446,43.90378934,27.010000000000048,0.13193504736129905,0.18063863071684919,-0.34811390143952925,"{""type"":""Point"",""coordinates"":[75.69994804067068,26.903897030808984]}"
526,18.927716282435824,2223.7989173228348,40.63445321000006,29.760000000000048,0.06822645376142089,0.1547089947089947,-0.22496632240682532,"{""type"":""Point"",""coordinates"":[75.75891632934204,26.88532957503198]}"
527,18.473306274414085,1432.7915354330707,41.60517089000001,26.79000000000002,0.07034654492633327,0.4686117029995083,-0.5173581710414903,"{""type"":""Point"",""coordinates"":[75.74463322344289,27.005973047030015]}"
528,18.927716282435824,1574.2885826771653,41.49750326000003,28.850000000000023,-0.07341719942256135,0.4730437243526249,-0.4843861400256666,"{""type"":""Point"",""coordinates"":[75.75802699275707,26.920335164165934]}"
529,18.966531372070335,1932.6074803149609,44.45238155000004,27.190000000000055,0.03918848621466967,0.3063774608039609,-0.37715918976015905,"{""type"":""Point"",""coordinates"":[75.89023174870398,26.9289201262301]}"
530,18.966531372070335,2038.5238188976375,43.32101693000004,27.120000000000005,0.06205290301114623,0.26881962417013616,-0.3539865513928914,"{""type"":""Point"",""coordinates"":[75.89270045857921,26.938519981573865]}"
531,19.04254744680304,1315.851082677165,45.862314800000036,28.140000000000043,0.04248704663212435,0.4462608695652174,-0.49676025917926564,"{""type"":""Point"",""coordinates"":[75.84171361469205,26.838668715532044]}"
532,18.723017182221326,1848.4982283464567,43.65085585999998,27.78000000000003,0.0983946141895391,0.2754578754578755,-0.3918720852764823,"{""type"":""Point"",""coordinates"":[75.8136592978701,26.95667234001234]}"
533,18.72016522442857,2515.7049212598426,43.47995486000002,29.130000000000052,-1.582528881152081E-4,0.16251264600386278,-0.20392418325554815,"{""type"":""Point"",""coordinates"":[75.73064147906875,26.94212028072692]}"
534,18.927716282435824,2061.413090551181,40.58489192000002,29.670000000000016,0.0685784359966041,0.13651012891344383,-0.18820697954271962,"{""type"":""Point"",""coordinates"":[75.78254781021683,26.910893614599946]}"
535,19.159099085190746,2162.9746062992126,44.1533048,27.090000000000032,0.1073000455304295,0.2455267337215458,-0.35608069164265127,"{""type"":""Point"",""coordinates"":[75.86483798604611,26.81113832417915]}"
536,18.927716282435824,1879.6345472440946,42.11958290000001,29.850000000000023,-0.010969723562966213,0.38912335704811285,-0.440540202575966,"{""type"":""Point"",""coordinates"":[75.79871459954052,26.927584156237888]}"
537,18.723017182221326,1619.6094488188976,45.188964860000056,26.920000000000016,0.05643481882548938,0.27705749718151074,-0.3503203695425421,"{""type"":""Point"",""coordinates"":[75.78843036966767,26.989962465387155]}"
538,18.737014770507812,2285.3279527559052,42.21186943999999,26.99000000000001,0.062450592885375494,0.17682079777733678,-0.2751317062681432,"{""type"":""Point"",""coordinates"":[75.88153255162273,26.953638453025746]}"
539,18.723017182221326,1790.7162401574803,42.46992995000005,26.08000000000004,0.11463691046988057,0.2704528396297223,-0.4016008832459288,"{""type"":""Point"",""coordinates"":[75.8090238168116,26.999320827385414]}"
540,18.723017182221326,481.8663385826772,33.976150250000046,26.30000000000001,0.1527777777777778,0.15749525616698293,-0.1417875526438933,"{""type"":""Point"",""coordinates"":[75.84446771928206,27.008132721579866]}"
541,18.737014770507812,1965.8938976377951,42.958706810000024,26.410000000000025,-0.028609447771124417,0.4083352311546345,-0.46453522794552987,"{""type"":""Point"",""coordinates"":[75.88358999820458,26.959965300918707]}"
542,19.159099085190746,2294.9982283464565,45.46582448000004,27.470000000000027,0.08568810142049794,0.20917079082920917,-0.2952504598074218,"{""type"":""Point"",""coordinates"":[75.86851216364107,26.824488058429587]}"
543,18.723017182221326,1769.6256889763781,40.89764075000005,26.750000000000057,0.051049855707035525,0.24053596981917524,-0.31151148397744466,"{""type"":""Point"",""coordinates"":[75.8318608884352,26.986150822215514]}"
544,18.91604142622515,2142.0567913385826,49.661444029999984,26.350000000000023,0.13755339805825242,0.19423531942353195,-0.31641967990515707,"{""type"":""Point"",""coordinates"":[75.6912312361093,26.83967070571617]}"
545,18.72016522442857,2393.596653543307,41.82563318000001,28.060000000000002,0.06422454804947669,0.14638173870811072,-0.21021328958162427,"{""type"":""Point"",""coordinates"":[75.71710637074817,26.904458983451143]}"
546,19.159099085190746,2183.9888779527555,47.88065561000002,26.480000000000018,0.10301708469647401,0.29004600585529067,-0.41442164392984066,"{""type"":""Point"",""coordinates"":[75.89473204803829,26.825751829595937]}"
547,18.72016522442857,2363.6227362204727,41.39325365000002,29.58000000000004,0.05610342255738792,0.12371744277821625,-0.1832536879285269,"{""type"":""Point"",""coordinates"":[75.743596660577,26.895108148161594]}"
548,18.927716282435824,2070.0410433070865,41.283877010000026,28.950000000000045,0.060711269588064186,0.1416514598540146,-0.1947958940081165,"{""type"":""Point"",""coordinates"":[75.81397519447633,26.90727579968229]}"
549,18.737014770507812,1971.5582677165353,40.66008836000003,26.99000000000001,0.03047748052827633,0.31526358102676005,-0.36593511450381677,"{""type"":""Point"",""coordinates"":[75.88099306253162,26.95460777693374]}"
550,18.927716282435824,1675.2088582677163,39.80216533999999,28.99000000000001,0.05131761442441054,0.14797202797202796,-0.20723635828798354,"{""type"":""Point"",""coordinates"":[75.8094127286842,26.859043235159632]}"
551,18.473306274414085,2589.636515748032,45.09496931000001,26.810000000000002,0.08918625678119349,0.1879245283018868,-0.22657315410091564,"{""type"":""Point"",""coordinates"":[75.69579770938127,26.955279546737525]}"
552,18.723017182221326,2092.9249015748032,43.88157221000006,28.730000000000018,0.05097969678162958,0.17188526384935407,-0.2572233967582805,"{""type"":""Point"",""coordinates"":[75.75419475247156,26.96447489883109]}"
553,19.04254744680304,2401.5902559055116,43.170624050000015,29.010000000000048,0.04202227099081525,0.17052338861853214,-0.19581980519480519,"{""type"":""Point"",""coordinates"":[75.78958406468664,26.849698705668796]}"
554,18.927716282435824,2145.961811023622,43.11251771000002,30.200000000000045,0.09643377001455604,0.10564399421128799,-0.16888313522419676,"{""type"":""Point"",""coordinates"":[75.82177173401973,26.92861711023186]}"
555,18.966531372070335,2263.828937007874,42.11616488000004,27.600000000000023,0.04780745136828223,0.1909278350515464,-0.2514353807821471,"{""type"":""Point"",""coordinates"":[75.86441670270624,26.86624096288182]}"
556,18.723017182221326,2092.9249015748032,43.88157221000006,28.730000000000018,0.05097969678162958,0.17188526384935407,-0.2572233967582805,"{""type"":""Point"",""coordinates"":[75.75415993328937,26.964634923679803]}"
557,18.72016522442857,2111.212303149606,45.84864272000004,26.49000000000001,0.08148534655187407,0.14171440925305373,-0.2386536882842735,"{""type"":""Point"",""coordinates"":[75.67279092846876,26.853083626334648]}"
558,18.927716282435824,1837.3766732283464,40.77971906000005,28.55000000000001,-0.04097662534304911,0.3386880856760375,-0.3698630136986301,"{""type"":""Point"",""coordinates"":[75.83449897669405,26.890554360504392]}"
559,18.737014770507812,1534.2344488188978,40.967710160000024,26.090000000000032,0.052431458875325195,0.43441381399575885,-0.47530768032403803,"{""type"":""Point"",""coordinates"":[75.85097884485923,27.014019996920045]}"
560,18.473306274414085,1982.9436023622045,42.65450303,28.890000000000043,0.05765552418253028,0.21062485373274045,-0.2764959901295497,"{""type"":""Point"",""coordinates"":[75.74254066610682,26.961725647335243]}"
561,18.91604142622515,2234.849606299213,46.41090701000002,24.810000000000002,0.10051186598417869,0.2037363777893098,-0.296880241529688,"{""type"":""Point"",""coordinates"":[75.70082191946338,26.81650596900662]}"
562,18.737014770507812,1298.9603346456693,39.231356000000005,26.33000000000004,-0.006531454107940873,0.5378151260504201,-0.5434897206114918,"{""type"":""Point"",""coordinates"":[75.87334014585895,27.015806685265932]}"
563,18.473306274414085,1711.658661417323,42.83907611000001,28.150000000000034,-0.05243105950653121,0.49896640826873384,-0.5691100892615635,"{""type"":""Point"",""coordinates"":[75.73133792484768,26.964026400707905]}"
564,18.473306274414085,2378.9450787401574,47.14236329000005,26.450000000000045,0.1384657236126224,0.23014177510196154,-0.36156491831470333,"{""type"":""Point"",""coordinates"":[75.67162895751385,26.96579254620472]}"
565,18.927716282435824,1182.3245078740158,40.54216667000003,28.29000000000002,0.11978971085242208,0.38506992318298205,-0.526704298740773,"{""type"":""Point"",""coordinates"":[75.8305301568489,26.86519853519943]}"
566,18.473306274414085,2242.93031496063,43.64401982000004,24.29000000000002,0.010822510822510822,0.338605741066198,-0.4572704081632653,"{""type"":""Point"",""coordinates"":[75.68230991351894,27.00792986808904]}"
567,18.91604142622515,2358.1217519685038,49.649480960000005,25.27000000000004,0.09969401551270192,0.19935538913641104,-0.33431765450326933,"{""type"":""Point"",""coordinates"":[75.67161663945915,26.819569466748895]}"
568,18.737014770507812,2588.9844488188974,47.672156390000055,25.620000000000005,0.11284654431862554,0.14737816682097465,-0.3213143355626636,"{""type"":""Point"",""coordinates"":[75.90700707557373,26.986389618996693]}"
569,18.966531372070335,1189.0154527559052,40.08415199000001,28.210000000000036,0.1096045197740113,0.4007505431562315,-0.4735092457926449,"{""type"":""Point"",""coordinates"":[75.8575895553329,26.88290584931192]}"
570,18.927716282435824,2006.934744094488,44.107161529999985,28.99000000000001,0.09766013189990062,0.19659757996885108,-0.25162907268170426,"{""type"":""Point"",""coordinates"":[75.81082121809789,26.862122190558196]}"
571,19.04254744680304,2248.2688976377954,43.28512771999999,28.750000000000057,0.07293697205977907,0.1656454248366013,-0.2496168162907817,"{""type"":""Point"",""coordinates"":[75.83670373945411,26.829094027674806]}"
572,18.723017182221326,2929.292519685039,42.06831260000001,28.05000000000001,0.10243055555555555,0.03391384051329056,-0.07558945908460471,"{""type"":""Point"",""coordinates"":[75.7723911433075,26.996523047179718]}"
573,18.723017182221326,1777.5715551181102,44.968502570000055,28.05000000000001,0.08300139950479062,0.11273677335075115,-0.18602060707323864,"{""type"":""Point"",""coordinates"":[75.77233603353255,26.987535178117643]}"
574,18.91604142622515,2195.6133858267717,48.81890210000006,25.82000000000005,0.09549815498154982,0.26350515463917523,-0.39098853705595277,"{""type"":""Point"",""coordinates"":[75.72240523636215,26.819970176326663]}"
575,18.737014770507812,2112.088779527559,43.515844070000014,25.950000000000045,0.08120649651972157,0.2764585795637692,-0.39781150723614545,"{""type"":""Point"",""coordinates"":[75.89671269735128,26.978841203570507]}"
576,19.159099085190746,1839.520374015748,48.162642259999984,27.200000000000045,0.12762574273997823,0.29297940957578766,-0.4250170881749829,"{""type"":""Point"",""coordinates"":[75.87994664677805,26.82709275086013]}"
577,18.473306274414085,1870.3392716535432,47.05691279000001,25.79000000000002,0.1497182063219799,0.29574309185959674,-0.4340818294530927,"{""type"":""Point"",""coordinates"":[75.70534549523481,26.979585765099635]}"
578,18.927716282435824,2345.0946850393702,43.139861870000004,29.090000000000032,0.07447354904982023,0.07893423809999002,-0.14935686191134262,"{""type"":""Point"",""coordinates"":[75.75495106817846,26.937740360963613]}"
579,18.927716282435824,1934.4445866141734,42.30415598000002,29.120000000000005,0.04782816229116945,0.1963536044140578,-0.24987468671679197,"{""type"":""Point"",""coordinates"":[75.83566960907702,26.933420443845307]}"
580,18.723017182221326,2113.758562992126,42.678429170000015,28.940000000000055,0.07059149211036264,0.12813620071684587,-0.18382698636577338,"{""type"":""Point"",""coordinates"":[75.76222831372918,26.96540366117045]}"
581,18.737014770507812,1560.0489173228348,44.78734751000002,26.28000000000003,0.042224510813594233,0.4929947460595447,-0.5420560747663551,"{""type"":""Point"",""coordinates"":[75.90348345505897,27.010380536778307]}"
582,18.927716282435824,1943.2241141732281,43.529516150000006,30.230000000000018,0.03771468024510227,0.28087306145893165,-0.3657520823125919,"{""type"":""Point"",""coordinates"":[75.82368938883108,26.924839564963435]}"
583,18.927716282435824,2244.4367125984254,40.91473085000001,29.30000000000001,0.018040569702201123,0.16880715092982637,-0.22533390779836276,"{""type"":""Point"",""coordinates"":[75.78709767877783,26.92793317508768]}"
584,18.723017182221326,2575.4258858267717,46.18873571000006,27.130000000000052,0.13328626343453362,0.05530614194287898,-0.10017924716191993,"{""type"":""Point"",""coordinates"":[75.78254830272012,26.986516374264006]}"
585,18.473306274414085,2189.9549212598426,46.405779980000034,25.160000000000025,-0.05443911217756449,0.4205475300535408,-0.4930983223614355,"{""type"":""Point"",""coordinates"":[75.69592690861971,26.989477577239448]}"
586,18.723017182221326,2187.155708661417,43.295381780000014,28.710000000000036,0.07342118774602088,0.170721159044221,-0.22822141560798548,"{""type"":""Point"",""coordinates"":[75.76262295422508,26.97675926256153]}"
587,18.927716282435824,2015.9465551181104,41.09075888000001,29.720000000000027,0.03932832523199293,0.22838738840546954,-0.30132886388124025,"{""type"":""Point"",""coordinates"":[75.7762179850502,26.884689058869895]}"
588,18.927716282435824,2059.3722440944885,42.435749750000014,28.510000000000048,0.06561160567095285,0.26602635693544785,-0.3361621876473362,"{""type"":""Point"",""coordinates"":[75.84800622412199,26.895498458618103]}"
589,18.966531372070335,1490.0794291338582,44.92235930000004,27.350000000000023,0.07738998482549317,0.419234360410831,-0.4943470424381452,"{""type"":""Point"",""coordinates"":[75.88034464349509,26.91334416723343]}"
590,18.966531372070335,2232.1581692913383,44.06272726999998,27.79000000000002,0.06784523532604482,0.21692478995849782,-0.3186355160688823,"{""type"":""Point"",""coordinates"":[75.88706645823915,26.87490776545922]}"
591,18.927716282435824,2180.542027559055,42.485311040000056,28.850000000000023,-0.020001673780232654,0.2762303664921466,-0.3296967052149247,"{""type"":""Point"",""coordinates"":[75.75208888484205,26.91795832904274]}"
592,19.04254744680304,2249.5016732283466,43.543188230000055,27.870000000000005,0.036180653746984946,0.19933761126060856,-0.2590178183398522,"{""type"":""Point"",""coordinates"":[75.82814436982044,26.813439101845766]}"
593,18.473306274414085,2165.5085629921264,46.38356285000003,24.850000000000023,0.04757484335112555,0.28719289074751697,-0.3718105849582173,"{""type"":""Point"",""coordinates"":[75.67207029090943,26.991471024622133]}"
594,18.91604142622515,2026.6365157480313,44.674552850000055,27.78000000000003,0.07780703854440986,0.2950801300011207,-0.3944732713889224,"{""type"":""Point"",""coordinates"":[75.7466780712846,26.83596781636764]}"
595,18.473306274414085,2299.5051181102363,43.519262089999984,28.890000000000043,0.09489795918367347,0.12337730870712402,-0.18043695242320062,"{""type"":""Point"",""coordinates"":[75.74878743947147,26.962668243452516]}"
596,18.723017182221326,2201.488877952756,41.11981205000001,27.33000000000004,0.01589507513245896,0.19932253625489574,-0.24014886164623467,"{""type"":""Point"",""coordinates"":[75.84059659613696,26.961843752254836]}"
597,18.723017182221326,2522.854527559055,41.835887240000034,28.730000000000018,0.04512516469038208,0.08495508982035928,-0.13363965196988953,"{""type"":""Point"",""coordinates"":[75.78093477148089,26.951418552885748]}"
598,18.927716282435824,2311.139960629921,41.74872773000004,29.760000000000048,0.08777103209019949,0.08076448828606658,-0.14650098103335513,"{""type"":""Point"",""coordinates"":[75.76094792888588,26.88345087809045]}"
599,18.966531372070335,2136.562204724409,46.38356285000003,27.930000000000007,0.09827420901246404,0.24213075060532688,-0.32589285714285715,"{""type"":""Point"",""coordinates"":[75.88217681058816,26.899460735365558]}"
600,18.473306274414085,2346.139960629921,48.051556610000034,25.610000000000014,0.08710609605063988,0.2741765101315663,-0.39575005259835894,"{""type"":""Point"",""coordinates"":[75.67661650091198,26.97891873449881]}"
601,18.927716282435824,2129.543996062992,42.039259430000016,28.79000000000002,0.03871853546910755,0.14964422550629447,-0.19913222196848596,"{""type"":""Point"",""coordinates"":[75.842895939038,26.897833847602072]}"
602,18.966531372070335,1387.5366141732281,39.09121718000006,28.210000000000036,0.08896877106268254,0.36785292629448474,-0.43998579545454547,"{""type"":""Point"",""coordinates"":[75.8535047024186,26.872520937304504]}"
603,18.91604142622515,1805.075,48.260055830000056,26.150000000000034,0.14057826520438685,0.35641227380015733,-0.4483338000560067,"{""type"":""Point"",""coordinates"":[75.71387966255111,26.828268370928324]}"
604,18.966531372070335,1307.2767716535432,39.62101028000001,27.30000000000001,0.034976525821596244,0.4583185526782547,-0.48117456314177626,"{""type"":""Point"",""coordinates"":[75.86747033993953,26.92870345649497]}"
605,19.04254744680304,2102.5469488188974,43.06808345000002,28.57000000000005,0.05215779719353985,0.18047922620356122,-0.2453617810760668,"{""type"":""Point"",""coordinates"":[75.77623596866569,26.822105825323693]}"
606,18.473306274414085,2087.909153543307,47.378206670000054,26.450000000000045,0.08747044917257683,0.2836301222913538,-0.41878112402181644,"{""type"":""Point"",""coordinates"":[75.67100791686879,26.958442660846018]}"
607,18.72016522442857,2423.8013779527555,41.07025076000002,29.58000000000004,0.024657970092268534,0.1726116477001052,-0.22399680574965064,"{""type"":""Point"",""coordinates"":[75.74475503298616,26.895090588519665]}"
608,18.966531372070335,1233.6650590551183,39.84147257000001,28.360000000000014,0.11097722617182793,0.38242458309911936,-0.5050999592003264,"{""type"":""Point"",""coordinates"":[75.8550086682735,26.906045926704998]}"
609,18.473306274414085,2044.8269685039368,44.618155520000016,28.890000000000043,0.036805160311136405,0.16072245084590764,-0.204936513587279,"{""type"":""Point"",""coordinates"":[75.74660879164297,26.960088190208275]}"
610,18.72016522442857,2496.5705708661417,48.23442068000003,26.100000000000023,0.08018590037310991,0.2507343124165554,-0.3709268292682927,"{""type"":""Point"",""coordinates"":[75.67266723937212,26.923011938799565]}"
611,18.723017182221326,2378.231003937008,42.07514864000001,27.32000000000005,0.08267954133977067,0.07398808922983749,-0.127715951245363,"{""type"":""Point"",""coordinates"":[75.84166920865546,26.959031803263336]}"
612,18.723017182221326,1820.5587598425195,44.100325490000046,26.920000000000016,0.11879234925808388,0.26698729806387966,-0.4033601966944407,"{""type"":""Point"",""coordinates"":[75.80764483363552,26.962647113985213]}"
613,18.91604142622515,2079.5405511811023,46.23829699999999,27.05000000000001,0.10947503201024328,0.22514587691291424,-0.32318668252080857,"{""type"":""Point"",""coordinates"":[75.74523216529313,26.818617410507432]}"
614,18.927716282435824,2283.2959645669293,44.095198460000006,28.900000000000034,-0.03665913563151374,0.38311940879035394,-0.4242515269850806,"{""type"":""Point"",""coordinates"":[75.84789337033202,26.916570780850453]}"
615,18.927716282435824,2028.926377952756,42.656212040000014,28.630000000000052,0.10416666666666667,0.06813342796309439,-0.12860892388451445,"{""type"":""Point"",""coordinates"":[75.84884457533768,26.910112266114368]}"
616,18.72016522442857,2191.3417322834644,46.838159510000025,26.010000000000048,0.09821282177406132,0.1948729089724093,-0.26625992862898584,"{""type"":""Point"",""coordinates"":[75.67676524140902,26.925285625945747]}"
617,18.91604142622515,2019.0641732283461,45.792245390000005,27.000000000000057,0.09675415437179687,0.3248291571753986,-0.4311023622047244,"{""type"":""Point"",""coordinates"":[75.73997141480837,26.829456829640943]}"
618,18.473306274414085,2436.635531496063,45.28979645000004,26.810000000000002,0.04730170228178196,0.26546714134513616,-0.3125748502994012,"{""type"":""Point"",""coordinates"":[75.69595933912173,26.95635790563623]}"
619,18.966531372070335,1607.6306102362203,39.41080205000003,28.360000000000014,0.09211986681465038,0.29318769761425695,-0.36685401792495825,"{""type"":""Point"",""coordinates"":[75.85540891497246,26.90008066304767]}"
620,19.04254744680304,1942.1862204724412,44.522450960000015,28.02000000000004,0.04704704704704705,0.35179268725594603,-0.4115902631904115,"{""type"":""Point"",""coordinates"":[75.82950139723228,26.821717469028727]}"
621,18.91604142622515,2202.4308070866145,48.673636250000015,26.410000000000025,0.10708206911862651,0.24545829892650703,-0.37912904331923647,"{""type"":""Point"",""coordinates"":[75.71521545020198,26.83879818139102]}"
622,18.91604142622515,1536.1502952755905,44.932613360000005,25.07000000000005,0.09200427474982999,0.42534695745005335,-0.4722747321991178,"{""type"":""Point"",""coordinates"":[75.71075854817941,26.809173011411485]}"
623,18.966531372070335,2079.814665354331,43.696999129999995,27.79000000000002,-0.006804899527659915,0.34704370179948585,-0.4151007089006414,"{""type"":""Point"",""coordinates"":[75.88397029415503,26.88162344722961]}"
624,18.473306274414085,2438.5764763779525,46.552754840000034,26.510000000000048,0.10979861951184801,0.1824196597353497,-0.2869046394403868,"{""type"":""Point"",""coordinates"":[75.67403567654816,26.95156862926486]}"
625,18.72016522442857,2232.1434055118107,44.804437610000036,27.810000000000002,0.11400321135806643,0.15909342177998895,-0.19967959720791853,"{""type"":""Point"",""coordinates"":[75.71972062491932,26.87099841141423]}"
626,18.473306274414085,2319.8633858267717,47.57474281999998,25.090000000000032,0.1099320882852292,0.1994280266920877,-0.37148463047743624,"{""type"":""Point"",""coordinates"":[75.678486842038,26.990218930044023]}"
627,18.72016522442857,2130.5577755905515,44.92406831000005,28.610000000000014,0.06728323699421965,0.27068458630827386,-0.374602453430259,"{""type"":""Point"",""coordinates"":[75.7454633564887,26.851969359075497]}"
628,18.473306274414085,2204.6104330708663,45.77857331000001,25.79000000000002,0.10006215040397763,0.21451037953449362,-0.3267666933913641,"{""type"":""Point"",""coordinates"":[75.69101874452738,26.98023423798008]}"
629,19.04254744680304,1888.0090551181102,42.44600380999998,27.890000000000043,0.035235541937954806,0.23677427273843132,-0.2959485530546624,"{""type"":""Point"",""coordinates"":[75.84115967220558,26.807581978636524]}"
630,18.91604142622515,2046.9519685039375,48.38994059000004,26.49000000000001,-0.0071998747847863516,0.39451728247914186,-0.46700102587484327,"{""type"":""Point"",""coordinates"":[75.71563174350922,26.846278437008998]}"
631,18.72016522442857,2360.7388779527555,41.74872773000004,29.410000000000025,0.020907363027848937,0.15770959546609342,-0.2135614053057462,"{""type"":""Point"",""coordinates"":[75.73443450611266,26.907699625580737]}"
632,18.723017182221326,1897.3343503937008,42.28364786000003,27.890000000000043,0.02425830445439946,0.3616418966737438,-0.4370720776795718,"{""type"":""Point"",""coordinates"":[75.79242504887512,26.954004167805568]}"
633,18.927716282435824,1551.2359251968503,39.75602207000003,29.450000000000045,-0.08072421726517956,0.5476292794728549,-0.5587938248448997,"{""type"":""Point"",""coordinates"":[75.81627540184385,26.893148681387597]}"
634,18.927716282435824,2110.4603346456697,40.87200560000002,28.860000000000014,0.07311648596052266,0.1002089979100209,-0.17119437939110072,"{""type"":""Point"",""coordinates"":[75.81594084957192,26.855652320009277]}"
635,18.966531372070335,1213.7226377952757,41.38470860000001,28.510000000000048,0.1316831683168317,0.35496330629586714,-0.46410684474123537,"{""type"":""Point"",""coordinates"":[75.85351601911786,26.896435401888446]}"
636,18.737014770507812,1428.6625984251968,40.319995370000015,25.690000000000055,0.09376308078694014,0.41480150302238195,-0.47253868389729636,"{""type"":""Point"",""coordinates"":[75.86734899965766,27.018187051691903]}"
637,18.737014770507812,1434.4155511811023,37.63514066000005,26.930000000000007,-0.020868824531516183,0.5238397965670692,-0.5182897862232779,"{""type"":""Point"",""coordinates"":[75.85468887265307,26.963556448774685]}"
638,18.72016522442857,2298.881594488189,43.58420447000003,27.950000000000045,0.058016622286774795,0.17919191919191918,-0.2510984889079413,"{""type"":""Point"",""coordinates"":[75.71722389322345,26.947626113782963]}"
639,18.723017182221326,1387.6734251968503,36.54821030000005,26.390000000000043,-0.03705281090289608,0.5868361029651352,-0.5816823644040273,"{""type"":""Point"",""coordinates"":[75.82622853380911,26.98669470607062]}"
640,18.927716282435824,1726.604527559055,42.11103785,29.690000000000055,0.08154696132596685,0.13227080779185396,-0.2046376811594203,"{""type"":""Point"",""coordinates"":[75.8302351811819,26.908330356454556]}"
641,18.723017182221326,1348.1498031496064,40.13371328000005,27.110000000000014,0.11671207992733879,0.34741946657429856,-0.42100456621004567,"{""type"":""Point"",""coordinates"":[75.79921807158571,26.972684124325074]}"
642,18.927716282435824,1745.8412401574803,40.87029659000001,29.450000000000045,-0.018112122664111163,0.38171413707894397,-0.41937207748830996,"{""type"":""Point"",""coordinates"":[75.81788758514479,26.89632793632102]}"
643,18.473306274414085,2225.8530511811023,45.715339940000035,25.79000000000002,0.08201916547196861,0.227029752899647,-0.3549393028176857,"{""type"":""Point"",""coordinates"":[75.68989498041658,26.983036717047884]}"
644,18.91604142622515,1986.4170275590552,46.24855106000001,26.33000000000004,0.08244531688166012,0.3116481502691559,-0.41487521620953793,"{""type"":""Point"",""coordinates"":[75.69849157848489,26.845841776138396]}"
645,18.72016522442857,2297.456889763779,44.78734751000002,27.55000000000001,0.10141661300708306,0.15617232808616405,-0.23209358790420484,"{""type"":""Point"",""coordinates"":[75.70748285678403,26.92734210565915]}"
646,18.72016522442857,2419.021850393701,42.497274110000035,28.210000000000036,0.04223369310183012,0.1687344913151365,-0.234351375869368,"{""type"":""Point"",""coordinates"":[75.72608659050078,26.939765762779977]}"
647,18.927716282435824,1837.5174212598424,41.65815020000002,29.650000000000034,0.0921970591392079,0.0863087593115849,-0.1573617952928298,"{""type"":""Point"",""coordinates"":[75.79080243419075,26.923072825399895]}"
648,18.72016522442857,2355.0056102362205,41.78461693999998,28.410000000000025,0.10891089108910891,0.13833283537496266,-0.22219846022241233,"{""type"":""Point"",""coordinates"":[75.72889243674504,26.87542447525553]}"
649,18.723017182221326,1746.3136811023621,45.76661023999998,26.870000000000005,0.06886517943743937,0.3916710595677385,-0.45896656534954405,"{""type"":""Point"",""coordinates"":[75.76355707038212,27.014381877463347]}"
650,18.473306274414085,1731.014960629921,45.04369901000001,25.510000000000048,0.0627214741318214,0.4218519016261255,-0.49456137872580874,"{""type"":""Point"",""coordinates"":[75.70920901214977,26.991015515748003]}"
651,18.473306274414085,2330.9022637795274,44.91039623000006,28.180000000000007,0.10079595328423716,0.1815071840484801,-0.2928342245989305,"{""type"":""Point"",""coordinates"":[75.72241251927092,26.956729925014308]}"
652,18.927716282435824,2119.553838582677,41.82221516000004,28.970000000000027,0.08446469248291572,0.12481809022724728,-0.18309195808312728,"{""type"":""Point"",""coordinates"":[75.78769024853871,26.940636344389826]}"
653,18.723017182221326,1386.6325787401572,39.858562670000026,27.250000000000057,0.20851738588741647,0.2127733425893787,-0.3374162679425837,"{""type"":""Point"",""coordinates"":[75.82657044776283,26.971116635432512]}"
654,18.72016522442857,2507.4549212598426,43.78928567000003,28.210000000000036,0.09490672194255256,0.20133634666404637,-0.25266393442622953,"{""type"":""Point"",""coordinates"":[75.72007365608,26.941122502922283]}"
655,18.927716282435824,2171.389468503937,42.30073795999999,30.29000000000002,0.08540500871479681,0.08275412684622067,-0.14190814339709082,"{""type"":""Point"",""coordinates"":[75.82278871969197,26.93266539035981]}"
656,18.72016522442857,2106.857972440945,43.20651326000001,27.110000000000014,-0.015168497347381005,0.4251547256897094,-0.49707988980716256,"{""type"":""Point"",""coordinates"":[75.69696392881468,26.915324877810445]}"
657,18.723017182221326,2227.194586614173,44.384021150000024,25.79000000000002,0.09812375249500999,0.13107039150896166,-0.2756634669678148,"{""type"":""Point"",""coordinates"":[75.79891275795028,27.003588119012264]}"
658,19.04254744680304,2050.776771653543,43.59104051000003,28.390000000000043,0.01650943396226415,0.29574963932970816,-0.3583061889250814,"{""type"":""Point"",""coordinates"":[75.8196475994269,26.819079488766892]}"
659,18.927716282435824,1632.0287401574803,40.588309940000045,29.130000000000052,-0.023899092719628236,0.3028297902294805,-0.3340060544904137,"{""type"":""Point"",""coordinates"":[75.80275862809229,26.90218249437475]}"
660,19.04254744680304,2254.0380905511815,42.98605097000001,27.650000000000034,0.08676700386544946,0.13017811704834606,-0.22358126721763086,"{""type"":""Point"",""coordinates"":[75.75785539992773,26.809853211503818]}"
661,19.04254744680304,2196.8205708661417,44.173812920000046,29.33000000000004,0.10779347729494357,0.09595022377469709,-0.1664923899151853,"{""type"":""Point"",""coordinates"":[75.79204731100162,26.81672056422833]}"
662,18.91604142622515,2197.4810039370077,45.24023516,26.450000000000045,0.03515285567580378,0.25917525773195876,-0.3497624046856006,"{""type"":""Point"",""coordinates"":[75.69418997758682,26.833895089170234]}"
663,18.966531372070335,1592.9116141732284,44.505360859999996,28.000000000000057,0.15272052761747734,0.21072007068178472,-0.3161517528413639,"{""type"":""Point"",""coordinates"":[75.8645707995796,26.872588773448655]}"
664,18.72016522442857,2565.9450787401574,44.04221915000005,27.730000000000018,0.12003441847124624,0.1532750681326943,-0.24626789885244238,"{""type"":""Point"",""coordinates"":[75.71422261551511,26.914437483172765]}"
665,18.473306274414085,1929.9450787401572,43.16891504,28.890000000000043,0.036983057023137186,0.2590210789567703,-0.3241482965931864,"{""type"":""Point"",""coordinates"":[75.74762662741729,26.963506555599942]}"
666,18.927716282435824,2218.9790354330707,41.892284570000015,29.55000000000001,0.05614857242037664,0.16358189793516636,-0.21533132193541177,"{""type"":""Point"",""coordinates"":[75.7568888050501,26.896349750559757]}"
667,18.927716282435824,1291.0986220472441,39.21084788000002,27.710000000000036,0.031697581591922985,0.48158792886653495,-0.4823867721063983,"{""type"":""Point"",""coordinates"":[75.8368824848634,26.862618570080095]}"
668,18.737014770507812,1888.3377952755907,40.36101160999999,25.670000000000016,-0.030102547138604035,0.46696502178777527,-0.5067134389742349,"{""type"":""Point"",""coordinates"":[75.88693172505144,26.974102175292774]}"
669,18.737014770507812,2128.381594488189,45.32910368,26.160000000000025,0.10385273275230104,0.19509015859222245,-0.286031560490941,"{""type"":""Point"",""coordinates"":[75.89236002130698,27.00201641245878]}"
670,19.159099085190746,2106.1478346456693,46.52199266000002,26.960000000000036,0.09397627484208905,0.2804267363379055,-0.38311382878645345,"{""type"":""Point"",""coordinates"":[75.88342567622345,26.82364620815596]}"
671,18.966531372070335,1438.523818897638,40.695977570000025,28.210000000000036,0.11840104279817511,0.3181744356017541,-0.4221131943227615,"{""type"":""Point"",""coordinates"":[75.8518800022436,26.86876069019596]}"
672,18.927716282435824,2477.9450787401574,43.085173550000036,29.57000000000005,0.027436823104693142,0.24699129790779487,-0.2915907565442516,"{""type"":""Point"",""coordinates"":[75.78057580983948,26.856926523003352]}"
673,18.737014770507812,2181.2260826771653,43.24240247,26.54000000000002,0.012114806081795267,0.26391345053573284,-0.31507738932784934,"{""type"":""Point"",""coordinates"":[75.88380208834172,27.013714369795377]}"
674,18.72016522442857,2107.9406496062993,48.712943480000035,26.27000000000004,0.150392017106201,0.1789010989010989,-0.3008366678792288,"{""type"":""Point"",""coordinates"":[75.67840751677433,26.85188803907593]}"
675,19.04254744680304,2220.7748031496067,46.62966029000006,28.200000000000045,0.1257438145944253,0.14101778050275904,-0.26526912181303114,"{""type"":""Point"",""coordinates"":[75.83818147030475,26.826239566511457]}"
676,18.966531372070335,1192.4298228346458,39.084381140000005,28.210000000000036,0.15063338768343157,0.35385845661735305,-0.45446735395189003,"{""type"":""Point"",""coordinates"":[75.85459889577854,26.875296072642534]}"
677,18.723017182221326,1831.0159448818895,43.59958556000004,25.79000000000002,0.1025744982769106,0.15829408686551544,-0.23918824352694193,"{""type"":""Point"",""coordinates"":[75.79922482296129,27.002941840196133]}"
678,18.473306274414085,1985.7521653543308,43.89866231000002,28.750000000000057,-0.018216516308119362,0.32617783301321884,-0.3884551691506979,"{""type"":""Point"",""coordinates"":[75.73595048484579,26.950733720536764]}"
679,18.72016522442857,2243.328937007874,46.74587297000005,25.610000000000014,0.10782339271882262,0.2010427528675704,-0.28577807546327305,"{""type"":""Point"",""coordinates"":[75.67791590967936,26.93365133181399]}"
680,18.927716282435824,2420.457874015748,40.913021840000056,29.55000000000001,0.040167768994999194,0.18243243243243243,-0.20984139894265963,"{""type"":""Point"",""coordinates"":[75.75793233816268,26.869243234918024]}"
681,18.72016522442857,1847.889960629921,43.23385742000005,27.57000000000005,0.11962119953480645,0.3284031085485084,-0.43119513841998647,"{""type"":""Point"",""coordinates"":[75.70935773677013,26.877431476587017]}"
682,19.04254744680304,2023.7477362204725,43.91917043000001,28.730000000000018,0.0017598256934551245,0.338276598135041,-0.39861453563461313,"{""type"":""Point"",""coordinates"":[75.79267017786049,26.83178261990752]}"
683,18.91604142622515,2174.097637795275,47.06545784000002,26.370000000000005,0.04725138974675726,0.31095293742696273,-0.39592760180995473,"{""type"":""Point"",""coordinates"":[75.68767383300816,26.84371327199547]}"
684,19.04254744680304,2268.008562992126,43.80808478000006,27.650000000000034,0.057322859142879365,0.20741183502689778,-0.28991060025542786,"{""type"":""Point"",""coordinates"":[75.76086531753859,26.814553596884775]}"
685,18.723017182221326,1505.0966535433074,44.63182760000001,27.130000000000052,0.07310642377756471,0.19223061507630645,-0.2571521456436931,"{""type"":""Point"",""coordinates"":[75.77974036225189,26.98636392479143]}"
686,18.723017182221326,1348.0203740157478,38.93057024000001,25.590000000000032,0.08715047328908715,0.4540727902946274,-0.5226860254083484,"{""type"":""Point"",""coordinates"":[75.8134262023633,27.00738215060905]}"
687,18.927716282435824,2209.340748031496,42.929653640000026,29.710000000000036,0.08936246418338109,0.10555495162517665,-0.16414835164835165,"{""type"":""Point"",""coordinates"":[75.76407028153979,26.872029341999248]}"
688,18.927716282435824,2218.879625984252,42.60323273000006,28.83000000000004,0.04779508846052284,0.15085106382978725,-0.2052139037433155,"{""type"":""Point"",""coordinates"":[75.76058093516515,26.934346602047153]}"
689,18.927716282435824,2263.4180118110235,41.403507709999985,29.890000000000043,0.07950215900431801,0.12979320378260417,-0.18962687383740015,"{""type"":""Point"",""coordinates"":[75.7789068458479,26.879438860459825]}"
690,19.04254744680304,2076.892913385827,42.61006877,28.650000000000034,0.0762987012987013,0.15624294423120344,-0.21870537839124227,"{""type"":""Point"",""coordinates"":[75.7814874322194,26.809292723366227]}"
691,18.72016522442857,2349.8264763779525,45.82129856000006,25.970000000000027,0.10796687836642817,0.11160088158685634,-0.18521683400982697,"{""type"":""Point"",""coordinates"":[75.67538717831937,26.875440994080538]}"
692,18.927716282435824,2075.2437992125983,41.75556376999998,29.79000000000002,0.05166652386256533,0.22923145268769435,-0.2969299273494258,"{""type"":""Point"",""coordinates"":[75.77049980598999,26.859036759073575]}"
693,18.927716282435824,2233.69655511811,40.472097260000055,29.890000000000043,0.07671847726706009,0.15974107329296305,-0.21359117229323718,"{""type"":""Point"",""coordinates"":[75.77130541116247,26.86762379432953]}"
694,18.72016522442857,2522.004625984252,43.33639802000005,26.55000000000001,0.08383273853612551,0.21677696297621177,-0.356665669558281,"{""type"":""Point"",""coordinates"":[75.69022239323182,26.88147728295961]}"
695,18.927716282435824,2250.7925196850397,41.21551661000001,29.560000000000002,0.04665478697553863,0.18732976899021486,-0.2635534084809447,"{""type"":""Point"",""coordinates"":[75.75066596351529,26.885970770391154]}"
696,18.737014770507812,1308.0513779527562,39.340732640000056,25.77000000000004,0.11243293678563097,0.37364620938628157,-0.4344957587181904,"{""type"":""Point"",""coordinates"":[75.8596338797279,27.017554298898677]}"
697,18.927716282435824,1914.6621062992124,40.93182095000003,29.350000000000023,0.007956104252400549,0.30337618647122433,-0.3583771600300526,"{""type"":""Point"",""coordinates"":[75.81622638103813,26.897027371092722]}"
698,18.473306274414085,2393.0622047244096,48.13358908999999,25.870000000000005,0.14418140330861381,0.1254688672168042,-0.27748802554550295,"{""type"":""Point"",""coordinates"":[75.71379586183977,26.985688954751517]}"
699,18.966531372070335,2011.781692913386,45.73413905000001,26.810000000000002,0.06962916601470819,0.2835402050728548,-0.42607027221489385,"{""type"":""Point"",""coordinates"":[75.90133861833382,26.919963053021522]}"
700,18.927716282435824,1326.4431102362205,38.26918337000001,27.710000000000036,0.10682288077188146,0.35352480417754567,-0.47496206373292865,"{""type"":""Point"",""coordinates"":[75.83705855069486,26.859003337010844]}"
701,18.473306274414085,2292.544488188976,47.16799844000002,25.640000000000043,0.07929515418502203,0.2516178885347242,-0.4049658462539304,"{""type"":""Point"",""coordinates"":[75.6806748424419,26.983319357263696]}"
702,18.723017182221326,1752.711811023622,42.91427255000002,25.590000000000032,0.1322695035460993,0.26935546621709244,-0.39093363649282364,"{""type"":""Point"",""coordinates"":[75.81080037577343,27.00242192360654]}"
703,19.04254744680304,2158.089271653543,43.917461419999995,29.430000000000007,0.10593631472170768,0.11433597185576078,-0.18702424171448648,"{""type"":""Point"",""coordinates"":[75.79526577115091,26.818187194892015]}"
704,18.72016522442857,2049.720177165354,43.37741426000002,27.110000000000014,0.10512841688000661,0.23515331129602188,-0.32696546656869946,"{""type"":""Point"",""coordinates"":[75.69960402353588,26.89929654287277]}"
705,18.723017182221326,1533.0075787401577,44.100325490000046,27.33000000000004,0.11615078148942691,0.3142943946528938,-0.39864209505334625,"{""type"":""Point"",""coordinates"":[75.83481955573225,26.958762881312076]}"
706,19.04254744680304,2246.528248031496,40.549002710000025,29.640000000000043,0.02113821138211382,0.18246665977463042,-0.23520518358531317,"{""type"":""Point"",""coordinates"":[75.80789293476681,26.849546959553066]}"
707,18.72016522442857,2451.6178149606303,41.85639536000002,28.060000000000002,0.06005705034307301,0.16736882420528534,-0.22866068729214956,"{""type"":""Point"",""coordinates"":[75.71454982216358,26.901607932054382]}"
708,19.04254744680304,2343.9052165354333,44.68309790000001,29.010000000000048,0.04081787201817493,0.291394779771615,-0.33452744705510484,"{""type"":""Point"",""coordinates"":[75.76645438225259,26.841020472924587]}"
709,18.72016522442857,1872.0075787401577,45.421390220000035,26.170000000000016,0.050959284660126745,0.33187134502923976,-0.41974025974025975,"{""type"":""Point"",""coordinates"":[75.67909140211432,26.863609126164487]}"
710,19.159099085190746,2097.8530511811027,47.42776795999998,26.480000000000018,0.04714717039560269,0.30519618239660656,-0.43818649217106803,"{""type"":""Point"",""coordinates"":[75.90012033872549,26.82973150600589]}"
711,18.927716282435824,1954.3392716535434,42.14863607000001,30.08000000000004,0.08743223262690981,0.1324770642201835,-0.19488900361383582,"{""type"":""Point"",""coordinates"":[75.81035387812915,26.9332646759044]}"
712,18.723017182221326,1698.3579724409449,45.47095151000002,26.700000000000045,0.09735988883742473,0.31038192576654117,-0.4062635300909222,"{""type"":""Point"",""coordinates"":[75.79460394236455,26.976798915417252]}"
713,18.723017182221326,1389.434251968504,40.591727960000014,25.590000000000032,0.079852845704393,0.42780389523169915,-0.48360083740404747,"{""type"":""Point"",""coordinates"":[75.81139106846224,27.00030597588643]}"
714,18.72016522442857,2362.7418307086614,46.00074461000003,26.32000000000005,0.14493456131846824,0.20081688223281144,-0.3464180569185476,"{""type"":""Point"",""coordinates"":[75.67880200561552,26.904661235646834]}"
715,18.737014770507812,2088.832381889764,41.70600248000005,26.210000000000036,0.057601084255703636,0.37583818841376276,-0.43779437105112007,"{""type"":""Point"",""coordinates"":[75.87621809844252,26.962909473655444]}"
716,19.04254744680304,2207.9362204724407,42.635703920000026,29.33000000000004,0.03490549974459391,0.1892572387746538,-0.24612509618555567,"{""type"":""Point"",""coordinates"":[75.80633504959607,26.834424967854975]}"
717,18.473306274414085,2406.6635826771653,44.92406831000005,25.29000000000002,0.10398714765590769,0.17686552848647613,-0.29430379746835444,"{""type"":""Point"",""coordinates"":[75.69055766665643,27.009401047794658]}"
718,18.966531372070335,2197.6340551181106,43.071501470000044,28.230000000000018,0.08486000691323885,0.1464761286131861,-0.20959451741861793,"{""type"":""Point"",""coordinates"":[75.87342475605868,26.88295888758289]}"
719,18.91604142622515,1974.9431102362205,46.889429810000024,26.510000000000048,0.08933246073298429,0.2824884792626728,-0.38561115260144385,"{""type"":""Point"",""coordinates"":[75.74426206762246,26.816281522011405]}"
720,18.927716282435824,1931.6557086614173,41.40692573000001,29.460000000000036,0.07718239886444286,0.23818593024639922,-0.31770965290093744,"{""type"":""Point"",""coordinates"":[75.82197470361552,26.901285100826932]}"
721,18.966531372070335,2344.9583661417323,45.61621736000001,27.430000000000007,0.06699672602411563,0.15683168316831683,-0.2278268179907524,"{""type"":""Point"",""coordinates"":[75.89385218506246,26.909083221105067]}"
722,18.737014770507812,1740.0341535433074,41.830760209999994,26.410000000000025,-0.013121485316433099,0.4721141374837873,-0.5069038767923526,"{""type"":""Point"",""coordinates"":[75.88988242092738,26.966104396927403]}"
723,18.966531372070335,2158.5528543307087,43.51071704000003,27.630000000000052,0.08718038223230648,0.14291958041958042,-0.21092845566103266,"{""type"":""Point"",""coordinates"":[75.88672843715436,26.88637524579155]}"
724,18.927716282435824,2293.9135826771653,41.99995220000005,29.83000000000004,0.11538461538461539,0.17612202348293646,-0.21162107167081168,"{""type"":""Point"",""coordinates"":[75.78889170684158,26.89061720646071]}"
725,18.473306274414085,2237.756594488189,46.159682540000006,25.650000000000034,0.07065177184286454,0.27701535020839685,-0.3786215978928885,"{""type"":""Point"",""coordinates"":[75.67019685438125,26.98337993703084]}"
726,18.927716282435824,2215.721161417323,41.02581650000002,29.83000000000004,0.0766111258044609,0.10229425384129658,-0.17329449983197043,"{""type"":""Point"",""coordinates"":[75.78684654138468,26.88694646666679]}"
727,18.737014770507812,2168.603543307087,45.50513171,26.660000000000025,0.030616978506262563,0.2919113858835652,-0.3858737703106002,"{""type"":""Point"",""coordinates"":[75.89466608007054,26.95824534040042]}"
728,18.737014770507812,1515.8500984251964,37.35144500000001,27.110000000000014,-0.009934771700953337,0.5177198009350023,-0.5216208043543997,"{""type"":""Point"",""coordinates"":[75.85300327437824,26.98097589774014]}"
729,18.473306274414085,2276.757086614173,46.72194682999998,26.230000000000018,0.1005336795038223,0.24074810982888978,-0.3577182669279338,"{""type"":""Point"",""coordinates"":[75.7220059438189,26.977553980873825]}"
730,18.966531372070335,1627.0705708661417,43.71921626000005,28.000000000000057,0.14906518443658415,0.21255760368663595,-0.316447779862414,"{""type"":""Point"",""coordinates"":[75.86621587840484,26.87419021305723]}"
731,18.473306274414085,1558.1793307086614,46.16480956999999,26.250000000000057,0.16685823754789272,0.3236950235884949,-0.4446105298123235,"{""type"":""Point"",""coordinates"":[75.71623098244416,27.00419358184901]}"
732,18.927716282435824,2048.2866141732284,40.203782690000025,29.610000000000014,-0.06758886359656803,0.3629149435564994,-0.3653566229985444,"{""type"":""Point"",""coordinates"":[75.80234653449715,26.910339103188413]}"
733,18.72016522442857,2084.936220472441,40.42766300000005,29.340000000000032,0.08712470068152514,0.12944393801276208,-0.19306692344727974,"{""type"":""Point"",""coordinates"":[75.74602457533555,26.87070713308157]}"
734,18.966531372070335,2083.5882874015747,45.70508588000001,27.53000000000003,0.07729887321724056,0.267178876744941,-0.38974602421077614,"{""type"":""Point"",""coordinates"":[75.88181933527638,26.86234957955948]}"
735,18.927716282435824,1392.2669291338582,42.721154420000005,28.510000000000048,0.05245824511879558,0.3172007848266841,-0.37638817700324617,"{""type"":""Point"",""coordinates"":[75.84805829582788,26.89787077159872]}"
736,18.473306274414085,2484.440157480315,46.46559533000004,26.670000000000016,0.08950943396226416,0.12390534749394448,-0.2138042056544924,"{""type"":""Point"",""coordinates"":[75.68513055983973,26.96378669302604]}"
737,18.473306274414085,2122.815157480315,47.27395706000004,25.630000000000052,0.12157048249763482,0.19510887053523543,-0.3160878809355067,"{""type"":""Point"",""coordinates"":[75.69522611064423,27.001832795668612]}"
738,18.72016522442857,2248.5341535433067,45.05053505000001,27.210000000000036,0.07480060357835741,0.29563292412960357,-0.4092152785378133,"{""type"":""Point"",""coordinates"":[75.70818154105847,26.915055534550255]}"
739,18.72016522442857,2176.788090551181,48.61382090000001,26.27000000000004,0.1325822577034992,0.19756901524515863,-0.3448235974551764,"{""type"":""Point"",""coordinates"":[75.68402195482535,26.92644542980402]}"
740,18.966531372070335,1300.7762795275592,43.88840825,27.340000000000032,0.01842849067269644,0.5298678414096917,-0.5722564288301341,"{""type"":""Point"",""coordinates"":[75.88546866468118,26.90936056360836]}"
741,18.927716282435824,1882.7221456692914,44.505360859999996,28.83000000000004,0.02029037785192533,0.30529857022708157,-0.37275713924690423,"{""type"":""Point"",""coordinates"":[75.76768784016242,26.937792713184482]}"
742,18.927716282435824,1230.633562992126,39.95084921,28.05000000000001,0.1513264416490223,0.31646058732612053,-0.4330178759200841,"{""type"":""Point"",""coordinates"":[75.84449281115313,26.86933214863052]}"
743,18.927716282435824,1996.3845472440944,41.04632462000001,28.74000000000001,0.05505713476248938,0.18596657579708428,-0.22969153250583754,"{""type"":""Point"",""coordinates"":[75.82691170875758,26.85657967229763]}"
744,18.72016522442857,2230.4667322834644,42.435749750000014,28.730000000000018,0.044035228182546036,0.22852145282436465,-0.2950108459869848,"{""type"":""Point"",""coordinates"":[75.7236979719252,26.91450538306871]}"
745,18.72016522442857,2254.64094488189,44.78222047999998,27.99000000000001,0.07240928407976463,0.1610065466448445,-0.23773173391494,"{""type"":""Point"",""coordinates"":[75.73470606259455,26.861324245770998]}"
746,18.72016522442857,2549.678346456693,48.13700711000001,26.230000000000018,0.0631211388665055,0.21628454363176705,-0.33947772657450076,"{""type"":""Point"",""coordinates"":[75.69875681030912,26.851551342555073]}"
747,18.966531372070335,1370.610433070866,39.49796156000002,28.07000000000005,0.06798051372896369,0.439712673165726,-0.47503066409672334,"{""type"":""Point"",""coordinates"":[75.85037684835706,26.85158594371715]}"
748,19.04254744680304,2414.1232283464565,44.544668090000016,27.650000000000034,0.09588828549262994,0.1359781655132079,-0.20829445308449973,"{""type"":""Point"",""coordinates"":[75.75628367828767,26.815290382185783]}"
749,18.72016522442857,2587.762992125984,41.59662584,25.83000000000004,0.1349973863042342,0.14179748145592547,-0.2900019489378289,"{""type"":""Point"",""coordinates"":[75.67466088553698,26.885688766555194]}"
750,18.72016522442857,2106.857972440945,43.20651326000001,27.110000000000014,-0.015168497347381005,0.4251547256897094,-0.49707988980716256,"{""type"":""Point"",""coordinates"":[75.69727745155211,26.916065527534332]}"
751,18.72016522442857,2856.312696850393,42.26313974000004,27.170000000000016,0.042336586393316014,0.09558232931726908,-0.1689090753277916,"{""type"":""Point"",""coordinates"":[75.69511073891151,26.916507360338645]}"
752,18.473306274414085,2294.4682086614175,46.48439444000002,26.590000000000032,0.09576497520030523,0.21017156862745098,-0.2977768042930676,"{""type"":""Point"",""coordinates"":[75.68381274763694,26.954809504186493]}"
753,18.473306274414085,1783.1389763779528,42.47334797000002,25.99000000000001,0.00676328502415459,0.28660826032540676,-0.3473132372214941,"{""type"":""Point"",""coordinates"":[75.7455145055665,27.02017204368339]}"
754,18.927716282435824,2512.8540354330707,41.377872560000014,28.750000000000057,0.016378730087502805,0.18039849219170706,-0.2562804470341007,"{""type"":""Point"",""coordinates"":[75.79233037541991,26.944827942931262]}"
755,18.927716282435824,1394.254625984252,39.26382719000003,28.680000000000007,-0.016045053660609924,0.5522727272727272,-0.5755478662053056,"{""type"":""Point"",""coordinates"":[75.81376860259094,26.94743296718142]}"
756,18.723017182221326,1705.3220472440944,42.43745876000003,27.010000000000048,0.04316271963330787,0.3469552359188063,-0.41007599211933576,"{""type"":""Point"",""coordinates"":[75.8485489549673,26.988451499315346]}"
757,18.737014770507812,2600.4194881889766,45.12573149000002,25.840000000000032,0.07975120939875605,0.13491860564220576,-0.24576667602207877,"{""type"":""Point"",""coordinates"":[75.90594921250128,26.951416997295112]}"
758,18.473306274414085,2205.1404527559057,45.16674773,24.02000000000004,0.12720928468482137,0.21602198266751216,-0.3151217281975083,"{""type"":""Point"",""coordinates"":[75.67599718816955,27.01141388675261]}"
759,18.966531372070335,2153.108464566929,42.39644252000005,27.840000000000032,0.05138471805138472,0.22121993127147765,-0.2868620572592509,"{""type"":""Point"",""coordinates"":[75.86717762530945,26.86688551691728]}"
760,18.737014770507812,1344.5208661417323,40.05851684000004,26.930000000000007,0.09189563611175249,0.3826683072596238,-0.44171554252199413,"{""type"":""Point"",""coordinates"":[75.86464805952605,27.004442779595696]}"
761,18.737014770507812,1902.5159448818897,46.682639600000016,26.180000000000007,0.10304219823356231,0.3437882871845136,-0.44220907297830375,"{""type"":""Point"",""coordinates"":[75.89096370176217,27.01920484620245]}"
762,18.72016522442857,2425.4618110236215,47.85843848000002,26.010000000000048,0.11128327933511763,0.19296586933913207,-0.306075975571887,"{""type"":""Point"",""coordinates"":[75.67833790277342,26.927063101712815]}"
763,18.966531372070335,2116.1498031496067,42.75704363,27.07000000000005,0.10282691353942801,0.19405940594059407,-0.28769723573377626,"{""type"":""Point"",""coordinates"":[75.89031763197642,26.85173054001161]}"
764,19.04254744680304,2018.6970472440944,43.76023250000003,27.870000000000005,0.06303092082908597,0.2333668791233367,-0.3170149253731343,"{""type"":""Point"",""coordinates"":[75.83032526782414,26.815458961662532]}"
765,18.737014770507812,1305.3186023622047,39.52017869000002,26.440000000000055,0.0640713706407137,0.43659967988618176,-0.48030053142752427,"{""type"":""Point"",""coordinates"":[75.85469131062548,27.000281918886536]}"
766,18.737014770507812,1848.8412401574803,42.72286343000002,26.430000000000007,-0.006778206778206778,0.4472126295017267,-0.4985951468710089,"{""type"":""Point"",""coordinates"":[75.86664889767289,26.970275352625276]}"
767,18.723017182221326,1925.915059055118,42.14009102,24.77000000000004,0.0721790381822841,0.2886463400166093,-0.36956247635859285,"{""type"":""Point"",""coordinates"":[75.82408920301486,27.017041149221935]}"
768,18.723017182221326,1515.6522637795276,37.223269250000044,27.150000000000034,0.09579462591149736,0.41106780982073265,-0.44231994901210964,"{""type"":""Point"",""coordinates"":[75.83941899295822,26.978421206464706]}"
769,18.72016522442857,2571.333858267717,47.66873837000003,26.230000000000018,0.06895552658264523,0.1531353727460303,-0.22570801945265567,"{""type"":""Point"",""coordinates"":[75.70741962105693,26.85823424001961]}"
770,18.927716282435824,1947.767913385827,40.20720071000005,30.200000000000045,-0.05921587766390109,0.47174502712477395,-0.5078740157480315,"{""type"":""Point"",""coordinates"":[75.82391305684766,26.928491486312673]}"
771,18.72016522442857,2368.5902559055116,44.55663116000005,26.77000000000004,0.13452518523553803,0.21674311926605505,-0.36302323091746064,"{""type"":""Point"",""coordinates"":[75.69366825965048,26.907387681472652]}"
772,18.72016522442857,1947.9603346456693,42.91256354000001,27.950000000000045,0.11203554883237213,0.10793912940898903,-0.21989868814131705,"{""type"":""Point"",""coordinates"":[75.71171857686437,26.875412156437243]}"
773,18.723017182221326,2100.2738188976377,44.11399757000004,28.960000000000036,0.08013355592654424,0.11966583878979453,-0.18015230842455973,"{""type"":""Point"",""coordinates"":[75.75504185372512,26.967637152419908]}"
774,18.473306274414085,2371.2457677165353,45.57007409000005,27.29000000000002,0.1267219617742517,0.18207556379966808,-0.3061488673139159,"{""type"":""Point"",""coordinates"":[75.72610698679043,26.970426721076773]}"
775,18.927716282435824,1210.559744094488,41.54535554000006,28.090000000000032,0.11001843884449908,0.3893686432546536,-0.5095913261050876,"{""type"":""Point"",""coordinates"":[75.83077925386169,26.867753884620218]}"
776,18.927716282435824,1874.0543307086614,41.943554870000014,29.460000000000036,0.09461206896551724,0.06085858585858586,-0.1293010752688172,"{""type"":""Point"",""coordinates"":[75.80621303104193,26.93520928189033]}"
777,19.04254744680304,2088.6749015748032,41.52826544000004,28.910000000000025,0.030487259722843094,0.19704161607241416,-0.2562557924003707,"{""type"":""Point"",""coordinates"":[75.77196035296168,26.837773222563385]}"
778,18.737014770507812,2055.396358267716,41.99482517000001,26.410000000000025,-0.015289019704030741,0.37336872373368724,-0.40475113122171946,"{""type"":""Point"",""coordinates"":[75.88409222853826,26.963724707824746]}"
779,18.927716282435824,1889.6355314960629,39.55435889,28.230000000000018,0.06578830232351109,0.26160134647751865,-0.3540645161290323,"{""type"":""Point"",""coordinates"":[75.83287284923406,26.875220400739625]}"
780,18.473306274414085,2181.297933070866,45.44018933000001,25.79000000000002,-0.025940234960182922,0.32383762335944655,-0.40336496980155306,"{""type"":""Point"",""coordinates"":[75.70151059679894,26.97953072725338]}"
781,18.966531372070335,1556.840748031496,44.754876319999994,28.210000000000036,0.13945923968286236,0.2862351868732908,-0.38107667210440455,"{""type"":""Point"",""coordinates"":[75.85325903718164,26.86913041050595]}"
782,18.927716282435824,2251.6429133858264,41.82905119999998,29.650000000000034,0.024113475177304965,0.13169528117610774,-0.19886734916140275,"{""type"":""Point"",""coordinates"":[75.79172767172211,26.919809894289994]}"
783,18.723017182221326,1869.7866141732284,40.85320649000005,25.260000000000048,0.021566820276497697,0.2930572472594397,-0.35650396115512395,"{""type"":""Point"",""coordinates"":[75.80640181013051,27.011801198798555]}"
784,18.966531372070335,2059.7334645669293,43.05270236000001,27.49000000000001,0.004521098459477562,0.3031565103024989,-0.3611906124785346,"{""type"":""Point"",""coordinates"":[75.88025194582954,26.867777907582887]}"
785,18.72016522442857,2014.4824803149604,44.46947165000006,27.99000000000001,0.08955962394854032,0.28836503676041547,-0.3616181549087321,"{""type"":""Point"",""coordinates"":[75.73144226366065,26.86021656710089]}"
786,18.927716282435824,2165.091732283465,42.449421830000006,27.750000000000057,0.0957875457875458,0.0917735515258735,-0.14840660618748547,"{""type"":""Point"",""coordinates"":[75.84149085224564,26.94290998007271]}"
787,18.72016522442857,2044.9411417322833,42.246049640000024,29.27000000000004,-0.0021571094733057704,0.24832064487236902,-0.28589551378157074,"{""type"":""Point"",""coordinates"":[75.73476450663365,26.92161109065771]}"
788,18.473306274414085,1913.6896653543308,46.31007542000003,25.760000000000048,0.12804335517269272,0.2853225229521879,-0.4191679831490258,"{""type"":""Point"",""coordinates"":[75.71101811601882,26.995704276524446]}"
789,18.966531372070335,2244.552854330708,43.15695197000002,28.07000000000005,0.03829438294382944,0.2100701609574907,-0.26967630182959834,"{""type"":""Point"",""coordinates"":[75.8735825448086,26.878622887248973]}"
790,19.159099085190746,2222.9081692913387,47.10647408,26.950000000000045,0.06979916635089049,0.24457513688906915,-0.3553445229681979,"{""type"":""Point"",""coordinates"":[75.88080539609939,26.81113504071964]}"
791,18.737014770507812,1738.4819881889764,43.66965497000001,26.910000000000025,0.00471916350513556,0.35808080808080806,-0.43970017400615713,"{""type"":""Point"",""coordinates"":[75.87646376518904,26.983641951525072]}"
792,18.723017182221326,2576.280708661417,45.351320810000004,28.730000000000018,0.03407830084006974,0.11163808828894564,-0.1581147852527556,"{""type"":""Point"",""coordinates"":[75.75257393463113,26.959897574336566]}"
793,18.927716282435824,2248.5115157480313,44.80272860000002,29.78000000000003,0.07139839459231094,0.1206281227694504,-0.20135548753825974,"{""type"":""Point"",""coordinates"":[75.82317817353287,26.91480490882145]}"
794,18.72016522442857,2647.499212598425,43.12960781000004,28.950000000000045,0.04727587200922456,0.14152491149296262,-0.22192439227285332,"{""type"":""Point"",""coordinates"":[75.72637230216095,26.940763305361223]}"
795,18.927716282435824,2136.067125984252,40.215745760000004,29.350000000000023,0.021284271284271284,0.1886089813800657,-0.23066454978453163,"{""type"":""Point"",""coordinates"":[75.81226897054323,26.895068212208127]}"
796,18.966531372070335,2292.66062992126,43.89011726000001,27.440000000000055,0.09865543495869107,0.1645039765592298,-0.23301939058171744,"{""type"":""Point"",""coordinates"":[75.88653587986751,26.87083156307866]}"
797,19.04254744680304,1693.9081692913387,43.813211809999984,28.390000000000043,-0.053949329359165424,0.4009508716323296,-0.4317721689836685,"{""type"":""Point"",""coordinates"":[75.81753551636143,26.820022950972692]}"
798,18.723017182221326,2140.4362204724407,42.64253996000002,28.870000000000005,0.05034658883619117,0.14179186314288847,-0.19967738218688788,"{""type"":""Point"",""coordinates"":[75.776937679464,26.962599782732326]}"
799,19.159099085190746,2279.6468503937003,46.436542160000045,27.910000000000025,0.10332800465048685,0.2143278882109821,-0.346279729434868,"{""type"":""Point"",""coordinates"":[75.8600423204087,26.840606905190295]}"
800,18.723017182221326,1368.7792322834644,38.631493490000025,25.49000000000001,0.07972365390941989,0.4414290621779457,-0.48085406740779957,"{""type"":""Point"",""coordinates"":[75.81892029637493,27.0056704663814]}"
801,18.723017182221326,1266.8889763779528,39.61930127000005,26.390000000000043,0.09691110587125677,0.41276281814828475,-0.473927265730229,"{""type"":""Point"",""coordinates"":[75.82893385018842,26.99021835752992]}"
802,18.72016522442857,2370.3417322834644,43.82346587000001,27.910000000000025,0.10180703452726686,0.11228771228771228,-0.1830836255445755,"{""type"":""Point"",""coordinates"":[75.7100219263437,26.884695656815648]}"
803,19.04254744680304,2392.3289370078737,43.555151300000034,28.200000000000045,0.06120774532326879,0.11749194257251684,-0.18779196511990034,"{""type"":""Point"",""coordinates"":[75.84236211738607,26.82910335663164]}"
804,18.473306274414085,2647.93375984252,47.16970745000003,25.640000000000043,0.11029460885830716,0.13392933163048107,-0.25819555975436936,"{""type"":""Point"",""coordinates"":[75.67843219843829,26.976040725520388]}"
805,18.91604142622515,2067.9116141732284,45.47607854,24.810000000000002,-0.02391904323827047,0.4205488194001276,-0.47710683477106836,"{""type"":""Point"",""coordinates"":[75.70660991249959,26.81564170392606]}"
806,18.723017182221326,1504.3412401574801,34.62215603000004,25.130000000000052,0.12773929828545474,0.16323440339188372,-0.21762561420193374,"{""type"":""Point"",""coordinates"":[75.82190329135706,27.014392211185726]}"
807,18.927716282435824,1489.5725393700786,43.34152505000003,28.79000000000002,-0.029317310680617426,0.47659384752563533,-0.5199632859109683,"{""type"":""Point"",""coordinates"":[75.84671792006706,26.897623993595186]}"
808,18.966531372070335,1392.849114173228,42.90060047000003,28.000000000000057,0.17456111295130838,0.27533265097236437,-0.3795903303192471,"{""type"":""Point"",""coordinates"":[75.85964176244362,26.8732561178614]}"
809,18.966531372070335,2162.0385826771653,43.767068540000025,27.870000000000005,0.09784836065573771,0.15652364273204902,-0.22220936957779064,"{""type"":""Point"",""coordinates"":[75.88857623271339,26.896513535852762]}"
810,19.159099085190746,2012.0853346456693,45.51196775000005,27.310000000000002,0.030632648164440533,0.35403865489889397,-0.4346590909090909,"{""type"":""Point"",""coordinates"":[75.89417484123753,26.834772407179408]}"
811,18.737014770507812,1797.5986220472441,43.22873039000001,27.07000000000005,0.05749063670411985,0.28803582853486887,-0.3527751646284102,"{""type"":""Point"",""coordinates"":[75.87170164136963,26.955694764759876]}"
812,19.04254744680304,1656.5799212598424,44.32591481000003,28.200000000000045,-0.009477717281710022,0.35005393743257823,-0.41252821670428896,"{""type"":""Point"",""coordinates"":[75.84207908905819,26.824765201385915]}"
813,18.91604142622515,2219.626673228346,47.062039819999995,26.410000000000025,0.06727341676147137,0.25888013102671714,-0.3616031886625332,"{""type"":""Point"",""coordinates"":[75.71390704692766,26.836035142085166]}"
814,18.723017182221326,1599.0410433070867,41.17791839000006,25.710000000000036,0.08400723052040719,0.3889209463358338,-0.4618888551472821,"{""type"":""Point"",""coordinates"":[75.83710590218705,27.020200881437418]}"
815,18.927716282435824,2310.3727362204722,40.48576934000005,28.110000000000014,0.06418830886823591,0.1646308507188412,-0.17325492758357836,"{""type"":""Point"",""coordinates"":[75.82721732915742,26.85359712697235]}"
816,18.723017182221326,2141.6192913385826,44.37205807999999,25.810000000000002,0.16296166637493437,0.18454297745850878,-0.2039274924471299,"{""type"":""Point"",""coordinates"":[75.78903593302353,27.012523786962927]}"
817,18.723017182221326,1423.8353346456693,39.162995600000045,25.710000000000036,0.05196584800252978,0.4662536680795566,-0.5075427422058331,"{""type"":""Point"",""coordinates"":[75.83850584951718,27.019983477267477]}"
818,19.04254744680304,1819.6330708661417,40.89080471,29.33000000000004,0.06785995279307631,0.24579390115667718,-0.29516261273572014,"{""type"":""Point"",""coordinates"":[75.79071315171765,26.817325548444202]}"
819,18.72016522442857,2883.8141732283466,44.64037265000002,26.130000000000052,0.10017112017901804,0.1444835091243931,-0.2211504108610218,"{""type"":""Point"",""coordinates"":[75.68100482929984,26.89791164286633]}"
820,18.927716282435824,2430.9165354330703,40.40031884000001,28.760000000000048,0.04830604636083644,0.13746004068584713,-0.19159732088491982,"{""type"":""Point"",""coordinates"":[75.82903622303338,26.889500991968735]}"
821,18.966531372070335,2225.4047244094486,42.61177778000001,27.440000000000055,0.07595345830639948,0.17112135176651305,-0.25974884335756776,"{""type"":""Point"",""coordinates"":[75.89288502865251,26.873577564161685]}"
822,18.927716282435824,1848.7497047244096,41.753854760000024,29.910000000000025,0.04034014310899098,0.16710808424769832,-0.22602013778484367,"{""type"":""Point"",""coordinates"":[75.7959628589455,26.91437758385262]}"
823,18.927716282435824,2245.700492125984,43.382541290000006,28.610000000000014,0.03109682603455203,0.2351977053882401,-0.2999137559292799,"{""type"":""Point"",""coordinates"":[75.75225461264363,26.855084033590664]}"
824,18.737014770507812,2138.218208661417,43.70896220000003,26.660000000000025,0.0072049689440993785,0.25739458779106356,-0.32610619469026547,"{""type"":""Point"",""coordinates"":[75.88878083251238,26.954623940904714]}"
825,19.04254744680304,2133.09124015748,43.006559089999996,27.650000000000034,0.024829959845939522,0.2777837431547299,-0.32827324478178366,"{""type"":""Point"",""coordinates"":[75.76148940610342,26.81485127776612]}"
826,18.927716282435824,2150.396358267716,41.21722562000002,29.960000000000036,0.058915673135497344,0.16530172413793104,-0.23362993383527264,"{""type"":""Point"",""coordinates"":[75.76532118737136,26.893060868595423]}"
827,18.473306274414085,2085.129625984252,45.819589550000046,26.590000000000032,0.0987389551342541,0.1871186440677966,-0.26380368098159507,"{""type"":""Point"",""coordinates"":[75.7361876955924,26.999704356737386]}"
828,18.91604142622515,2371.784153543307,50.56380131000003,25.890000000000043,0.16693452588917615,0.14833365440184934,-0.30295081967213117,"{""type"":""Point"",""coordinates"":[75.66835292884178,26.836590435299986]}"
829,18.927716282435824,1846.5740157480316,42.384479450000015,30.08000000000004,0.025482625482625483,0.2364972443355787,-0.30270967741935484,"{""type"":""Point"",""coordinates"":[75.80187037808436,26.927588709799892]}"
830,19.04254744680304,2210.8796259842516,43.14327989000003,29.05000000000001,0.018643926093136025,0.22270833333333334,-0.2792066259808195,"{""type"":""Point"",""coordinates"":[75.80269734067171,26.83322067869076]}"
831,18.723017182221326,2360.6768700787397,45.458988439999985,27.470000000000027,0.11825390058828544,0.10680650684931507,-0.14036828757305106,"{""type"":""Point"",""coordinates"":[75.77863738580473,26.993548388257565]}"
832,18.473306274414085,1531.4066929133855,40.808772230000045,26.53000000000003,0.033352837916910474,0.4995461422087746,-0.5209452201933404,"{""type"":""Point"",""coordinates"":[75.73201460178343,27.01216522091837]}"
833,18.473306274414085,2012.4224409448818,45.36328388000004,27.33000000000004,0.11878065872459706,0.15195236459406847,-0.261283851554664,"{""type"":""Point"",""coordinates"":[75.74702420529437,26.987721224654507]}"
834,18.723017182221326,2009.4509842519683,43.917461419999995,28.170000000000016,0.07867534456355284,0.11244655032936554,-0.18357309725808435,"{""type"":""Point"",""coordinates"":[75.773071249446,26.98005556529562]}"
835,18.473306274414085,2148.862893700787,44.38573015999998,29.07000000000005,0.06306956600198502,0.11836295099623048,-0.18973418881759854,"{""type"":""Point"",""coordinates"":[75.74908198995128,26.972509240956843]}"
836,18.91604142622515,2036.9997047244094,47.321809340000016,26.370000000000005,0.08169785486079416,0.17633302151543498,-0.2316356513222331,"{""type"":""Point"",""coordinates"":[75.68030304616876,26.842673396225177]}"
837,18.72016522442857,1997.5307086614173,42.06147656000002,29.27000000000004,-0.036601746138347886,0.37459645997996216,-0.42258064516129035,"{""type"":""Point"",""coordinates"":[75.73964167875369,26.924428257670343]}"
838,19.04254744680304,2009.1896653543308,43.546606250000025,29.340000000000032,0.08633939065183979,0.14360076949190903,-0.248116586390021,"{""type"":""Point"",""coordinates"":[75.8243388805533,26.840595107537677]}"
839,18.723017182221326,2472.771850393701,43.82175686000005,27.05000000000001,0.10424187725631769,0.15844762182667055,-0.23688856579084017,"{""type"":""Point"",""coordinates"":[75.7805179842517,27.00567675183214]}"
840,19.04254744680304,2425.3806102362205,44.968502570000055,28.150000000000034,0.11322332902440879,0.10519332827899924,-0.20425444031391987,"{""type"":""Point"",""coordinates"":[75.76049186367814,26.823346101648287]}"
841,18.91604142622515,2186.9529527559052,46.08448610000005,28.55000000000001,0.09815576893766194,0.22378490175801447,-0.34569024334773707,"{""type"":""Point"",""coordinates"":[75.7488223914766,26.842737942958234]}"
842,18.927716282435824,2093.891929133858,40.64983430000001,29.920000000000016,0.08194885196938585,0.11633185790489162,-0.18065058216300564,"{""type"":""Point"",""coordinates"":[75.78631595491804,26.898132342422997]}"
843,18.966531372070335,1864.7137795275592,45.602545280000015,27.370000000000005,0.061455431754874654,0.3380491437081162,-0.3980809128630705,"{""type"":""Point"",""coordinates"":[75.8732301022079,26.902751126470456]}"
844,18.966531372070335,2326.2191929133855,45.11376842000004,27.430000000000007,0.06698528862668957,0.19013145361021147,-0.3060840476688271,"{""type"":""Point"",""coordinates"":[75.89749922869237,26.91489317478961]}"
845,18.72016522442857,2271.0740157480313,48.35063336000002,26.630000000000052,0.13741323133588326,0.2003942828979793,-0.37604519774011297,"{""type"":""Point"",""coordinates"":[75.7070573432637,26.85944378446963]}"
846,18.723017182221326,1937.4755905511813,43.806375770000045,26.99000000000001,0.05810667608618863,0.2661443494776828,-0.33961316252197943,"{""type"":""Point"",""coordinates"":[75.75688267758984,27.004702738710385]}"
847,18.723017182221326,1321.1601377952757,37.68811997,26.58000000000004,0.039990885268314916,0.4826676051381313,-0.4966252220248668,"{""type"":""Point"",""coordinates"":[75.80576104333305,26.979909499050894]}"
848,18.91604142622515,2361.9258858267717,47.12698220000004,25.720000000000027,0.09939998554182028,0.21198560171222883,-0.3180279305966991,"{""type"":""Point"",""coordinates"":[75.71377872375946,26.821259744897525]}"
849,18.72016522442857,2290.1055118110235,41.35223741000004,29.310000000000002,0.07524353375881761,0.15079945657853486,-0.2024459488971391,"{""type"":""Point"",""coordinates"":[75.744005406028,26.89182162141508]}"
850,18.91604142622515,182.45541338582677,34.526451469999984,24.440000000000055,0.055793991416309016,0.33171912832929784,-0.30952380952380953,"{""type"":""Point"",""coordinates"":[75.68213754049275,26.807306445714097]}"
851,19.159099085190746,2473.3225393700786,44.994137720000026,27.710000000000036,0.08006119326874044,0.2072657743785851,-0.2764581016880623,"{""type"":""Point"",""coordinates"":[75.86599670675685,26.829450938780862]}"
852,18.72016522442857,2675.0257874015747,43.28854574000002,27.55000000000001,0.08445326817348808,0.08144673942455127,-0.12900188323917136,"{""type"":""Point"",""coordinates"":[75.70345430030893,26.928564654965076]}"
853,18.927716282435824,1506.8535433070865,42.656212040000014,29.650000000000034,0.07350187265917603,0.195951050007554,-0.29030154849225753,"{""type"":""Point"",""coordinates"":[75.79009080365145,26.916931662701593]}"
854,18.72016522442857,2410.7280511811023,47.01247853000001,27.690000000000055,0.11161122441803221,0.17310549777117384,-0.3080666873770322,"{""type"":""Point"",""coordinates"":[75.71153174243611,26.868747055349544]}"
855,18.966531372070335,1467.9662401574803,42.271684789999995,28.190000000000055,-0.019701970197019702,0.5749150447945629,-0.602640679031751,"{""type"":""Point"",""coordinates"":[75.86929571815219,26.900042253880645]}"
856,18.723017182221326,2006.7634842519685,44.16526786999998,26.74000000000001,0.07303321293278126,0.2193765210337235,-0.2883555773233746,"{""type"":""Point"",""coordinates"":[75.76577308169138,27.012226958030695]}"
857,18.737014770507812,2013.4239173228348,43.85764606999999,26.27000000000004,0.028623278066485194,0.3450599657338664,-0.41725839451197494,"{""type"":""Point"",""coordinates"":[75.89294587600692,26.984423626584377]}"
858,18.966531372070335,1277.9116141732281,41.87177645000003,28.130000000000052,0.0725590455320185,0.3765811348030358,-0.43925939920649915,"{""type"":""Point"",""coordinates"":[75.85165181739232,26.890047916985512]}"
859,18.91604142622515,2328.291535433071,47.34060844999999,26.510000000000048,0.11463518702887214,0.20452786377708979,-0.33326194045834223,"{""type"":""Point"",""coordinates"":[75.74393801200782,26.81555066998083]}"
860,18.91604142622515,2184.350590551181,44.78734751000002,26.450000000000045,0.03968253968253968,0.30148687124327744,-0.3679893593438262,"{""type"":""Point"",""coordinates"":[75.69714163742981,26.839009981202892]}"
861,18.72016522442857,1516.0951771653545,46.72707386000002,26.310000000000002,0.10964358551034281,0.43654026950799124,-0.5041837571780148,"{""type"":""Point"",""coordinates"":[75.68674355514776,26.947020738393405]}"
862,18.927716282435824,2182.90374015748,42.06831260000001,29.27000000000004,0.07410762819351331,0.11171543565756555,-0.162949476558944,"{""type"":""Point"",""coordinates"":[75.79618429993933,26.856311051806543]}"
863,18.737014770507812,2141.36092519685,40.846370449999995,25.670000000000016,0.06444464143249712,0.15685629727063466,-0.21856598545202632,"{""type"":""Point"",""coordinates"":[75.86883733661925,26.967930309035484]}"
864,18.927716282435824,2034.3860236220473,41.793161990000044,29.710000000000036,0.07047754304988461,0.20271046284598598,-0.27925726850720745,"{""type"":""Point"",""coordinates"":[75.7699060016671,26.871450681664196]}"
865,18.737014770507812,1927.4278543307084,44.94628544,25.950000000000045,0.11068543349712667,0.2794152887610832,-0.3724935732647815,"{""type"":""Point"",""coordinates"":[75.89622285289572,26.983284210969995]}"
866,18.927716282435824,2249.6325787401574,42.76729769000002,28.900000000000034,0.06502029185735256,0.13121604680317592,-0.1973902465995798,"{""type"":""Point"",""coordinates"":[75.84504572613497,26.91989423373486]}"
867,18.72016522442857,2284.633070866142,43.97727677,28.710000000000036,0.08656818962555823,0.09683407239352378,-0.17059211974466212,"{""type"":""Point"",""coordinates"":[75.7396645578585,26.87935965487991]}"
868,18.723017182221326,1648.080905511811,36.31407593000006,26.610000000000014,0.04314242652599849,0.44433385468505615,-0.4439232409381663,"{""type"":""Point"",""coordinates"":[75.81785281018286,26.981202844578064]}"
869,18.737014770507812,1933.0410433070867,44.10203450000006,26.660000000000025,-0.13915194949236415,0.48010198425895134,-0.5146908678389109,"{""type"":""Point"",""coordinates"":[75.89109841971181,26.957049936785925]}"
870,18.966531372070335,2404.4288385826776,45.09496931000001,27.470000000000027,0.11323498857261584,0.1939574785527788,-0.3216350123864575,"{""type"":""Point"",""coordinates"":[75.90081104086671,26.87335368478155]}"
871,18.966531372070335,2123.2034448818895,44.180648959999985,27.870000000000005,0.08363152201048514,0.2013964651974689,-0.2859978979329674,"{""type"":""Point"",""coordinates"":[75.88261661462481,26.893088563734693]}"
872,18.927716282435824,1426.6876968503936,38.98696757000005,28.170000000000016,0.028714925210175782,0.40915571043877713,-0.4655683690280066,"{""type"":""Point"",""coordinates"":[75.83808601543318,26.855541546667855]}"
873,18.927716282435824,2180.717716535433,39.82950950000003,29.670000000000016,-0.06578125,0.40292060880296177,-0.42385972236718505,"{""type"":""Point"",""coordinates"":[75.78511283624228,26.91441751834669]}"
874,18.72016522442857,2208.1291338582673,42.09565676,28.410000000000025,0.07737793546207129,0.15369177141649942,-0.22622656337711913,"{""type"":""Point"",""coordinates"":[75.72644896552411,26.87764603806353]}"
875,19.04254744680304,1835.5095472440944,48.42070277000005,28.83000000000004,0.16378113137672437,0.1536594711968323,-0.2593418851087563,"{""type"":""Point"",""coordinates"":[75.82496580498237,26.825055520899003]}"
876,18.927716282435824,1191.7403543307087,39.386875910000015,28.170000000000016,0.0885523613963039,0.3955590489290627,-0.44879640962872297,"{""type"":""Point"",""coordinates"":[75.8392021593008,26.85200641671669]}"
877,18.723017182221326,1657.9376968503936,37.38220718000002,27.78000000000003,-0.017842129845866417,0.5045567522783762,-0.5020678246484698,"{""type"":""Point"",""coordinates"":[75.81711256114752,26.95574459019265]}"
878,18.927716282435824,1248.0543307086614,39.754313060000015,28.230000000000018,0.06869315461943513,0.44217939214232765,-0.5273797841020609,"{""type"":""Point"",""coordinates"":[75.83760900205996,26.879248240961278]}"
879,18.72016522442857,2155.0528543307087,47.77640600000001,26.100000000000023,0.12725942188071715,0.2727854855923159,-0.4010808270676692,"{""type"":""Point"",""coordinates"":[75.67491385713824,26.923723953689844]}"
880,19.04254744680304,1191.8722440944882,39.74064098000002,28.05000000000001,0.04287163876204972,0.46780781949037153,-0.49455337690631807,"{""type"":""Point"",""coordinates"":[75.83796359871094,26.84595881647778]}"
881,18.72016522442857,1902.573031496063,45.74781113000006,27.810000000000002,0.10556145944031173,0.2148183786384412,-0.3275499474237645,"{""type"":""Point"",""coordinates"":[75.71748600994876,26.87114154777743]}"
882,18.927716282435824,1737.2654527559057,42.751916600000015,29.650000000000034,0.06766362041908981,0.32877252993027234,-0.4106145251396648,"{""type"":""Point"",""coordinates"":[75.79344887505327,26.91843304179184]}"
883,18.473306274414085,2167.6650590551185,48.22587563000002,25.610000000000014,0.04658269359767459,0.29172977885489243,-0.45215120899080485,"{""type"":""Point"",""coordinates"":[75.6727798891894,26.982097699020258]}"
884,18.473306274414085,2183.3437007874018,46.38356285000003,28.690000000000055,0.05063088963424373,0.22962350020686803,-0.33858799684720187,"{""type"":""Point"",""coordinates"":[75.73769997343993,26.96938280529928]}"
885,19.04254744680304,1975.1621062992128,42.18452528,27.890000000000043,0.021753097751262048,0.20565610859728506,-0.290627270525551,"{""type"":""Point"",""coordinates"":[75.83683238773834,26.805522157125598]}"
886,18.966531372070335,1897.73937007874,41.30780315000004,25.690000000000055,-0.04605047525401508,0.46130952380952384,-0.5084485407066052,"{""type"":""Point"",""coordinates"":[75.9057199997598,26.936468734083633]}"
887,18.91604142622515,2204.5292322834644,49.54010432000001,25.79000000000002,0.10062753783684016,0.21844368873774755,-0.36447132616487454,"{""type"":""Point"",""coordinates"":[75.67765465087493,26.831034851046528]}"
888,18.966531372070335,1762.4032480314959,42.121291910000025,27.630000000000052,-0.10014843272505021,0.576379331915426,-0.588702559576346,"{""type"":""Point"",""coordinates"":[75.89381012930149,26.875444302293925]}"
889,18.927716282435824,2883.541535433071,43.201386230000026,29.79000000000002,0.033960662232913545,0.1353733577249293,-0.18144847278705548,"{""type"":""Point"",""coordinates"":[75.76874332931523,26.861485827319967]}"
890,18.723017182221326,1534.0543307086616,45.37695596000003,27.010000000000048,0.13523771474230922,0.30785498489425983,-0.40597596622279963,"{""type"":""Point"",""coordinates"":[75.80110641027777,26.962911321196103]}"
891,18.723017182221326,2151.244291338583,44.751458300000024,25.700000000000045,0.024746387949585,0.2889791772473337,-0.41188251001335113,"{""type"":""Point"",""coordinates"":[75.83174902272425,27.013102909954473]}"
892,18.966531372070335,2097.5809055118107,45.69141380000002,27.340000000000032,0.03443328550932568,0.30426356589147285,-0.38051282051282054,"{""type"":""Point"",""coordinates"":[75.8898688906546,26.914179819823815]}"
893,18.927716282435824,2057.0262795275594,43.13131682000005,28.810000000000002,0.09177546936052607,0.10262640286937406,-0.16432498472816126,"{""type"":""Point"",""coordinates"":[75.76207009188639,26.941957424203633]}"
894,18.737014770507812,1957.2221456692914,45.416263189999995,25.970000000000027,0.04121300104847165,0.3784786641929499,-0.4674731514627824,"{""type"":""Point"",""coordinates"":[75.90102570603433,26.9948338138943]}"
895,18.473306274414085,2251.3313976377954,46.24000601,26.730000000000018,0.08641616396540447,0.28580196399345337,-0.3813186813186813,"{""type"":""Point"",""coordinates"":[75.68879055469608,26.965980076728446]}"
896,18.72016522442857,2514.727559055118,47.63968520000003,26.750000000000057,0.09320591700484357,0.1903084457427614,-0.3695136417556346,"{""type"":""Point"",""coordinates"":[75.69338270966153,26.94499412476819]}"
897,19.04254744680304,2251.078937007874,43.72434328999998,28.730000000000018,0.10429007359540478,0.06453333333333333,-0.12034126627750337,"{""type"":""Point"",""coordinates"":[75.78489351602113,26.82517845978007]}"
898,18.91604142622515,2445.905216535433,46.340837599999986,25.190000000000055,0.07241403960254486,0.20270646028362221,-0.30780084660350737,"{""type"":""Point"",""coordinates"":[75.70021856783704,26.81919815780367]}"
899,18.966531372070335,1182.9047244094486,39.86027167999998,28.210000000000036,0.1346301510110059,0.3408685306365259,-0.46015979270136037,"{""type"":""Point"",""coordinates"":[75.85219848946878,26.87731256314613]}"
900,18.473306274414085,2321.020374015748,44.565176210000004,24.190000000000055,-0.02536475869809203,0.34352941176470586,-0.39808202407671905,"{""type"":""Point"",""coordinates"":[75.6678355450035,27.00308331814447]}"
901,18.723017182221326,2112.480019685039,41.92646477000005,28.350000000000023,0.08464295561069754,0.1355603693991563,-0.19110260703181056,"{""type"":""Point"",""coordinates"":[75.78540108904251,26.95418055648618]}"
902,18.966531372070335,1348.334350393701,39.93375910999998,28.130000000000052,-0.04439746300211417,0.4043478260869565,-0.4414692756608308,"{""type"":""Point"",""coordinates"":[75.8806649643766,26.888602186486924]}"
903,18.91604142622515,2196.319094488189,48.012249380000014,26.410000000000025,0.06847253574115876,0.26649616368286444,-0.37555555555555553,"{""type"":""Point"",""coordinates"":[75.7150591363521,26.836849861977594]}"
904,19.04254744680304,2109.9977362204727,43.379123270000036,29.33000000000004,0.015590592794855985,0.23314575747544963,-0.2815044146313496,"{""type"":""Point"",""coordinates"":[75.81472185381688,26.83864212079425]}"
905,18.723017182221326,2048.690649606299,43.11080870000001,28.960000000000036,0.09339578454332553,0.1352492668621701,-0.19157842895838464,"{""type"":""Point"",""coordinates"":[75.76135023914246,26.96692882949336]}"
906,18.473306274414085,2210.8048228346456,45.89478599000006,27.29000000000002,0.0840588192259858,0.30484627410109433,-0.3871039220031022,"{""type"":""Point"",""coordinates"":[75.72639298521118,26.96985503804794]}"
907,19.159099085190746,2302.8333661417323,47.40725984000005,26.870000000000005,0.08195285703860468,0.224330900243309,-0.34790528233151186,"{""type"":""Point"",""coordinates"":[75.8950828004335,26.831272989638126]}"
908,18.737014770507812,1380.5543307086614,39.00063965000004,25.83000000000004,0.03747276688453159,0.491811581968597,-0.5014443500424809,"{""type"":""Point"",""coordinates"":[75.86283063079833,27.010676712812614]}"
909,18.72016522442857,2414.8387795275594,39.36124075999999,26.55000000000001,0.09385421629347308,0.11915269196822595,-0.1897414512093411,"{""type"":""Point"",""coordinates"":[75.69450707532023,26.87984687571226]}"
910,18.737014770507812,2377.9982283464565,46.08448610000005,25.82000000000005,-0.03145478374836173,0.33641509433962263,-0.3672425441559695,"{""type"":""Point"",""coordinates"":[75.90731289035409,26.983331371803338]}"
911,18.927716282435824,2269.942125984252,41.41547078000002,28.910000000000025,0.08658922914466737,0.08976377952755905,-0.1450634307777165,"{""type"":""Point"",""coordinates"":[75.76448410954204,26.90134194770971]}"
912,18.927716282435824,1964.2260826771653,43.22360336000003,28.940000000000055,0.038048612900455206,0.30384167636786963,-0.36768836243741604,"{""type"":""Point"",""coordinates"":[75.81171685580188,26.87965413426768]}"
913,18.473306274414085,2141.8397637795274,46.54591879999998,24.700000000000045,0.1166238088035093,0.28492849284928495,-0.396127181448721,"{""type"":""Point"",""coordinates"":[75.68309034095134,26.993430346643983]}"
914,19.04254744680304,2267.9854330708663,43.86448211000004,28.27000000000004,0.04285942747481209,0.2141190790140988,-0.2778904665314402,"{""type"":""Point"",""coordinates"":[75.76763999527965,26.83222206461163]}"
915,18.473306274414085,2620.760531496063,48.65312813000003,25.610000000000014,0.08997286201377774,0.13939710751001916,-0.2534023385087215,"{""type"":""Point"",""coordinates"":[75.67686629634794,26.98229779541343]}"
916,18.966531372070335,2166.3067913385826,43.44748367,27.600000000000023,0.06583326568714994,0.22036055143160127,-0.2947794779477948,"{""type"":""Point"",""coordinates"":[75.8604005634288,26.85991042278075]}"
917,18.927716282435824,2088.2610236220476,43.10397266000001,29.27000000000004,-0.0018437814280925244,0.3021786492374728,-0.34662611242536895,"{""type"":""Point"",""coordinates"":[75.76354221594205,26.851490294493665]}"
918,18.473306274414085,2267.8264763779525,44.59422938,25.29000000000002,0.04124912607783733,0.26584615384615384,-0.32895445246042854,"{""type"":""Point"",""coordinates"":[75.689112432755,27.008790878647858]}"
919,18.723017182221326,1345.1719488188978,39.96281227999998,26.410000000000025,0.11786229071959198,0.38678751960955204,-0.4574097820113574,"{""type"":""Point"",""coordinates"":[75.82475083345084,26.991799110744786]}"
920,18.91604142622515,2599.5784448818895,45.07446119000002,26.55000000000001,0.06272520038238105,0.14591387215679225,-0.20860989948795752,"{""type"":""Point"",""coordinates"":[75.72561468459335,26.835916158741107]}"
921,18.927716282435824,2323.9524606299215,41.29071305000002,29.720000000000027,0.07451247551732948,0.09866558835422563,-0.16024340770791076,"{""type"":""Point"",""coordinates"":[75.77844170098777,26.890383797480045]}"
922,18.723017182221326,2224.5897637795274,40.410572900000034,27.32000000000005,0.045710707576706325,0.2762482989636763,-0.35346358792184723,"{""type"":""Point"",""coordinates"":[75.84685401290949,26.96358425605658]}"
923,18.723017182221326,1340.053346456693,38.44350239000005,27.000000000000057,0.08126969833408375,0.4321810844007721,-0.469571480014404,"{""type"":""Point"",""coordinates"":[75.82172596379395,26.97202776384423]}"
924,18.723017182221326,1620.8747047244096,42.791223830000035,27.090000000000032,0.1303600420208194,0.31932773109243695,-0.4013542628501077,"{""type"":""Point"",""coordinates"":[75.84442226609481,26.968240778975613]}"
925,18.473306274414085,2227.2989173228343,45.70166786000004,26.730000000000018,0.07393901776708821,0.22810988784854408,-0.3139586085424923,"{""type"":""Point"",""coordinates"":[75.68581574720713,26.958609618501058]}"
926,18.737014770507812,1951.3062992125983,43.64572883000005,27.07000000000005,0.09938008523827974,0.13584168091864157,-0.19773283524410665,"{""type"":""Point"",""coordinates"":[75.8705626264549,26.954802057769307]}"
927,18.927716282435824,2112.5553149606294,42.76387967000005,28.720000000000027,0.06959349593495935,0.2302730595570845,-0.3286891907581563,"{""type"":""Point"",""coordinates"":[75.76120547304558,26.932744414861318]}"
928,18.966531372070335,1359.3038385826771,44.55834017000001,27.350000000000023,0.0688944341976782,0.46876604483997947,-0.5314061384725196,"{""type"":""Point"",""coordinates"":[75.88090232594219,26.91137817624914]}"
929,18.72016522442857,2389.6404527559052,48.80181200000004,26.310000000000002,0.10358218948778038,0.23653828391983006,-0.3924076963078523,"{""type"":""Point"",""coordinates"":[75.69282870343235,26.946160358069115]}"
930,18.473306274414085,2040.7536417322833,48.0327575,27.110000000000014,0.10813695705722966,0.1914006800482615,-0.3385089340727049,"{""type"":""Point"",""coordinates"":[75.74728317996798,26.998402698754322]}"
931,18.72016522442857,2146.6478346456693,44.63182760000001,27.690000000000055,0.1288384512683578,0.13109425785482123,-0.23389670251743291,"{""type"":""Point"",""coordinates"":[75.72865616493766,26.862792325465993]}"
932,18.966531372070335,1492.5346456692914,38.496481700000004,27.090000000000032,0.037067888379841735,0.4282625482625483,-0.46910246227164415,"{""type"":""Point"",""coordinates"":[75.87573439825265,26.922660631600017]}"
933,18.72016522442857,2128.5887795275594,44.354967980000026,27.390000000000043,0.06528531491530998,0.24362761185865878,-0.31528404489182,"{""type"":""Point"",""coordinates"":[75.71797604166558,26.861393916456937]}"
934,18.966531372070335,2113.6429133858264,48.60185783000003,27.420000000000016,0.1255197905436624,0.21662738375830298,-0.34470100651272945,"{""type"":""Point"",""coordinates"":[75.89001413389802,26.9067329207168]}"
935,18.72016522442857,2226.6689960629924,44.669425820000015,27.55000000000001,0.07732406602953953,0.22171093913407236,-0.3001669449081803,"{""type"":""Point"",""coordinates"":[75.7101738902851,26.9331109978141]}"
936,18.927716282435824,1923.3953740157478,43.999493900000004,28.77000000000004,0.08721710349762948,0.19289221416880992,-0.31038911005522024,"{""type"":""Point"",""coordinates"":[75.77783673513657,26.92347720382495]}"
937,18.737014770507812,1845.705905511811,42.41011460000004,27.07000000000005,0.04609429978888107,0.3333333333333333,-0.39275622912920627,"{""type"":""Point"",""coordinates"":[75.8678103610343,26.953987738976036]}"
938,18.72016522442857,2242.2615157480313,46.815942380000024,26.49000000000001,0.1393401560151721,0.1949523052464229,-0.3704843304843305,"{""type"":""Point"",""coordinates"":[75.67104076737753,26.85012713976912]}"
939,18.723017182221326,1377.3727362204722,42.42036866000001,25.910000000000025,0.12258343233610541,0.3961161711634301,-0.4645754461871282,"{""type"":""Point"",""coordinates"":[75.8306962388936,27.014054355779184]}"
940,18.927716282435824,1944.1498031496062,42.941616710000005,29.810000000000002,0.1023454157782516,0.19355670103092784,-0.23246839654025284,"{""type"":""Point"",""coordinates"":[75.79725410424085,26.871071236900516]}"
941,18.473306274414085,2399.7772637795274,46.95266318000006,25.610000000000014,0.12320957742464192,0.1712517848643503,-0.30145969959805374,"{""type"":""Point"",""coordinates"":[75.67015346087993,26.981273583985317]}"
942,18.737014770507812,1987.6581692913387,47.06033080999998,26.29000000000002,0.09871805340083285,0.29099415204678364,-0.3886023399169707,"{""type"":""Point"",""coordinates"":[75.88840760154557,26.99432401514946]}"
943,18.72016522442857,2370.8924212598426,43.04073929000003,27.99000000000001,0.09715658790548658,0.1116370808678501,-0.1790794979079498,"{""type"":""Point"",""coordinates"":[75.73824289527406,26.86230936347804]}"
944,18.72016522442857,2498.8131889763777,44.27635352000004,25.840000000000032,0.08925156190233328,0.27485275745136534,-0.3844364764027522,"{""type"":""Point"",""coordinates"":[75.67456812000108,26.897323893713512]}"
945,18.473306274414085,2255.7314960629924,46.29982136000001,24.410000000000025,0.04617414248021108,0.24250525109795684,-0.39815212720240656,"{""type"":""Point"",""coordinates"":[75.68107744057197,26.999740683268605]}"
946,18.927716282435824,1282.4514763779525,35.888532440000006,28.170000000000016,-0.031066330814441646,0.5295373665480427,-0.5216852540272615,"{""type"":""Point"",""coordinates"":[75.8395423812606,26.854032451709667]}"
947,18.91604142622515,1983.4022637795274,47.24661290000006,27.000000000000057,0.1060055747951685,0.21306590257879657,-0.32831325301204817,"{""type"":""Point"",""coordinates"":[75.74181066618034,26.825413612926702]}"
948,19.04254744680304,2239.576476377953,46.884302779999985,28.02000000000004,0.14880634581648997,0.13807872730981033,-0.2706364567915291,"{""type"":""Point"",""coordinates"":[75.82609106340418,26.824180000095133]}"
949,18.723017182221326,1693.067125984252,41.48383118000004,27.32000000000005,-0.02626865671641791,0.39303079416531606,-0.41968341362697864,"{""type"":""Point"",""coordinates"":[75.84476504361882,26.961474099161727]}"
950,18.737014770507812,1771.611909448819,43.71408923000001,26.670000000000016,0.021710924660496497,0.44925679138903124,-0.4901185770750988,"{""type"":""Point"",""coordinates"":[75.87276358543279,27.004497478442936]}"
951,18.966531372070335,1395.4416338582676,41.66498624000002,28.130000000000052,-0.017281232801320857,0.48180214846881514,-0.5198158197664857,"{""type"":""Point"",""coordinates"":[75.8792302932804,26.88775730564442]}"
952,19.04254744680304,1853.3043307086612,45.98536352000002,28.02000000000004,0.11897640412097042,0.33032241876803414,-0.4237379162191192,"{""type"":""Point"",""coordinates"":[75.83014721373075,26.82261804288481]}"
953,18.72016522442857,2456.7260826771653,46.06739600000003,27.710000000000036,0.08265511834540432,0.18613631975284803,-0.2625629431713082,"{""type"":""Point"",""coordinates"":[75.70896179459365,26.93525758109345]}"
954,19.159099085190746,2079.7167322834644,44.87621603000002,26.950000000000045,0.0636042402826855,0.31329454858866623,-0.4105531127053923,"{""type"":""Point"",""coordinates"":[75.89997797107098,26.815326761226007]}"
955,19.04254744680304,2069.17687007874,42.23579558000006,27.710000000000036,0.04104721832632071,0.15210065153898,-0.20587889476778365,"{""type"":""Point"",""coordinates"":[75.84304377259622,26.80563674305748]}"
956,18.473306274414085,2081.374212598425,43.391086340000015,25.32000000000005,0.016334785314250155,0.3312980313717233,-0.444266788487894,"{""type"":""Point"",""coordinates"":[75.69865107620195,27.018794065444734]}"
957,18.72016522442857,2249.3250000000003,42.423786680000035,29.190000000000055,0.08808562905772943,0.10199321458863443,-0.1664235214902929,"{""type"":""Point"",""coordinates"":[75.744208129882,26.939400037236407]}"
958,18.927716282435824,2311.139960629921,41.74872773000004,29.760000000000048,0.08777103209019949,0.08076448828606658,-0.14650098103335513,"{""type"":""Point"",""coordinates"":[75.76084936777556,26.88349911250729]}"
959,18.966531372070335,1279.9637795275592,40.29094220000002,27.120000000000005,0.08192426768278162,0.4030937215650591,-0.4713740458015267,"{""type"":""Point"",""coordinates"":[75.86681216557771,26.919687939789988]}"
960,18.927716282435824,1806.9199803149606,42.50411015000003,29.78000000000003,0.0782608695652174,0.12264644351464435,-0.18985587583148558,"{""type"":""Point"",""coordinates"":[75.82433483545884,26.911670524909507]}"
961,18.966531372070335,1459.788090551181,42.06147656000002,28.130000000000052,0.036053924130003134,0.4173325138291334,-0.4841512469831054,"{""type"":""Point"",""coordinates"":[75.85555904260076,26.926881797011948]}"
962,18.723017182221326,1481.4214566929134,44.66600779999999,26.410000000000025,0.13087386644682605,0.3355502771179731,-0.4220198954645085,"{""type"":""Point"",""coordinates"":[75.8190826466844,26.995210577136223]}"
963,18.927716282435824,1934.3791338582678,43.48508189000006,29.560000000000002,0.054797082476154856,0.19395227970706355,-0.2990618172471405,"{""type"":""Point"",""coordinates"":[75.75433414057004,26.886702742445927]}"
964,19.159099085190746,1611.2068897637794,47.19021557000002,27.610000000000014,0.10212596860719253,0.3236672524897481,-0.3990712074303406,"{""type"":""Point"",""coordinates"":[75.8536439523645,26.81154118745826]}"
965,18.927716282435824,2090.6389763779525,42.88692838999998,29.190000000000055,0.0784524449220849,0.15423443634324172,-0.22006165520512214,"{""type"":""Point"",""coordinates"":[75.75279416624196,26.939650041797037]}"
966,18.473306274414085,2329.1931102362205,45.188964860000056,26.210000000000036,0.08550770198050928,0.14482487209759937,-0.23985082578582845,"{""type"":""Point"",""coordinates"":[75.72456431465496,26.996888805631446]}"
967,18.72016522442857,1431.0459645669291,43.13302583000001,27.950000000000045,0.05019958872626104,0.27986960065199673,-0.34383022419989734,"{""type"":""Point"",""coordinates"":[75.72019741055945,26.880425383439317]}"
968,18.966531372070335,1978.3441929133858,50.10407762,27.420000000000016,0.15632834613829358,0.21175513996979906,-0.34693350548741125,"{""type"":""Point"",""coordinates"":[75.8864223979314,26.906520300182805]}"
969,18.72016522442857,2260.6384842519683,44.73949522999999,27.99000000000001,0.08925606767333386,0.20325882598704825,-0.28113879003558717,"{""type"":""Point"",""coordinates"":[75.73022821840185,26.860788992589654]}"
970,18.723017182221326,1860.168996062992,41.12835710000002,27.810000000000002,-0.10599709128240226,0.5301219079180968,-0.5346628679962013,"{""type"":""Point"",""coordinates"":[75.77942283394347,26.966570590720597]}"
971,18.473306274414085,2417.391437007874,46.530537709999976,26.810000000000002,0.08317159082740277,0.20605200945626478,-0.30703012912482064,"{""type"":""Point"",""coordinates"":[75.69190567574334,26.951253902636974]}"
972,18.723017182221326,1697.1438976377951,45.42993526999999,28.05000000000001,0.09231108173606521,0.1455581815654108,-0.22074074074074074,"{""type"":""Point"",""coordinates"":[75.77588594566458,26.98968810502543]}"
973,18.72016522442857,2411.416535433071,45.24878021000001,26.53000000000003,0.0957370460743505,0.21037463976945245,-0.2962962962962963,"{""type"":""Point"",""coordinates"":[75.67606427047295,26.917651926421485]}"
974,19.159099085190746,2343.761515748032,47.63455816999999,27.27000000000004,0.11849439015562795,0.1726528647087145,-0.30427332119524475,"{""type"":""Point"",""coordinates"":[75.85605104486427,26.8094463749538]}"
975,18.473306274414085,2007.092716535433,45.88965896000002,24.940000000000055,0.08238063214525891,0.30231448341684564,-0.3727364185110664,"{""type"":""Point"",""coordinates"":[75.690761469575,27.004254987495777]}"
976,19.04254744680304,2323.236909448819,46.78859822000004,29.150000000000034,0.050141911069063384,0.11566824931811294,-0.1730217737652682,"{""type"":""Point"",""coordinates"":[75.80608805360038,26.828405421501838]}"
977,18.72016522442857,2144.715748031496,41.92988279000002,28.510000000000048,0.051828768246678696,0.23670980853567228,-0.30423011844331643,"{""type"":""Point"",""coordinates"":[75.72840395466704,26.887613529045332]}"
978,18.966531372070335,1879.1345472440946,44.92577732000001,27.07000000000005,0.02820838627700127,0.3566698202459792,-0.45343975674648423,"{""type"":""Point"",""coordinates"":[75.88785114660932,26.85450184485524]}"
979,18.737014770507812,1544.0282480314959,43.32785296999998,26.670000000000016,0.09056566259071479,0.3960018312223409,-0.44017632241813603,"{""type"":""Point"",""coordinates"":[75.87280125660475,27.0026234392807]}"
980,18.473306274414085,2046.970177165354,47.40555083000004,26.590000000000032,0.09808446803600276,0.29718964372648815,-0.4283625730994152,"{""type"":""Point"",""coordinates"":[75.68662060842684,26.95499561002953]}"
981,18.927716282435824,2481.036122047244,41.17791839000006,28.55000000000001,0.07223272249157696,0.0761605185397007,-0.1303564277132559,"{""type"":""Point"",""coordinates"":[75.83701756124452,26.89190711271399]}"
982,18.72016522442857,2218.4662401574806,42.61006877,26.32000000000005,0.09337564458548195,0.20841704557470656,-0.2833239752947782,"{""type"":""Point"",""coordinates"":[75.68238912914323,26.90710185633453]}"
983,18.473306274414085,2238.98937007874,44.00120291000002,24.02000000000004,0.08690546095126248,0.29596833003437856,-0.3777827001882822,"{""type"":""Point"",""coordinates"":[75.67298576911375,27.01280315056941]}"
984,18.927716282435824,1321.2674212598424,39.089508170000045,28.060000000000002,0.12078882497945768,0.31150411486604795,-0.40763014470964104,"{""type"":""Point"",""coordinates"":[75.8298226839726,26.876768786283815]}"
985,18.927716282435824,2323.9524606299215,41.29071305000002,29.720000000000027,0.07451247551732948,0.09866558835422563,-0.16024340770791076,"{""type"":""Point"",""coordinates"":[75.77839470187253,26.89049000789007]}"
986,18.927716282435824,1813.6158464566927,43.60471259000002,29.090000000000032,0.009062291328818086,0.28596187175043325,-0.3672018952355883,"{""type"":""Point"",""coordinates"":[75.75138105053972,26.934702841040497]}"
987,19.159099085190746,2395.0553149606294,43.006559089999996,27.130000000000052,0.03828608667318345,0.18736799758624156,-0.21786672168351556,"{""type"":""Point"",""coordinates"":[75.86919176602537,26.805929323259697]}"
988,18.966531372070335,2167.3978346456693,42.65108501000003,27.470000000000027,0.05382890099327139,0.24572874920902762,-0.32466076034540764,"{""type"":""Point"",""coordinates"":[75.90239930022302,26.87258031641704]}"
989,18.91604142622515,2248.189173228346,45.79908143,27.78000000000003,0.08414497844483475,0.1993727130162049,-0.26874585268745854,"{""type"":""Point"",""coordinates"":[75.75009583284181,26.84048689180527]}"
990,18.723017182221326,1398.768405511811,36.75500051000006,27.000000000000057,0.05177466623249756,0.4574574574574575,-0.48067796610169494,"{""type"":""Point"",""coordinates"":[75.81386480195063,26.971720673116966]}"
991,18.927716282435824,1239.2679133858267,39.79191128000002,27.710000000000036,0.01921673558744831,0.4958263772954925,-0.5047583504385147,"{""type"":""Point"",""coordinates"":[75.83500862295016,26.861208609514755]}"
992,18.966531372070335,1326.5813976377951,42.36397133000003,27.57000000000005,0.03317961984028793,0.4828359496291185,-0.5416068866571019,"{""type"":""Point"",""coordinates"":[75.90432812399204,26.8954464724901]}"
993,18.91604142622515,1846.0818897637794,48.73174259000001,25.80000000000001,0.1653179190751445,0.30056613484302624,-0.42286036036036034,"{""type"":""Point"",""coordinates"":[75.69442549970925,26.829134889670524]}"
994,18.927716282435824,2430.7364173228343,42.69722827999999,28.83000000000004,0.06386471843703825,0.11225982639227543,-0.16581476180740135,"{""type"":""Point"",""coordinates"":[75.76426980330754,26.934342041181136]}"
995,18.927716282435824,1778.9352362204725,41.880321500000036,29.470000000000027,0.08250053157559005,0.14882854100106496,-0.21600676342116387,"{""type"":""Point"",""coordinates"":[75.83378281737758,26.9165178134011]}"
996,18.966531372070335,2405.165551181102,45.51196775000005,27.930000000000007,0.1045159341489201,0.15959319381967535,-0.24271641165374136,"{""type"":""Point"",""coordinates"":[75.87720112540728,26.89485434758344]}"
997,18.72016522442857,2165.542519685039,41.51801138000002,29.310000000000002,0.07813033094506994,0.15433087685570865,-0.2347766480063978,"{""type"":""Point"",""coordinates"":[75.74261261712313,26.88454107110096]}"
998,18.72016522442857,2223.017421259842,41.524847420000015,28.060000000000002,0.08832452110600676,0.11113458694274245,-0.18552750225428313,"{""type"":""Point"",""coordinates"":[75.7157897513283,26.900129794021552]}"
999,18.723017182221326,1801.5804133858267,40.97112818000005,25.260000000000048,-0.07904139433551198,0.4952300446805941,-0.5250646631358542,"{""type"":""Point"",""coordinates"":[75.81249822678191,27.0138939837875]}"
