system:index,Air_Temp_Baseline,Albedo,LST_Day,LST_Night,NDBI,NDVI,NDWI,.geo
0,23.048980712890625,414.022342519685,31.021271960000036,26.05000000000001,-0.38011695906432746,0.10913838120104438,-0.012392755004766444,"{""type"":""Point"",""coordinates"":[88.44442847627569,22.548712635264064]}"
1,23.161115558330835,1326.3215551181104,34.17097739000002,25.970000000000027,-0.165104922792662,0.44721311475409836,-0.4413061224489796,"{""type"":""Point"",""coordinates"":[88.46471929479902,22.4713607402518]}"
2,23.057418169294124,1149.5784448818897,39.67398959000002,27.630000000000052,0.025416869030273594,0.2399588053553038,-0.28440366972477066,"{""type"":""Point"",""coordinates"":[88.345063257593,22.508485257851515]}"
3,23.161115558330835,1422.045964566929,34.69051643,25.83000000000004,-0.1761723700887199,0.6002508230130115,-0.5109532267613973,"{""type"":""Point"",""coordinates"":[88.46413429684888,22.485399510718885]}"
4,22.913776430876396,433.332874015748,31.069124240000008,26.210000000000036,-0.319672131147541,-0.36237623762376237,0.4495726495726496,"{""type"":""Point"",""coordinates"":[88.35631396450032,22.662600405054665]}"
5,22.913776430876396,1231.711811023622,37.68299294000002,27.340000000000032,0.05588652482269504,0.28098537336412627,-0.3317326930772309,"{""type"":""Point"",""coordinates"":[88.44124543712755,22.67887183535197]}"
6,23.043636113947116,1311.561220472441,47.28079309999998,25.870000000000005,0.12324929971988796,0.11865618298784847,-0.22648902821316613,"{""type"":""Point"",""coordinates"":[88.35477268869832,22.609898837311146]}"
7,22.791960652669275,1449.9214566929134,34.83578227999999,26.190000000000055,-0.18102697998259357,0.6314998497144575,-0.5978804827789226,"{""type"":""Point"",""coordinates"":[88.27567794811132,22.65624833142426]}"
8,23.03531081255744,1167.9864173228345,38.13758960000001,26.370000000000005,-0.0011757789535567313,0.3744955609362389,-0.3993426458504519,"{""type"":""Point"",""coordinates"":[88.2743006672301,22.628123842982646]}"
9,23.03531081255744,1148.703937007874,42.02729636000004,25.900000000000034,0.0886512590548465,0.08634868421052631,-0.16131868131868132,"{""type"":""Point"",""coordinates"":[88.3438796230769,22.601936100290935]}"
10,23.043636113947116,515.1020669291339,31.052034140000046,26.640000000000043,-0.36746666666666666,0.12357581069237511,0.019502868068833654,"{""type"":""Point"",""coordinates"":[88.43918608869785,22.551892750601258]}"
11,23.043636113947116,1177.5277559055119,38.42812130000004,27.430000000000007,0.05971128608923885,0.15192926045016078,-0.21081537811575835,"{""type"":""Point"",""coordinates"":[88.40589951670749,22.61582849138157]}"
12,23.033502197265648,1429.578937007874,39.69449771000001,26.230000000000018,0.09165080228447103,0.102856199438666,-0.16620111731843576,"{""type"":""Point"",""coordinates"":[88.47933329411181,22.572662527762873]}"
13,22.791960652669275,546.7895669291338,31.51004882000001,26.370000000000005,-0.3968253968253968,0.08809891808346214,0.018815331010452963,"{""type"":""Point"",""coordinates"":[88.29845530868909,22.664038309659354]}"
14,23.057418169294124,1203.1665354330707,37.55823521000002,26.670000000000016,-0.05144404332129964,0.3457835964574509,-0.35833657209483094,"{""type"":""Point"",""coordinates"":[88.31868023702597,22.469061464797473]}"
15,23.161115558330835,1204.7541338582676,34.78793000000002,25.82000000000005,-0.10295790671217292,0.4863932541203526,-0.4378939562476826,"{""type"":""Point"",""coordinates"":[88.45150658013108,22.493499204129463]}"
16,23.043636113947116,842.838779527559,38.216204059999995,26.420000000000016,-0.04861693210393965,0.3694581280788177,-0.35756918068366794,"{""type"":""Point"",""coordinates"":[88.3771337881019,22.649948795943168]}"
17,22.791960652669275,1077.084842519685,36.15855601999999,26.250000000000057,-0.032520325203252036,0.4282006920415225,-0.4251186879585671,"{""type"":""Point"",""coordinates"":[88.27135825486077,22.67946709990009]}"
18,23.057418169294124,1130.222637795276,35.79111886999999,25.58000000000004,-0.15007473841554558,0.5587520259319287,-0.4974698326196964,"{""type"":""Point"",""coordinates"":[88.2660154549044,22.481937881315393]}"
19,23.057418169294124,1291.9209645669291,37.73597225000003,26.910000000000025,0.002331002331002331,0.43878273177636234,-0.4467176658957481,"{""type"":""Point"",""coordinates"":[88.31088120982498,22.51316233200443]}"
20,23.033502197265648,1447.5198818897638,35.52622231999999,26.370000000000005,-0.007543611504007544,0.34444793960364894,-0.3845157110463233,"{""type"":""Point"",""coordinates"":[88.465178361326,22.624627776548845]}"
21,23.03531081255744,1119.1458661417323,35.772319760000016,26.150000000000034,-0.14237478897017444,0.6098334655035687,-0.524024024024024,"{""type"":""Point"",""coordinates"":[88.29698303444988,22.639229416553707]}"
22,23.043636113947116,798.7698818897638,36.41490752000004,27.630000000000052,-0.10495049504950495,0.26244343891402716,-0.2725199543899658,"{""type"":""Point"",""coordinates"":[88.41335064985506,22.604258767289807]}"
23,23.043636113947116,1046.2482283464567,36.63024278,27.310000000000002,-0.03562005277044855,0.39493558418480673,-0.4106019766397125,"{""type"":""Point"",""coordinates"":[88.40852840614201,22.625949000214607]}"
24,22.791960652669275,1283.0316929133858,36.36021920000002,26.250000000000057,-0.012054507337526206,0.41880969875091845,-0.4219440353460972,"{""type"":""Point"",""coordinates"":[88.27301389563506,22.673078343855718]}"
25,23.043636113947116,663.6635826771654,30.342794990000016,26.310000000000002,-0.6541122213681784,0.34963938538726874,-0.1112832429641105,"{""type"":""Point"",""coordinates"":[88.42903398915844,22.55519272505575]}"
26,23.057418169294124,1491.1138779527557,36.850705070000004,26.150000000000034,-0.15611717403790926,0.5227719776062945,-0.5002981514609421,"{""type"":""Point"",""coordinates"":[88.25844807541557,22.544864183721867]}"
27,23.048980712890625,1245.561220472441,39.01431173000003,27.440000000000055,-0.024587792884003472,0.3248550589115392,-0.3490763664063988,"{""type"":""Point"",""coordinates"":[88.36068383881977,22.46513156315567]}"
28,23.043636113947116,1260.040551181102,37.11901964000003,26.970000000000027,0.05510031082226618,0.2459016393442623,-0.30218068535825543,"{""type"":""Point"",""coordinates"":[88.4001121516709,22.63854353372098]}"
29,23.043636113947116,1165.825,41.63422406000001,27.250000000000057,0.12199747155499367,0.17463002114164905,-0.22811671087533156,"{""type"":""Point"",""coordinates"":[88.38601377607874,22.62821557837808]}"
30,23.161115558330835,727.2861220472439,33.37799675000002,26.450000000000045,-0.46330447873541586,0.15852205005959474,-0.05422993492407809,"{""type"":""Point"",""coordinates"":[88.46767823196532,22.52938974415355]}"
31,23.043636113947116,1211.0494094488188,45.14453060000005,26.78000000000003,0.14093959731543623,0.11613158937772493,-0.21066208082545143,"{""type"":""Point"",""coordinates"":[88.37774280493566,22.619027019841962]}"
32,23.048980712890625,1095.7541338582678,32.93194514000004,26.150000000000034,-0.0013089005235602095,0.2916842549598987,-0.2925026399155227,"{""type"":""Point"",""coordinates"":[88.4299914374674,22.51601374871176]}"
33,23.03531081255744,1287.467716535433,39.60904721000003,26.840000000000032,0.02802241793434748,0.3224400871459695,-0.3795454545454545,"{""type"":""Point"",""coordinates"":[88.29584544691407,22.58280036364348]}"
34,23.043636113947116,700.9992125984252,29.930923580000012,26.49000000000001,-0.7293934681181959,0.33213536987121894,-0.15803176256183285,"{""type"":""Point"",""coordinates"":[88.4325953375462,22.553449134043632]}"
35,23.048980712890625,1166.057283464567,40.97454620000002,27.460000000000036,0.08767926988265971,0.14972273567467653,-0.21221307925508878,"{""type"":""Point"",""coordinates"":[88.37899915074442,22.53536171124323]}"
36,23.03531081255744,1635.3683070866139,38.27601941,26.470000000000027,0.019262295081967213,0.35388967468175386,-0.39370995923121727,"{""type"":""Point"",""coordinates"":[88.25584048551286,22.613436353610126]}"
37,23.048980712890625,1091.334842519685,38.83657469000002,26.940000000000055,-0.008460236886632826,0.26458731169106725,-0.29368352507054485,"{""type"":""Point"",""coordinates"":[88.38201909230561,22.51306934636778]}"
38,23.03531081255744,1243.2851377952754,37.585579370000005,25.650000000000034,-0.04184283423239539,0.3404614518851998,-0.37396654489521247,"{""type"":""Point"",""coordinates"":[88.33723933795972,22.555643425467732]}"
39,23.048980712890625,1284.438188976378,38.34267080000001,25.80000000000001,-0.09287193138124815,0.3399818676337262,-0.33033303330333036,"{""type"":""Point"",""coordinates"":[88.41780075100925,22.53217799201922]}"
40,23.048980712890625,1241.4135826771653,38.68447279999998,27.260000000000048,0.12896275777162203,0.11132927547614373,-0.17330016583747926,"{""type"":""Point"",""coordinates"":[88.3640002411414,22.500766700144254]}"
41,22.913776430876396,1097.348622047244,40.28410616000002,26.370000000000005,0.06451612903225806,0.19896640826873385,-0.2694938440492476,"{""type"":""Point"",""coordinates"":[88.36743503724584,22.670505275801442]}"
42,23.057418169294124,1060.370275590551,36.61657070000001,26.28000000000003,-0.08049242424242424,0.48278102664067574,-0.4665809768637532,"{""type"":""Point"",""coordinates"":[88.27792667065837,22.520669404247453]}"
43,23.057418169294124,1462.563188976378,35.254489730000046,25.58000000000004,-0.18390277459298326,0.5842282908867751,-0.5239079102715466,"{""type"":""Point"",""coordinates"":[88.26079792721819,22.48221865639119]}"
44,22.913776430876396,1202.9096456692914,37.016479040000036,27.110000000000014,-0.2021336327905671,0.5865135235272323,-0.5243859024563902,"{""type"":""Point"",""coordinates"":[88.41729512086562,22.667139312512226]}"
45,23.057418169294124,1188.1498031496062,34.998138229999995,25.83000000000004,-0.14608307778087537,0.5738897396630934,-0.5116749402463688,"{""type"":""Point"",""coordinates"":[88.2618782485344,22.5005418082871]}"
46,23.03531081255744,806.6389763779526,35.215182500000026,26.07000000000005,-0.24526714345814052,0.5956873315363881,-0.4748380667663179,"{""type"":""Point"",""coordinates"":[88.30400991189912,22.62624110784247]}"
47,23.043636113947116,1086.3200787401574,39.73038692,27.460000000000036,0.09109243697478991,0.18285214348206474,-0.24780802953391787,"{""type"":""Point"",""coordinates"":[88.41438883067141,22.638374056977472]}"
48,23.033502197265648,935.1970472440944,36.06285146000005,26.29000000000002,-0.046661880832735106,0.43222003929273084,-0.42731277533039647,"{""type"":""Point"",""coordinates"":[88.46954994552907,22.63574470416478]}"
49,23.057418169294124,1151.4942913385826,38.55629705000001,25.79000000000002,0.030628354910009474,0.26780920916787115,-0.28883291351805207,"{""type"":""Point"",""coordinates"":[88.29026826874737,22.513102078525595]}"
50,23.048980712890625,1181.0503937007875,38.76137825000001,27.190000000000055,0.04662885948330183,0.21258264876778202,-0.262148070907195,"{""type"":""Point"",""coordinates"":[88.36975335658131,22.4712693729326]}"
51,23.03531081255744,1207.9258858267717,38.583641209999996,26.77000000000004,-0.051034072310668054,0.3595073133179369,-0.365024154589372,"{""type"":""Point"",""coordinates"":[88.28208278597369,22.575872739626824]}"
52,23.048980712890625,988.1916338582677,33.620676170000024,25.750000000000057,-0.21235808672994602,0.47542468856172143,-0.41424229266174556,"{""type"":""Point"",""coordinates"":[88.4363467063393,22.490227959194453]}"
53,23.057418169294124,553.2698818897638,36.37901830999999,25.950000000000045,7.980845969672786E-4,0.09680245291283399,-0.029605263157894735,"{""type"":""Point"",""coordinates"":[88.28440524109577,22.48154562654471]}"
54,23.03531081255744,1002.8692913385826,42.234086570000045,27.07000000000005,0.09494361586031284,0.168075117370892,-0.23904382470119523,"{""type"":""Point"",""coordinates"":[88.29966647434114,22.602242897752966]}"
55,23.043636113947116,1131.5425196850392,40.20207368000001,27.350000000000023,0.040079496522027164,0.20049710024855014,-0.25129533678756477,"{""type"":""Point"",""coordinates"":[88.38434721072622,22.623580755595164]}"
56,23.048980712890625,1357.6788385826771,41.572699700000044,27.460000000000036,0.10394822006472491,0.19633598340822675,-0.306777421181801,"{""type"":""Point"",""coordinates"":[88.37483758836414,22.537753775673053]}"
57,23.03531081255744,1131.8811023622047,39.050200940000025,26.53000000000003,0.06546695625193918,0.2692793931731985,-0.32395604395604394,"{""type"":""Point"",""coordinates"":[88.28763470446131,22.629486092292595]}"
58,22.913776430876396,1384.846653543307,38.985258560000034,26.630000000000052,0.056775575790037495,0.2,-0.25875625446747674,"{""type"":""Point"",""coordinates"":[88.35056693427586,22.67725023626295]}"
59,23.043636113947116,1077.1965551181104,40.692559550000055,26.99000000000001,0.09024672959099189,0.2056177309633531,-0.26706642066420666,"{""type"":""Point"",""coordinates"":[88.38183404882868,22.56061020953317]}"
60,23.057418169294124,1435.9411417322833,36.833614969999985,25.730000000000018,-0.06340624231998034,0.4099055066797002,-0.3915420485608619,"{""type"":""Point"",""coordinates"":[88.26990906642465,22.483691552208587]}"
61,23.043636113947116,1283.7511811023621,38.95449638000002,27.560000000000002,0.06226897924367358,0.21205439176773244,-0.26263399693721284,"{""type"":""Point"",""coordinates"":[88.4089208853881,22.61646324977073]}"
62,23.043636113947116,1271.628149606299,39.03994688,27.590000000000032,0.05491990846681922,0.23283582089552238,-0.2911293474013286,"{""type"":""Point"",""coordinates"":[88.42557843298064,22.591554086099293]}"
63,22.791960652669275,1688.6665354330707,36.14146592000003,26.03000000000003,0.0019996364297400473,0.43943366544310436,-0.5356643356643357,"{""type"":""Point"",""coordinates"":[88.25733503639,22.677318462359544]}"
64,23.03531081255744,1184.6547244094488,34.48714424000002,25.77000000000004,-0.11442786069651742,0.5762962962962963,-0.5298346513299784,"{""type"":""Point"",""coordinates"":[88.30911166877507,22.64006245856011]}"
65,23.161115558330835,1506.928346456693,32.186816780000015,26.410000000000025,-0.4054472984942427,0.7470410129369667,-0.6737869198312236,"{""type"":""Point"",""coordinates"":[88.4558694443396,22.54700737889326]}"
66,22.791960652669275,919.2748031496063,36.459341780000045,26.500000000000057,-0.1464627151051625,0.4539282250242483,-0.4188357785139612,"{""type"":""Point"",""coordinates"":[88.30661066761199,22.661997535979552]}"
67,23.03531081255744,1224.5041338582678,36.18760918999999,24.610000000000014,-0.07243624525230602,0.48860854829598943,-0.4665182711927286,"{""type"":""Point"",""coordinates"":[88.25305506659532,22.57465200120347]}"
68,22.913776430876396,1128.868307086614,38.31874465999999,27.470000000000027,-0.012939001848428836,0.34478527607361964,-0.3643153526970954,"{""type"":""Point"",""coordinates"":[88.4131029221641,22.661951973259338]}"
69,22.913776430876396,1202.9027559055119,38.643456560000004,27.05000000000001,-0.027886056971514243,0.3114001530221882,-0.3374951229028482,"{""type"":""Point"",""coordinates"":[88.3852695937177,22.659289092331093]}"
70,22.913776430876396,1388.5651574803148,43.69870814000001,25.970000000000027,0.11550976138828634,0.13618948101706724,-0.23001508295625941,"{""type"":""Point"",""coordinates"":[88.36640602603889,22.677056765647574]}"
71,23.048980712890625,1245.6822834645668,38.85708281000001,26.670000000000016,0.03265799818566677,0.21519468186134852,-0.258705488884517,"{""type"":""Point"",""coordinates"":[88.38024119834017,22.502489705973375]}"
72,23.048980712890625,1262.6808070866143,38.359760900000026,26.940000000000055,-0.03402305235383975,0.3672420124862284,-0.38144712430426714,"{""type"":""Point"",""coordinates"":[88.3849546562958,22.51572214065174]}"
73,23.057418169294124,1179.375688976378,39.395420960000024,27.510000000000048,0.029153169828782972,0.2671632776323737,-0.3025662251655629,"{""type"":""Point"",""coordinates"":[88.30979268691023,22.50186660196935]}"
74,23.057418169294124,1239.8756889763781,37.70350106000001,26.350000000000023,0.02743947175348496,0.28699029126213593,-0.3083300434267667,"{""type"":""Point"",""coordinates"":[88.26764788795312,22.525938257639364]}"
75,22.90174532803627,1277.4214566929134,35.99449106000003,26.110000000000014,0.010198604401502952,0.33236994219653176,-0.37202380952380953,"{""type"":""Point"",""coordinates"":[88.47266925613897,22.657809857765816]}"
76,23.043636113947116,1060.6675196850395,40.02946367000004,26.79000000000002,0.048642932675361295,0.20276292335115864,-0.2389258664218499,"{""type"":""Point"",""coordinates"":[88.3939095934903,22.565088710116726]}"
77,23.161115558330835,1228.0562992125983,33.74543390000002,25.970000000000027,-0.2021952628538417,0.45753808439852917,-0.4401384083044983,"{""type"":""Point"",""coordinates"":[88.46556157123422,22.471864106436463]}"
78,23.043636113947116,1200.789566929134,41.111267,26.810000000000002,0.0920666013712047,0.11597110754414125,-0.17689377909437157,"{""type"":""Point"",""coordinates"":[88.35931622724118,22.55319384141345]}"
79,23.043636113947116,1210.6753937007875,41.05657868000003,26.850000000000023,0.08466257668711656,0.16927899686520376,-0.21845651286239282,"{""type"":""Point"",""coordinates"":[88.37325503425052,22.63178036956521]}"
80,23.048980712890625,613.8747047244094,34.65120920000004,26.230000000000018,-0.1635157545605307,0.3183013904547163,-0.21552321552321552,"{""type"":""Point"",""coordinates"":[88.3906844000303,22.47512231275541]}"
81,23.03531081255744,1084.205905511811,34.476890180000055,26.110000000000014,-0.04747505291805262,0.5409252669039146,-0.47844643619291505,"{""type"":""Point"",""coordinates"":[88.26674562855999,22.630888086606554]}"
82,23.03531081255744,1403.909153543307,39.56973998000001,26.03000000000003,0.030652722683014784,0.3254437869822485,-0.3810584004110293,"{""type"":""Point"",""coordinates"":[88.31755156120181,22.55850922271586]}"
83,23.03531081255744,1371.836811023622,34.49056226000005,26.110000000000014,-0.08132260947274352,0.5775749674054759,-0.5542710340398201,"{""type"":""Point"",""coordinates"":[88.26987903617132,22.631763342652697]}"
84,23.057418169294124,1222.34468503937,36.68493110000003,26.250000000000057,-0.08111968009140245,0.4218632607062359,-0.4191976002999625,"{""type"":""Point"",""coordinates"":[88.26732086843136,22.51638939739679]}"
85,23.03531081255744,1159.8289370078742,37.29333866000002,26.57000000000005,0.06429883649724434,0.24989775051124744,-0.304867634500427,"{""type"":""Point"",""coordinates"":[88.26277447896729,22.614487677316205]}"
86,22.791960652669275,922.9903543307088,35.34164924000004,26.230000000000018,-0.0918958031837916,0.5037369207772795,-0.4629180804653417,"{""type"":""Point"",""coordinates"":[88.26867409931859,22.658027216596835]}"
87,23.03531081255744,1112.2816929133858,38.851955780000026,25.730000000000018,0.058823529411764705,0.2072912250953794,-0.25241864555848725,"{""type"":""Point"",""coordinates"":[88.33983243931603,22.649558421396645]}"
88,23.161115558330835,812.8722440944881,32.81573246000005,25.960000000000036,-0.34375,0.295112285336856,-0.22672672672672672,"{""type"":""Point"",""coordinates"":[88.47147432717263,22.46672329035492]}"
89,23.048980712890625,1953.238877952756,35.73130351999998,26.230000000000018,-0.4215812516095802,0.7688528092287973,-0.6941176470588235,"{""type"":""Point"",""coordinates"":[88.40029132292227,22.48263036556648]}"
90,23.043636113947116,1046.8437007874015,42.95357978000004,26.310000000000002,0.10662299854439593,0.11388384754990925,-0.18685037466763355,"{""type"":""Point"",""coordinates"":[88.35443085587407,22.585402049051993]}"
91,22.90174532803627,1156.1507874015747,34.38460364000002,26.140000000000043,-0.002027222704894295,0.379035472299721,-0.40308191403081917,"{""type"":""Point"",""coordinates"":[88.47703363582481,22.670673778013168]}"
92,23.161115558330835,1348.1798228346456,34.65462722000001,25.910000000000025,-0.07196383965742834,0.5391972672929121,-0.5002497086732146,"{""type"":""Point"",""coordinates"":[88.4564438410507,22.476091169941427]}"
93,23.043636113947116,970.7688976377952,41.79487100000006,26.810000000000002,0.10550635348479014,0.16528718334587408,-0.20706677058976358,"{""type"":""Point"",""coordinates"":[88.36347558349034,22.557256946418796]}"
94,23.057418169294124,1477.2201771653545,35.91929462000002,25.190000000000055,-0.16443707825263407,0.4957420924574209,-0.4543841490462812,"{""type"":""Point"",""coordinates"":[88.27101830864696,22.492274675278356]}"
95,23.057418169294124,496.3294291338583,31.115267510000024,26.460000000000036,-0.35278514588859416,-0.32717678100263853,0.39763779527559057,"{""type"":""Point"",""coordinates"":[88.31317807779745,22.548249215071543]}"
96,22.791960652669275,1196.2127952755905,38.84511974000003,25.860000000000014,0.027827116637063352,0.3000791765637371,-0.3263327948303716,"{""type"":""Point"",""coordinates"":[88.33655189231757,22.65029971530361]}"
97,23.057418169294124,1042.313188976378,38.06068415000004,26.150000000000034,0.031125827814569535,0.32218707636692273,-0.34994232987312573,"{""type"":""Point"",""coordinates"":[88.25826657197173,22.542249219712286]}"
98,23.048980712890625,1385.9603346456693,38.829738650000024,25.960000000000036,-0.07471044928089601,0.36127680154763825,-0.4553602206135815,"{""type"":""Point"",""coordinates"":[88.43566170784476,22.527963816243137]}"
99,23.057418169294124,1153.3594488188976,41.572699700000044,26.930000000000007,0.04570150207734101,0.22678718159408381,-0.27989712816116585,"{""type"":""Point"",""coordinates"":[88.29038703898917,22.538313707697622]}"
100,23.057418169294124,1459.4593503937008,36.536247230000015,25.630000000000052,-0.18115333892818608,0.5288640595903166,-0.5002284148012791,"{""type"":""Point"",""coordinates"":[88.2799759992751,22.495364975640413]}"
101,23.043636113947116,1115.273818897638,39.610756219999985,27.350000000000023,0.13465346534653466,0.15303430079155672,-0.21220527045769763,"{""type"":""Point"",""coordinates"":[88.39004947275637,22.629182193987276]}"
102,23.057418169294124,1919.0184055118111,38.24183921000002,27.470000000000027,-0.20888090768100565,0.7089776136625894,-0.6551184622261959,"{""type"":""Point"",""coordinates"":[88.31111762560799,22.48431193633227]}"
103,22.913776430876396,1228.715748031496,41.39496266000003,26.420000000000016,0.08249387421726109,0.29865125240847784,-0.385121249486231,"{""type"":""Point"",""coordinates"":[88.38103537960863,22.67851593746463]}"
104,22.791960652669275,1059.7600393700789,34.86996248000003,26.370000000000005,-0.07642487046632124,0.43214131839724257,-0.4072819644369179,"{""type"":""Point"",""coordinates"":[88.29497296267593,22.664855671497033]}"
105,22.913776430876396,1242.301377952756,38.12733553999999,27.05000000000001,-0.024677509814918678,0.35534124629080116,-0.38147448015122876,"{""type"":""Point"",""coordinates"":[88.41593048776929,22.67596095403131]}"
106,23.03531081255744,1218.291535433071,40.9061858,26.840000000000032,0.06692406692406692,0.13591852722287504,-0.2018234562784915,"{""type"":""Point"",""coordinates"":[88.29851802565206,22.577701918152037]}"
107,23.16039619445803,1275.2600393700789,36.83703299000001,25.670000000000016,-0.14028969957081544,0.49551451187335094,-0.4947257383966245,"{""type"":""Point"",""coordinates"":[88.24851269612775,22.54955062009835]}"
108,23.057418169294124,1442.4947834645668,35.69712332000006,27.470000000000027,-0.07027636773829667,0.49276274386406543,-0.4960580258593504,"{""type"":""Point"",""coordinates"":[88.3265933272967,22.484160066025083]}"
109,22.90174532803627,1643.0937007874015,34.924650799999995,26.250000000000057,0.1163875344498622,0.16750700280112044,-0.29723000311235603,"{""type"":""Point"",""coordinates"":[88.46582964469434,22.662141365499576]}"
110,23.03531081255744,1061.754625984252,36.17564612000001,26.80000000000001,-0.031551414091875105,0.3822562979189485,-0.3963266209338349,"{""type"":""Point"",""coordinates"":[88.28559434464921,22.560790006604197]}"
111,23.043636113947116,1027.215748031496,40.16276645000005,26.650000000000034,-0.026912181303116147,0.3172836702248467,-0.33180252583237657,"{""type"":""Point"",""coordinates"":[88.3899310016725,22.557022545589486]}"
112,23.057418169294124,1269.0400590551183,39.12539737999998,27.470000000000027,0.07357335989753806,0.22506586375611592,-0.2692532657438097,"{""type"":""Point"",""coordinates"":[88.33105838696504,22.48923859386349]}"
113,23.161115558330835,1322.0174212598426,34.21712065999998,26.52000000000004,-0.06869107383372107,0.49657064471879286,-0.49734088179790703,"{""type"":""Point"",""coordinates"":[88.47346619210427,22.531432573295213]}"
114,23.043636113947116,1045.0636811023624,33.58478696000003,27.090000000000032,-0.14769623019486433,0.34085106382978725,-0.2780369093490164,"{""type"":""Point"",""coordinates"":[88.44531275147845,22.567055458467948]}"
115,23.048980712890625,1248.8254921259843,36.38243633000002,26.610000000000014,-0.0504236699541603,0.40714551544473393,-0.4001110905387891,"{""type"":""Point"",""coordinates"":[88.40962587334015,22.474768235505962]}"
116,23.03531081255744,976.9391732283464,41.20355354000003,25.870000000000005,0.030757097791798107,0.15670588235294117,-0.20431161195492406,"{""type"":""Point"",""coordinates"":[88.34872158502533,22.610185099951494]}"
117,22.913776430876396,497.3358267716535,31.39383614000002,26.630000000000052,-0.3723577235772358,-0.23132969034608378,0.35572519083969467,"{""type"":""Point"",""coordinates"":[88.35441768124494,22.67671902317787]}"
118,23.043636113947116,1074.2895669291338,41.581244749999996,27.090000000000032,0.058881578947368424,0.249617820484822,-0.323617857969003,"{""type"":""Point"",""coordinates"":[88.38766211994789,22.57895784273907]}"
119,23.03531081255744,1236.5548228346456,36.319202959999984,26.410000000000025,-0.0868369351669941,0.5256480970766685,-0.501628664495114,"{""type"":""Point"",""coordinates"":[88.2681817669356,22.579876425959196]}"
120,23.043636113947116,1278.297440944882,38.56826011999999,27.460000000000036,0.11448598130841121,0.13813813813813813,-0.20893141945773525,"{""type"":""Point"",""coordinates"":[88.39541958906383,22.625560229275617]}"
121,23.033502197265648,1238.9795275590552,36.47643188000001,26.29000000000002,-0.1426269137792103,0.5401882693700217,-0.5074415308291992,"{""type"":""Point"",""coordinates"":[88.4709074748434,22.634697472778416]}"
122,23.048980712890625,1125.340748031496,34.92806882000002,25.090000000000032,-0.07528641571194762,0.5749101078705553,-0.533852140077821,"{""type"":""Point"",""coordinates"":[88.41268680504433,22.516915620651044]}"
123,23.043636113947116,1267.2059055118107,38.752833200000055,27.600000000000023,0.001177856301531213,0.2505069124423963,-0.28217728217728216,"{""type"":""Point"",""coordinates"":[88.41640972453727,22.59516642742718]}"
124,23.043636113947116,1326.311220472441,36.43883366,27.110000000000014,-0.01378982406086543,0.4612748457847841,-0.5045871559633027,"{""type"":""Point"",""coordinates"":[88.42850209118792,22.63658081768135]}"
125,23.03531081255744,1137.0041338582678,34.415365820000034,26.110000000000014,-0.12568306010928962,0.6087465833658727,-0.578544061302682,"{""type"":""Point"",""coordinates"":[88.27053907293401,22.631399858387375]}"
126,23.057418169294124,1204.1596456692914,40.59001895000006,26.99000000000001,0.1070063694267516,0.1343042071197411,-0.20395019321597252,"{""type"":""Point"",""coordinates"":[88.28034614636302,22.54695787663994]}"
127,23.043636113947116,620.3176181102363,30.94949354000005,27.610000000000014,-0.21027003098716246,-0.006540697674418605,0.16006144393241167,"{""type"":""Point"",""coordinates"":[88.44616828861224,22.590345937252557]}"
128,23.048980712890625,1073.4209645669291,40.87200560000002,27.130000000000052,0.08267061216941002,0.12369732668781151,-0.17368670137245623,"{""type"":""Point"",""coordinates"":[88.36782662942112,22.508936626719162]}"
129,23.03531081255744,990.6694881889765,34.16243234000001,26.260000000000048,-0.3168249660786974,0.6805194805194805,-0.5767668562144598,"{""type"":""Point"",""coordinates"":[88.32216236018212,22.633132705991443]}"
130,23.033502197265648,1460.3264763779528,36.53453822000006,26.150000000000034,0.11665671641791045,0.2042975744750122,-0.2669977735913684,"{""type"":""Point"",""coordinates"":[88.47710620013531,22.583935803483634]}"
131,23.057418169294124,1389.2728346456693,36.385854350000045,26.03000000000003,-0.07746478873239436,0.38391959798994973,-0.38577658503857765,"{""type"":""Point"",""coordinates"":[88.26796746296286,22.508204906925194]}"
132,22.791960652669275,717.7797244094489,36.25767860000002,26.05000000000001,-0.04068117313150426,0.40664961636828645,-0.3968253968253968,"{""type"":""Point"",""coordinates"":[88.27868262425534,22.66312228257464]}"
133,23.043636113947116,1056.9194881889762,41.256532849999985,27.010000000000048,0.06491097922848665,0.1343082114735658,-0.18468045112781956,"{""type"":""Point"",""coordinates"":[88.3699335572611,22.586170087622374]}"
134,23.057418169294124,955.3141732283466,38.27089238000002,26.440000000000055,-0.017323995576852193,0.3346228239845261,-0.3565986728926026,"{""type"":""Point"",""coordinates"":[88.33735980465464,22.53807861877281]}"
135,23.03531081255744,1327.8574803149606,43.481663870000034,26.360000000000014,0.17393800229621126,0.04787911887857273,-0.13284786459358394,"{""type"":""Point"",""coordinates"":[88.33400625108112,22.597487010851665]}"
136,23.048980712890625,1154.0479330708663,38.40419516000003,27.190000000000055,4.7445832674363435E-4,0.2890067305731185,-0.3112033195020747,"{""type"":""Point"",""coordinates"":[88.37620781623188,22.4696632947742]}"
137,23.057418169294124,1387.6325787401577,37.64026769000003,26.77000000000004,0.07828655834564253,0.20020982689281344,-0.25599268069533393,"{""type"":""Point"",""coordinates"":[88.32128231745855,22.478104328680537]}"
138,23.033502197265648,958.2029527559056,35.05453555999998,26.05000000000001,-0.38382978723404254,0.4219501530389156,-0.3097060008054772,"{""type"":""Point"",""coordinates"":[88.47680540580484,22.646246877691325]}"
139,23.043636113947116,1209.686220472441,38.49989972000003,27.79000000000002,0.0027305825242718447,0.24838587162932016,-0.2928220255653884,"{""type"":""Point"",""coordinates"":[88.42137090496286,22.596506888504685]}"
140,23.048980712890625,796.0366141732283,32.20219787000002,25.77000000000004,-0.29069767441860467,0.2661596958174905,-0.20185614849187936,"{""type"":""Point"",""coordinates"":[88.44169822477998,22.480284114651578]}"
141,22.913776430876396,2153.066141732283,45.29834149999999,27.100000000000023,0.05605425892679035,0.037719298245614034,-0.09208400646203554,"{""type"":""Point"",""coordinates"":[88.44187056218907,22.65188849163984]}"
142,23.057418169294124,1129.4037401574801,34.82894624000005,24.80000000000001,-0.18481548699334543,0.5279890774331968,-0.5291821198516494,"{""type"":""Point"",""coordinates"":[88.2519614078145,22.473895458941822]}"
143,23.03531081255744,1102.5100393700789,41.63935108999999,26.680000000000007,0.09623856319891562,0.15704989154013016,-0.2225532890213156,"{""type"":""Point"",""coordinates"":[88.32551515701064,22.588298344137407]}"
144,23.048980712890625,1178.533661417323,33.89240876000002,25.840000000000032,-0.15138888888888888,0.5650368132905418,-0.5078210258275737,"{""type"":""Point"",""coordinates"":[88.42220479603964,22.50198202292567]}"
145,23.057418169294124,488.77627952755904,30.74270333000004,26.670000000000016,-0.36283185840707965,-0.35863026376677465,0.45668365346922773,"{""type"":""Point"",""coordinates"":[88.30302625673367,22.549113746041012]}"
146,22.913776430876396,465.04251968503934,30.78542858000003,26.630000000000052,-0.3456561922365989,-0.27920792079207923,0.4180655475619504,"{""type"":""Point"",""coordinates"":[88.35405909437519,22.67451583208612]}"
147,23.043636113947116,1070.7575787401574,42.74678957000003,27.04000000000002,0.11053270865868471,0.19459333488697272,-0.22690282431785544,"{""type"":""Point"",""coordinates"":[88.3659200005106,22.57316407174049]}"
148,23.043636113947116,1130.6340551181104,37.14636380000002,27.79000000000002,-0.02638036809815951,0.3679476696647588,-0.3915574963609898,"{""type"":""Point"",""coordinates"":[88.42486007190321,22.59909188432492]}"
149,23.03531081255744,1091.2103346456693,37.52576402,25.910000000000025,-0.04554767533490938,0.3954564577198149,-0.41721854304635764,"{""type"":""Point"",""coordinates"":[88.25074143542793,22.590600521398212]}"
150,23.03531081255744,1143.5636811023624,33.63776627000004,26.920000000000016,-0.13934785787395818,0.5092000774743366,-0.49157733537519144,"{""type"":""Point"",""coordinates"":[88.28774047152415,22.555271608427343]}"
151,23.033502197265648,1209.7501968503936,36.575554460000035,26.49000000000001,0.025053304904051173,0.38403329549754067,-0.4211344211344211,"{""type"":""Point"",""coordinates"":[88.45690186372902,22.632323090941274]}"
152,23.048980712890625,1120.3067913385828,38.67250973,26.670000000000016,0.03063787041687594,0.21740958788898235,-0.25842208215605306,"{""type"":""Point"",""coordinates"":[88.3833201818433,22.50273913453317]}"
153,23.057418169294124,1689.0395669291338,39.28091729000005,26.120000000000005,0.10004302925989673,0.1745051242454022,-0.2540848448508469,"{""type"":""Point"",""coordinates"":[88.34384442176007,22.54845877273215]}"
154,23.043636113947116,1400.1370078740156,38.78701339999998,27.79000000000002,0.041499330655957165,0.20660599932591844,-0.25923320436158986,"{""type"":""Point"",""coordinates"":[88.4240511534281,22.60521436139447]}"
155,23.057418169294124,1244.7807086614173,39.63980938999998,27.360000000000014,-0.020055710306406686,0.3707654875538087,-0.3945163747143945,"{""type"":""Point"",""coordinates"":[88.33905865062496,22.527432269600247]}"
156,22.791960652669275,1203.465748031496,38.8041035,26.890000000000043,0.027617602427921092,0.24863600935307872,-0.29454545454545455,"{""type"":""Point"",""coordinates"":[88.28863545798666,22.678224917046684]}"
157,23.033502197265648,1400.3368110236222,36.74645545999999,26.430000000000007,-0.11861137897782063,0.46835443037974683,-0.47723654886978667,"{""type"":""Point"",""coordinates"":[88.45568319856069,22.633822535002775]}"
158,23.03531081255744,1132.0484251968503,38.74599716,25.960000000000036,0.044861597200127265,0.24719567926879935,-0.29118279569892475,"{""type"":""Point"",""coordinates"":[88.31331582172723,22.628343621052988]}"
159,23.161115558330835,1414.069094488189,35.23056359000003,26.49000000000001,-0.020018407731247124,0.43672014260249553,-0.4579838842295675,"{""type"":""Point"",""coordinates"":[88.46623779309816,22.54777041291975]}"
160,23.033502197265648,1175.7575787401574,34.71444257000002,26.02000000000004,-0.05126289044985802,0.34673559257131914,-0.3775949862906385,"{""type"":""Point"",""coordinates"":[88.46975839328088,22.556460577787064]}"
161,23.043636113947116,1074.1212598425197,38.86220983999999,26.29000000000002,0.023402025847013622,0.20361601377529057,-0.24377224199288255,"{""type"":""Point"",""coordinates"":[88.36640387642275,22.637546547013425]}"
162,22.791960652669275,1364.7029527559055,37.95985256000006,26.890000000000043,0.05399898115129903,0.3086680761099366,-0.3495639534883721,"{""type"":""Point"",""coordinates"":[88.28717936210143,22.675462799557543]}"
163,23.057418169294124,1254.4992125984252,38.08290127999999,26.150000000000034,-0.006898454746136865,0.3754240482472672,-0.3749058025621703,"{""type"":""Point"",""coordinates"":[88.26214138062964,22.546116915662466]}"
164,22.791960652669275,1157.9116141732281,34.955412980000006,25.83000000000004,0.038322112894873125,0.4844124700239808,-0.5252566735112937,"{""type"":""Point"",""coordinates"":[88.26014326711018,22.65824640629903]}"
165,23.057418169294124,1192.3850393700786,40.06535287999998,27.390000000000043,0.027818448023426062,0.25948406676783003,-0.328,"{""type"":""Point"",""coordinates"":[88.31967444798603,22.518952831823523]}"
166,23.03531081255744,1155.8594488188974,39.00063965000004,27.29000000000002,0.0716755737189563,0.22607432011625492,-0.26683826683826684,"{""type"":""Point"",""coordinates"":[88.2916871150243,22.592213333938975]}"
167,23.161115558330835,1054.3249999999998,35.08358873000003,26.210000000000036,-0.10216508795669824,0.4018932874354561,-0.3694829760403531,"{""type"":""Point"",""coordinates"":[88.46089791788742,22.51417910731501]}"
168,23.043636113947116,1146.1158464566927,41.08221383,26.750000000000057,0.12119666836647969,0.09557109557109557,-0.16205888963812093,"{""type"":""Point"",""coordinates"":[88.36934567752449,22.550482148972915]}"
169,23.043636113947116,970.9716535433071,36.12437582000001,27.230000000000018,0.012504465880671669,0.3397964129907901,-0.35291238374938816,"{""type"":""Point"",""coordinates"":[88.39952724346394,22.64283867587375]}"
170,23.057418169294124,1412.627657480315,36.496939999999995,27.310000000000002,-0.1568167797655768,0.4965682362330407,-0.4844838505383154,"{""type"":""Point"",""coordinates"":[88.32924812396234,22.476160917147833]}"
171,23.048980712890625,1298.6301181102363,39.36294977,26.730000000000018,0.03510825043885313,0.21339220014716703,-0.25018953752843065,"{""type"":""Point"",""coordinates"":[88.3858558125343,22.497539921203014]}"
172,22.913776430876396,1485.8210629921257,37.71375512000003,26.210000000000036,-0.3133661153330353,0.6841501862997994,-0.6129563546527587,"{""type"":""Point"",""coordinates"":[88.36181084871286,22.66213909059839]}"
173,23.033502197265648,1012.9844488188978,33.495918440000025,26.370000000000005,-0.22014202711426728,0.6003386960203217,-0.5485456780008193,"{""type"":""Point"",""coordinates"":[88.4768160987216,22.630092833727584]}"
174,23.03531081255744,1265.7063976377951,39.55264987999999,26.170000000000016,0.079232941876022,0.16934113649235416,-0.23067752831313332,"{""type"":""Point"",""coordinates"":[88.26772980797674,22.569956774226757]}"
175,23.057418169294124,1168.5198818897638,38.86562786000002,27.08000000000004,0.05530507965133754,0.28128821850794944,-0.3261603375527426,"{""type"":""Point"",""coordinates"":[88.30012591093,22.486232194431558]}"
176,23.057418169294124,959.8584645669291,37.01306102000001,27.24000000000001,-0.06191950464396285,0.3122907699665232,-0.31954796826160137,"{""type"":""Point"",""coordinates"":[88.33071836943209,22.520572038956708]}"
177,23.043636113947116,1336.011023622047,37.29333866000002,26.960000000000036,0.023995686168778646,0.24913733609385783,-0.3158851326790258,"{""type"":""Point"",""coordinates"":[88.44848549417014,22.605285941332507]}"
178,23.043636113947116,464.9509842519684,34.398275720000015,27.05000000000001,-0.12903225806451613,0.3112391930835735,-0.26564673157162727,"{""type"":""Point"",""coordinates"":[88.40374142874953,22.567934265144956]}"
179,23.057418169294124,1096.5641732283464,40.91473085000001,27.380000000000052,0.03737153534724385,0.32122248343663173,-0.3628747795414462,"{""type"":""Point"",""coordinates"":[88.31747119977129,22.52071660106875]}"
180,23.033502197265648,1445.633070866142,37.97865166999998,27.210000000000036,0.003970223325062035,0.2888104029539252,-0.3169291338582677,"{""type"":""Point"",""coordinates"":[88.4652916147413,22.569557827438597]}"
181,23.043636113947116,580.1483267716535,31.646769619999986,27.090000000000032,-0.1707710940654017,0.059941520467836254,0.021922428330522766,"{""type"":""Point"",""coordinates"":[88.44348258200972,22.572147338936258]}"
182,23.03531081255744,1224.9583661417323,40.42595399000004,26.680000000000007,0.032133053447440656,0.12373453318335208,-0.18834258524980174,"{""type"":""Point"",""coordinates"":[88.26278294015317,22.596494681037985]}"
183,22.791960652669275,1106.1872047244094,37.741099280000014,26.950000000000045,0.041613316261203584,0.2756710694503622,-0.3218543046357616,"{""type"":""Point"",""coordinates"":[88.3196747323375,22.67389079606551]}"
184,23.057418169294124,1732.7649606299212,38.68447279999998,26.440000000000055,-0.014622555291537196,0.4800693240901213,-0.48980139559849706,"{""type"":""Point"",""coordinates"":[88.33703668379383,22.541051560748198]}"
185,22.791960652669275,1685.711811023622,41.31634819999999,26.57000000000005,0.11296721653789936,0.22279792746113988,-0.3295774647887324,"{""type"":""Point"",""coordinates"":[88.31175625677211,22.67425260021954]}"
186,23.043636113947116,1310.891437007874,42.16230815000006,27.410000000000025,0.00821917808219178,0.2503181239774586,-0.2834484045530883,"{""type"":""Point"",""coordinates"":[88.4302879127731,22.580793462681424]}"
187,23.048980712890625,1523.924901574803,37.17883499000004,25.870000000000005,0.05983250933306427,0.4241173773498395,-0.49758919961427195,"{""type"":""Point"",""coordinates"":[88.44913331512532,22.473507321941828]}"
188,23.03531081255744,1113.2221456692912,37.71033710000006,26.27000000000004,0.0481714193652328,0.2656383890317052,-0.3091070241524485,"{""type"":""Point"",""coordinates"":[88.2631561826922,22.57560525029847]}"
189,22.791960652669275,1390.5877952755902,37.573616300000026,26.57000000000005,-0.23508606460740392,0.6297448662103298,-0.5815217391304348,"{""type"":""Point"",""coordinates"":[88.30868232383179,22.66991881021458]}"
190,23.057418169294124,1534.2669291338584,40.337085470000034,25.310000000000002,0.11837627613028683,0.17037754114230397,-0.22865853658536586,"{""type"":""Point"",""coordinates"":[88.25831833782412,22.490056032153493]}"
191,23.03531081255744,1152.8210629921257,36.98913488000005,26.370000000000005,-0.0511600237953599,0.41813804173354735,-0.4198473282442748,"{""type"":""Point"",""coordinates"":[88.28029070971459,22.632583285424246]}"
192,23.048980712890625,1090.1498031496064,33.572823889999995,25.74000000000001,-0.17855899756352245,0.38401798487635397,-0.35115722266560256,"{""type"":""Point"",""coordinates"":[88.43389830451343,22.477216223632094]}"
193,22.913776430876396,1184.6990157480313,41.01898046000002,26.620000000000005,0.09037212049616067,0.2566299469604243,-0.3061916878710772,"{""type"":""Point"",""coordinates"":[88.37609274844989,22.670152048090596]}"
194,23.043636113947116,1014.2211614173227,40.9061858,27.090000000000032,0.04722712130119538,0.13651238896680692,-0.18153098420413122,"{""type"":""Point"",""coordinates"":[88.38962046734919,22.57956165992371]}"
195,23.043636113947116,870.4903543307084,40.87200560000002,26.850000000000023,0.03743760399334443,0.25420054200542,-0.2763375620518478,"{""type"":""Point"",""coordinates"":[88.37642807605911,22.631378170414408]}"
196,22.791960652669275,1415.692125984252,35.50229618000003,26.670000000000016,-0.18848044954343246,0.5788491446345256,-0.5321460911560519,"{""type"":""Point"",""coordinates"":[88.29255862650677,22.667310588220115]}"
197,23.057418169294124,953.1778543307086,41.45819603000001,26.650000000000034,0.010976744186046512,0.2812725958062184,-0.32337565347274083,"{""type"":""Point"",""coordinates"":[88.29922705302671,22.528466687851207]}"
198,23.048980712890625,1003.6758858267716,39.10147124000002,26.30000000000001,-0.0360990360990361,0.25274223034734916,-0.267514450867052,"{""type"":""Point"",""coordinates"":[88.35510884090667,22.54974586222652]}"
199,23.043636113947116,1071.3003937007875,39.08096311999998,27.140000000000043,0.0665329321297225,0.21391304347826087,-0.2743039707895938,"{""type"":""Point"",""coordinates"":[88.37783268636568,22.60904740662661]}"
200,23.043636113947116,1146.5582677165353,38.37001496000005,27.480000000000018,0.059452658068575026,0.22641509433962265,-0.26963906581740976,"{""type"":""Point"",""coordinates"":[88.4308929050835,22.64798950391978]}"
201,23.043636113947116,1242.4431102362203,37.477911740000025,27.380000000000052,-0.0011574074074074073,0.2949101796407186,-0.32161955691367455,"{""type"":""Point"",""coordinates"":[88.42452473652878,22.641476825995028]}"
202,22.90174532803627,1152.1812992125983,35.68345124000001,26.120000000000005,-0.042898550724637684,0.42608006341656757,-0.43690095846645366,"{""type"":""Point"",""coordinates"":[88.45366106267971,22.659760087529417]}"
203,23.03531081255744,916.6222440944881,36.26109661999999,26.150000000000034,-0.06208425720620843,0.4234769687964339,-0.4199604743083004,"{""type"":""Point"",""coordinates"":[88.29438585716831,22.63554277377781]}"
204,23.043636113947116,1093.8392716535432,38.29994555000002,26.660000000000025,-0.014663745154222148,0.2727272727272727,-0.308411214953271,"{""type"":""Point"",""coordinates"":[88.35141961347736,22.552112964025323]}"
205,23.043636113947116,1071.112401574803,39.46549037,26.620000000000005,0.08731808731808732,0.1854185418541854,-0.21550530687586525,"{""type"":""Point"",""coordinates"":[88.39610471957333,22.553950531495556]}"
206,23.03531081255744,1250.0892716535432,40.27897913000004,26.970000000000027,0.07995876895891621,0.21438289601554908,-0.26759991884763645,"{""type"":""Point"",""coordinates"":[88.28118849796353,22.55763266889207]}"
207,23.057418169294124,1243.7142716535434,35.79453689000002,25.510000000000048,-0.1209731319342334,0.5347730600292826,-0.4871431104805817,"{""type"":""Point"",""coordinates"":[88.2989352253927,22.504306524339068]}"
208,23.057418169294124,1144.1817913385828,35.48862410000004,25.55000000000001,-0.032210182573845926,0.44543753897318644,-0.4370737755734656,"{""type"":""Point"",""coordinates"":[88.2517356894365,22.467894520093722]}"
209,22.791960652669275,1333.9765748031496,40.72161272000005,26.310000000000002,0.011487964989059081,0.25312066574202496,-0.3194596568090544,"{""type"":""Point"",""coordinates"":[88.34228992137295,22.658704920402066]}"
210,23.057418169294124,1159.3668307086616,41.162537300000054,27.670000000000016,0.072,0.23224328264944802,-0.27968851395197925,"{""type"":""Point"",""coordinates"":[88.33456798767894,22.514392129547804]}"
211,23.057418169294124,1167.8924212598424,37.698374030000025,26.28000000000003,-0.003675930010292604,0.3687587728093042,-0.37676482452601856,"{""type"":""Point"",""coordinates"":[88.28364207692263,22.52448301594592]}"
212,23.043636113947116,949.7398622047244,42.57759758000003,26.850000000000023,0.09286675639300135,0.1824561403508772,-0.2527881040892193,"{""type"":""Point"",""coordinates"":[88.3762333043544,22.595528613636805]}"
213,23.048980712890625,1241.4524606299212,39.36465878000001,26.680000000000007,0.05551330798479087,0.16619718309859155,-0.22630331753554503,"{""type"":""Point"",""coordinates"":[88.39436801319141,22.488208549756777]}"
214,23.03531081255744,1130.1438976377954,40.10636912000001,27.010000000000048,0.06286454957874271,0.21665965502734538,-0.26730937773882557,"{""type"":""Point"",""coordinates"":[88.32513006222682,22.615665409952424]}"
215,23.03531081255744,1176.9086614173227,38.843410730000016,26.840000000000032,0.08560558021559923,0.19792315680166148,-0.2452504317789292,"{""type"":""Point"",""coordinates"":[88.30048125444704,22.580439306602223]}"
216,23.03531081255744,1048.5159448818897,40.98821828000001,26.440000000000055,6.816632583503749E-4,0.2848378615249781,-0.3219116321009919,"{""type"":""Point"",""coordinates"":[88.34603432010495,22.611287448094664]}"
217,23.043636113947116,1378.422933070866,38.25380228000006,27.010000000000048,0.006534272901985907,0.3480528511821975,-0.3496953872932985,"{""type"":""Point"",""coordinates"":[88.44067348399024,22.57755879183417]}"
218,23.048980712890625,441.17096456692906,33.193423670000016,26.77000000000004,-0.18451300665456746,-0.043010752688172046,0.09686346863468635,"{""type"":""Point"",""coordinates"":[88.39462170895331,22.534003866076112]}"
219,23.03531081255744,999.1778543307087,41.16082829000004,26.77000000000004,0.010169491525423728,0.28188539741219965,-0.31282536677709416,"{""type"":""Point"",""coordinates"":[88.32157434704948,22.59994274335862]}"
220,23.057418169294124,1234.3313976377954,37.036987160000024,27.390000000000043,-0.04985337243401759,0.2676108833395453,-0.29192782526115857,"{""type"":""Point"",""coordinates"":[88.3264059011147,22.522821880457947]}"
221,23.057418169294124,1071.3481299212597,35.71421342000002,25.350000000000023,-0.13436571249804474,0.5472583742265842,-0.49402554594149156,"{""type"":""Point"",""coordinates"":[88.28603884968894,22.508153385310695]}"
222,23.033502197265648,1471.953937007874,35.75181164000003,26.970000000000027,-0.020151679306608883,0.4415186772810778,-0.466209903456867,"{""type"":""Point"",""coordinates"":[88.45505465417588,22.623268176459586]}"
223,23.057418169294124,1022.3860236220471,37.64539472000001,26.090000000000032,-0.05063715627095909,0.41348973607038125,-0.42473851750795816,"{""type"":""Point"",""coordinates"":[88.25395574473153,22.5307649728773]}"
224,22.791960652669275,837.6753937007875,33.348943580000025,26.49000000000001,-0.1725043782837128,0.41319261213720315,-0.35457764289327265,"{""type"":""Point"",""coordinates"":[88.32998562660113,22.664492911619767]}"
225,23.03531081255744,1183.7349409448816,35.39462854999999,26.970000000000027,-0.051278429156660546,0.44955200623295677,-0.437789799072643,"{""type"":""Point"",""coordinates"":[88.28636798517024,22.555058849599675]}"
226,23.048980712890625,1095.744783464567,35.63218094000001,26.03000000000003,-0.18400755548559736,0.5150050352467271,-0.47634936211972523,"{""type"":""Point"",""coordinates"":[88.40778865794411,22.532516741085477]}"
227,23.048980712890625,1378.4977362204727,36.56188238000004,26.30000000000001,0.007657365347177158,0.3087983567271482,-0.3367132867132867,"{""type"":""Point"",""coordinates"":[88.41083287130881,22.47939974027907]}"
228,23.043636113947116,1079.0917322834646,42.393024500000024,27.010000000000048,0.048171589310829814,0.17186147186147185,-0.2254413761883205,"{""type"":""Point"",""coordinates"":[88.37692996256806,22.588925762052]}"
229,23.057418169294124,1332.8835629921261,42.03584140999999,26.910000000000025,0.055332131465816115,0.15732246007475365,-0.263353115727003,"{""type"":""Point"",""coordinates"":[88.30942579142454,22.52383837118367]}"
230,23.057418169294124,1365.830413385827,38.86562786000002,26.150000000000034,-0.12451893234016138,0.5094150974837527,-0.4878449408672799,"{""type"":""Point"",""coordinates"":[88.2587673997718,22.548492548607413]}"
231,23.03531081255744,1310.563188976378,43.21676732000003,27.010000000000048,0.08818813468733298,0.21596578759800428,-0.30928626247122026,"{""type"":""Point"",""coordinates"":[88.3263129202407,22.610407329796924]}"
232,23.03531081255744,1400.7418307086614,39.29971640000002,26.710000000000036,0.055061695634867985,0.212461695607763,-0.2772596843615495,"{""type"":""Point"",""coordinates"":[88.28525462348738,22.58564325973125]}"
233,23.033502197265648,1513.5897637795274,35.42709974000002,26.55000000000001,0.058480842482635,0.2850152905198777,-0.3251340271207821,"{""type"":""Point"",""coordinates"":[88.45827340736612,22.613676875478106]}"
234,23.03531081255744,926.7856299212598,37.43005946000005,26.350000000000023,-0.03954372623574144,0.3906408952187182,-0.38781725888324875,"{""type"":""Point"",""coordinates"":[88.32443406831992,22.649656671143436]}"
235,23.043636113947116,1145.7816929133858,37.61805056000003,26.590000000000032,-0.028253968253968254,0.30002006823198873,-0.3220408163265306,"{""type"":""Point"",""coordinates"":[88.4207587131609,22.574045577058143]}"
236,23.043636113947116,1109.8003937007873,41.623969999999986,26.850000000000023,0.04069963000336361,0.20898685883849089,-0.25583443416996915,"{""type"":""Point"",""coordinates"":[88.37904099735742,22.59642355822599]}"
237,23.161115558330835,1075.389960629921,35.68345124000001,25.750000000000057,-0.04733333333333333,0.35197934595524955,-0.3053593685085168,"{""type"":""Point"",""coordinates"":[88.45412109727356,22.464963309500902]}"
238,23.161115558330835,1265.184251968504,35.521095290000005,25.99000000000001,-0.0297951582867784,0.40482671021593175,-0.36422907488986783,"{""type"":""Point"",""coordinates"":[88.47226286134148,22.491447069676152]}"
239,23.057418169294124,1298.967716535433,39.09121718000006,27.310000000000002,0.03475238922675934,0.21177967642246864,-0.2608284471344808,"{""type"":""Point"",""coordinates"":[88.33288422606032,22.478249269452597]}"
240,22.90174532803627,1254.7767716535432,38.349506840000004,26.930000000000007,-8.275862068965517E-4,0.3323540213000367,-0.3758058399696625,"{""type"":""Point"",""coordinates"":[88.46634848934742,22.680086703150575]}"
241,22.90174532803627,1659.8998031496062,35.91587660000005,26.590000000000032,0.01660872923908845,0.39392280317547224,-0.4552729351243212,"{""type"":""Point"",""coordinates"":[88.47709856131227,22.6775564915011]}"
242,23.033502197265648,1407.5041338582678,35.91245858000002,26.180000000000007,-0.021834061135371178,0.304048516636617,-0.32577903682719545,"{""type"":""Point"",""coordinates"":[88.47293867896818,22.600144462814143]}"
243,23.03531081255744,1042.0307086614175,39.25870015999999,26.390000000000043,0.05906735751295337,0.2342546443135478,-0.2770745428973277,"{""type"":""Point"",""coordinates"":[88.33414508151074,22.64099072143198]}"
244,23.048980712890625,1420.4436023622045,34.39998473000003,26.02000000000004,-0.21535893155258765,0.6779348494161033,-0.6002344665885111,"{""type"":""Point"",""coordinates"":[88.44648625688282,22.521590951217902]}"
245,23.057418169294124,950.5203740157482,37.20447014000001,26.120000000000005,-0.02029769959404601,0.2826245443499392,-0.30643564356435643,"{""type"":""Point"",""coordinates"":[88.3406668455587,22.547004291704614]}"
246,23.057418169294124,1084.4746062992126,39.243319069999984,27.390000000000043,0.049680090327436956,0.10358391608391608,-0.16172072693811823,"{""type"":""Point"",""coordinates"":[88.3234911838143,22.517126212060592]}"
247,23.048980712890625,897.7556102362205,31.995407660000012,25.960000000000036,-0.167038765983357,0.420805534964171,-0.34502923976608185,"{""type"":""Point"",""coordinates"":[88.4403875155464,22.532312531194577]}"
248,23.057418169294124,1231.5110236220473,38.686181809999994,26.650000000000034,-0.07160839160839161,0.4383330204617984,-0.42310549777117384,"{""type"":""Point"",""coordinates"":[88.26488670960003,22.544097589843624]}"
249,23.043636113947116,1150.36437007874,39.50479760000002,27.140000000000043,0.05609167671893848,0.29499379395945385,-0.34334763948497854,"{""type"":""Point"",""coordinates"":[88.3864605532387,22.615608601028857]}"
250,22.791960652669275,1067.479527559055,37.64881274000004,26.950000000000045,-0.028461784457946913,0.3964394268345636,-0.4217506631299735,"{""type"":""Point"",""coordinates"":[88.32515259650872,22.67140500895495]}"
251,23.161115558330835,961.7787401574801,32.94390821000002,25.930000000000007,-0.2157676348547718,0.4633371169125993,-0.3835587035844602,"{""type"":""Point"",""coordinates"":[88.45467524256804,22.515757060491943]}"
252,23.043636113947116,633.3879921259843,30.419700440000042,26.310000000000002,-0.5375191424196019,0.3404539385847797,-0.09100787829394186,"{""type"":""Point"",""coordinates"":[88.42527453873362,22.555122524265908]}"
253,23.043636113947116,1292.543503937008,42.77584274000003,26.53000000000003,0.0726321905868681,0.20361990950226244,-0.2507836990595611,"{""type"":""Point"",""coordinates"":[88.35723180499184,22.62451439784748]}"
254,23.048980712890625,1251.64094488189,36.50548505000006,26.610000000000014,-0.06544359255202628,0.4273661041819516,-0.42815195448706184,"{""type"":""Point"",""coordinates"":[88.41199152313634,22.469773242967193]}"
255,23.043636113947116,1522.6173228346456,40.509695480000005,27.310000000000002,0.08835633018639555,0.17101990049751245,-0.24908789386401325,"{""type"":""Point"",""coordinates"":[88.43765474945559,22.64808220585562]}"
256,23.033502197265648,1586.8466535433072,36.233752460000005,26.670000000000016,0.01859229747675963,0.27817814932257134,-0.3416036308623298,"{""type"":""Point"",""coordinates"":[88.47052882061955,22.6084565655813]}"
257,23.048980712890625,1271.2196850393702,39.32535155000005,27.27000000000004,0.05605058924978442,0.244882486732373,-0.2863298080689385,"{""type"":""Point"",""coordinates"":[88.37355937205267,22.46470680065302]}"
258,23.057418169294124,685.4239173228347,34.54866860000004,26.30000000000001,-0.008962127782596125,0.21518105849582173,-0.10793650793650794,"{""type"":""Point"",""coordinates"":[88.3443666720253,22.545702717112654]}"
259,22.913776430876396,1172.2285433070867,38.67080071999999,27.05000000000001,0.07825015403573629,0.23534269199009084,-0.27427597955706984,"{""type"":""Point"",""coordinates"":[88.38656954144436,22.662801292865613]}"
260,23.03531081255744,1069.3161417322833,42.35200826000005,26.53000000000003,0.05001880406167732,0.09303331890956296,-0.17107093184979139,"{""type"":""Point"",""coordinates"":[88.34904383338666,22.620364652010394]}"
261,23.03531081255744,1042.317125984252,38.012831870000014,26.870000000000005,-0.09491978609625669,0.4318181818181818,-0.4105489773950484,"{""type"":""Point"",""coordinates"":[88.2849501577765,22.598406033199574]}"
262,23.161115558330835,1418.9957677165353,32.15092757000002,25.910000000000025,-0.2756449821009752,0.5488609112709832,-0.4998548621190131,"{""type"":""Point"",""coordinates"":[88.45162008372003,22.54561454140279]}"
263,22.90174532803627,1296.4066929133855,37.21130618000001,26.930000000000007,-0.09286608260325407,0.5196658545074835,-0.5207244862417276,"{""type"":""Point"",""coordinates"":[88.465836386969,22.678575189631584]}"
264,23.03531081255744,1453.0375984251968,34.182940460000054,26.370000000000005,-0.26390685640362227,0.7160421545667447,-0.6415569868384207,"{""type"":""Point"",""coordinates"":[88.27118212651654,22.625019838752266]}"
265,23.043636113947116,361.5331692913385,31.414344260000007,26.440000000000055,-0.21224086870681144,-0.24150710315009266,0.3237885462555066,"{""type"":""Point"",""coordinates"":[88.4264997637943,22.568809345407796]}"
266,23.057418169294124,1296.90718503937,35.481788059999985,25.24000000000001,-0.09744262295081967,0.49242018904940255,-0.4580937445548005,"{""type"":""Point"",""coordinates"":[88.26365389901679,22.493856913755003]}"
267,23.057418169294124,1172.6074803149606,37.512091940000005,26.090000000000032,0.007578053955744165,0.3379648549243972,-0.35541295797971434,"{""type"":""Point"",""coordinates"":[88.25443242292656,22.530085915382458]}"
268,23.03531081255744,1018.1409448818897,38.71523497999999,25.730000000000018,-0.028068988840040582,0.3632286995515695,-0.39321723189734187,"{""type"":""Point"",""coordinates"":[88.34154422659591,22.647006392566375]}"
269,23.03531081255744,1143.9563976377954,42.28877489000001,26.57000000000005,0.07582126732056671,0.2727272727272727,-0.3176470588235294,"{""type"":""Point"",""coordinates"":[88.32222021554995,22.596226347511944]}"
270,23.048980712890625,773.2772637795276,31.80399854000001,25.510000000000048,-0.2633575719253873,0.1404109589041096,-0.07188841201716738,"{""type"":""Point"",""coordinates"":[88.44351600513735,22.48400097209274]}"
271,23.033502197265648,1203.1950787401574,37.84022186000004,26.430000000000007,0.09644087256027555,0.2571884984025559,-0.3188102220360285,"{""type"":""Point"",""coordinates"":[88.46061574306283,22.639426533694234]}"
272,23.03531081255744,1618.338779527559,42.635703920000026,26.710000000000036,0.09881422924901186,0.08056872037914692,-0.16456504389465285,"{""type"":""Point"",""coordinates"":[88.28335136689681,22.58431416812866]}"
273,23.043636113947116,1211.6832677165355,39.06387302000002,27.57000000000005,0.11199026171637248,0.1524486571879937,-0.2107883817427386,"{""type"":""Point"",""coordinates"":[88.4265104194861,22.61208424892375]}"
274,23.048980712890625,1454.6404527559055,32.51323768999998,25.970000000000027,-0.21212121212121213,0.6807720861172977,-0.6674031521579025,"{""type"":""Point"",""coordinates"":[88.43851380291477,22.540957424972806]}"
275,23.048980712890625,1162.573031496063,36.683222090000015,25.870000000000005,0.010542168674698794,0.34054274637829013,-0.37218045112781956,"{""type"":""Point"",""coordinates"":[88.44332538006526,22.4671202318819]}"
276,23.03531081255744,1255.1261811023621,40.311450320000006,26.07000000000005,-0.0705950991831972,0.3472834067547724,-0.387523629489603,"{""type"":""Point"",""coordinates"":[88.33945306373326,22.63636732881865]}"
277,22.913776430876396,1007.2639763779526,37.92909038000005,26.610000000000014,-0.05678851174934726,0.46648550724637683,-0.44747429593205185,"{""type"":""Point"",""coordinates"":[88.37007445636303,22.656234148424613]}"
278,23.161115558330835,1092.4239173228345,34.12825214000003,26.170000000000016,-0.11874903235795015,0.4728903383611904,-0.44116473873155165,"{""type"":""Point"",""coordinates"":[88.4673198364834,22.48010291151282]}"
279,23.16039619445803,1341.011023622047,36.43712464999999,25.77000000000004,-0.09212857504429259,0.46395250212044103,-0.47723382403286546,"{""type"":""Point"",""coordinates"":[88.24829356703461,22.52273106436781]}"
280,23.048980712890625,1280.215748031496,38.67250973,26.350000000000023,0.005469199769717904,0.2906238326484871,-0.3146879756468798,"{""type"":""Point"",""coordinates"":[88.39262064652019,22.50644862252903]}"
281,23.161115558330835,1637.7526574803148,35.63901698000001,25.55000000000001,-0.011122730297556801,0.5148839196695627,-0.5242189739180281,"{""type"":""Point"",""coordinates"":[88.45617105849884,22.491190700377878]}"
282,23.03531081255744,1565.836811023622,36.14488394,26.230000000000018,0.03867151956323931,0.24038743762841208,-0.32103782432010003,"{""type"":""Point"",""coordinates"":[88.2636399305212,22.638419467081505]}"
283,23.161115558330835,987.2674212598424,32.74908106999999,26.170000000000016,-0.2827134322605512,0.4827355758520829,-0.38205980066445183,"{""type"":""Point"",""coordinates"":[88.4794501035939,22.506169270009707]}"
284,23.03531081255744,1415.4155511811025,34.562340680000034,25.960000000000036,-0.14627775359164127,0.6283240568954854,-0.5724096745297104,"{""type"":""Point"",""coordinates"":[88.2750215706936,22.623462787784757]}"
285,23.048980712890625,1872.0385826771656,37.62659560999998,26.250000000000057,0.10350911585963536,0.16169185824971422,-0.23845633039945835,"{""type"":""Point"",""coordinates"":[88.40489523711307,22.491945108477527]}"
286,23.043636113947116,1270.3692913385826,39.07412708000004,27.430000000000007,0.028148148148148148,0.2098856510512726,-0.2713178294573643,"{""type"":""Point"",""coordinates"":[88.41937858106448,22.628823045005444]}"
287,23.043636113947116,1339.3840551181102,35.92954868000004,27.05000000000001,-0.03909138932910724,0.3371855880353501,-0.37600559636236447,"{""type"":""Point"",""coordinates"":[88.40363282429396,22.638725791477167]}"
288,23.048980712890625,1271.457874015748,38.29652753000005,27.380000000000052,0.012558012558012558,0.3408711770157553,-0.3590080781514184,"{""type"":""Point"",""coordinates"":[88.35902188780327,22.47852787735675]}"
289,23.057418169294124,1106.908661417323,37.447149560000014,26.150000000000034,-0.051400430901815945,0.454855195911414,-0.441046192786332,"{""type"":""Point"",""coordinates"":[88.25352540908658,22.54334232178466]}"
290,23.043636113947116,1319.1429133858264,39.22110194000004,27.150000000000034,-0.18281769368447967,0.5363666555961475,-0.5502680965147453,"{""type"":""Point"",""coordinates"":[88.3946292305071,22.650080708084666]}"
291,23.043636113947116,1125.9057086614173,43.84226497999998,26.83000000000004,0.12245557350565428,0.16391686308120848,-0.25653481378672216,"{""type"":""Point"",""coordinates"":[88.37114896848647,22.590038489068434]}"
292,23.057418169294124,1260.11437007874,38.45033842999999,27.670000000000016,-0.11613082039911309,0.43898517062712167,-0.4467397161846596,"{""type"":""Point"",""coordinates"":[88.33334174282271,22.512499683949194]}"
293,23.048980712890625,1316.372244094488,32.85503969000001,25.970000000000027,-0.279575459487445,0.6211872745162348,-0.5754581673306773,"{""type"":""Point"",""coordinates"":[88.43311638958703,22.539161251115765]}"
294,23.033502197265648,1398.7866141732284,37.23523232000002,26.150000000000034,0.02320836521295588,0.26194398682042835,-0.3111947963026361,"{""type"":""Point"",""coordinates"":[88.46748848961553,22.616727940063033]}"
295,23.048980712890625,1053.9977362204725,34.593102860000045,25.980000000000018,-0.14392269876250213,0.4357446808510638,-0.4090624347462936,"{""type"":""Point"",""coordinates"":[88.4159754823862,22.535642398565866]}"
296,23.043636113947116,1363.645374015748,38.035049000000015,27.090000000000032,0.010703156753827395,0.2567986230636833,-0.28669603524229076,"{""type"":""Point"",""coordinates"":[88.43957621871725,22.591304930813585]}"
297,23.03531081255744,1276.5966535433074,37.71375512000003,25.850000000000023,-0.16216216216216217,0.5578614139992966,-0.5103154305200341,"{""type"":""Point"",""coordinates"":[88.25331330914268,22.553081717452976]}"
298,23.03531081255744,1102.5799212598424,41.335147310000025,26.170000000000016,-0.0068672334859385216,0.29806070826306913,-0.3360815795183337,"{""type"":""Point"",""coordinates"":[88.33462694874515,22.578328823954585]}"
299,23.048980712890625,1322.1517716535434,39.00063965000004,27.470000000000027,-0.0064971751412429375,0.2727272727272727,-0.3044114955152846,"{""type"":""Point"",""coordinates"":[88.35302420841175,22.472399110285764]}"
300,23.03531081255744,1413.3648622047242,42.78780581000001,26.710000000000036,0.0655329130626008,0.07578059071729958,-0.14826157449108268,"{""type"":""Point"",""coordinates"":[88.28139507736765,22.584082125339826]}"
301,23.057418169294124,1439.971161417323,35.49033311000005,25.750000000000057,-0.18816894924617333,0.606598194833489,-0.5621122711454077,"{""type"":""Point"",""coordinates"":[88.28466479639049,22.492193326693258]}"
302,23.03531081255744,1017.6104330708662,39.97990238,27.110000000000014,0.037642045454545456,0.2569573283858998,-0.2978927203065134,"{""type"":""Point"",""coordinates"":[88.29420589199023,22.60571434596351]}"
303,23.057418169294124,1288.2836614173227,35.94322076000003,25.670000000000016,-0.18794048551292092,0.5590955806783144,-0.5385395537525355,"{""type"":""Point"",""coordinates"":[88.28609081875264,22.465437622200806]}"
304,23.043636113947116,1235.9411417322833,38.8041035,27.350000000000023,0.09406830437387657,0.18495297805642633,-0.23630417007358953,"{""type"":""Point"",""coordinates"":[88.39467082278973,22.62934090645114]}"
305,23.03531081255744,1158.299409448819,37.38562520000005,26.110000000000014,0.01848642403235124,0.37626569461320375,-0.41054379410543795,"{""type"":""Point"",""coordinates"":[88.26309036327214,22.629348057702785]}"
306,23.033502197265648,1229.2949803149606,34.98788417000003,26.410000000000025,-0.10904140994411807,0.4175824175824176,-0.40217391304347827,"{""type"":""Point"",""coordinates"":[88.4652922816577,22.55424520766566]}"
307,23.03531081255744,1320.0641732283464,34.29573512000002,25.980000000000018,-0.12399512789281364,0.5630081300813008,-0.5252892561983471,"{""type"":""Point"",""coordinates"":[88.27916905147714,22.64716120199138]}"
308,23.03531081255744,1183.8594488188978,39.58853909000004,26.920000000000016,0.07579993786890339,0.21354272894146442,-0.2531592249368155,"{""type"":""Point"",""coordinates"":[88.31831548739733,22.570432877261048]}"
309,23.048980712890625,1211.26594488189,37.37708014999998,27.220000000000027,-0.009256402344955261,0.24372623574144486,-0.29160908193484697,"{""type"":""Point"",""coordinates"":[88.36505773029342,22.51462822308536]}"
310,23.057418169294124,1186.8476377952754,44.43870947000005,26.910000000000025,0.12219451371571072,0.11679555819948444,-0.2151024811218986,"{""type"":""Point"",""coordinates"":[88.3022891389429,22.522100729140522]}"
311,23.03531081255744,1207.452460629921,39.96281227999998,26.920000000000016,0.07105554676372844,0.17706035692801284,-0.21205864133801364,"{""type"":""Point"",""coordinates"":[88.31387971502109,22.56871108874933]}"
312,22.913776430876396,2397.0779527559052,43.51755308000003,26.350000000000023,0.04441776710684274,0.06763747844414639,-0.12816359586960924,"{""type"":""Point"",""coordinates"":[88.4442884941345,22.658604073817585]}"
313,22.913776430876396,1101.2049212598424,38.25380228000006,27.49000000000001,0.04144736842105263,0.22231543624161074,-0.27583187390542907,"{""type"":""Point"",""coordinates"":[88.41484511895383,22.652084786329496]}"
314,23.048980712890625,912.1399606299211,32.446586300000035,25.630000000000052,-0.23195876288659795,0.4155972359328727,-0.331167324205152,"{""type"":""Point"",""coordinates"":[88.43625408454959,22.505837887352527]}"
315,23.048980712890625,1112.1542322834646,35.01351932,26.360000000000014,-0.3228320344884762,0.546124031007752,-0.48234856930509107,"{""type"":""Point"",""coordinates"":[88.40892054113327,22.485980297810077]}"
316,23.043636113947116,1080.0528543307087,41.46161404999998,26.730000000000018,0.0957209142464341,0.1827376938637896,-0.24250295159386068,"{""type"":""Point"",""coordinates"":[88.40461710720344,22.56159477882738]}"
317,23.03531081255744,1001.0612204724409,44.474598679999986,26.57000000000005,0.0952914798206278,0.1492997863755044,-0.22644376899696048,"{""type"":""Point"",""coordinates"":[88.31619687540375,22.596871198723953]}"
318,23.048980712890625,1403.6286417322835,41.64447812000003,27.49000000000001,0.13037467164385455,0.09068839951447893,-0.16266173752310537,"{""type"":""Point"",""coordinates"":[88.38733839374599,22.536661502432977]}"
319,23.043636113947116,1121.3043307086614,39.80216533999999,27.350000000000023,0.048475120385232745,0.2559322033898305,-0.2943231441048035,"{""type"":""Point"",""coordinates"":[88.3893217421848,22.628739066753205]}"
320,23.043636113947116,1015.5169291338583,43.19455019000003,26.130000000000052,0.14865350089766607,0.1473505927897411,-0.2205920205920206,"{""type"":""Point"",""coordinates"":[88.36342672036707,22.5931457927911]}"
321,23.03531081255744,1085.8122047244096,36.59606258000002,26.810000000000002,-0.04666107851355127,0.5719681074276123,-0.5129240710823909,"{""type"":""Point"",""coordinates"":[88.29653872152794,22.61137217889862]}"
322,23.048980712890625,654.8742125984251,32.47563947000003,26.170000000000016,-0.39204892966360855,0.47457078069322967,-0.3471441254809115,"{""type"":""Point"",""coordinates"":[88.42632764579315,22.548020098603338]}"
323,23.043636113947116,446.0454724409449,31.157992760000013,26.53000000000003,-0.25925925925925924,-0.39704433497536945,0.5060532687651331,"{""type"":""Point"",""coordinates"":[88.36414921804854,22.62835200195865]}"
324,23.057418169294124,1245.6881889763781,36.73620140000003,26.28000000000003,-0.0033121722329561135,0.37403137403137404,-0.3889950324799389,"{""type"":""Point"",""coordinates"":[88.27418458442207,22.519306463876635]}"
325,23.057418169294124,1113.6133858267717,36.307239890000005,25.78000000000003,-0.030995616781465247,0.38945147679324893,-0.38974467187170286,"{""type"":""Point"",""coordinates"":[88.27836249328492,22.51071475685564]}"
326,23.057418169294124,1219.9854330708663,39.754313060000015,27.24000000000001,0.0017523364485981308,0.29937274282455806,-0.3541996830427892,"{""type"":""Point"",""coordinates"":[88.31974718830983,22.52821109927013]}"
327,23.057418169294124,1023.8993110236221,38.686181809999994,27.470000000000027,0.015332197614991482,0.19229887691955078,-0.22428806778065427,"{""type"":""Point"",""coordinates"":[88.32931354784057,22.48427209150167]}"
328,23.048980712890625,1079.221161417323,37.568489269999986,26.680000000000007,-0.01188997338065661,0.22203171881697387,-0.26094648385670055,"{""type"":""Point"",""coordinates"":[88.39246955844688,22.488298765811145]}"
329,23.033502197265648,1140.588287401575,35.35873934000006,26.79000000000002,-0.12454899696925964,0.532952980523313,-0.47883848927690265,"{""type"":""Point"",""coordinates"":[88.47203572514651,22.587763411876118]}"
330,23.057418169294124,471.4992125984252,31.42459832000003,26.460000000000036,-0.2838499184339315,-0.24508393285371702,0.35518230233510856,"{""type"":""Point"",""coordinates"":[88.30906624262207,22.54697913837377]}"
331,22.90174532803627,995.5444881889764,35.44077182000001,26.32000000000005,-0.03767014878125989,0.478574650428507,-0.4653553866785874,"{""type"":""Point"",""coordinates"":[88.45149786724633,22.656042502226306]}"
332,23.043636113947116,1130.2703740157478,40.989927290000026,26.890000000000043,0.07161169030934883,0.15157939368242526,-0.1983234061328039,"{""type"":""Point"",""coordinates"":[88.38979749014108,22.57218569570363]}"
333,23.057418169294124,1169.040059055118,39.188630750000016,26.650000000000034,0.041801635045503625,0.2577444826888034,-0.29713927751096264,"{""type"":""Point"",""coordinates"":[88.26726107794543,22.550089692809628]}"
334,23.057418169294124,924.104527559055,37.011352009999996,27.24000000000001,-0.10313216195569137,0.41291585127201563,-0.4098120576031242,"{""type"":""Point"",""coordinates"":[88.33183596116999,22.523585546337795]}"
335,23.03531081255744,1177.3628937007875,37.597542439999984,26.090000000000032,-0.024467931084407122,0.4064798250844762,-0.4169002803364037,"{""type"":""Point"",""coordinates"":[88.25438757061396,22.57310381832799]}"
336,23.057418169294124,1282.4913385826771,39.65519047999999,27.610000000000014,0.10170487948265726,0.15867298578199052,-0.22362362362362362,"{""type"":""Point"",""coordinates"":[88.32385766683745,22.50027799389863]}"
337,23.057418169294124,1036.3732283464565,40.43279002999998,27.24000000000001,0.10625213529210796,0.19017288444040037,-0.27330250669262596,"{""type"":""Point"",""coordinates"":[88.3150331678217,22.525720477534936]}"
338,23.161115558330835,532.2270669291339,33.60016804999998,25.82000000000005,-0.25933300149328026,0.1319910514541387,0.015947102294826914,"{""type"":""Point"",""coordinates"":[88.44997302132388,22.498022865395434]}"
339,23.048980712890625,1364.3530511811023,35.512550239999996,25.970000000000027,-0.1129319558247239,0.5333769633507853,-0.5281265286156857,"{""type"":""Point"",""coordinates"":[88.42151816936611,22.479391563966185]}"
340,23.048980712890625,984.9460629921259,36.64562387000001,25.090000000000032,-0.06127722406792174,0.3418903150525088,-0.34063884355327584,"{""type"":""Point"",""coordinates"":[88.41927992736672,22.523698960345563]}"
341,22.791960652669275,1241.6330708661417,37.55652620000001,26.890000000000043,-0.10201884253028264,0.48118668596237335,-0.47744496571634787,"{""type"":""Point"",""coordinates"":[88.28758969722111,22.677638270915416]}"
342,23.043636113947116,1427.8176181102363,39.21768392000001,27.29000000000002,0.03650324867099823,0.31974110032362457,-0.3679973163367997,"{""type"":""Point"",""coordinates"":[88.39958229869721,22.597090350868122]}"
343,23.161115558330835,1006.8732283464568,35.19638339000005,26.310000000000002,-0.08701095461658842,0.5577483740749047,-0.5070514211325667,"{""type"":""Point"",""coordinates"":[88.46492492213801,22.519779188733892]}"
344,23.048980712890625,745.9224409448819,34.94857694000001,25.510000000000048,-0.33986928104575165,0.05821623171780901,-0.01652892561983471,"{""type"":""Point"",""coordinates"":[88.44574300347361,22.491287376307383]}"
345,23.048980712890625,1153.2501968503936,38.96304143000003,27.150000000000034,-0.018570978910922253,0.315179841495631,-0.34134715025906737,"{""type"":""Point"",""coordinates"":[88.37790996282926,22.47679895613061]}"
346,23.03531081255744,1036.4239173228348,43.256074549999994,26.690000000000055,0.0633315593400745,0.19673617407071622,-0.2628557761301124,"{""type"":""Point"",""coordinates"":[88.3268411186028,22.591771118076615]}"
347,23.043636113947116,1256.4298228346456,38.65541962999998,26.210000000000036,0.06779413908733052,0.23388653029718257,-0.28008008008008006,"{""type"":""Point"",""coordinates"":[88.41034902600542,22.562844141691073]}"
348,23.057418169294124,1265.7187007874015,39.41592908000001,26.79000000000002,-0.024821683309557776,0.31310546518004023,-0.33855040059623626,"{""type"":""Point"",""coordinates"":[88.30909508976713,22.471400813396723]}"
349,23.043636113947116,1189.6872047244094,42.13838200999999,26.310000000000002,0.0659377070907886,0.127374525094981,-0.18669753736055567,"{""type"":""Point"",""coordinates"":[88.35563390897774,22.585579811031593]}"
350,23.048980712890625,1396.8377952755907,36.985716860000025,27.260000000000048,0.09761388286334056,0.16262008733624453,-0.22083639031548055,"{""type"":""Point"",""coordinates"":[88.36437849627445,22.505769493018214]}"
351,23.057418169294124,1357.1271653543308,36.52599316999999,26.840000000000032,-0.023416711016498136,0.3214224360075588,-0.3324094924649229,"{""type"":""Point"",""coordinates"":[88.33261574109396,22.46695002733986]}"
352,23.057418169294124,1212.7654527559055,39.66202652000004,27.680000000000007,0.1056349081776801,0.14165497896213183,-0.19957894736842105,"{""type"":""Point"",""coordinates"":[88.32270133022354,22.500543760628837]}"
353,22.791960652669275,1334.2757874015747,34.189776499999994,26.500000000000057,-0.1808761186999529,0.6619158104076898,-0.5777218376337319,"{""type"":""Point"",""coordinates"":[88.30181353038722,22.659678402253537]}"
354,22.90174532803627,1613.6586614173227,38.39735912000003,27.650000000000034,0.033615097306860624,0.39500567536889897,-0.45014749262536874,"{""type"":""Point"",""coordinates"":[88.45064651311348,22.677403873691784]}"
355,23.043636113947116,1184.3889763779525,41.16595532000002,25.870000000000005,0.07888992828188338,0.16666666666666666,-0.24536256323777403,"{""type"":""Point"",""coordinates"":[88.36849971929757,22.601733681777596]}"
356,23.057418169294124,1599.668503937008,36.459341780000045,26.670000000000016,-0.15216922080725231,0.5113250283125708,-0.48587334725121784,"{""type"":""Point"",""coordinates"":[88.32296323747433,22.47088871847759]}"
357,23.043636113947116,1194.9175196850395,39.11172529999999,27.430000000000007,0.12876052948255115,0.19030004110152077,-0.2488141440275981,"{""type"":""Point"",""coordinates"":[88.40353744438075,22.616133394763263]}"
358,23.03531081255744,1040.7994094488188,41.55902762000005,27.100000000000023,0.0666194188518781,0.2143845089903181,-0.26452232357177147,"{""type"":""Point"",""coordinates"":[88.30970652912514,22.61083623969032]}"
359,23.033502197265648,560.7688976377954,31.298131580000017,26.210000000000036,-0.34134615384615385,0.08475894245723173,0.03660220994475138,"{""type"":""Point"",""coordinates"":[88.46396834228321,22.55939718191902]}"
360,22.791960652669275,1376.5169291338584,37.44031352000002,26.350000000000023,0.028953229398663696,0.3252279635258359,-0.3979337370858568,"{""type"":""Point"",""coordinates"":[88.28528190532927,22.67106619438427]}"
361,22.791960652669275,1176.7521653543308,35.13656804000004,26.57000000000005,-0.07780195865070728,0.5356589147286822,-0.49792060491493384,"{""type"":""Point"",""coordinates"":[88.31181613402468,22.672279973478037]}"
362,23.03531081255744,1222.9657480314959,36.544792280000024,26.890000000000043,-0.08867978329056174,0.4391255182811911,-0.4093761535622001,"{""type"":""Point"",""coordinates"":[88.29306263285723,22.586950615253656]}"
363,23.048980712890625,999.6719488188976,35.114350909999985,25.960000000000036,-0.1393188854489164,0.4227882647259495,-0.39736430645521553,"{""type"":""Point"",""coordinates"":[88.43283231284025,22.527704947965518]}"
364,22.913776430876396,1409.899803149606,36.00816314000002,27.110000000000014,-0.18723201524535493,0.5550702028081124,-0.516737674984784,"{""type"":""Point"",""coordinates"":[88.42365256615261,22.67058352201534]}"
365,23.048980712890625,1131.3220472440944,39.80900138000004,27.260000000000048,0.054754098360655735,0.1888659793814433,-0.2472420506164828,"{""type"":""Point"",""coordinates"":[88.37604173572967,22.520469105132435]}"
366,23.048980712890625,1659.7437992125983,39.45865433000006,27.590000000000032,0.09624177539868406,0.16907097518753605,-0.21553922303884807,"{""type"":""Point"",""coordinates"":[88.386365340817,22.53092556780631]}"
367,22.913776430876396,554.9106299212598,34.81527416000006,26.350000000000023,-0.1716779825412221,-0.0736196319018405,0.14326241134751774,"{""type"":""Point"",""coordinates"":[88.35712703502722,22.655272413330344]}"
368,23.03531081255744,1152.5021653543306,41.598334850000015,26.680000000000007,0.07287319422150883,0.18872195925087468,-0.25674499564838993,"{""type"":""Point"",""coordinates"":[88.31735886756483,22.58611202507728]}"
369,23.043636113947116,1016.3968503937006,35.99790908,27.090000000000032,-0.11979913916786226,0.3823334071286252,-0.3765432098765432,"{""type"":""Point"",""coordinates"":[88.43405759913729,22.587545901582583]}"
370,23.057418169294124,1440.163090551181,35.91245858000002,25.29000000000002,-0.11095843352799725,0.5322173089071384,-0.5112149532710281,"{""type"":""Point"",""coordinates"":[88.25340190536204,22.491583078454735]}"
371,23.03531081255744,1017.6104330708662,39.97990238,27.110000000000014,0.037642045454545456,0.2569573283858998,-0.2978927203065134,"{""type"":""Point"",""coordinates"":[88.29425639906447,22.605638242768443]}"
372,23.043636113947116,1212.071062992126,43.21164028999999,27.250000000000057,0.12280160444307313,0.1188508461235734,-0.20466101694915254,"{""type"":""Point"",""coordinates"":[88.37969590338253,22.577005883917263]}"
373,23.161115558330835,1171.4022637795276,34.78622099000006,26.510000000000048,-0.056620083561446474,0.4282375851996105,-0.39509225794179187,"{""type"":""Point"",""coordinates"":[88.47480737056495,22.533684797153413]}"
374,23.03531081255744,1650.0533464566927,38.51357180000002,26.640000000000043,0.09516091687890715,0.11577444682369736,-0.1822719709574951,"{""type"":""Point"",""coordinates"":[88.2745593043304,22.590120266208974]}"
375,22.791960652669275,1318.6852362204725,35.69712332000006,25.83000000000004,-0.09685230024213075,0.5636865723161891,-0.5293720459149224,"{""type"":""Point"",""coordinates"":[88.25593538000324,22.66288486164002]}"
376,23.043636113947116,1037.6173228346456,43.080046519999996,26.850000000000023,0.05653710247349823,0.2035158891142664,-0.2663030590467157,"{""type"":""Point"",""coordinates"":[88.37863160490691,22.595757588028793]}"
377,23.043636113947116,1311.7024606299212,38.76650528000005,27.430000000000007,0.07235252309879175,0.20829476022958712,-0.25379442843419786,"{""type"":""Point"",""coordinates"":[88.40526993546798,22.59314199519721]}"
378,23.033502197265648,1326.649803149606,36.025253239999984,26.03000000000003,0.059026920227216596,0.3479568370776579,-0.37050359712230213,"{""type"":""Point"",""coordinates"":[88.47458154463253,22.5592417714414]}"
379,23.043636113947116,1324.9893700787402,39.67569860000003,27.420000000000016,-0.04856343757945589,0.4274835583246798,-0.4356832027850305,"{""type"":""Point"",""coordinates"":[88.41762511789493,22.57734944715078]}"
380,23.057418169294124,1078.5371062992126,38.67592775000003,27.310000000000002,-0.07854437674954717,0.39837745516652434,-0.4174421120969487,"{""type"":""Point"",""coordinates"":[88.34778168715586,22.507733904699485]}"
381,23.161115558330835,1182.5813976377954,33.51813557000003,26.52000000000004,-0.17544107268877912,0.5578002244668911,-0.4826419797044686,"{""type"":""Point"",""coordinates"":[88.47631901043708,22.532471620022587]}"
382,22.90174532803627,840.588779527559,36.38414534000003,27.650000000000034,-0.029900332225913623,0.35076252723311546,-0.38470128419877164,"{""type"":""Point"",""coordinates"":[88.45418865076854,22.678232921021152]}"
383,23.048980712890625,1401.7875984251966,34.774257920000025,25.480000000000018,-0.1546520329259167,0.4985432178698608,-0.4644099968364442,"{""type"":""Point"",""coordinates"":[88.42824960016755,22.485534934119816]}"
384,23.043636113947116,537.1429133858267,30.72390422000001,26.640000000000043,-0.30945558739255014,0.12978986402966625,-0.0281214848143982,"{""type"":""Point"",""coordinates"":[88.44169563484894,22.55648268059168]}"
385,23.057418169294124,1217.8884842519685,36.787471700000026,25.77000000000004,-0.03470383275261324,0.42031758178687584,-0.4304431599229287,"{""type"":""Point"",""coordinates"":[88.25423291645812,22.520096336763626]}"
386,23.043636113947116,1164.293503937008,41.57611772000001,26.850000000000023,0.04542626011200996,0.2416025900445164,-0.29287821323219554,"{""type"":""Point"",""coordinates"":[88.3710918937139,22.631073168410545]}"
387,23.048980712890625,1394.5799212598426,33.18829664000003,26.190000000000055,-0.2174435367611725,0.6024667931688804,-0.5542944785276074,"{""type"":""Point"",""coordinates"":[88.43132383037826,22.523243713577834]}"
388,23.03531081255744,1178.3771653543306,41.880321500000036,25.900000000000034,-0.011802232854864434,0.24734565473849784,-0.27645875251509056,"{""type"":""Point"",""coordinates"":[88.34441461810789,22.60238970064653]}"
389,23.043636113947116,1132.5986220472444,38.85537380000005,27.350000000000023,-0.05848949460533787,0.5020145044319098,-0.4959871589085072,"{""type"":""Point"",""coordinates"":[88.38457185706045,22.61783666845424]}"
390,23.03531081255744,1277.6645669291338,36.221789390000026,26.80000000000001,-0.13074204946996468,0.4617006324666198,-0.4558180227471566,"{""type"":""Point"",""coordinates"":[88.2699646083973,22.59547685199017]}"
391,23.057418169294124,1284.479035433071,37.72742720000002,26.930000000000007,-0.06769355492501013,0.419435961918448,-0.41790776960344517,"{""type"":""Point"",""coordinates"":[88.28122419184012,22.53819883350891]}"
392,22.913776430876396,1246.0021653543308,42.755334619999985,26.420000000000016,0.1111111111111111,0.21362229102167182,-0.2985507246376812,"{""type"":""Point"",""coordinates"":[88.38023043190888,22.67738768794742]}"
393,23.043636113947116,1202.0228346456693,42.44087678000005,26.78000000000003,0.08394044979410833,0.15311004784688995,-0.21717171717171718,"{""type"":""Point"",""coordinates"":[88.37826531960536,22.620149927013777]}"
394,23.03531081255744,1233.3978346456693,35.55356648000003,27.110000000000014,-0.1660477453580902,0.5962236746550472,-0.5301079011486252,"{""type"":""Point"",""coordinates"":[88.28678280638319,22.61254877759674]}"
395,23.048980712890625,1297.8988188976377,33.815503310000054,25.74000000000001,-0.2634746922024624,0.5633039945836155,-0.5079183673469387,"{""type"":""Point"",""coordinates"":[88.43434569758455,22.47590270772234]}"
396,23.161115558330835,1377.338287401575,35.63901698000001,26.05000000000001,-0.051393188854489166,0.4171256885327992,-0.41405729513657563,"{""type"":""Point"",""coordinates"":[88.47061372127249,22.511807366469508]}"
397,23.048980712890625,1026.8377952755905,33.85822856000004,25.82000000000005,-0.22054597701149425,0.49922788440326493,-0.40442240132258733,"{""type"":""Point"",""coordinates"":[88.44903265505747,22.496974212558246]}"
398,23.057418169294124,1166.086318897638,38.139298610000026,27.470000000000027,0.0255724552899883,0.16530081950829503,-0.219155165202844,"{""type"":""Point"",""coordinates"":[88.32945448689658,22.48819922826785]}"
399,23.043636113947116,1295.6517716535432,38.622948440000016,27.420000000000016,0.04050925925925926,0.2164343360234776,-0.2546348846008324,"{""type"":""Point"",""coordinates"":[88.42831445032604,22.627167743089764]}"
400,23.057418169294124,1357.213287401575,37.71204611000002,25.310000000000002,-0.0027519329052548814,0.3497971423531487,-0.36350677120456165,"{""type"":""Point"",""coordinates"":[88.25556017632599,22.486781049402296]}"
401,23.03531081255744,476.26299212598434,30.85378897999999,26.970000000000027,-0.33976833976833976,-0.34061757719714963,0.4552590266875981,"{""type"":""Point"",""coordinates"":[88.27244308182165,22.55665754969996]}"
402,23.048980712890625,1317.4682086614173,41.16082829000004,27.470000000000027,0.12923036717627073,0.22974718582764347,-0.3105211406096362,"{""type"":""Point"",""coordinates"":[88.35754954993082,22.470421286205195]}"
403,23.057418169294124,1070.9977362204722,35.314305080000054,25.83000000000004,-0.1476288010083504,0.5471537807986406,-0.5159209157127992,"{""type"":""Point"",""coordinates"":[88.26533006402046,22.505043592706997]}"
404,23.043636113947116,1226.5690944881892,38.41444922000005,27.53000000000003,0.04129793510324484,0.2395118230358505,-0.28661916072842436,"{""type"":""Point"",""coordinates"":[88.41205330379572,22.644168773191552]}"
405,23.03531081255744,922.3879921259843,41.88715754000003,26.130000000000052,0.10687960687960688,0.14158597225857106,-0.21032186459489458,"{""type"":""Point"",""coordinates"":[88.344662272214,22.56953170833489]}"
406,23.043636113947116,646.3830708661418,32.303029460000005,26.160000000000025,-0.4470338983050847,0.3313840155945419,-0.2092062555326055,"{""type"":""Point"",""coordinates"":[88.42117287854299,22.561925789079467]}"
407,23.03531081255744,1174.2600393700786,40.21745477000002,26.99000000000001,0.072277545775779,0.17949765162344292,-0.22919770163864653,"{""type"":""Point"",""coordinates"":[88.30202471880231,22.57809802418928]}"
408,23.057418169294124,1332.417027559055,36.539665249999985,26.49000000000001,-0.0445658773527626,0.4833591998620452,-0.4726930320150659,"{""type"":""Point"",""coordinates"":[88.2548920650761,22.540887796868446]}"
409,23.057418169294124,1078.3771653543308,40.57292885000004,26.910000000000025,0.02394413036248753,0.2938064800528984,-0.3149641577060932,"{""type"":""Point"",""coordinates"":[88.2715557904729,22.53922160263817]}"
410,23.048980712890625,921.6192913385826,33.335271499999976,25.77000000000004,0.04035357417371253,0.30527966544694196,-0.23217369849494202,"{""type"":""Point"",""coordinates"":[88.43959806791241,22.475164848081377]}"
411,23.03531081255744,1423.3702755905508,41.827342190000024,26.360000000000014,0.11776223776223776,0.06464135021097046,-0.13801190690961573,"{""type"":""Point"",""coordinates"":[88.33347200907099,22.596252478983146]}"
412,23.03531081255744,1438.2777559055116,39.932050100000026,27.03000000000003,0.054242002781641166,0.3259668508287293,-0.37235116044399597,"{""type"":""Point"",""coordinates"":[88.31667567682638,22.57810683823216]}"
413,23.161115558330835,913.4933070866141,32.463676400000054,26.450000000000045,-0.21428571428571427,0.44542631956054457,-0.37420526793823794,"{""type"":""Point"",""coordinates"":[88.4631198902996,22.52958856844913]}"
414,23.161115558330835,1402.5548228346456,35.17758428000002,25.970000000000027,-0.08914325355532432,0.5294690696541646,-0.49832988706855413,"{""type"":""Point"",""coordinates"":[88.4613512099156,22.47460140688811]}"
415,23.043636113947116,984.9937992125984,42.07856665999998,26.310000000000002,0.056003144036156416,0.14626580768313052,-0.21466498103666246,"{""type"":""Point"",""coordinates"":[88.35550147177656,22.586945288260726]}"
416,22.913776430876396,1229.061220472441,41.63764207999998,26.680000000000007,0.059905100830367736,0.19577517917766882,-0.2524693796918214,"{""type"":""Point"",""coordinates"":[88.44983061116972,22.668665925741852]}"
417,23.161115558330835,773.8284448818897,32.217578960000026,26.49000000000001,-0.30407686315242793,0.40554156171284633,-0.28934531450577666,"{""type"":""Point"",""coordinates"":[88.4706259247121,22.549138291607868]}"
418,22.90174532803627,1425.0740157480311,34.50081632000001,26.250000000000057,0.013637379834562932,0.4232258064516129,-0.44230140568813336,"{""type"":""Point"",""coordinates"":[88.46878774232965,22.663917481357625]}"
419,23.03531081255744,1540.0297244094488,40.67205143000001,26.640000000000043,0.035333978702807356,0.17928994082840236,-0.24737912689719918,"{""type"":""Point"",""coordinates"":[88.27456518238534,22.586680054364894]}"
420,23.057418169294124,1271.5725393700786,40.311450320000006,25.670000000000016,0.14672553348050038,0.12342569269521411,-0.19374099238212888,"{""type"":""Point"",""coordinates"":[88.25146755995449,22.547957468664023]}"
421,23.057418169294124,1661.1931102362203,34.56063167000002,25.24000000000001,-0.19207683073229292,0.6085313174946004,-0.5483367983367984,"{""type"":""Point"",""coordinates"":[88.26249099264864,22.49502371510752]}"
422,22.90174532803627,1208.3751968503936,34.08039986000006,26.110000000000014,-0.12635761589403974,0.5643855776306107,-0.5240143369175627,"{""type"":""Point"",""coordinates"":[88.4724776058274,22.653158148819053]}"
423,23.043636113947116,1141.7177165354328,38.722071020000044,27.460000000000036,0.06547428936442032,0.21562110511009555,-0.2595781317262161,"{""type"":""Point"",""coordinates"":[88.40437638308268,22.602729451807658]}"
424,23.03531081255744,1027.503149606299,40.345630519999986,27.110000000000014,0.05873768697555637,0.18566176470588236,-0.23091603053435114,"{""type"":""Point"",""coordinates"":[88.29772584236629,22.605460027492995]}"
425,22.791960652669275,989.1212598425197,36.025253239999984,26.05000000000001,-0.10407544627820815,0.5085135757017948,-0.46929627969520393,"{""type"":""Point"",""coordinates"":[88.2812402902517,22.666180465752728]}"
426,23.03531081255744,1220.34468503937,41.24115175999998,26.53000000000003,0.1907187323146576,0.21032585696148964,-0.23329021129797325,"{""type"":""Point"",""coordinates"":[88.28027567194296,22.619482815991034]}"
427,23.057418169294124,1115.0636811023621,36.233752460000005,26.090000000000032,-0.002968286205280425,0.3706233988044407,-0.3839189480491485,"{""type"":""Point"",""coordinates"":[88.2527862346379,22.528601119687384]}"
428,23.048980712890625,1032.336318897638,38.97158648000004,27.33000000000004,0.05915282701996641,0.18495887191539365,-0.19847872593296886,"{""type"":""Point"",""coordinates"":[88.3543947203572,22.53694791434921]}"
429,23.043636113947116,1860.3692913385826,44.39598422000006,27.110000000000014,0.06666666666666667,0.03743045017703591,-0.09182858663827521,"{""type"":""Point"",""coordinates"":[88.43770026024167,22.639719381403385]}"
430,23.03531081255744,1100.793503937008,36.50035802000002,26.04000000000002,-0.09595015576323987,0.4477366255144033,-0.4495261639884631,"{""type"":""Point"",""coordinates"":[88.31583260054843,22.63834825569466]}"
431,23.03531081255744,924.4224409448818,41.40179870000003,27.110000000000014,0.11926605504587157,0.14641744548286603,-0.21185510428100987,"{""type"":""Point"",""coordinates"":[88.29957561388525,22.60481664174199]}"
432,22.90174532803627,1659.2305118110235,34.57259474,26.140000000000043,-0.14983974358974358,0.5496760259179265,-0.5217391304347826,"{""type"":""Point"",""coordinates"":[88.4795614792572,22.67341355516169]}"
433,23.161115558330835,1323.1906496062993,35.58261965000003,25.970000000000027,-0.0453005395909148,0.4743362831858407,-0.45858868849588513,"{""type"":""Point"",""coordinates"":[88.45762989952343,22.469065582083516]}"
434,22.913776430876396,1245.6291338582676,39.921796040000004,26.750000000000057,0.04906333630686887,0.23474903474903475,-0.28279181708784595,"{""type"":""Point"",""coordinates"":[88.44404667121685,22.671334844598533]}"
435,23.03531081255744,1301.5917322834644,34.53157850000002,26.130000000000052,0.013987730061349693,0.4479279279279279,-0.4707174231332357,"{""type"":""Point"",""coordinates"":[88.27005545808139,22.642088059906996]}"
436,23.043636113947116,1287.0553149606299,40.198655659999986,26.170000000000016,0.06205673758865248,0.17381656804733728,-0.22642967542503864,"{""type"":""Point"",""coordinates"":[88.35222445964622,22.63931446486852]}"
437,22.791960652669275,1272.451968503937,39.197175800000025,26.950000000000045,-0.041883383520394196,0.36171735241502684,-0.39875045938993015,"{""type"":""Point"",""coordinates"":[88.34718373743229,22.674851292079918]}"
438,23.057418169294124,1257.5587598425197,36.49181297000001,26.670000000000016,0.014316087880935507,0.3068971997744785,-0.3192942515651679,"{""type"":""Point"",""coordinates"":[88.32801513377952,22.46808198112686]}"
439,23.161115558330835,977.4529527559055,32.21245193000004,26.33000000000004,-0.30578206078576725,0.5334058759521219,-0.4211375554659137,"{""type"":""Point"",""coordinates"":[88.46077037282473,22.533258601130786]}"
440,23.057418169294124,1138.745275590551,38.96645945,26.650000000000034,-0.028190360715368293,0.39073390733907337,-0.3964594483326472,"{""type"":""Point"",""coordinates"":[88.262634452088,22.542678579072696]}"
441,23.161115558330835,1497.8486220472441,33.244693970000014,26.460000000000036,-0.3632326820603908,0.7237507018528916,-0.6397382828147951,"{""type"":""Point"",""coordinates"":[88.45855430647367,22.537222232232327]}"
442,22.791960652669275,1384.6458661417323,37.82996780000002,26.950000000000045,-0.06443798449612403,0.44634628044766295,-0.4661327994661328,"{""type"":""Point"",""coordinates"":[88.33667090138346,22.66780774203315]}"
443,22.791960652669275,1518.4352362204727,39.74405899999999,27.110000000000014,0.07482678983833718,0.25265791119449654,-0.31129296235679216,"{""type"":""Point"",""coordinates"":[88.3430338759658,22.679766648722758]}"
444,23.043636113947116,1306.1232283464567,39.06387302000002,27.05000000000001,0.12631879098944968,0.13649851632047477,-0.2020400156924284,"{""type"":""Point"",""coordinates"":[88.4100285679075,22.63641390088595]}"
445,23.048980712890625,1371.7905511811023,37.70862809000005,26.77000000000004,-0.023330851327872923,0.40405244338498214,-0.41392318244170095,"{""type"":""Point"",""coordinates"":[88.40008664100624,22.472245915283235]}"
446,23.048980712890625,1274.080413385827,40.24992596000004,27.130000000000052,0.11422254974207811,0.16067979915025107,-0.2051333467014237,"{""type"":""Point"",""coordinates"":[88.37041628596853,22.51142772852851]}"
447,23.057418169294124,1035.293503937008,39.07583609000005,27.630000000000052,0.0019880715705765406,0.11928651059085842,-0.16689911668991167,"{""type"":""Point"",""coordinates"":[88.3462487965056,22.510549405003285]}"
448,23.043636113947116,1224.225590551181,40.94036600000004,27.420000000000016,0.06296186816435116,0.2349045578496299,-0.2644595133625848,"{""type"":""Point"",""coordinates"":[88.42269135285218,22.625025747921075]}"
449,23.03531081255744,1010.065157480315,37.334354899999994,26.53000000000003,-0.048694424841213835,0.3564582382473756,-0.37084870848708484,"{""type"":""Point"",""coordinates"":[88.27783700083516,22.61985444935418]}"
450,23.033502197265648,1045.6104330708663,36.48668594000003,26.410000000000025,-0.008202323991797676,0.3001322168356104,-0.33303208314505195,"{""type"":""Point"",""coordinates"":[88.46769362703051,22.622323859908015]}"
451,23.043636113947116,1226.1429133858267,36.59948059999999,26.440000000000055,-0.02000555709919422,0.38397737983034874,-0.3992757766342672,"{""type"":""Point"",""coordinates"":[88.42388259121101,22.57241437875347]}"
452,22.791960652669275,763.3328740157481,34.630701079999994,26.360000000000014,-0.11134453781512606,0.22029988465974626,-0.1575492341356674,"{""type"":""Point"",""coordinates"":[88.3059086024754,22.652011769975452]}"
453,22.791960652669275,935.9224409448818,36.81139784000004,26.57000000000005,-0.030912476722532587,0.373697270471464,-0.38538538538538536,"{""type"":""Point"",""coordinates"":[88.31295209252623,22.670508544963795]}"
454,23.057418169294124,1104.1517716535432,35.996200069999986,25.510000000000048,-0.09974259974259975,0.432523051131601,-0.40053267772997336,"{""type"":""Point"",""coordinates"":[88.27561553112676,22.50515217864852]}"
455,22.791960652669275,1173.928346456693,38.65029260000006,27.110000000000014,0.027769110764430577,0.24939855653568566,-0.278621255642183,"{""type"":""Point"",""coordinates"":[88.3445980566253,22.676499077606742]}"
456,23.057418169294124,1369.637992125984,34.39998473000003,25.630000000000052,-0.14384577360355907,0.5390754905221151,-0.5074918566775244,"{""type"":""Point"",""coordinates"":[88.28087330510101,22.497393523635466]}"
457,23.057418169294124,1388.381594488189,39.82096445000002,27.420000000000016,0.07979356887653831,0.18507157464212678,-0.2538766678687342,"{""type"":""Point"",""coordinates"":[88.34337448243261,22.530963988652033]}"
458,22.913776430876396,1242.4175196850397,38.78017736000004,27.130000000000052,0.06826137689614936,0.26846703733121524,-0.28894269572235676,"{""type"":""Point"",""coordinates"":[88.43129588507811,22.663570909188067]}"
459,22.913776430876396,707.0454724409448,36.73620140000003,26.720000000000027,-0.05913978494623656,0.29520052596975677,-0.2892670157068063,"{""type"":""Point"",""coordinates"":[88.39765236960349,22.67297357401843]}"
460,22.913776430876396,1249.8683070866143,39.99015644000002,27.03000000000003,0.08793686583990981,0.23700305810397554,-0.28821656050955413,"{""type"":""Point"",""coordinates"":[88.37984482522837,22.66892301305613]}"
461,23.043636113947116,1264.4234251968503,40.92327590000002,26.83000000000004,0.041022908897176344,0.33283968900407257,-0.35236664162284,"{""type"":""Point"",""coordinates"":[88.35921972341148,22.5823050540132]}"
462,23.043636113947116,1123.2206692913385,40.47038825000004,26.79000000000002,0.043296985246953176,0.24629204094422394,-0.3097694840834248,"{""type"":""Point"",""coordinates"":[88.3971779683973,22.56294828751436]}"
463,23.043636113947116,1113.328937007874,39.04336490000003,27.460000000000036,0.10342511752854265,0.14789337919174547,-0.21308496138119037,"{""type"":""Point"",""coordinates"":[88.40087000566716,22.604078483990723]}"
464,23.161115558330835,1114.0828740157478,33.72150776000001,26.05000000000001,-0.14071239328819546,0.5681910157830837,-0.5249901613537977,"{""type"":""Point"",""coordinates"":[88.46810879115857,22.511507484113576]}"
465,23.048980712890625,1135.240846456693,39.90641495,27.590000000000032,0.07166693151120293,0.2037914691943128,-0.26669557675628797,"{""type"":""Point"",""coordinates"":[88.37662322731917,22.526700848504003]}"
466,23.043636113947116,714.2147637795274,29.655772970000044,26.49000000000001,-0.7192042846212701,0.3343230403800475,-0.1218172740888667,"{""type"":""Point"",""coordinates"":[88.43484650167568,22.553356895475794]}"
467,23.03531081255744,1285.0823818897638,38.98354955000002,26.890000000000043,0.07380442541042113,0.21931967675249014,-0.2761605035405193,"{""type"":""Point"",""coordinates"":[88.29125888741001,22.590802397064483]}"
468,23.161115558330835,1212.7536417322835,35.792827880000004,25.750000000000057,-0.08568254409109846,0.4919847328244275,-0.472871137905049,"{""type"":""Point"",""coordinates"":[88.45674639642408,22.46603763097735]}"
469,22.791960652669275,1320.0779527559055,34.35725948000004,26.55000000000001,-0.12297201975076416,0.6200814111261872,-0.5772787318361955,"{""type"":""Point"",""coordinates"":[88.30601015251864,22.655693916558324]}"
470,23.03531081255744,785.2516732283465,35.49716914999999,26.180000000000007,-0.11463233473632087,0.31291921843102943,-0.26674169949352844,"{""type"":""Point"",""coordinates"":[88.33068613085405,22.55669664031956]}"
471,23.048980712890625,1277.0558070866143,35.003265260000035,26.510000000000048,-0.08941629249518922,0.5161578289591144,-0.5016799292661361,"{""type"":""Point"",""coordinates"":[88.4075808193553,22.48297603741578]}"
472,23.048980712890625,1539.5513779527557,38.515280810000036,26.170000000000016,-0.05123174187922389,0.4623199393479909,-0.48300784253421497,"{""type"":""Point"",""coordinates"":[88.41797932871354,22.543191353452436]}"
473,23.057418169294124,1131.147834645669,38.812648550000006,27.170000000000016,0.03470919324577861,0.301707779886148,-0.32546157148990984,"{""type"":""Point"",""coordinates"":[88.29684950614283,22.475812989547546]}"
474,23.043636113947116,477.17736220472443,30.433372520000034,26.210000000000036,-0.3620689655172414,-0.4362176628010705,0.4711297071129707,"{""type"":""Point"",""coordinates"":[88.35706403488835,22.64892278462275]}"
475,23.03531081255744,964.7187007874016,37.60096046000001,25.730000000000018,0.012093726379440665,0.25552353506243997,-0.307,"{""type"":""Point"",""coordinates"":[88.34454035367806,22.64846720249786]}"
476,22.791960652669275,1254.6370078740156,38.773341319999986,26.670000000000016,-0.043693322341302555,0.38917337234820776,-0.42034405385190726,"{""type"":""Point"",""coordinates"":[88.29396320467642,22.669711013061708]}"
477,23.048980712890625,1299.2295275590552,37.97181563000004,26.610000000000014,0.042073000835887435,0.24655547498187091,-0.2983383685800604,"{""type"":""Point"",""coordinates"":[88.40875394520849,22.467614598606403]}"
478,23.03531081255744,1300.9440944881892,44.406238280000025,26.470000000000027,0.08424475317765297,0.12083936324167872,-0.2007751937984496,"{""type"":""Point"",""coordinates"":[88.25530588894205,22.616597925185566]}"
479,23.048980712890625,981.9303149606301,33.54377072,26.02000000000004,-0.2873311427528295,0.5464912280701755,-0.4567238173931006,"{""type"":""Point"",""coordinates"":[88.44978525113281,22.52173863534845]}"
480,23.043636113947116,1233.2797244094486,39.35440472000005,27.55000000000001,0.09797917942437231,0.15123094958968347,-0.199023199023199,"{""type"":""Point"",""coordinates"":[88.41724686268348,22.64355851872953]}"
481,23.03531081255744,462.2674212598425,30.38722925000002,26.100000000000023,-0.32716763005780347,-0.45098039215686275,0.5289290110791958,"{""type"":""Point"",""coordinates"":[88.2538376688044,22.560405894771808]}"
482,23.043636113947116,1048.2885826771653,40.74382985,27.210000000000036,0.006209037599172128,0.2767560381121205,-0.3021468926553672,"{""type"":""Point"",""coordinates"":[88.39469784070178,22.5817700309974]}"
483,23.043636113947116,1136.0503937007875,36.55504633999999,26.590000000000032,-0.12730627306273062,0.45620655412115196,-0.4376470588235294,"{""type"":""Point"",""coordinates"":[88.42298917531886,22.57203532593371]}"
484,23.161115558330835,1040.1232283464567,32.89263791000002,26.410000000000025,-0.2444805194805195,0.5917774086378738,-0.511435331230284,"{""type"":""Point"",""coordinates"":[88.47636967560803,22.521600117072747]}"
485,23.048980712890625,964.5198818897638,34.74520475000003,25.970000000000027,0.04866888519134775,0.09767218622510199,-0.13922789539227895,"{""type"":""Point"",""coordinates"":[88.43184473610539,22.534446712898507]}"
486,23.048980712890625,1278.5818897637794,38.74428814999999,26.730000000000018,-0.00813953488372093,0.27899686520376177,-0.2962063165763409,"{""type"":""Point"",""coordinates"":[88.38579562249456,22.4959475234221]}"
487,22.913776430876396,465.24921259842523,30.782010560000003,26.350000000000023,-0.2962138084632517,-0.46111111111111114,0.5279805352798054,"{""type"":""Point"",""coordinates"":[88.35542192613264,22.651682689685543]}"
488,23.03531081255744,708.576968503937,31.78861745000006,26.920000000000016,-0.18880597014925374,-9.407337723424271E-4,0.08971428571428572,"{""type"":""Point"",""coordinates"":[88.28868280208735,22.554086520187056]}"
489,23.03531081255744,1192.9952755905513,38.13246257000003,26.55000000000001,0.010342789598108746,0.3273880301228696,-0.3580697485806975,"{""type"":""Point"",""coordinates"":[88.27121256583106,22.565422294654354]}"
490,23.033502197265648,1442.2812007874015,38.34267080000001,27.210000000000036,0.04635580473130042,0.1391702058150931,-0.18143316957479247,"{""type"":""Point"",""coordinates"":[88.46449728200145,22.57474074613558]}"
491,23.03531081255744,1132.6153543307087,36.87121319000005,26.590000000000032,0.017311929493232608,0.29866888519134777,-0.3273809523809524,"{""type"":""Point"",""coordinates"":[88.253093219129,22.60457929493216]}"
492,22.791960652669275,1092.1891732283464,36.96862676000001,26.57000000000005,-0.007590132827324478,0.35979513444302175,-0.3955321944809461,"{""type"":""Point"",""coordinates"":[88.30941141350715,22.666682957014064]}"
493,23.161115558330835,1225.420472440945,34.86996248000003,25.99000000000001,-0.18304210827843026,0.4952932657494569,-0.48214606136730664,"{""type"":""Point"",""coordinates"":[88.46952804352114,22.48721192956108]}"
494,23.048980712890625,1212.528248031496,39.21255689000003,27.350000000000023,-0.006074974070232627,0.30051714230990234,-0.33006856023506365,"{""type"":""Point"",""coordinates"":[88.36969690456367,22.465937653249892]}"
495,23.03531081255744,1189.5597440944882,40.497732410000026,26.920000000000016,0.08386894497570152,0.18998167379352474,-0.23577923451046734,"{""type"":""Point"",""coordinates"":[88.31859491913676,22.568723260441796]}"
496,23.03531081255744,1392.6069881889764,43.27829168000005,26.170000000000016,0.04678449428189514,0.08028951354990742,-0.15702181359293313,"{""type"":""Point"",""coordinates"":[88.33774349788293,22.583166434209353]}"
497,23.161115558330835,1687.315157480315,37.059204290000025,25.910000000000025,0.08894678079642725,0.3928876244665718,-0.432626188734455,"{""type"":""Point"",""coordinates"":[88.46145465764218,22.48242659532727]}"
498,22.913776430876396,1327.0858267716537,39.37491283999998,26.810000000000002,0.057588652482269506,0.18940207662012173,-0.23586309523809523,"{""type"":""Point"",""coordinates"":[88.39188713279033,22.65639194967822]}"
499,23.048980712890625,1335.417027559055,37.34289995000006,26.190000000000055,-0.051147288809127035,0.4243529616119507,-0.41745894554883317,"{""type"":""Point"",""coordinates"":[88.41780649754858,22.487364289457417]}"
500,23.043636113947116,1290.9706692913387,44.28660758000001,26.49000000000001,0.12728278915329275,0.22437888198757763,-0.2626100880704564,"{""type"":""Point"",""coordinates"":[88.35800821448983,22.627153321437675]}"
501,23.057418169294124,967.641437007874,40.50115043000005,27.090000000000032,0.06907831441216086,0.1963402571711177,-0.2674875556719937,"{""type"":""Point"",""coordinates"":[88.34606122012636,22.499275755405787]}"
502,23.03531081255744,1338.8279527559055,37.85047592000001,26.370000000000005,-0.07507193303688203,0.39086294416243655,-0.40705237932214994,"{""type"":""Point"",""coordinates"":[88.29757992929669,22.630478411949703]}"
503,23.057418169294124,1479.8471456692912,35.292087949999996,25.78000000000003,-0.1999036028437161,0.5055941941336559,-0.48096371207614513,"{""type"":""Point"",""coordinates"":[88.27726379906295,22.51005235603292]}"
504,23.033502197265648,1555.7600393700786,37.084839439999996,26.370000000000005,0.10564898663216904,0.23232323232323232,-0.326935380678183,"{""type"":""Point"",""coordinates"":[88.45506652900274,22.61756337604982]}"
505,23.03531081255744,1598.1025590551183,38.21962208000002,26.05000000000001,0.01708382995629718,0.41857798165137616,-0.4643385617046463,"{""type"":""Point"",""coordinates"":[88.30368843508664,22.619559871347352]}"
506,23.057418169294124,1173.826968503937,37.94276246000004,26.450000000000045,-0.0057506053268765135,0.34398382204246714,-0.3519121236777868,"{""type"":""Point"",""coordinates"":[88.28770537208887,22.472801419756873]}"
507,23.057418169294124,1130.4883858267717,37.28821162999998,27.29000000000002,-0.02170493865995596,0.35474452554744523,-0.36671575846833576,"{""type"":""Point"",""coordinates"":[88.29975848449281,22.475951870570338]}"
508,23.048980712890625,840.0902559055118,32.964416330000006,25.77000000000004,-0.267756895289236,0.38064859117490696,-0.27616707616707614,"{""type"":""Point"",""coordinates"":[88.43996244825281,22.482871134592553]}"
509,23.057418169294124,1117.631594488189,42.27852083000005,26.460000000000036,0.10248075278015398,0.1114406779661017,-0.18795289855072464,"{""type"":""Point"",""coordinates"":[88.31933350417415,22.534115955568154]}"
510,22.791960652669275,1170.4499999999998,41.162537300000054,25.970000000000027,0.07890499194847021,0.1481332798073063,-0.22117847993168233,"{""type"":""Point"",""coordinates"":[88.34208976294377,22.65377761068262]}"
511,23.03531081255744,517.7693897637795,30.57863837000002,26.220000000000027,-0.3728661275831087,-0.3577133249264397,0.4365781710914454,"{""type"":""Point"",""coordinates"":[88.33988198884477,22.569594263126124]}"
512,22.791960652669275,1038.6202755905513,38.93057024000001,26.950000000000045,0.02675343456254519,0.2320366132723112,-0.24976787372330547,"{""type"":""Point"",""coordinates"":[88.3342159403054,22.671527762176694]}"
513,22.913776430876396,1201.7423228346456,39.09463520000003,26.79000000000002,0.022195560887822437,0.2799371809972517,-0.3155770782889427,"{""type"":""Point"",""coordinates"":[88.40066928665037,22.679993948659597]}"
514,23.048980712890625,1134.9711614173227,35.211764480000056,25.840000000000032,-0.06735751295336788,0.3697360467459198,-0.3442752620130512,"{""type"":""Point"",""coordinates"":[88.42321395362963,22.504575861284252]}"
515,23.03531081255744,1469.4716535433072,34.808438120000005,25.980000000000018,-0.31129726058410684,0.6749566223250434,-0.6454545454545455,"{""type"":""Point"",""coordinates"":[88.27785826000529,22.648940366588985]}"
516,23.033502197265648,1514.6055118110235,36.66442298000004,27.210000000000036,-0.027874564459930314,0.3492910504650099,-0.369969040247678,"{""type"":""Point"",""coordinates"":[88.46729471568025,22.58206134933492]}"
517,23.03531081255744,1061.0966535433072,42.00678823999999,25.950000000000045,0.07697690692792163,0.18295964125560538,-0.24199623352165725,"{""type"":""Point"",""coordinates"":[88.33893981594177,22.60589298853834]}"
518,23.048980712890625,1503.8186023622047,36.73791041000004,25.930000000000007,0.08838416612589228,0.10911100584241276,-0.1573570604712473,"{""type"":""Point"",""coordinates"":[88.44951528977758,22.514318537751553]}"
519,23.03531081255744,1321.266437007874,38.33583476000001,26.910000000000025,-0.029562475364603862,0.36777797172281373,-0.39381003201707576,"{""type"":""Point"",""coordinates"":[88.27835781636637,22.56562180163462]}"
520,23.057418169294124,1292.8874999999998,37.93763543,25.190000000000055,0.07867904428549688,0.12926692781197538,-0.18011695906432748,"{""type"":""Point"",""coordinates"":[88.27473177663462,22.49741377490454]}"
521,23.048980712890625,526.4706692913386,35.15536715000002,25.750000000000057,-0.2128755364806867,0.16776859504132233,-0.08650519031141868,"{""type"":""Point"",""coordinates"":[88.40174927969605,22.521605455821675]}"
522,23.161115558330835,1169.0336614173225,34.924650799999995,25.83000000000004,-0.11676136363636364,0.49895138226882746,-0.47090739008419086,"{""type"":""Point"",""coordinates"":[88.46715623479467,22.49172207917789]}"
523,23.03531081255744,1209.1379921259843,38.56655110999998,25.840000000000032,0.042766151046405826,0.24227514268844716,-0.28501628664495116,"{""type"":""Point"",""coordinates"":[88.33858601498812,22.559375786221345]}"
524,22.900857543945335,947.1576771653544,34.25471888000004,25.680000000000007,-0.08300704776820673,0.3090392806436346,-0.2398027790228597,"{""type"":""Point"",""coordinates"":[88.24887410223243,22.666920604552637]}"
525,23.03531081255744,1315.4372047244096,39.04849193000001,26.910000000000025,0.06101601325234677,0.2432827636629501,-0.2807380907550367,"{""type"":""Point"",""coordinates"":[88.27953875753143,22.564092690608717]}"
526,23.057418169294124,1688.6817913385826,37.95643454000003,26.120000000000005,-0.0810182944535863,0.49845699718234265,-0.48847127815540453,"{""type"":""Point"",""coordinates"":[88.33647674293637,22.54552086560317]}"
527,22.791960652669275,773.8545275590551,32.825986520000015,26.690000000000055,-0.211485870556062,0.5059490084985836,-0.43134087237479807,"{""type"":""Point"",""coordinates"":[88.32269166256398,22.666165001422407]}"
528,23.03531081255744,1206.7211614173227,43.158660980000036,26.170000000000016,0.0924211517338773,0.13858267716535433,-0.21922428330522767,"{""type"":""Point"",""coordinates"":[88.33561311750044,22.580526490482267]}"
529,23.033502197265648,1170.6906496062993,35.81333600000005,27.250000000000057,-0.019954303122619955,0.30755711775043937,-0.3283078754215433,"{""type"":""Point"",""coordinates"":[88.46329421247633,22.58911763164324]}"
530,23.033502197265648,1125.659153543307,34.152178280000044,27.07000000000005,-0.046529844900516995,0.342443729903537,-0.3593813593813594,"{""type"":""Point"",""coordinates"":[88.46567876821932,22.598717813905772]}"
531,23.048980712890625,1238.778248031496,37.41638738000006,25.870000000000005,0.08851637161209462,0.13499804916113928,-0.16523132385339476,"{""type"":""Point"",""coordinates"":[88.41643455380016,22.498861360476553]}"
532,23.043636113947116,1222.6655511811023,38.85879182000002,27.370000000000005,0.13440860215053763,0.15827338129496402,-0.2196969696969697,"{""type"":""Point"",""coordinates"":[88.38934301351817,22.616863556816515]}"
533,23.03531081255744,1079.3761811023624,36.471304850000024,27.010000000000048,-0.046010483401281305,0.5330772513871106,-0.4904564315352697,"{""type"":""Point"",""coordinates"":[88.30917028002789,22.602313114676075]}"
534,23.043636113947116,1068.8668307086616,41.48383118000004,26.890000000000043,0.09018245004344048,0.17742298178547336,-0.23548843794242566,"{""type"":""Point"",""coordinates"":[88.35928963725584,22.571084403794988]}"
535,23.048980712890625,1290.8358267716535,35.664652130000036,25.910000000000025,-0.021658742736397254,0.3986620864219852,-0.3966419931395559,"{""type"":""Point"",""coordinates"":[88.43877245596705,22.471332907636203]}"
536,23.043636113947116,973.8397637795275,42.950161760000015,27.010000000000048,0.06786271450858035,0.16160388821385177,-0.21535723366386983,"{""type"":""Point"",""coordinates"":[88.37490484198298,22.587775013454845]}"
537,22.913776430876396,1075.287598425197,40.45158914000001,26.430000000000007,0.08315565031982942,0.13656387665198239,-0.2022367194780988,"{""type"":""Point"",""coordinates"":[88.36498364499782,22.65015324924409]}"
538,23.033502197265648,1454.6675196850395,38.35634288000006,26.55000000000001,0.014445479962721343,0.3398796325625594,-0.38054830287206265,"{""type"":""Point"",""coordinates"":[88.45489335503858,22.613834867856305]}"
539,22.913776430876396,1194.561220472441,38.14100761999998,27.05000000000001,-0.1983519717480871,0.5042482452899889,-0.4748279608837378,"{""type"":""Point"",""coordinates"":[88.38487270332818,22.65951190706424]}"
540,22.913776430876396,1256.8840551181104,38.998930640000026,27.110000000000014,0.09389140271493213,0.23897911832946636,-0.2846832397754611,"{""type"":""Point"",""coordinates"":[88.41910214933417,22.668325573395684]}"
541,23.033502197265648,1422.9135826771653,37.348026979999986,26.370000000000005,0.011420059582919563,0.28617571059431524,-0.3389374579690652,"{""type"":""Point"",""coordinates"":[88.45688063811373,22.62016196492279]}"
542,23.048980712890625,799.1822834645669,32.57134402999998,25.510000000000048,-0.19393218322427128,0.12342569269521411,-0.05910290237467018,"{""type"":""Point"",""coordinates"":[88.44231633619079,22.484683016186082]}"
543,23.043636113947116,1371.283661417323,37.474493720000055,27.230000000000018,-0.14087301587301587,0.4988595633756924,-0.47577799165864615,"{""type"":""Point"",""coordinates"":[88.40692517178108,22.64634285929711]}"
544,23.057418169294124,1172.6055118110237,35.06137160000003,25.190000000000055,-0.21352628470171295,0.5659298780487805,-0.515676872002951,"{""type"":""Point"",""coordinates"":[88.27112485450095,22.499867388038297]}"
545,23.03531081255744,1207.0951771653542,38.527243880000015,27.010000000000048,0.04062454821454388,0.286545172547499,-0.3184979137691238,"{""type"":""Point"",""coordinates"":[88.29610550899606,22.564652914188642]}"
546,23.161115558330835,1506.1468503937006,35.529640340000014,25.83000000000004,-0.0638930163447251,0.5032993401319736,-0.5215543412264724,"{""type"":""Point"",""coordinates"":[88.46763860553423,22.48594993860001]}"
547,23.03531081255744,596.1916338582676,32.08940321,25.930000000000007,-0.3586161011310712,-0.2590711175616836,0.33636659083522913,"{""type"":""Point"",""coordinates"":[88.32168362544515,22.555300147331277]}"
548,23.043636113947116,1071.2344488188976,39.65177246000002,26.890000000000043,0.006091370558375634,0.29155672823219,-0.30940704413731607,"{""type"":""Point"",""coordinates"":[88.38964091662987,22.567467022851794]}"
549,23.033502197265648,1913.3850393700786,38.264056340000025,26.55000000000001,0.06752641948773061,0.27473065621939274,-0.33487179487179486,"{""type"":""Point"",""coordinates"":[88.45437236630765,22.614804127322937]}"
550,23.048980712890625,1217.3264763779528,38.95107836,27.210000000000036,0.012446825271781944,0.1952707856598017,-0.2481083233771406,"{""type"":""Point"",""coordinates"":[88.38523950536765,22.519234311212426]}"
551,23.03531081255744,1021.5818897637796,39.21426589999999,26.600000000000023,0.022545959070412763,0.27166064981949456,-0.3070500927643785,"{""type"":""Point"",""coordinates"":[88.2755292329214,22.615475681488714]}"
552,23.03531081255744,977.2925196850393,43.917461419999995,26.610000000000014,0.12339431685480731,0.11984087518647439,-0.19342872284048754,"{""type"":""Point"",""coordinates"":[88.33191535414142,22.624666383376933]}"
553,23.048980712890625,971.3973425196849,39.720132860000035,27.130000000000052,0.009801960392078415,0.19133574007220217,-0.24496981891348088,"{""type"":""Point"",""coordinates"":[88.36609483223407,22.509889475600215]}"
554,23.043636113947116,1038.3259842519685,39.27749927000002,27.24000000000001,-0.02887426900584795,0.2578194816800715,-0.2827523353839143,"{""type"":""Point"",""coordinates"":[88.39717408074982,22.588808637537294]}"
555,23.048980712890625,927.8200787401574,34.13167016,25.960000000000036,-0.14184397163120568,0.4010152284263959,-0.3357916570638396,"{""type"":""Point"",""coordinates"":[88.43835729608259,22.526435511655396]}"
556,23.03531081255744,977.2925196850393,43.917461419999995,26.610000000000014,0.12339431685480731,0.11984087518647439,-0.19342872284048754,"{""type"":""Point"",""coordinates"":[88.33188176510049,22.624826409729263]}"
557,23.057418169294124,1318.7073818897636,38.23671218000004,25.970000000000027,0.0036275695284159614,0.33022421524663675,-0.35155822854018587,"{""type"":""Point"",""coordinates"":[88.25331832824794,22.51328279274095]}"
558,23.043636113947116,707.0833661417323,33.76594202000001,26.390000000000043,-0.2221927263074064,0.4249458372021046,-0.3344927536231884,"{""type"":""Point"",""coordinates"":[88.40946199635313,22.550746545243783]}"
559,22.913776430876396,1606.6694881889764,35.66294312000002,27.110000000000014,-0.278118609406953,0.6573853089366216,-0.6005121638924455,"{""type"":""Point"",""coordinates"":[88.42539044772413,22.674213348328333]}"
560,23.03531081255744,1101.2748031496064,39.07412708000004,26.49000000000001,-0.02347107438016529,0.2932330827067669,-0.3146496815286624,"{""type"":""Point"",""coordinates"":[88.32065953727049,22.621917711418085]}"
561,23.057418169294124,1457.5558070866139,36.08848661000002,25.950000000000045,-0.1757218621096052,0.5300613496932516,-0.5076318573371619,"{""type"":""Point"",""coordinates"":[88.28038705642518,22.476701530648608]}"
562,22.913776430876396,1831.600590551181,37.56678026000003,27.650000000000034,0.11561148250098309,0.12618928392588882,-0.22963367960634226,"{""type"":""Point"",""coordinates"":[88.44698459768274,22.676002162233363]}"
563,23.03531081255744,1275.9165354330707,35.153658140000005,26.05000000000001,-0.15417397844071196,0.6019485038274183,-0.5649218218898708,"{""type"":""Point"",""coordinates"":[88.30984090012392,22.624219185703666]}"
564,23.03531081255744,1141.696062992126,35.81675402000002,25.79000000000002,-0.03186907838070629,0.4681372549019608,-0.46335504885993484,"{""type"":""Point"",""coordinates"":[88.25219555159994,22.62599188061774]}"
565,23.048980712890625,1131.46968503937,34.14876026000002,26.03000000000003,-0.08215547703180212,0.4776839565741858,-0.48036253776435045,"{""type"":""Point"",""coordinates"":[88.40562881499379,22.52539048938146]}"
566,22.791960652669275,1479.9185039370077,34.627283060000025,25.99000000000001,-0.127134724857685,0.5896520963425513,-0.5887072808320951,"{""type"":""Point"",""coordinates"":[88.26250666869754,22.668127696178242]}"
567,23.057418169294124,2008.692125984252,38.18373287000003,25.310000000000002,0.09667397660818713,0.22563848251921648,-0.255205688166582,"{""type"":""Point"",""coordinates"":[88.25218465957754,22.479768806955562]}"
568,23.033502197265648,1424.8407480314959,34.55550463999998,26.05000000000001,-0.3018777082330284,0.5854588097332161,-0.5363636363636364,"{""type"":""Point"",""coordinates"":[88.4794962412576,22.64658949771444]}"
569,23.048980712890625,352.821062992126,30.636744710000016,26.190000000000055,-0.35258964143426297,-0.08181203515889114,0.2072387624051372,"{""type"":""Point"",""coordinates"":[88.43176412959563,22.54309975845432]}"
570,23.048980712890625,1246.7797244094488,38.35634288000006,27.210000000000036,-0.03193671256958688,0.30759235195841844,-0.32232025530317254,"{""type"":""Point"",""coordinates"":[88.38659885022467,22.52231330781451]}"
571,23.048980712890625,1237.4869094488188,37.864148,26.360000000000014,0.0325806940445522,0.2274562584118439,-0.25842696629213485,"{""type"":""Point"",""coordinates"":[88.41159940024,22.48928633991042]}"
572,22.791960652669275,1343.299409448819,39.067291039999986,25.970000000000027,0.06003335186214564,0.1862504384426517,-0.23116126683654897,"{""type"":""Point"",""coordinates"":[88.34949552771452,22.65671397620813]}"
573,23.03531081255744,1041.8938976377951,41.606879900000024,26.03000000000003,0.06401137980085349,0.1861198738170347,-0.2391713747645951,"{""type"":""Point"",""coordinates"":[88.34944041882078,22.647726107008896]}"
574,23.057418169294124,1129.4445866141732,38.56826011999999,27.170000000000016,0.04182509505703422,0.2381969664601581,-0.2679938744257274,"{""type"":""Point"",""coordinates"":[88.30122890925166,22.480163645839717]}"
575,23.033502197265648,1282.133070866142,34.11799808000001,26.29000000000002,-0.21977186311787072,0.614765100671141,-0.5970793229339528,"{""type"":""Point"",""coordinates"":[88.46955450520903,22.63903958322293]}"
576,23.161115558330835,1814.1074803149606,36.78918070999998,25.55000000000001,-0.007780082987551867,0.47420333839150225,-0.5231251633133003,"{""type"":""Point"",""coordinates"":[88.45335716003133,22.487288976291037]}"
577,23.03531081255744,1462.7688976377954,34.84945435999998,26.24000000000001,-0.18231086061131585,0.6368547418967587,-0.6017621145374449,"{""type"":""Point"",""coordinates"":[88.28474566098564,22.639780841715652]}"
578,23.03531081255744,1043.5026574803148,42.96041581999998,26.360000000000014,0.03950270703829958,0.05367355917289925,-0.12705882352941175,"{""type"":""Point"",""coordinates"":[88.33264094835187,22.59793181009895]}"
579,23.043636113947116,1467.516437007874,38.54091596000001,27.600000000000023,0.0134412110139632,0.20670391061452514,-0.2510342545093497,"{""type"":""Point"",""coordinates"":[88.4105974773725,22.593612702254674]}"
580,23.03531081255744,1011.1064960629922,42.82711304000003,26.55000000000001,0.060652009097801364,0.15632291180587962,-0.21232876712328766,"{""type"":""Point"",""coordinates"":[88.33967409870799,22.625594846735282]}"
581,22.90174532803627,1024.0582677165353,33.80012222000005,26.140000000000043,-0.08140639847956921,0.5019797624285086,-0.5126273814798405,"{""type"":""Point"",""coordinates"":[88.47609353058895,22.670579886494533]}"
582,23.043636113947116,1201.6089566929136,40.65837935000002,27.27000000000004,-0.003028991778450887,0.35476329631794273,-0.37702970297029703,"{""type"":""Point"",""coordinates"":[88.39902569964248,22.58503117819918]}"
583,23.043636113947116,1046.8092519685038,42.919399580000004,26.83000000000004,0.13564111621335218,0.1360259981429898,-0.21078673923800098,"{""type"":""Point"",""coordinates"":[88.36368502319903,22.588123951222794]}"
584,23.043636113947116,2795.293503937008,38.14442564000001,26.210000000000036,0.17568370986920334,0.04189366898365583,-0.05577765086617171,"{""type"":""Point"",""coordinates"":[88.35930251148415,22.646707172584822]}"
585,23.03531081255744,1223.043503937008,34.924650799999995,25.980000000000018,-0.07489878542510121,0.5844834017157777,-0.5458515283842795,"{""type"":""Point"",""coordinates"":[88.27565244490303,22.64967369704388]}"
586,23.03531081255744,1109.7364173228348,40.656670340000005,26.07000000000005,-0.007457627118644068,0.2200328407224959,-0.2804825506247307,"{""type"":""Point"",""coordinates"":[88.34005778457704,22.636950437180356]}"
587,23.048980712890625,988.9726377952755,38.34608881999998,26.730000000000018,0.012841091492776886,0.17254528122020973,-0.21511484317115337,"{""type"":""Point"",""coordinates"":[88.35318252608843,22.544879910303646]}"
588,23.043636113947116,738.6675196850395,31.64506061000003,26.310000000000002,-0.4186046511627907,0.4332378223495702,-0.20762916465475614,"{""type"":""Point"",""coordinates"":[88.4225088343041,22.55569157003408]}"
589,23.033502197265648,1286.1424212598426,37.694956010000055,27.05000000000001,-0.10423582525561015,0.45715787629227267,-0.4546090606961693,"{""type"":""Point"",""coordinates"":[88.4537443794165,22.573540440519213]}"
590,23.161115558330835,932.8899606299211,32.08940321,26.460000000000036,-0.2313982011447261,0.4048507462686567,-0.3170091823349366,"{""type"":""Point"",""coordinates"":[88.46023537421952,22.53510486316179]}"
591,23.03531081255744,1083.0794291338582,42.04267745000004,26.170000000000016,0.11286642092329296,0.12536183478067245,-0.19621301775147929,"{""type"":""Point"",""coordinates"":[88.32988019060635,22.578149900523943]}"
592,23.048980712890625,1362.2123031496064,38.11024544000003,26.77000000000004,-0.017539089055064582,0.26333558406482105,-0.29548208412670934,"{""type"":""Point"",""coordinates"":[88.40333802324527,22.473630920174834]}"
593,22.791960652669275,1009.4490157480316,34.73324167999999,26.07000000000005,-0.1351010101010101,0.6132794975325258,-0.5460017196904557,"{""type"":""Point"",""coordinates"":[88.25262143377732,22.6516702932316]}"
594,23.057418169294124,1239.1468503937008,40.07731595000001,27.49000000000001,0.10263235729074238,0.21311475409836064,-0.248559670781893,"{""type"":""Point"",""coordinates"":[88.32466612045842,22.49615964506331]}"
595,23.03531081255744,978.709842519685,41.213807599999996,26.49000000000001,0.062429906542056074,0.26538849646821394,-0.3028571428571429,"{""type"":""Point"",""coordinates"":[88.32669271334159,22.622859975314242]}"
596,23.043636113947116,1134.668503937008,37.73426324000002,27.430000000000007,0.060795267827801515,0.19083333333333333,-0.24369016536118362,"{""type"":""Point"",""coordinates"":[88.41535898948655,22.622036330309463]}"
597,23.043636113947116,1122.6803149606299,41.10784898000003,25.870000000000005,-0.012151067323481117,0.2462596037201779,-0.30097087378640774,"{""type"":""Point"",""coordinates"":[88.35773736973708,22.611609358646426]}"
598,23.057418169294124,1845.6438976377951,37.67957492000005,26.120000000000005,-0.04240581179253252,0.5369286337028273,-0.5170887632161298,"{""type"":""Point"",""coordinates"":[88.33843863375847,22.543642097132633]}"
599,23.033502197265648,492.88405511811015,31.55106506000004,26.950000000000045,-0.3421828908554572,0.1984196663740123,-0.07311320754716981,"{""type"":""Point"",""coordinates"":[88.4555134171561,22.55965722758696]}"
600,23.03531081255744,1110.4834645669293,34.21712065999998,26.150000000000034,-0.10731848423488574,0.5805119735755574,-0.5510534846029174,"{""type"":""Point"",""coordinates"":[88.2570104794127,22.639117347257915]}"
601,23.043636113947116,1320.4140748031496,37.421514409999986,26.200000000000045,0.02269913330581923,0.27586206896551724,-0.31799628942486086,"{""type"":""Point"",""coordinates"":[88.4175731860858,22.5580265813362]}"
602,23.048980712890625,1878.4490157480316,41.533392470000024,25.710000000000036,0.1126815861798194,0.1246578750933068,-0.2398847894664655,"{""type"":""Point"",""coordinates"":[88.42781773018696,22.532714491480107]}"
603,23.057418169294124,1097.5656496062993,37.87440206000002,26.710000000000036,-0.07849068619646553,0.42340827905022066,-0.42640555906506633,"{""type"":""Point"",""coordinates"":[88.29299554917567,22.488462595980398]}"
604,23.043636113947116,1569.0312007874013,37.40271530000001,27.090000000000032,0.041710480196284615,0.21854107859159114,-0.2720223325062035,"{""type"":""Point"",""coordinates"":[88.44131076088969,22.588898312095516]}"
605,23.048980712890625,995.0336614173228,39.09463520000003,27.400000000000034,0.031149301825993556,0.26596491228070174,-0.3238747553816047,"{""type"":""Point"",""coordinates"":[88.35321044924048,22.482296670089006]}"
606,23.03531081255744,1192.553346456693,38.363178919999996,25.99000000000001,0.015419760137064534,0.3601577909270217,-0.36662703131193025,"{""type"":""Point"",""coordinates"":[88.25159602429319,22.61864208751416]}"
607,23.03531081255744,530.516437007874,30.800809670000035,26.180000000000007,-0.33966745843230406,-0.2796934865900383,0.3880650994575045,"{""type"":""Point"",""coordinates"":[88.32280208065046,22.555282523689673]}"
608,23.043636113947116,363.0759842519685,30.44020856000003,26.880000000000052,-0.21906693711967545,-0.2603076923076923,0.3516720604099245,"{""type"":""Point"",""coordinates"":[88.4292731641197,22.56623961019513]}"
609,23.03531081255744,1028.6438976377951,40.46867924000003,26.49000000000001,-0.016643550624133148,0.3278985507246377,-0.3605568445475638,"{""type"":""Point"",""coordinates"":[88.32458799993918,22.620280031935884]}"
610,23.03531081255744,1070.3102362204722,36.97033577000002,26.27000000000004,-0.12548138639281128,0.46982397317686503,-0.4588186356073211,"{""type"":""Point"",""coordinates"":[88.25319830158548,22.5832111215364]}"
611,23.043636113947116,1288.6507874015747,39.556067900000016,27.430000000000007,0.09129003292427416,0.12319644839067703,-0.18132295719844357,"{""type"":""Point"",""coordinates"":[88.41639459764554,22.61922445448362]}"
612,23.043636113947116,1088.0572834645668,40.81389926000003,27.350000000000023,0.11185983827493262,0.16534040671971706,-0.2289044289044289,"{""type"":""Point"",""coordinates"":[88.3835353070911,22.62283815364721]}"
613,23.057418169294124,1137.1694881889764,37.88123810000002,26.77000000000004,-0.010886967659301952,0.2890975908534096,-0.3107743408760639,"{""type"":""Point"",""coordinates"":[88.32327200448765,22.478809314723183]}"
614,23.043636113947116,841.9746062992126,37.59583343000003,27.420000000000016,-0.09585492227979274,0.3514376996805112,-0.3685629549743866,"{""type"":""Point"",""coordinates"":[88.4224017877307,22.576763884509518]}"
615,23.043636113947116,1286.290059055118,38.41615823000001,26.440000000000055,-0.007002608815048743,0.3310344827586207,-0.3752109506844178,"{""type"":""Point"",""coordinates"":[88.42331990931407,22.57030544332168]}"
616,23.03531081255744,943.4062007874016,36.36192821000003,26.450000000000045,-0.059551994172281915,0.413508260447036,-0.3995669954293962,"{""type"":""Point"",""coordinates"":[88.25715486985288,22.585484218784334]}"
617,23.057418169294124,1045.524311023622,39.03652886000003,27.390000000000043,0.0510148107515085,0.2033387433341062,-0.21460332319213668,"{""type"":""Point"",""coordinates"":[88.31819070489634,22.489649036217926]}"
618,23.03531081255744,899.2433070866142,39.952558220000014,26.600000000000023,0.015982721382289417,0.17665289256198347,-0.22407307898979043,"{""type"":""Point"",""coordinates"":[88.27568522954093,22.616554021503557]}"
619,23.043636113947116,1583.243307086614,31.853559829999995,26.880000000000052,-0.4229600694444444,0.7196433254655127,-0.6435643564356436,"{""type"":""Point"",""coordinates"":[88.42965926061846,22.560274380877004]}"
620,23.048980712890625,1028.9180118110235,35.62363589000006,26.510000000000048,-0.15809791191437095,0.45278450363196127,-0.40545144804088584,"{""type"":""Point"",""coordinates"":[88.40464637877044,22.48190936033256]}"
621,23.057418169294124,1683.1990157480313,36.56871841999998,25.750000000000057,-0.08109640831758035,0.5375722543352601,-0.5421329378454901,"{""type"":""Point"",""coordinates"":[88.29428465961516,22.498992282294385]}"
622,23.057418169294124,1462.345177165354,37.180544000000054,26.450000000000045,-0.1228778345007717,0.469089779434607,-0.4530649869411584,"{""type"":""Point"",""coordinates"":[88.28998295667618,22.469367535759368]}"
623,23.161115558330835,1166.22312992126,32.89605592999999,26.410000000000025,-0.22551883166794773,0.5109931766489765,-0.4314957802118872,"{""type"":""Point"",""coordinates"":[88.45724502390514,22.54182015797691]}"
624,23.03531081255744,1112.815157480315,37.45569461000002,26.470000000000027,-0.12126537785588752,0.5472918350848828,-0.516039603960396,"{""type"":""Point"",""coordinates"":[88.25451921885761,22.6117676119606]}"
625,23.057418169294124,602.1074803149605,36.649041890000035,26.650000000000034,-0.21236363636363637,0.19884933477166486,-0.1143048128342246,"{""type"":""Point"",""coordinates"":[88.29863235485931,22.531192110545497]}"
626,22.791960652669275,1179.5799212598424,35.362157360000026,26.230000000000018,-0.060286563936198974,0.514870606411742,-0.4761008656379375,"{""type"":""Point"",""coordinates"":[88.2588159253037,22.6504172802996]}"
627,23.057418169294124,1002.9347440944882,39.183503719999976,27.650000000000034,0.07203953620984603,0.15250236071765816,-0.2084158415841584,"{""type"":""Point"",""coordinates"":[88.32349121787468,22.512161253084663]}"
628,23.03531081255744,989.6409448818897,34.75716782000001,26.160000000000025,-0.14039015030380556,0.6165004533091568,-0.5736981465136805,"{""type"":""Point"",""coordinates"":[88.27091448230424,22.640430946239963]}"
629,23.048980712890625,1241.680807086614,36.99426190999998,26.110000000000014,-0.05175102793137672,0.4054566123531641,-0.3777860326894502,"{""type"":""Point"",""coordinates"":[88.4159080169615,22.467774580066262]}"
630,23.057418169294124,1483.825,34.061600750000025,25.510000000000048,-0.14565404475043028,0.6197718631178707,-0.5572452112882,"{""type"":""Point"",""coordinates"":[88.29468608260221,22.50647249982805]}"
631,23.03531081255744,1034.4824803149606,41.054869670000016,26.920000000000016,0.04133138258961229,0.2058891189325972,-0.23778040141676504,"{""type"":""Point"",""coordinates"":[88.3128359021032,22.567892191982825]}"
632,23.043636113947116,1083.9047244094488,34.57943078000005,25.79000000000002,0.026344280043305666,0.14808510638297873,-0.1901191001323335,"{""type"":""Point"",""coordinates"":[88.36883497670675,22.614194962691823]}"
633,23.043636113947116,1271.5661417322835,38.92373420000001,26.650000000000034,0.007823414361553507,0.3047951497336028,-0.33345850544498684,"{""type"":""Point"",""coordinates"":[88.39186057829197,22.553339984575846]}"
634,23.048980712890625,1160.2536417322835,37.90345523000002,26.440000000000055,-0.05609573672400898,0.381334376834279,-0.41228245649129824,"{""type"":""Point"",""coordinates"":[88.3915438013582,22.515843605888957]}"
635,23.043636113947116,608.8323818897637,29.930923580000012,26.310000000000002,-0.6929311121116614,0.29076553381393755,-0.033534909290819134,"{""type"":""Point"",""coordinates"":[88.42783067173227,22.556628957928382]}"
636,22.913776430876396,1170.7393700787402,36.77038160000001,27.340000000000032,-0.08963976542865121,0.5307963907414672,-0.5230288836846214,"{""type"":""Point"",""coordinates"":[88.44119918178565,22.67838189687704]}"
637,23.043636113947116,1307.1675196850392,38.325580700000046,27.510000000000048,0.050761421319796954,0.21166306695464362,-0.2611464968152866,"{""type"":""Point"",""coordinates"":[88.42896902190482,22.623750106890803]}"
638,23.03531081255744,1073.7167322834644,39.09976223000001,27.110000000000014,0.03286082474226804,0.324801412180053,-0.35898596650067904,"{""type"":""Point"",""coordinates"":[88.29621563482515,22.607820035349157]}"
639,23.043636113947116,1219.6498031496062,38.588768240000036,27.230000000000018,0.02511682242990654,0.2927962819519752,-0.32512901945216355,"{""type"":""Point"",""coordinates"":[88.40148589654153,22.64688644507864]}"
640,23.043636113947116,1297.6384842519683,41.48383118000004,27.05000000000001,0.02459779284669592,0.3076648841354724,-0.35575679172056923,"{""type"":""Point"",""coordinates"":[88.40534581752597,22.56852229817586]}"
641,23.043636113947116,1195.6261811023624,39.04336490000003,26.850000000000023,0.03824521934758155,0.3448682658277625,-0.367453018792483,"{""type"":""Point"",""coordinates"":[88.37539869797374,22.632874993582732]}"
642,23.043636113947116,1102.1350393700786,39.564612950000026,26.650000000000034,-0.036608863198458574,0.32485122101374925,-0.37978200470185935,"{""type"":""Point"",""coordinates"":[88.39341819012371,22.55651930071732]}"
643,23.03531081255744,1114.4017716535432,34.04280163999999,26.130000000000052,-0.09770114942528736,0.5675010258514567,-0.537842190016103,"{""type"":""Point"",""coordinates"":[88.26982949434635,22.643233564368543]}"
644,23.057418169294124,1415.786122047244,35.89024145000002,25.510000000000048,-0.08093730208993033,0.38854539537910837,-0.39103504482477586,"{""type"":""Point"",""coordinates"":[88.27813531898346,22.506037599540363]}"
645,23.03531081255744,1178.3500984251968,38.71181696000002,26.710000000000036,0.026543112926024817,0.24783571572377694,-0.28057851239669424,"{""type"":""Point"",""coordinates"":[88.2868123474187,22.587536960311752]}"
646,23.03531081255744,1037.7944881889762,40.87200560000002,27.07000000000005,-0.053647366699378474,0.4382674704175039,-0.41894273127753306,"{""type"":""Point"",""coordinates"":[88.30477290635568,22.599958940008225]}"
647,23.043636113947116,1177.4972440944882,41.93842784000003,26.83000000000004,0.09558590028580502,0.15960912052117263,-0.2210075026795284,"{""type"":""Point"",""coordinates"":[88.36726227631452,22.58326360819634]}"
648,23.057418169294124,933.7029527559055,41.48724920000001,26.630000000000052,-0.06494960806270997,0.37427745664739887,-0.41517857142857145,"{""type"":""Point"",""coordinates"":[88.30748801175832,22.535617434831252]}"
649,22.791960652669275,965.9175196850392,40.51311350000003,26.950000000000045,0.07022900763358779,0.17510853835021709,-0.25051334702258726,"{""type"":""Point"",""coordinates"":[88.34096832173489,22.674573028424035]}"
650,22.791960652669275,1329.2846456692914,34.57943078000005,26.130000000000052,-0.053000233481204764,0.5418803418803418,-0.5093708165997323,"{""type"":""Point"",""coordinates"":[88.28847786056778,22.651210198926723]}"
651,23.03531081255744,980.485433070866,37.477911740000025,26.05000000000001,-0.0033100404560500183,0.29411764705882354,-0.3146987951807229,"{""type"":""Point"",""coordinates"":[88.30122425199752,22.616923399185463]}"
652,23.043636113947116,1075.5897637795274,42.84762116000002,25.870000000000005,0.12172413793103448,0.15144665461121157,-0.2137240886347391,"{""type"":""Point"",""coordinates"":[88.36425970478517,22.600827121976103]}"
653,23.043636113947116,1308.434251968504,38.04188504000001,27.460000000000036,0.037557416914347476,0.3066764490095378,-0.33308383233532934,"{""type"":""Point"",""coordinates"":[88.40181413095472,22.631308390286126]}"
654,23.03531081255744,1097.1719488188978,38.76479627000003,27.07000000000005,-0.1420034596634691,0.49731958762886597,-0.4697429670107266,"{""type"":""Point"",""coordinates"":[88.29896749153781,22.601316174088353]}"
655,23.043636113947116,1173.8850393700789,37.86756602000003,27.29000000000002,0.061758442348646185,0.2628992628992629,-0.29335290417278254,"{""type"":""Point"",""coordinates"":[88.39815684022297,22.592856963109494]}"
656,23.03531081255744,1432.3865157480313,37.60608749000005,26.610000000000014,-0.12329092854595174,0.45600246571120356,-0.4709637241164565,"{""type"":""Point"",""coordinates"":[88.27665699641679,22.575520876784566]}"
657,22.913776430876396,1329.1566929133858,40.15422139999998,26.960000000000036,0.05180897250361795,0.12848777127109887,-0.1986827661909989,"{""type"":""Point"",""coordinates"":[88.37510905986085,22.663778986947328]}"
658,23.048980712890625,1132.7994094488188,36.65929595,26.230000000000018,-0.011929824561403509,0.17955010224948875,-0.20091609410784927,"{""type"":""Point"",""coordinates"":[88.39513166210077,22.479270912817537]}"
659,23.043636113947116,889.4470472440944,40.656670340000005,26.77000000000004,0.0739332488381918,0.17376171352074968,-0.2160887656033287,"{""type"":""Point"",""coordinates"":[88.37880652186628,22.562373417634277]}"
660,23.057418169294124,1168.3692913385828,37.166871920000006,26.840000000000032,-0.03102189781021898,0.35248354278874927,-0.3538338658146965,"{""type"":""Point"",""coordinates"":[88.3354629455468,22.470044535327286]}"
661,23.048980712890625,1282.66062992126,39.23477402000003,27.110000000000014,0.06080502426491579,0.2538109756097561,-0.2821512081060016,"{""type"":""Point"",""coordinates"":[88.36847973323049,22.47691134075461]}"
662,23.057418169294124,1357.4017716535432,36.65587793000003,25.190000000000055,-0.06153008439967329,0.3343600273785079,-0.3228159457167091,"{""type"":""Point"",""coordinates"":[88.2739821284286,22.494091413315754]}"
663,23.048980712890625,636.3373031496062,33.08746504999999,25.960000000000036,-0.2350791717417783,0.049689440993788817,0.018076178179470628,"{""type"":""Point"",""coordinates"":[88.43850656592211,22.53278333750971]}"
664,23.03531081255744,889.6000984251968,35.09726081000002,26.880000000000052,-0.13796421012122378,0.494188984335523,-0.48257708698922036,"{""type"":""Point"",""coordinates"":[88.29332044741295,22.574631678508823]}"
665,23.03531081255744,1105.2511811023621,38.69472686000006,26.49000000000001,-0.02423670129052565,0.3552686380674719,-0.39477068152593225,"{""type"":""Point"",""coordinates"":[88.32557184624656,22.62369834560367]}"
666,23.03531081255744,1021.9859251968504,35.89878650000003,25.650000000000034,-0.12609596684202137,0.5631776941801283,-0.5538935327760669,"{""type"":""Point"",""coordinates"":[88.33451752940015,22.556541118496444]}"
667,23.048980712890625,1250.8397637795276,39.01431173000003,25.090000000000032,0.015388919977616116,0.3004434589800443,-0.328676609401548,"{""type"":""Point"",""coordinates"":[88.4117632027735,22.522810899178243]}"
668,23.033502197265648,1395.936220472441,37.63172264000002,26.430000000000007,0.05466564963132469,0.28784205057152756,-0.32501781895937276,"{""type"":""Point"",""coordinates"":[88.46010844365667,22.634299255386463]}"
669,22.90174532803627,1643.0937007874015,34.924650799999995,26.250000000000057,0.1163875344498622,0.16750700280112044,-0.29723000311235603,"{""type"":""Point"",""coordinates"":[88.46535149290006,22.66221419843351]}"
670,23.161115558330835,1141.5873031496062,35.55014846000006,25.55000000000001,0.019762845849802372,0.28684101286841013,-0.2558233745189386,"{""type"":""Point"",""coordinates"":[88.45671781504095,22.48384285153505]}"
671,23.048980712890625,1637.1055118110235,36.24400652000003,25.710000000000036,-0.25295704503008926,0.5872765509989485,-0.5687191478306054,"{""type"":""Point"",""coordinates"":[88.4262480937835,22.528954109084097]}"
672,23.048980712890625,1167.9007874015747,38.405904169999985,27.610000000000014,0.013689700130378096,0.21258264876778202,-0.24654994850669412,"{""type"":""Point"",""coordinates"":[88.3573951152625,22.517117321152636]}"
673,22.90174532803627,1041.596653543307,38.298236540000005,26.680000000000007,-0.013175230566534914,0.3646850044365572,-0.3893405600722674,"{""type"":""Point"",""coordinates"":[88.45708747010755,22.67391105975348]}"
674,23.057418169294124,1198.5248031496062,36.069687499999986,26.05000000000001,-0.08953926398145465,0.46531566640685895,-0.42721579047257546,"{""type"":""Point"",""coordinates"":[88.25874174696662,22.51208640287412]}"
675,23.048980712890625,1321.24281496063,37.18908905000001,26.360000000000014,0.026826737809396768,0.1762809029021856,-0.21009952082565425,"{""type"":""Point"",""coordinates"":[88.41302711190187,22.48643197258677]}"
676,23.048980712890625,1416.7949803149606,37.95643454000003,25.970000000000027,-0.07566607460035524,0.4546036829463571,-0.46918971373119844,"{""type"":""Point"",""coordinates"":[88.4288748488748,22.535489719833368]}"
677,22.913776430876396,1039.86437007874,41.66156822000005,26.960000000000036,0.10332369942196531,0.13178294573643412,-0.1944177093358999,"{""type"":""Point"",""coordinates"":[88.37541031365271,22.663132712669693]}"
678,23.03531081255744,901.5622047244094,42.47163896000001,27.08000000000004,0.05837883242335153,0.15626611655492523,-0.2325453545904343,"{""type"":""Point"",""coordinates"":[88.3142950251733,22.610926188180372]}"
679,23.03531081255744,1184.7738188976377,38.02479493999999,26.680000000000007,0.024016203703703703,0.34248756218905474,-0.34946989397879574,"{""type"":""Point"",""coordinates"":[88.258265691786,22.593849762730866]}"
680,23.057418169294124,1097.6030511811023,37.421514409999986,27.360000000000014,-0.04590218661325321,0.30596081700708627,-0.33518005540166207,"{""type"":""Point"",""coordinates"":[88.33552890600286,22.52943456064779]}"
681,23.057418169294124,1182.3284448818897,39.983320400000025,26.930000000000007,0.057442479261230237,0.22647657841140528,-0.27046413502109706,"{""type"":""Point"",""coordinates"":[88.28862578087443,22.53762614100424]}"
682,23.048980712890625,1290.7044291338584,39.463781359999984,26.99000000000001,0.10530159193807508,0.16796949475691134,-0.22226656025538707,"{""type"":""Point"",""coordinates"":[88.36907828758808,22.491973402121545]}"
683,23.057418169294124,1253.9298228346458,35.474952020000046,25.83000000000004,-0.09566662051779039,0.45531445384332475,-0.4362976406533575,"{""type"":""Point"",""coordinates"":[88.26768961141326,22.503910399764916]}"
684,23.057418169294124,1258.3304133858267,38.696435870000016,26.840000000000032,0.06028100921589364,0.19065849923430322,-0.22730860299921074,"{""type"":""Point"",""coordinates"":[88.33836885285417,22.474744812892133]}"
685,23.043636113947116,487.0464566929134,30.385520240000005,26.210000000000036,-0.35698447893569846,-0.4636283961437336,0.4967105263157895,"{""type"":""Point"",""coordinates"":[88.35659076554123,22.646554745718657]}"
686,22.913776430876396,1019.6960629921259,39.45352730000002,26.720000000000027,-0.0201433936497098,0.35571687840290384,-0.36813186813186816,"{""type"":""Point"",""coordinates"":[88.3891253173435,22.667573364073352]}"
687,23.057418169294124,1044.764468503937,40.54216667000003,27.360000000000014,0.07303468711870316,0.23301646185949454,-0.2792879480394515,"{""type"":""Point"",""coordinates"":[88.34145515417505,22.532220460614923]}"
688,23.03531081255744,1134.192618110236,41.861522390000005,26.360000000000014,0.10271748419073663,0.10782865583456426,-0.17239839213934793,"{""type"":""Point"",""coordinates"":[88.33807692048994,22.59453783788118]}"
689,23.048980712890625,1082.0193897637794,37.905164239999976,27.33000000000004,0.014604962167869084,0.21212121212121213,-0.25139664804469275,"{""type"":""Point"",""coordinates"":[88.3557796756829,22.539629677431055]}"
690,23.048980712890625,1156.8751968503936,40.203782690000025,27.450000000000045,0.13577586206896552,0.19092066185829445,-0.2741715842033591,"{""type"":""Point"",""coordinates"":[88.35828379687206,22.469483508861995]}"
691,23.057418169294124,1152.1926181102363,38.64687458000003,26.49000000000001,0.0600480384307446,0.2128099173553719,-0.2639965546942291,"{""type"":""Point"",""coordinates"":[88.25582499317899,22.53563978398716]}"
692,23.057418169294124,1132.2930118110237,42.39986054000002,27.600000000000023,0.07917795125059741,0.22069693769799367,-0.28759189128981955,"{""type"":""Point"",""coordinates"":[88.34766541383327,22.519227710864808]}"
693,23.057418169294124,1214.383562992126,40.01579159000005,27.420000000000016,0.07825539285151945,0.16219972205677982,-0.21958333333333332,"{""type"":""Point"",""coordinates"":[88.34844191806083,22.52781472991589]}"
694,23.057418169294124,1233.788090551181,39.762858110000025,26.99000000000001,0.005076142131979695,0.3114127317912445,-0.3369713506139154,"{""type"":""Point"",""coordinates"":[88.2701492017114,22.541674089870767]}"
695,23.057418169294124,1134.1926181102363,38.71181696000002,25.99000000000001,-0.05073058611065506,0.278465840990811,-0.3125512715340443,"{""type"":""Point"",""coordinates"":[88.32851048993308,22.546162405032174]}"
696,22.913776430876396,1262.4883858267717,36.196154240000055,27.58000000000004,-0.15429791777896423,0.5161290322580645,-0.4998265695456122,"{""type"":""Point"",""coordinates"":[88.43374878066255,22.677748397499393]}"
697,23.043636113947116,1146.826968503937,38.569969130000004,26.650000000000034,0.06243705941591138,0.15556474968969797,-0.2051779935275081,"{""type"":""Point"",""coordinates"":[88.39181378044805,22.557218672807412]}"
698,23.03531081255744,1252.5631889763777,34.43245592000005,25.99000000000001,-0.17872968980797638,0.6823612087139845,-0.6018735362997658,"{""type"":""Point"",""coordinates"":[88.29290588923305,22.645883193212104]}"
699,23.033502197265648,1522.0056102362205,43.11080870000001,27.210000000000036,0.013427193325511667,0.15506715506715507,-0.20279720279720279,"{""type"":""Point"",""coordinates"":[88.47402136683043,22.580162091150807]}"
700,23.048980712890625,1226.3692913385828,34.55892266000001,25.090000000000032,-0.020849224510551743,0.5091148280398421,-0.5457170356111646,"{""type"":""Point"",""coordinates"":[88.41193416024397,22.51919567664165]}"
701,23.03531081255744,1176.717716535433,35.19467438000004,26.430000000000007,-0.1264185801002903,0.6209646790733004,-0.5813264171915524,"{""type"":""Point"",""coordinates"":[88.26092834579627,22.643517406484907]}"
702,22.913776430876396,1197.1625984251966,39.26895422000001,27.05000000000001,0.06050670640834575,0.25477707006369427,-0.29925803792250616,"{""type"":""Point"",""coordinates"":[88.38658881315217,22.662613054298326]}"
703,23.048980712890625,1229.1896653543308,39.56973998000001,27.110000000000014,0.05160807778608826,0.24070450097847357,-0.2805493839628358,"{""type"":""Point"",""coordinates"":[88.37158737991453,22.47837799693478]}"
704,23.03531081255744,1023.4741141732284,37.88978315000003,26.910000000000025,-0.04945340968245705,0.36339044183949504,-0.3798767967145791,"{""type"":""Point"",""coordinates"":[88.27920683126202,22.559492241138486]}"
705,23.043636113947116,1163.3299212598424,39.019438760000014,27.430000000000007,0.08828149544454916,0.18934426229508197,-0.2312261349172677,"{""type"":""Point"",""coordinates"":[88.40977935133196,22.618955089513165]}"
706,23.048980712890625,989.6857283464567,38.94766034000003,26.440000000000055,-0.030939871570344425,0.25307473982970674,-0.28811086797957697,"{""type"":""Point"",""coordinates"":[88.3837740686078,22.5097379931523]}"
707,23.03531081255744,1073.2713582677166,36.343129100000056,27.010000000000048,-0.16197508075680664,0.5763772954924875,-0.5485854858548586,"{""type"":""Point"",""coordinates"":[88.29363730898872,22.561802096500976]}"
708,23.057418169294124,1121.3594488188978,40.367847650000044,27.310000000000002,0.09539805172992946,0.18088138566103926,-0.22996117835122173,"{""type"":""Point"",""coordinates"":[88.34376194283834,22.501211521154524]}"
709,23.057418169294124,1257.5464566929134,38.16151574000003,26.150000000000034,-0.01893523600439078,0.38338301043219075,-0.39350722462000376,"{""type"":""Point"",""coordinates"":[88.25940189467775,22.523807394794417]}"
710,23.161115558330835,1033.3451771653542,34.92806882000002,25.99000000000001,-0.003171423802370222,0.3331854480922804,-0.29945945945945945,"{""type"":""Point"",""coordinates"":[88.47284363612715,22.489930370396088]}"
711,23.043636113947116,1179.8569881889766,39.61759226000004,27.05000000000001,0.06154079927062756,0.22978892871365988,-0.28372479733943046,"{""type"":""Point"",""coordinates"":[88.38614717779355,22.593455787243876]}"
712,23.043636113947116,1159.8870078740156,39.99015644000002,26.29000000000002,0.106465101318752,0.16137123745819398,-0.21895568231680562,"{""type"":""Point"",""coordinates"":[88.37094331274689,22.636989729608782]}"
713,22.913776430876396,1208.4372047244096,40.26701606000006,27.05000000000001,0.06813996316758748,0.1952755905511811,-0.24938271604938272,"{""type"":""Point"",""coordinates"":[88.38715893248114,22.660497124143653]}"
714,23.03531081255744,1191.0976377952757,37.93763543,26.150000000000034,0.019411586290567183,0.2862542271732644,-0.3150294895261338,"{""type"":""Point"",""coordinates"":[88.25912171968825,22.564859543671414]}"
715,23.043636113947116,1140.137992125984,39.231356000000005,26.970000000000027,0.06318681318681318,0.1324200913242009,-0.1678082191780822,"{""type"":""Point"",""coordinates"":[88.44976120417635,22.62310526988181]}"
716,23.048980712890625,1313.1370078740158,40.11662318000003,26.730000000000018,0.08881394041596402,0.21128339249019243,-0.24860388985172346,"{""type"":""Point"",""coordinates"":[88.38227301598407,22.494615960301907]}"
717,22.791960652669275,1104.8358267716535,34.91439674000003,26.250000000000057,-0.08981348637015782,0.5642504118616145,-0.5489396411092985,"{""type"":""Point"",""coordinates"":[88.27047200223306,22.669597815005996]}"
718,23.048980712890625,1262.5572834645668,32.16289064,25.910000000000025,-0.06775210084033613,0.4526616648803144,-0.4249167688803224,"{""type"":""Point"",""coordinates"":[88.44705922419894,22.543154372087923]}"
719,23.057418169294124,1107.198523622047,37.11901964000003,26.77000000000004,-0.011300334235237944,0.32402583871639923,-0.35972608602610745,"{""type"":""Point"",""coordinates"":[88.32233550146618,22.47647347908434]}"
720,23.043636113947116,1148.6311023622047,40.87542361999999,26.79000000000002,0.061962644530091905,0.3172356369691923,-0.3738601823708207,"{""type"":""Point"",""coordinates"":[88.39736647843507,22.561476634942387]}"
721,23.033502197265648,1358.1822834645666,37.85731196000006,27.210000000000036,-0.0033707865168539327,0.22057064753118058,-0.23941707147814018,"{""type"":""Point"",""coordinates"":[88.46679047573056,22.569281209088]}"
722,23.033502197265648,1332.8515748031496,36.92077447999998,26.250000000000057,-0.018006593963986812,0.36670071501532175,-0.38366080661840746,"{""type"":""Point"",""coordinates"":[88.46295785769436,22.626301856330894]}"
723,23.161115558330835,470.30875984251975,29.799329810000017,26.410000000000025,-0.5525051475634866,0.057998129092609915,0.10344827586206896,"{""type"":""Point"",""coordinates"":[88.45990925253209,22.546572300600843]}"
724,23.043636113947116,1131.9421259842518,41.586371780000036,26.750000000000057,0.11525759577278732,0.15027908973808501,-0.20730058584948174,"{""type"":""Point"",""coordinates"":[88.36541857859497,22.550807979585894]}"
725,23.03531081255744,1388.6931102362203,33.85139251999999,26.090000000000032,-0.19024604569420034,0.7298850574712644,-0.6438106796116505,"{""type"":""Point"",""coordinates"":[88.25081287584885,22.643579483928555]}"
726,23.048980712890625,1195.6768700787402,38.942533310000044,26.99000000000001,0.01126721379885937,0.35830307662908467,-0.4028024472074206,"{""type"":""Point"",""coordinates"":[88.36344455856934,22.547137238226806]}"
727,23.033502197265648,1354.334842519685,37.047241220000046,26.410000000000025,0.0014492753623188406,0.3994583615436696,-0.42946058091286304,"{""type"":""Point"",""coordinates"":[88.46757757865106,22.61844343834725]}"
728,23.043636113947116,1173.2600393700786,39.28946234,27.380000000000052,0.07421383647798742,0.17807122849139656,-0.24167018135807677,"{""type"":""Point"",""coordinates"":[88.42734260718461,22.641169414032202]}"
729,23.03531081255744,892.7984251968504,45.59570924000002,26.150000000000034,0.21941747572815534,0.1266816143497758,-0.21230398069963813,"{""type"":""Point"",""coordinates"":[88.30083228738174,22.637747490583173]}"
730,23.048980712890625,853.8963582677166,32.07744014000002,26.02000000000004,-0.20734394124847,0.279045643153527,-0.21988622310165717,"{""type"":""Point"",""coordinates"":[88.44009566361166,22.53438494060028]}"
731,22.791960652669275,990.6685039370078,33.755687960000046,26.370000000000005,-0.09109243697478991,0.4821917808219178,-0.43882978723404253,"{""type"":""Point"",""coordinates"":[88.29526306275471,22.664387599184998]}"
732,23.043636113947116,1070.3082677165353,40.40031884000001,27.190000000000055,-0.017844646606018196,0.22381152713504418,-0.2826278659611993,"{""type"":""Point"",""coordinates"":[88.37840982889044,22.570530019311985]}"
733,23.057418169294124,1074.8963582677163,40.85833352000003,27.24000000000001,0.12896999473591858,0.12536839718884607,-0.20281075842015991,"{""type"":""Point"",""coordinates"":[88.32403084797991,22.53089899845151]}"
734,23.161115558330835,1574.8146653543306,35.586037669999996,26.08000000000004,-0.09545311351464875,0.4788772327757301,-0.49820479678299584,"{""type"":""Point"",""coordinates"":[88.45516665027883,22.52254602866027]}"
735,23.043636113947116,612.6040354330709,30.717068180000012,26.200000000000045,-0.6683986773736419,0.24849770236832802,-0.012905075996558647,"{""type"":""Point"",""coordinates"":[88.42255934846766,22.55806388714389]}"
736,23.03531081255744,1357.7137795275592,35.11264190000003,25.850000000000023,-0.12134270809707416,0.6247124548143279,-0.5610988317019261,"{""type"":""Point"",""coordinates"":[88.26523044672203,22.623984148051814]}"
737,22.791960652669275,1196.9155511811023,35.560402520000025,26.05000000000001,-0.07015650296815974,0.5056947608200456,-0.48040313549832026,"{""type"":""Point"",""coordinates"":[88.27497780215134,22.662028999006683]}"
738,23.03531081255744,1147.067618110236,39.01772975000006,26.77000000000004,0.07524846190250828,0.24723404255319148,-0.2818718565493112,"{""type"":""Point"",""coordinates"":[88.28748769903072,22.575250317937833]}"
739,23.03531081255744,1137.46968503937,36.26109661999999,26.450000000000045,-0.17294322132097334,0.5651333591032084,-0.5392510929481087,"{""type"":""Point"",""coordinates"":[88.26416113712584,22.586643030786025]}"
740,23.033502197265648,1474.9942913385826,34.39143968000002,27.210000000000036,-0.22118794326241134,0.6120538326506729,-0.5727130012844298,"{""type"":""Point"",""coordinates"":[88.45869325059162,22.569557459998823]}"
741,23.03531081255744,1103.1242125984252,41.59320782000003,25.850000000000023,0.06869446343130553,0.15932780259519252,-0.23331070377913554,"{""type"":""Point"",""coordinates"":[88.34494071512205,22.597983738557282]}"
742,23.048980712890625,1093.0612204724412,35.71592242999998,25.80000000000001,-0.15100993908303945,0.4704075363506041,-0.4510913500404204,"{""type"":""Point"",""coordinates"":[88.41911276035603,22.529524995439097]}"
743,23.048980712890625,1066.2688976377951,38.185441879999985,25.750000000000057,-0.007971014492753623,0.23616974005776495,-0.25939339067451334,"{""type"":""Point"",""coordinates"":[88.4021370273612,22.5167714343621]}"
744,23.03531081255744,1177.9268700787402,41.210389580000026,26.99000000000001,0.04512135526958788,0.16610304356475034,-0.23644800674963087,"{""type"":""Point"",""coordinates"":[88.30246897915531,22.574698749957914]}"
745,23.057418169294124,1101.9002952755905,43.10055464000004,27.380000000000052,0.13683861336871786,0.13674093490607253,-0.20798514391829154,"{""type"":""Point"",""coordinates"":[88.3131029414872,22.521516791363158]}"
746,23.057418169294124,1205.3451771653542,36.12095780000004,25.78000000000003,-0.08415207176420333,0.4653579676674365,-0.4469783352337514,"{""type"":""Point"",""coordinates"":[88.27839115196625,22.51174713590216]}"
747,23.048980712890625,1395.1399606299212,37.763316410000016,26.150000000000034,-0.018455939693267483,0.3234250971119743,-0.347781217750258,"{""type"":""Point"",""coordinates"":[88.42479633373898,22.51177923921271]}"
748,23.057418169294124,1235.36781496063,37.841930870000056,27.310000000000002,0.003328027781797135,0.3090079817559863,-0.3450497949619215,"{""type"":""Point"",""coordinates"":[88.33394443151604,22.475481767544938]}"
749,23.057418169294124,1068.756594488189,37.63855868000002,26.150000000000034,-0.15815925867755615,0.5636132315521628,-0.5033639143730887,"{""type"":""Point"",""coordinates"":[88.25512358899515,22.545887660516446]}"
750,23.03531081255744,1318.118307086614,37.891492159999984,26.610000000000014,-0.0895600104139547,0.44210889042039975,-0.4369098712446352,"{""type"":""Point"",""coordinates"":[88.27695967037995,22.576261490355968]}"
751,23.03531081255744,1289.0489173228348,37.60096046000001,26.610000000000014,-0.006530498818952341,0.32698296391280457,-0.35706257025103033,"{""type"":""Point"",""coordinates"":[88.27486767706448,22.576703575601297]}"
752,23.03531081255744,1305.951968503937,36.21153533000006,26.57000000000005,-0.2009481169344219,0.5271265907568654,-0.5119363395225465,"{""type"":""Point"",""coordinates"":[88.26395841957066,22.61500713250229]}"
753,22.791960652669275,440.6586614173228,32.37822590000002,26.29000000000002,-0.27219512195121953,0.2623426911907067,-0.12998266897746968,"{""type"":""Point"",""coordinates"":[88.32354629282236,22.680363952616577]}"
754,23.043636113947116,978.1045275590551,40.74895688000004,25.870000000000005,0.09641255605381166,0.16194137433925998,-0.2330443651198368,"{""type"":""Point"",""coordinates"":[88.36874190031145,22.6050187362028]}"
755,23.043636113947116,1344.0917322834646,39.32022452000001,27.07000000000005,0.013448363359553413,0.3228989452194624,-0.39006077940650696,"{""type"":""Point"",""coordinates"":[88.389447230713,22.60762418685055]}"
756,23.043636113947116,1338.7895669291338,38.68447279999998,27.55000000000001,-0.05296610169491525,0.3542234332425068,-0.3795975017349063,"{""type"":""Point"",""coordinates"":[88.42304158032647,22.64864465690183]}"
757,23.033502197265648,1038.3732283464565,34.81869218000003,26.450000000000045,-0.07112698928223449,0.44649122807017544,-0.41605839416058393,"{""type"":""Point"",""coordinates"":[88.47847452863923,22.611616716816005]}"
758,22.791960652669275,1160.3338582677163,34.60335692000001,25.650000000000034,-0.09316770186335403,0.563538045577443,-0.5161048689138577,"{""type"":""Point"",""coordinates"":[88.25641214617264,22.671612586642105]}"
759,23.048980712890625,840.6128937007874,33.86848262000001,26.08000000000004,-0.1743357096565133,0.44805540756526374,-0.4108486893329873,"{""type"":""Point"",""coordinates"":[88.4410241605927,22.527080341456447]}"
760,22.913776430876396,1155.791535433071,37.050659240000016,26.890000000000043,0.007593457943925234,0.37459546925566345,-0.4117158288325717,"{""type"":""Point"",""coordinates"":[88.4385900116844,22.664637354368264]}"
761,22.90174532803627,1241.8673228346456,38.04872108000001,27.140000000000043,0.02414654454621149,0.36490683229813664,-0.39690107270560193,"{""type"":""Point"",""coordinates"":[88.46400350609123,22.679402446483877]}"
762,23.03531081255744,1140.8761811023621,35.982527989999994,26.450000000000045,-0.0717557251908397,0.41617914060923944,-0.40878988561107765,"{""type"":""Point"",""coordinates"":[88.25867323088707,22.587261473869212]}"
763,23.161115558330835,1590.4258858267717,36.69347615000004,26.210000000000036,-0.03453025086079685,0.50961814527706,-0.5229543808834178,"{""type"":""Point"",""coordinates"":[88.46337506934418,22.511928057395856]}"
764,23.048980712890625,1260.2162401574803,37.75648037000002,26.510000000000048,0.05709525973042556,0.177605447323624,-0.22438544739429694,"{""type"":""Point"",""coordinates"":[88.40544352991338,22.47565089661641]}"
765,22.913776430876396,1284.8584645669291,37.89491018000001,27.130000000000052,0.034482758620689655,0.2902266815310294,-0.32266666666666666,"{""type"":""Point"",""coordinates"":[88.42897440161546,22.660475578534264]}"
766,23.043636113947116,1502.3338582677163,35.78940985999998,26.690000000000055,-0.14318027595566613,0.5127207422927267,-0.5023781212841855,"{""type"":""Point"",""coordinates"":[88.44052004702685,22.630470125791767]}"
767,22.913776430876396,1181.832874015748,39.36124075999999,26.79000000000002,-0.03761574074074074,0.41014549744396384,-0.423015873015873,"{""type"":""Point"",""coordinates"":[88.39942381958187,22.67723278784536]}"
768,23.043636113947116,1135.1625984251968,39.61759226000004,27.460000000000036,0.07746705239472838,0.21045972163644033,-0.2620932277924362,"{""type"":""Point"",""coordinates"":[88.41422345408267,22.638613706631862]}"
769,23.057418169294124,1300.3377952755905,36.23717048000003,26.650000000000034,-0.09759957794777104,0.43557012247714333,-0.45591322603219037,"{""type"":""Point"",""coordinates"":[88.28675559749358,22.518429099773034]}"
770,23.043636113947116,1454.1266732283461,39.17837669000005,27.27000000000004,0.03745178549209904,0.2744645799011532,-0.3154225471858527,"{""type"":""Point"",""coordinates"":[88.39924219896544,22.588683110185485]}"
771,23.03531081255744,1136.7506889763781,38.17176979999999,26.590000000000032,0.008574664293803592,0.2682119205298013,-0.2892909741216074,"{""type"":""Point"",""coordinates"":[88.27347532939345,22.56758406810461]}"
772,23.057418169294124,1377.1256889763781,40.692559550000055,26.930000000000007,-0.14000757480116147,0.4812992125984252,-0.46258503401360546,"{""type"":""Point"",""coordinates"":[88.290905466642,22.535606588870987]}"
773,23.03531081255744,991.217716535433,45.629889440000056,26.560000000000002,0.14397190792040576,0.11881693013768485,-0.18851570964247022,"{""type"":""Point"",""coordinates"":[88.33273420414369,22.627828602034075]}"
774,23.03531081255744,1384.8751968503936,36.869504180000035,26.07000000000005,-0.13129366417730667,0.5236859182349124,-0.5056107726835524,"{""type"":""Point"",""coordinates"":[88.30479084111415,22.630619898398226]}"
775,23.048980712890625,1341.905216535433,37.841930870000056,26.03000000000003,0.0528,0.1376659678546471,-0.20592592592592593,"{""type"":""Point"",""coordinates"":[88.40586869231775,22.527945852961142]}"
776,23.043636113947116,1182.2250984251968,43.09030058000002,26.850000000000023,0.09585613760750586,0.16197749196141478,-0.22163532643143882,"{""type"":""Point"",""coordinates"":[88.38214819681193,22.595400283443052]}"
777,23.057418169294124,1347.2324803149604,37.93592641999999,27.090000000000032,-0.0121765601217656,0.36177474402730375,-0.4007372301211164,"{""type"":""Point"",""coordinates"":[88.34907915621048,22.49796414200519]}"
778,23.033502197265648,1519.836811023622,36.98229884,26.370000000000005,-0.04428044280442804,0.3605769230769231,-0.3983940704138357,"{""type"":""Point"",""coordinates"":[88.45736581659048,22.62392143346651]}"
779,23.048980712890625,895.8702755905512,34.54695959000003,26.350000000000023,-0.136609745939192,0.3665498247371057,-0.34400393991627676,"{""type"":""Point"",""coordinates"":[88.40788957301511,22.53541248864534]}"
780,23.03531081255744,1098.249212598425,34.39485769999999,26.24000000000001,-0.16206209057248647,0.6491511721907841,-0.6044042469524185,"{""type"":""Point"",""coordinates"":[88.28104342366382,22.639726214923883]}"
781,23.048980712890625,922.8254921259843,37.447149560000014,25.710000000000036,-0.1627334290991176,0.3643149530459909,-0.3809407750426517,"{""type"":""Point"",""coordinates"":[88.42758015382643,22.529323943902607]}"
782,23.043636113947116,1124.8687992125983,42.302446970000005,27.02000000000004,0.11563063801869772,0.14625850340136054,-0.23217550274223034,"{""type"":""Point"",""coordinates"":[88.36815531119173,22.580000681251565]}"
783,22.913776430876396,1237.34468503937,40.52678558000002,27.03000000000003,0.12295081967213115,0.1767478397486253,-0.24366957243669574,"{""type"":""Point"",""coordinates"":[88.38234256503608,22.67199221214023]}"
784,23.161115558330835,873.3141732283465,31.870649930000013,26.33000000000004,-0.3704206241519674,0.4977755808205635,-0.38482632541133455,"{""type"":""Point"",""coordinates"":[88.45365290319256,22.527974169734353]}"
785,23.057418169294124,979.113877952756,38.795558450000044,27.380000000000052,-0.02572958038335348,0.3937118723603942,-0.39273153575615477,"{""type"":""Point"",""coordinates"":[88.3099515575256,22.52040933936688]}"
786,23.043636113947116,749.3643700787402,36.06626948000002,27.79000000000002,-0.13409961685823754,0.40617577197149646,-0.3807580174927114,"{""type"":""Point"",""coordinates"":[88.41622068839109,22.603102618146437]}"
787,23.03531081255744,1013.6680118110236,40.02775466000003,27.03000000000003,0.11917480198931664,0.15871092803489217,-0.19579894973743436,"{""type"":""Point"",""coordinates"":[88.31315306815152,22.58180363554412]}"
788,22.791960652669275,1211.9480314960629,36.172228099999984,26.130000000000052,-0.04130029309885425,0.47471698113207544,-0.4819871065604854,"{""type"":""Point"",""coordinates"":[88.29022638697198,22.65589878242879]}"
789,23.048980712890625,1267.4849409448818,33.69758162000005,26.02000000000004,-0.2749537234799943,0.5358490566037736,-0.43862467866323906,"{""type"":""Point"",""coordinates"":[88.44721140125401,22.538818389002735]}"
790,23.161115558330835,1499.6921259842518,35.939802740000005,26.03000000000003,-0.003715846994535519,0.4440251572327044,-0.44447939603648945,"{""type"":""Point"",""coordinates"":[88.45419167757886,22.4713313647188]}"
791,23.033502197265648,1842.1458661417325,42.276811820000034,27.200000000000045,0.14996203492786636,0.17041296393099845,-0.24078692158492657,"{""type"":""Point"",""coordinates"":[88.44999946890327,22.64383777574707]}"
792,23.03531081255744,1270.4017716535434,39.92521406000003,26.610000000000014,-0.07588532883642496,0.37106017191977075,-0.38045438153624234,"{""type"":""Point"",""coordinates"":[88.33034892286426,22.620089128493138]}"
793,23.043636113947116,1252.7703740157478,40.23112685000001,27.210000000000036,-0.04890585989132031,0.3006738299034784,-0.3257842955262669,"{""type"":""Point"",""coordinates"":[88.39853063839006,22.574996497861747]}"
794,23.03531081255744,1078.708366141732,40.61052706999999,27.07000000000005,0.03623561737935772,0.21157167530224524,-0.27661510464058237,"{""type"":""Point"",""coordinates"":[88.30504866074386,22.60095646030792]}"
795,23.043636113947116,1008.0361220472441,41.16766432999998,26.650000000000034,0.04932735426008968,0.13289962825278812,-0.186952288218111,"{""type"":""Point"",""coordinates"":[88.38799114677184,22.555259378431327]}"
796,23.161115558330835,854.6202755905512,31.72196606,26.33000000000004,-0.4339250493096647,0.4374691052891745,-0.31227436823104693,"{""type"":""Point"",""coordinates"":[88.45972275202696,22.531028593622874]}"
797,23.048980712890625,1049.2954724409449,37.35486302000004,26.230000000000018,-0.02067736185383244,0.2873201438848921,-0.30106793910474894,"{""type"":""Point"",""coordinates"":[88.39309189707001,22.4802142912526]}"
798,23.043636113947116,1136.4066929133858,41.0087264,26.53000000000003,0.00546448087431694,0.2321784149741139,-0.2994540109197816,"{""type"":""Point"",""coordinates"":[88.35387930427676,22.622790633219076]}"
799,23.048980712890625,966.709842519685,33.16607951000003,25.630000000000052,-0.3299492385786802,0.4274687854710556,-0.3218414967416439,"{""type"":""Point"",""coordinates"":[88.43413264415294,22.500801035091662]}"
800,22.913776430876396,1171.9440944881887,39.4364372,27.33000000000004,0.0743906299461855,0.20577319587628867,-0.2416135881104034,"{""type"":""Point"",""coordinates"":[88.39443072165494,22.66586188031662]}"
801,22.913776430876396,1071.2974409448818,36.74645545999999,27.430000000000007,-0.12427559562137798,0.4604767879548306,-0.43940643033800497,"{""type"":""Point"",""coordinates"":[88.40409893539425,22.6504102349279]}"
802,23.057418169294124,1304.2738188976377,41.835887240000034,26.970000000000027,0.09961344038061255,0.10369965372699107,-0.18350596052374438,"{""type"":""Point"",""coordinates"":[88.2892666181216,22.544890255424892]}"
803,23.048980712890625,1346.999212598425,39.20401184000002,26.190000000000055,0.046273876782351356,0.23799546010127468,-0.3037881574108128,"{""type"":""Point"",""coordinates"":[88.41706335651035,22.48929604512977]}"
804,23.03531081255744,1253.3368110236217,34.15559630000001,26.230000000000018,-0.13132295719844359,0.6649964209019327,-0.5980762624527654,"{""type"":""Point"",""coordinates"":[88.25876341976743,22.636239083636436]}"
805,23.057418169294124,1254.1158464566927,38.01624989000004,26.450000000000045,-0.03399317406143345,0.4236842105263158,-0.40623839584106947,"{""type"":""Point"",""coordinates"":[88.28597634329114,22.475836646100888]}"
806,22.913776430876396,1299.4470472440944,38.17176979999999,26.720000000000027,-0.09900471451021477,0.4800705467372134,-0.4795486600846262,"{""type"":""Point"",""coordinates"":[88.39731256684892,22.67458375082247]}"
807,23.043636113947116,637.0725393700786,32.140673510000056,26.200000000000045,-0.6055307035380236,0.2952755905511811,-0.07020872865275142,"{""type"":""Point"",""coordinates"":[88.42126469816323,22.557817006737086]}"
808,23.048980712890625,1193.4928149606299,36.32945702000001,25.970000000000027,0.01681320376368965,0.25176747839748626,-0.24346468981662114,"{""type"":""Point"",""coordinates"":[88.43374562004068,22.533450212859346]}"
809,23.033502197265648,892.7728346456694,30.89651422999998,26.410000000000025,-0.3267237494366832,0.4603174603174603,-0.30844444444444447,"{""type"":""Point"",""coordinates"":[88.46169431539148,22.55671082651677]}"
810,23.161115558330835,1450.0956692913385,35.36728439000001,26.150000000000034,-0.08349705304518663,0.367426003409267,-0.35026778882938026,"{""type"":""Point"",""coordinates"":[88.46710054498713,22.49497044003316]}"
811,23.043636113947116,1357.9962598425195,37.64197669999999,26.930000000000007,-0.03335017685699848,0.38879456706281834,-0.40598143691990374,"{""type"":""Point"",""coordinates"":[88.44539895091282,22.61589006342715]}"
812,23.048980712890625,1390.6242125984254,38.349506840000004,26.190000000000055,0.07811291569992267,0.2567211386399578,-0.29800362976406536,"{""type"":""Point"",""coordinates"":[88.41679122637348,22.48495786934056]}"
813,23.057418169294124,1361.2162401574803,37.814586710000015,25.750000000000057,0.044676409185803755,0.21680553093423152,-0.24890829694323144,"{""type"":""Point"",""coordinates"":[88.29302143150846,22.496229364795017]}"
814,22.913776430876396,1213.5001968503939,36.613152679999985,27.110000000000014,-0.08941305540318156,0.484304932735426,-0.48541510845175767,"{""type"":""Point"",""coordinates"":[88.41199418303947,22.68039323361766]}"
815,23.048980712890625,1188.5705708661415,38.872463900000014,25.350000000000023,-0.022843987958207898,0.13566653558788833,-0.16899413074276462,"{""type"":""Point"",""coordinates"":[88.40243287231033,22.51378890402965]}"
816,22.913776430876396,1169.0208661417323,41.62738802000001,26.370000000000005,0.08448442017346611,0.1529126213592233,-0.235370611183355,"{""type"":""Point"",""coordinates"":[88.36557260993135,22.672714574368023]}"
817,22.913776430876396,1139.0956692913385,37.970106620000024,27.05000000000001,-0.054338036625637944,0.4115755627009646,-0.4305498981670061,"{""type"":""Point"",""coordinates"":[88.41334605941542,22.68017591946478]}"
818,23.048980712890625,1341.3072834645668,39.47232641000005,27.110000000000014,0.11289875173370319,0.17985611510791366,-0.23355834136933462,"{""type"":""Point"",""coordinates"":[88.36719127384382,22.47751631841325]}"
819,23.03531081255744,445.84222440944876,30.635035700000003,25.850000000000023,-0.28883774453394706,-0.42944472745797246,0.5356550580431177,"{""type"":""Point"",""coordinates"":[88.2612487426129,22.558109648470406]}"
820,23.048980712890625,1528.8417322834646,37.71033710000006,26.55000000000001,-0.2446785165679175,0.6031656302996043,-0.5503621702883695,"{""type"":""Point"",""coordinates"":[88.404185503478,22.549692867935622]}"
821,23.161115558330835,515.9308070866142,30.701687090000007,26.460000000000036,-0.5677454744925946,0.19331941544885178,-0.03176895306859206,"{""type"":""Point"",""coordinates"":[88.46585552572908,22.533775422105034]}"
822,23.043636113947116,1087.6478346456695,42.423786680000035,26.720000000000027,0.12417620534165799,0.13381230354737314,-0.2015227218653343,"{""type"":""Point"",""coordinates"":[88.37224486021341,22.57456840490878]}"
823,23.057418169294124,1194.0287401574803,37.33606391000001,27.650000000000034,-0.13564213564213565,0.4773793880232776,-0.4601113172541744,"{""type"":""Point"",""coordinates"":[88.3300484802554,22.515275592927587]}"
824,23.033502197265648,1638.9972440944882,38.21962208000002,26.150000000000034,0.06837795972560301,0.19908857875249217,-0.25671641791044775,"{""type"":""Point"",""coordinates"":[88.46189364569183,22.614821257519864]}"
825,23.057418169294124,1319.7620078740156,39.32364254000004,27.410000000000025,0.025560920193126953,0.24356650960492932,-0.2674547469523458,"{""type"":""Point"",""coordinates"":[88.33897146872057,22.475042472772707]}"
826,23.03531081255744,1645.370767716535,37.30188371000003,25.690000000000055,-0.04310106137517305,0.5869137882617242,-0.5567493112947658,"{""type"":""Point"",""coordinates"":[88.34265980192912,22.553251952747353]}"
827,22.791960652669275,1156.03562992126,37.22156024000003,26.590000000000032,-0.013333333333333334,0.346757954087797,-0.38067712634186623,"{""type"":""Point"",""coordinates"":[88.3145341393735,22.659896816290765]}"
828,23.16039619445803,1109.7191929133858,38.24867525000002,25.510000000000048,0.01999008755988766,0.2884448305821025,-0.30574510235527186,"{""type"":""Point"",""coordinates"":[88.24903300916375,22.496790264917486]}"
829,23.043636113947116,1181.7561023622047,42.341754200000025,27.010000000000048,0.11663132384126022,0.18947583112380176,-0.2571674929941798,"{""type"":""Point"",""coordinates"":[88.37795276485471,22.58777961873095]}"
830,23.048980712890625,1115.1985236220473,40.014082580000036,26.730000000000018,0.11129707112970712,0.15059588299024917,-0.20599591187826483,"{""type"":""Point"",""coordinates"":[88.37876057926402,22.49341159179949]}"
831,22.913776430876396,447.3525590551181,31.219517119999978,26.350000000000023,-0.34545454545454546,-0.4296724470134875,0.4970263381478335,"{""type"":""Point"",""coordinates"":[88.35552702587532,22.6537392217233]}"
832,22.791960652669275,1092.766929133858,36.10386770000002,26.57000000000005,-0.07903370116313749,0.50186799501868,-0.47794117647058826,"{""type"":""Point"",""coordinates"":[88.31050753638422,22.6723579662929]}"
833,23.03531081255744,1257.073031496063,38.40077714000006,26.350000000000023,0.01346045989904655,0.3285498489425982,-0.3678071539657854,"{""type"":""Point"",""coordinates"":[88.3249960841156,22.647913049307167]}"
834,23.03531081255744,1182.604527559055,39.83292752,26.07000000000005,0.08430054978619425,0.2337448559670782,-0.2872477458136539,"{""type"":""Point"",""coordinates"":[88.35014887568587,22.64024647936917]}"
835,23.03531081255744,1677.9145669291338,36.15513800000002,26.560000000000002,-0.28020770920711,0.6645027265645287,-0.5874195146111937,"{""type"":""Point"",""coordinates"":[88.32697960265907,22.632700959928574]}"
836,23.057418169294124,1352.3491141732281,35.28696092000001,25.77000000000004,-0.1447250352518908,0.5010926206085057,-0.4660975209325234,"{""type"":""Point"",""coordinates"":[88.26057226732468,22.502871498393606]}"
837,23.03531081255744,1085.0444881889762,41.547064550000016,26.680000000000007,0.053553038105046344,0.2036673215455141,-0.25718194254445964,"{""type"":""Point"",""coordinates"":[88.31786164911378,22.584620489998585]}"
838,23.048980712890625,1117.1286417322835,38.00599583000002,25.840000000000032,-0.023539668700959023,0.22291666666666668,-0.25992702296630177,"{""type"":""Point"",""coordinates"":[88.39965659605824,22.500786741692163]}"
839,22.913776430876396,433.6409448818897,31.790326460000017,26.390000000000043,-0.3270588235294118,-0.437125748502994,0.5142118863049095,"{""type"":""Point"",""coordinates"":[88.35734555266895,22.66586756788624]}"
840,23.057418169294124,1232.7698818897638,38.696435870000016,27.33000000000004,0.021705426356589147,0.22667185069984447,-0.253227408142999,"{""type"":""Point"",""coordinates"":[88.33800695362216,22.483537331180962]}"
841,23.057418169294124,1212.9583661417323,40.29948725000003,27.610000000000014,0.1059879313012533,0.1779816513761468,-0.2254506892895016,"{""type"":""Point"",""coordinates"":[88.32673588539025,22.502929663302492]}"
842,23.043636113947116,1090.2413385826771,41.676949310000055,26.810000000000002,0.1144141030072589,0.14426083072800358,-0.19273743016759776,"{""type"":""Point"",""coordinates"":[88.36293018735716,22.558323115828262]}"
843,23.043636113947116,1499.2600393700786,38.37343298000002,26.910000000000025,0.033417402269861285,0.4014932195642237,-0.4792537793502734,"{""type"":""Point"",""coordinates"":[88.44687226960377,22.56294658992197]}"
844,23.033502197265648,1221.8998031496062,38.02479493999999,27.210000000000036,0.046207775653282344,0.1443318677117186,-0.18840579710144928,"{""type"":""Point"",""coordinates"":[88.4703130706994,22.575091665460583]}"
845,23.057418169294124,1462.2649606299212,35.832135110000024,26.650000000000034,-0.15446197315752297,0.4950449763683488,-0.4839588377723971,"{""type"":""Point"",""coordinates"":[88.28640570904972,22.51963868137467]}"
846,22.791960652669275,1723.5139763779525,35.10580586000003,26.49000000000001,-0.49844599844599846,0.8240718846062899,-0.7432768361581921,"{""type"":""Point"",""coordinates"":[88.33452067483358,22.664894120044686]}"
847,23.043636113947116,1289.5897637795276,40.71135866000003,26.900000000000034,0.1035082632647144,0.14688427299703263,-0.2078125,"{""type"":""Point"",""coordinates"":[88.38171873368131,22.640100494190236]}"
848,23.057418169294124,1183.9652559055116,38.27089238000002,26.450000000000045,0.013448755603648168,0.2926878671257849,-0.3150628477230579,"{""type"":""Point"",""coordinates"":[88.2928985833884,22.48145397928552]}"
849,23.03531081255744,491.63110236220473,30.682887980000032,26.180000000000007,-0.3860640301318267,-0.3127917833800187,0.43034055727554177,"{""type"":""Point"",""coordinates"":[88.322078675715,22.552013597588505]}"
850,23.057418169294124,1102.9327755905515,34.82894624000005,25.670000000000016,-0.14004914004914004,0.6197125256673511,-0.5227799227799228,"{""type"":""Point"",""coordinates"":[88.26234450840373,22.467504299314527]}"
851,23.048980712890625,1125.873720472441,34.562340680000034,25.750000000000057,-0.20404559319312893,0.488390553681286,-0.4436958614051973,"{""type"":""Point"",""coordinates"":[88.43988576528012,22.489645641165193]}"
852,23.03531081255744,1236.0297244094488,39.32876957000002,26.710000000000036,0.05703309692671395,0.2356243949661181,-0.2843630509156772,"{""type"":""Point"",""coordinates"":[88.28292275343732,22.58875993121541]}"
853,23.043636113947116,1186.8614173228345,41.83417823000002,27.02000000000004,0.11875198981216173,0.13675564681724847,-0.20452567449956485,"{""type"":""Point"",""coordinates"":[88.36657384243037,22.57712244205413]}"
854,23.057418169294124,1187.4721456692912,42.30928301000006,25.99000000000001,0.053120644262041196,0.215506958250497,-0.28202977563430487,"{""type"":""Point"",""coordinates"":[88.29072552245204,22.52894150572421]}"
855,23.043636113947116,1077.4878937007873,33.492500420000056,26.910000000000025,-0.2549476135040745,0.5195328231977446,-0.4598568388469723,"{""type"":""Point"",""coordinates"":[88.44307203928149,22.560237297135195]}"
856,22.791960652669275,1384.8141732283461,39.785075240000026,26.950000000000045,0.08079978088195015,0.15366105190787213,-0.20373027259684362,"{""type"":""Point"",""coordinates"":[88.34310782224104,22.672418044297853]}"
857,23.033502197265648,1255.8259842519685,37.279666580000026,26.390000000000043,-0.1280911364267852,0.4260625219529329,-0.4479315263908702,"{""type"":""Point"",""coordinates"":[88.46591685151132,22.64462149123515]}"
858,23.048980712890625,367.64192913385824,30.38722925000002,26.170000000000016,-0.4423076923076923,0.005484460694698354,0.14948453608247422,"{""type"":""Point"",""coordinates"":[88.4260295379774,22.550241318018653]}"
859,23.057418169294124,1090.938188976378,37.26599450000003,26.77000000000004,-0.04098096160051629,0.3869303525365434,-0.3941227312013829,"{""type"":""Point"",""coordinates"":[88.32202266051844,22.47574264493644]}"
860,23.057418169294124,1163.5469488188974,35.47324301000003,25.190000000000055,-0.08941633079564114,0.4634048526168037,-0.4287392325763508,"{""type"":""Point"",""coordinates"":[88.27683211243121,22.499205959178223]}"
861,23.03531081255744,713.6015748031496,40.88396867000006,26.730000000000018,0.016604177825388325,0.21348314606741572,-0.25495557074504444,"{""type"":""Point"",""coordinates"":[88.26678819206987,22.60721798458275]}"
862,23.048980712890625,1242.6950787401574,40.55071171999998,27.260000000000048,0.06258810262193402,0.2570888468809074,-0.322593476531424,"{""type"":""Point"",""coordinates"":[88.37246675681676,22.516501868259024]}"
863,23.043636113947116,1211.3899606299215,37.45056757999998,26.77000000000004,0.07206670637284097,0.22291993720565148,-0.28177704648292884,"{""type"":""Point"",""coordinates"":[88.44263340446987,22.628125305878367]}"
864,23.057418169294124,1146.2738188976377,40.104660110000054,27.420000000000016,0.042464323007309436,0.13677685950413224,-0.18679896462467643,"{""type"":""Point"",""coordinates"":[88.34709006658342,22.53164164772052]}"
865,23.033502197265648,1305.7403543307087,36.84899605999999,26.390000000000043,0.01868188894654904,0.3425630102946397,-0.37277676950998184,"{""type"":""Point"",""coordinates"":[88.46908152105446,22.64348252254381]}"
866,23.043636113947116,1126.1330708661417,38.17176979999999,27.190000000000055,0.004593175853018373,0.25501551189245086,-0.3007502679528403,"{""type"":""Point"",""coordinates"":[88.41965174309314,22.580087123416913]}"
867,23.057418169294124,1008.9455708661417,43.469700800000055,26.650000000000034,0.06322384659198785,0.1269986295111923,-0.2191746973066469,"{""type"":""Point"",""coordinates"":[88.31788879583605,22.539551883125135]}"
868,23.043636113947116,1093.569094488189,39.12197936000001,27.02000000000004,-0.04053198226725776,0.39473684210526316,-0.41030042918454934,"{""type"":""Point"",""coordinates"":[88.39339643476563,22.641394214529257]}"
869,23.033502197265648,1610.4057086614173,37.56336224000006,26.410000000000025,0.057847082494969816,0.08516801853997683,-0.14381679389312976,"{""type"":""Point"",""coordinates"":[88.46413198977937,22.617247555822882]}"
870,23.161115558330835,1112.6621062992126,34.263263929999994,26.510000000000048,-0.13300648426379882,0.4394213381555154,-0.4121821407451212,"{""type"":""Point"",""coordinates"":[88.47351130910744,22.5335526476681]}"
871,23.033502197265648,749.3402559055116,31.699748930000055,26.730000000000018,-0.31174739095531173,0.4375366568914956,-0.3248648648648649,"{""type"":""Point"",""coordinates"":[88.45593796040247,22.553285109152643]}"
872,23.048980712890625,1090.070570866142,35.707377380000025,24.450000000000045,-0.1217996152138523,0.5625644197072769,-0.5282258064516129,"{""type"":""Point"",""coordinates"":[88.41292718967118,22.515733951497566]}"
873,23.043636113947116,1001.3062992125983,42.11445587000003,26.890000000000043,0.04838709677419355,0.21849331142924197,-0.26141885325558795,"{""type"":""Point"",""coordinates"":[88.36176556214274,22.574608296205984]}"
874,23.057418169294124,907.7452755905512,41.439396920000036,26.630000000000052,0.05204778156996587,0.14153609041870024,-0.20564297341291374,"{""type"":""Point"",""coordinates"":[88.30512846808864,22.537839184309625]}"
875,23.048980712890625,1084.3343503937006,38.035049000000015,26.250000000000057,-0.018006774826172224,0.23326133909287258,-0.2543936731107206,"{""type"":""Point"",""coordinates"":[88.40026576093287,22.48524718242788]}"
876,23.048980712890625,1188.650787401575,38.40419516000003,24.960000000000036,-0.035944700460829496,0.3059643687064291,-0.33254297569650265,"{""type"":""Point"",""coordinates"":[88.41400587859,22.512198893927117]}"
877,23.043636113947116,1544.5346456692914,38.20253198,27.370000000000005,-0.2074057747410183,0.5435333896872359,-0.44044175650802,"{""type"":""Point"",""coordinates"":[88.3926779670601,22.615935929764582]}"
878,23.048980712890625,1106.8126968503936,38.600731310000015,25.980000000000018,-0.005363237445148708,0.31505102040816324,-0.32151249732963044,"{""type"":""Point"",""coordinates"":[88.41246467849935,22.539440617774265]}"
879,23.03531081255744,935.451968503937,35.538185390000024,26.450000000000045,-0.12165021156558534,0.5162059103908484,-0.4737085939309706,"{""type"":""Point"",""coordinates"":[88.25536739211252,22.58392281037351]}"
880,23.048980712890625,1706.1153543307087,36.563591390000056,25.850000000000023,-0.030760412686282,0.4628524945770065,-0.4710293115201091,"{""type"":""Point"",""coordinates"":[88.41281151612368,22.506151211788055]}"
881,23.057418169294124,1400.436220472441,43.44748367,25.99000000000001,0.04583000266453504,0.17583319651945492,-0.2644774011299435,"{""type"":""Point"",""coordinates"":[88.29647465355715,22.53133544343514]}"
882,23.043636113947116,1152.2688976377951,41.61542495000003,27.02000000000004,0.10335747202106649,0.1352365076057512,-0.1957857769973661,"{""type"":""Point"",""coordinates"":[88.369817464961,22.578623839940374]}"
883,23.03531081255744,1181.541535433071,35.39291953999998,26.430000000000007,-0.07950243374797188,0.5599843688940993,-0.5254107756973634,"{""type"":""Point"",""coordinates"":[88.25330655345637,22.64229686371712]}"
884,23.03531081255744,1409.948031496063,35.94663878000006,25.960000000000036,-0.13396547532214928,0.48346055979643765,-0.46344524631314715,"{""type"":""Point"",""coordinates"":[88.31598656306399,22.62957516240653]}"
885,23.048980712890625,1439.3323818897636,37.49158382000002,26.28000000000003,0.04089899385861753,0.22190777426335942,-0.2568493150684932,"{""type"":""Point"",""coordinates"":[88.41172981222634,22.465714473529523]}"
886,23.033502197265648,1451.0813976377954,36.19273622000003,26.53000000000003,-0.029170990430070334,0.40500550920824807,-0.3970887462826733,"{""type"":""Point"",""coordinates"":[88.47825310983113,22.596668419506493]}"
887,23.057418169294124,1087.3456692913387,39.49796156000002,25.310000000000002,0.017382748442112166,0.31808183018037833,-0.335711101203745,"{""type"":""Point"",""coordinates"":[88.25801511287173,22.49123332048567]}"
888,23.161115558330835,611.9037401574802,32.178271730000006,26.460000000000036,-0.519589552238806,0.08781302170283806,0.0021439509954058193,"{""type"":""Point"",""coordinates"":[88.46674912681007,22.535642285044144]}"
889,23.057418169294124,970.0567913385827,40.67888747000001,27.350000000000023,0.053824362606232294,0.23186624047209245,-0.2728658536585366,"{""type"":""Point"",""coordinates"":[88.34596898522082,22.521676819356983]}"
890,23.043636113947116,1024.5622047244094,41.85981337999999,26.78000000000003,0.10516536603493125,0.1342439943476213,-0.17578125,"{""type"":""Point"",""coordinates"":[88.37722074928865,22.623102220006462]}"
891,22.913776430876396,1182.2679133858267,39.43985522000003,27.27000000000004,0.03367408298256164,0.29128163921253514,-0.33360995850622405,"{""type"":""Point"",""coordinates"":[88.40682031937884,22.673294942469848]}"
892,23.033502197265648,1334.7733267716533,38.147843660000035,27.210000000000036,0.025444918370348582,0.14418925919530307,-0.19365880021617726,"{""type"":""Point"",""coordinates"":[88.4629433469535,22.574377277945292]}"
893,23.03531081255744,1030.553346456693,41.51117534000002,25.950000000000045,0.04480796586059744,0.23267553923818265,-0.2729857819905213,"{""type"":""Point"",""coordinates"":[88.33951599689706,22.602148611486978]}"
894,22.90174532803627,363.6183070866142,33.38654180000003,26.110000000000014,-0.10746268656716418,-0.06900878293601004,0.1412037037037037,"{""type"":""Point"",""coordinates"":[88.47371993260418,22.655032804913162]}"
895,23.03531081255744,1440.5523622047242,34.251300860000015,26.370000000000005,-0.1763922786776126,0.5841051688078877,-0.5621685327047732,"{""type"":""Point"",""coordinates"":[88.26876385006379,22.626177062382656]}"
896,23.03531081255744,1284.8830708661417,37.327518860000055,26.810000000000002,-0.041330907200415906,0.4261302954788181,-0.44204463642908565,"{""type"":""Point"",""coordinates"":[88.27319810003333,22.605190545701422]}"
897,23.048980712890625,1231.4805118110235,40.21061873000002,26.99000000000001,0.11101055806938159,0.18782748891575976,-0.24005891016200295,"{""type"":""Point"",""coordinates"":[88.36157006228412,22.485369228321943]}"
898,23.057418169294124,1273.647342519685,37.206179150000025,25.950000000000045,-0.02157887682616271,0.40316642120765833,-0.41541318477251626,"{""type"":""Point"",""coordinates"":[88.27980428632209,22.4793937865265]}"
899,23.048980712890625,1356.1606299212597,41.90595665000001,25.82000000000005,0.06000502134069797,0.27346938775510204,-0.35406871609403257,"{""type"":""Point"",""coordinates"":[88.42655646131749,22.53750600860026]}"
900,22.900857543945335,1172.3564960629922,34.55550463999998,25.660000000000025,-0.1385809312638581,0.5812163202463433,-0.5426211040180248,"{""type"":""Point"",""coordinates"":[88.24853324400236,22.66328322127025]}"
901,23.043636113947116,552.9027559055116,30.758084420000046,25.79000000000002,-0.5074380165289256,-0.31169811320754715,0.36357292393579904,"{""type"":""Point"",""coordinates"":[88.36205139900993,22.614371338264174]}"
902,23.161115558330835,2030.8284448818897,30.096697550000044,26.410000000000025,-0.5707709048296643,0.851238038867515,-0.7797799696509864,"{""type"":""Point"",""coordinates"":[88.45405271939627,22.5487984976747]}"
903,23.057418169294124,1346.106003937008,36.75158249000003,25.750000000000057,-0.08350859829271311,0.4841552279274699,-0.4798918553565394,"{""type"":""Point"",""coordinates"":[88.2941338632047,22.497043977265054]}"
904,23.048980712890625,1308.1000984251968,38.92886123000005,26.730000000000018,0.0027279253409906675,0.23814616755793228,-0.2834441980783444,"{""type"":""Point"",""coordinates"":[88.3903706223388,22.49883336081791]}"
905,23.03531081255744,1111.793503937008,43.261201580000034,26.55000000000001,0.06532314107018763,0.12646566164154105,-0.20304114490161002,"{""type"":""Point"",""coordinates"":[88.33882643229973,22.627120043975086]}"
906,23.03531081255744,1332.0759842519685,37.12585568000003,26.07000000000005,-0.07191180155349536,0.4665752485430237,-0.46959807626245276,"{""type"":""Point"",""coordinates"":[88.30506688501596,22.630048192978663]}"
907,23.161115558330835,1284.8097440944882,34.75374980000004,25.83000000000004,-0.056989649582242174,0.5203587443946188,-0.4745998608211552,"{""type"":""Point"",""coordinates"":[88.46797753419203,22.491471146609342]}"
908,22.913776430876396,1261.269881889764,38.01454088000003,26.77000000000004,-0.023076923076923078,0.37012509197939664,-0.38903394255874674,"{""type"":""Point"",""coordinates"":[88.43683534938222,22.670871111346923]}"
909,23.057418169294124,1325.0700787401574,39.44156423000004,26.910000000000025,0.03811300639658849,0.2963362068965517,-0.3329639889196676,"{""type"":""Point"",""coordinates"":[88.27428638672563,22.54004316226342]}"
910,23.033502197265648,1688.656692913386,34.90414268000001,25.970000000000027,-0.24171731033130758,0.6112948359196133,-0.5803393213572854,"{""type"":""Point"",""coordinates"":[88.47979157390711,22.643531297214064]}"
911,23.03531081255744,1697.7570866141734,38.80068548000003,25.840000000000032,-0.006280014776505356,0.4770231801545344,-0.5076795350767953,"{""type"":""Point"",""coordinates"":[88.34185032109544,22.561533056683224]}"
912,23.048980712890625,1057.1335629921261,39.93717713000001,27.49000000000001,0.025045612871122905,0.285089637079143,-0.3328798185941043,"{""type"":""Point"",""coordinates"":[88.38745974701156,22.539845281242933]}"
913,22.791960652669275,1174.4253937007875,36.82848794000006,26.230000000000018,-0.050197405527354765,0.4777777777777778,-0.4626865671641791,"{""type"":""Point"",""coordinates"":[88.26326002351225,22.65362807037928]}"
914,23.057418169294124,896.5705708661417,37.20276113,27.090000000000032,-0.011019835704267681,0.2902071081564817,-0.32789473684210524,"{""type"":""Point"",""coordinates"":[88.34490816410135,22.492413081091694]}"
915,23.03531081255744,1016.4470472440945,34.82894624000005,26.430000000000007,-0.1861604409063074,0.6814236111111112,-0.5981848184818482,"{""type"":""Point"",""coordinates"":[88.25725158346896,22.64249637280809]}"
916,23.048980712890625,702.1857283464567,35.48349707,26.190000000000055,-0.2960355687291589,0.14015645371577576,-0.06743973146170278,"{""type"":""Point"",""coordinates"":[88.43447757154985,22.52010458759175]}"
917,23.057418169294124,1016.9652559055118,39.60562919000006,27.630000000000052,8.975049362771495E-4,0.2754353803849679,-0.29834383018427807,"{""type"":""Point"",""coordinates"":[88.34094832996571,22.511681427254565]}"
918,22.791960652669275,1203.3181102362203,36.35680118000005,25.99000000000001,0.014139173828666482,0.4094332144272691,-0.41673306772908364,"{""type"":""Point"",""coordinates"":[88.26907613919143,22.668987825424338]}"
919,22.913776430876396,1143.438188976378,37.78211552000005,26.970000000000027,-0.0871293182512993,0.4144789180588703,-0.41956087824351296,"{""type"":""Point"",""coordinates"":[88.40005949308562,22.65199077861239]}"
920,23.057418169294124,1232.1389763779528,39.68253464000003,27.410000000000025,0.06834201654918787,0.19543845851356664,-0.2398042414355628,"{""type"":""Point"",""coordinates"":[88.304326687352,22.496109368642333]}"
921,23.043636113947116,1104.1714566929134,38.88955400000003,26.660000000000025,0.06268958543983821,0.18795386586928664,-0.2429050279329609,"{""type"":""Point"",""coordinates"":[88.35532866434069,22.550574620809947]}"
922,23.043636113947116,1156.6438976377954,38.212786040000026,27.510000000000048,-0.022170361726954493,0.4106280193236715,-0.41862348178137654,"{""type"":""Point"",""coordinates"":[88.42140237642573,22.6237772825294]}"
923,23.043636113947116,1156.4027559055119,38.17176979999999,27.350000000000023,0.08925673482635509,0.17307692307692307,-0.21419299004759845,"{""type"":""Point"",""coordinates"":[88.39713566736121,22.63221929247967]}"
924,23.043636113947116,1189.6852362204727,38.51698982000005,27.430000000000007,0.0012143290831815423,0.2826510721247563,-0.3352272727272727,"{""type"":""Point"",""coordinates"":[88.41905433362334,22.628433625518827]}"
925,23.03531081255744,1168.2639763779525,37.65564877999998,25.960000000000036,-0.015411973918197985,0.35898452994843316,-0.3853619086130206,"{""type"":""Point"",""coordinates"":[88.26589209801436,22.61880698440594]}"
926,23.043636113947116,1457.1773622047242,37.52234600000003,26.930000000000007,0.03400689995071464,0.24050632911392406,-0.29930394431554525,"{""type"":""Point"",""coordinates"":[88.44429886255243,22.614997235053757]}"
927,23.03531081255744,1072.4805118110237,42.98775998000002,25.850000000000023,0.10526315789473684,0.08769574944071588,-0.15706806282722513,"{""type"":""Point"",""coordinates"":[88.33868013118311,22.592935629419348]}"
928,23.033502197265648,1081.698523622047,37.05578627,27.05000000000001,-0.10700741962077494,0.4069572506286672,-0.40108514190317196,"{""type"":""Point"",""coordinates"":[88.45428293213408,22.571574515726404]}"
929,23.03531081255744,1096.9765748031496,39.01431173000003,26.730000000000018,0.024050632911392405,0.3151385927505331,-0.3556043956043956,"{""type"":""Point"",""coordinates"":[88.27266318216206,22.60635684571727]}"
930,22.791960652669275,1264.4824803149606,37.70350106000001,26.690000000000055,-0.03902714932126697,0.336485994907239,-0.3719193427931292,"{""type"":""Point"",""coordinates"":[88.32524884300713,22.65859451182372]}"
931,23.057418169294124,1096.2068897637796,43.70383517000005,26.910000000000025,0.0667741935483871,0.21529090527200168,-0.28950300869177625,"{""type"":""Point"",""coordinates"":[88.30726107658519,22.522985302165914]}"
932,23.043636113947116,1292.3776574803148,37.92909038000005,27.49000000000001,0.04094274059525608,0.14584837545126353,-0.18477043673012317,"{""type"":""Point"",""coordinates"":[88.4492920611907,22.58285637294153]}"
933,23.057418169294124,1354.8619094488188,36.02867126000001,26.650000000000034,-0.29875471266994175,0.7704407413175518,-0.741154847603002,"{""type"":""Point"",""coordinates"":[88.29694858223925,22.521587768158287]}"
934,23.033502197265648,1262.6714566929134,36.08506858999999,27.210000000000036,0.07756463719766472,0.24807222117735564,-0.2895452778857365,"{""type"":""Point"",""coordinates"":[88.46308342391082,22.566930397867196]}"
935,23.03531081255744,1185.9706692913387,39.45010927999999,27.29000000000002,0.04887795880725484,0.23883883883883883,-0.28728936966923235,"{""type"":""Point"",""coordinates"":[88.28941012550398,22.59330558253175]}"
936,23.043636113947116,1182.1060039370077,43.01339513000005,26.310000000000002,0.11819216387579255,0.11513157894736842,-0.17989993474004787,"{""type"":""Point"",""coordinates"":[88.3547397027044,22.583668037823617]}"
937,23.043636113947116,1263.262992125984,37.50525590000001,26.930000000000007,0.09669880222027462,0.15761886933732686,-0.22213438735177865,"{""type"":""Point"",""coordinates"":[88.44164072781302,22.61418262979645]}"
938,23.057418169294124,1142.4878937007873,36.895139330000006,25.970000000000027,-0.08296943231441048,0.4398398398398398,-0.44359694901645924,"{""type"":""Point"",""coordinates"":[88.25162838392578,22.51032656458347]}"
939,22.913776430876396,1569.1419291338582,39.426183140000035,26.950000000000045,0.08374792703150911,0.340612678192296,-0.39652448657187994,"{""type"":""Point"",""coordinates"":[88.40580377037921,22.67424632976372]}"
940,23.048980712890625,1028.7959645669293,42.22725052999999,27.610000000000014,0.127104532839963,0.1140495867768595,-0.17832167832167833,"{""type"":""Point"",""coordinates"":[88.3734967873571,22.531262067857426]}"
941,23.03531081255744,1225.3161417322835,34.81527416000006,25.910000000000025,-0.0628510296870821,0.49454682211357653,-0.49510910458991725,"{""type"":""Point"",""coordinates"":[88.25077099333127,22.64147313743523]}"
942,22.90174532803627,1295.7265748031496,35.12973199999999,26.30000000000001,-0.15294117647058825,0.6548463356973995,-0.6289893617021277,"{""type"":""Point"",""coordinates"":[88.46153438071278,22.654521283412937]}"
943,23.057418169294124,1035.3692913385828,40.26530705000005,27.380000000000052,0.021574973031283712,0.21881298992161255,-0.28137508829762187,"{""type"":""Point"",""coordinates"":[88.31651796610501,22.522501678790075]}"
944,23.03531081255744,1159.8289370078742,37.84363988000001,25.850000000000023,-0.0011685655857434998,0.41846026490066224,-0.4243557772236076,"{""type"":""Point"",""coordinates"":[88.25503388618723,22.557522800768936]}"
945,22.791960652669275,1340.3751968503936,35.447607860000005,25.83000000000004,-0.051689415976728575,0.5787705744037622,-0.5793010752688172,"{""type"":""Point"",""coordinates"":[88.26131666143365,22.659938677499362]}"
946,23.048980712890625,1579.0080708661417,38.069229199999995,24.960000000000036,-0.1746101471557215,0.5156582117046904,-0.5066910832511622,"{""type"":""Point"",""coordinates"":[88.41433385833497,22.51422495182467]}"
947,23.057418169294124,1278.2846456692914,39.03994688,27.390000000000043,0.01902097902097902,0.28768129245456214,-0.3176780011271839,"{""type"":""Point"",""coordinates"":[88.3199672262963,22.485605709781375]}"
948,23.048980712890625,1360.4042322834646,37.144654790000004,26.250000000000057,0.02542726135889954,0.21665221162185602,-0.2549651100375738,"{""type"":""Point"",""coordinates"":[88.40135257823677,22.48437171617049]}"
949,23.043636113947116,1125.21968503937,38.906644099999994,27.510000000000048,0.0975217251367879,0.17568134171907757,-0.24235711120957024,"{""type"":""Point"",""coordinates"":[88.41938471291415,22.62166697032406]}"
950,22.913776430876396,1776.3732283464567,41.38812661999998,26.890000000000043,0.041285427359964294,0.09591836734693877,-0.1535982814178303,"{""type"":""Point"",""coordinates"":[88.44642720653654,22.66469289238606]}"
951,23.161115558330835,1944.6970472440942,31.88774003000003,25.910000000000025,-0.5563725490196079,0.8386763185108583,-0.781563126252505,"{""type"":""Point"",""coordinates"":[88.45266695745946,22.547953447725675]}"
952,23.048980712890625,799.4588582677164,34.72811465000001,26.510000000000048,-0.1590559261159569,0.28864803194523675,-0.2224025974025974,"{""type"":""Point"",""coordinates"":[88.40526978573523,22.48280996926303]}"
953,23.03531081255744,1163.059251968504,39.641518399999995,27.29000000000002,0.07961286294099282,0.22095671981776766,-0.271786022433132,"{""type"":""Point"",""coordinates"":[88.28823973290234,22.59545228634618]}"
954,23.161115558330835,800.9524606299212,33.09942812000003,26.510000000000048,-0.38466129513578035,0.23207647371216145,-0.1442663378545006,"{""type"":""Point"",""coordinates"":[88.47270593811369,22.47552560549258]}"
955,23.048980712890625,1272.5646653543306,36.937864579999996,26.28000000000003,0.020751390207513903,0.35028988217692164,-0.3507951356407858,"{""type"":""Point"",""coordinates"":[88.41772797217641,22.46582947559027]}"
956,22.791960652669275,1250.3279527559055,36.12437582000001,26.630000000000052,-0.16802096985583223,0.5801418439716312,-0.539737387698687,"{""type"":""Point"",""coordinates"":[88.27829082032277,22.67898987745572]}"
957,23.03531081255744,926.0799212598426,41.680367330000024,26.57000000000005,0.0023501762632197414,0.25252028522252273,-0.31390250193448543,"{""type"":""Point"",""coordinates"":[88.32226873982803,22.59959200528368]}"
958,23.057418169294124,1845.6438976377951,37.67957492000005,26.120000000000005,-0.04240581179253252,0.5369286337028273,-0.5170887632161298,"{""type"":""Point"",""coordinates"":[88.338343460449,22.543690334897413]}"
959,23.043636113947116,1283.3899606299212,39.30826145000003,27.010000000000048,0.02512562814070352,0.2230669386241424,-0.2549467275494673,"{""type"":""Point"",""coordinates"":[88.4406745096179,22.579882728387823]}"
960,23.043636113947116,1119.3968503937008,41.11981205000001,27.230000000000018,0.02821210061182869,0.19974821653378094,-0.242503259452412,"{""type"":""Point"",""coordinates"":[88.39964738617877,22.571862167247406]}"
961,23.043636113947116,1484.229527559055,38.10682742000006,27.460000000000036,0.06611947104423165,0.3084171857530746,-0.36396936396936397,"{""type"":""Point"",""coordinates"":[88.42980643315788,22.58707552880556]}"
962,22.913776430876396,1390.6212598425197,37.30359271999998,26.810000000000002,-0.06696318260439832,0.394702842377261,-0.4143465443825745,"{""type"":""Point"",""coordinates"":[88.39458606398284,22.655401996741958]}"
963,23.057418169294124,975.442125984252,39.309970460000045,25.99000000000001,0.026143790849673203,0.3079736649597659,-0.3208569317901995,"{""type"":""Point"",""coordinates"":[88.33205220900584,22.54689421346311]}"
964,23.048980712890625,1050.6970472440944,35.43222677000006,25.950000000000045,-0.11858231202384896,0.47984224364592465,-0.44377939290295,"{""type"":""Point"",""coordinates"":[88.42796261704056,22.47173474500326]}"
965,23.03531081255744,1091.4076771653545,41.37445453999999,26.400000000000034,-0.005926901547579849,0.30221653878942883,-0.3317349607672188,"{""type"":""Point"",""coordinates"":[88.33055826581497,22.599841583408313]}"
966,22.791960652669275,1492.5356299212597,34.70589752000001,26.55000000000001,-0.26048951048951047,0.6704315088328989,-0.5360852197070572,"{""type"":""Point"",""coordinates"":[88.30330851610074,22.657082109808275]}"
967,23.057418169294124,1058.6247047244094,37.20447014000001,26.900000000000034,0.0622124424884977,0.029198682766191,-0.09686476368741226,"{""type"":""Point"",""coordinates"":[88.29909195420198,22.540619041812274]}"
968,23.033502197265648,1277.455413385827,35.14853111000002,27.210000000000036,-0.11866721289089172,0.44352422907488986,-0.445817154959407,"{""type"":""Point"",""coordinates"":[88.45961432065637,22.56671731625399]}"
969,23.057418169294124,1116.256594488189,41.24286076999999,26.910000000000025,0.042309606769537086,0.20727881196402426,-0.24611398963730569,"{""type"":""Point"",""coordinates"":[88.30877922872374,22.520981852697247]}"
970,23.043636113947116,1159.3368110236222,46.15284650000001,26.49000000000001,0.08108108108108109,0.15445134575569358,-0.2190642763445562,"{""type"":""Point"",""coordinates"":[88.35628017797652,22.626761412363724]}"
971,23.03531081255744,1190.3722440944882,41.13177512000004,26.600000000000023,0.10943396226415095,0.13917940466613032,-0.21806451612903227,"{""type"":""Point"",""coordinates"":[88.27177184134824,22.61145050229818]}"
972,23.043636113947116,429.4962598425196,30.429954500000008,26.03000000000003,-0.3169642857142857,-0.39549180327868855,0.48336252189141854,"{""type"":""Point"",""coordinates"":[88.35286911450474,22.64987897378845]}"
973,23.03531081255744,1215.7290354330707,39.53214176000006,26.27000000000004,0.0882563295665856,0.25670347003154576,-0.29711029711029713,"{""type"":""Point"",""coordinates"":[88.25647819296081,22.577850618792674]}"
974,23.048980712890625,1352.6803149606299,36.397817420000024,25.910000000000025,-0.09182420820034373,0.4960470984020185,-0.48480801335559265,"{""type"":""Point"",""coordinates"":[88.43028768009071,22.4696401392158]}"
975,22.791960652669275,1741.3879921259843,36.10728572000005,25.930000000000007,-0.19871552701171138,0.5896793587174348,-0.5531081742535487,"{""type"":""Point"",""coordinates"":[88.27066708105409,22.66445172847867]}"
976,23.048980712890625,1243.6148622047244,39.573158000000035,26.890000000000043,0.05060171088879223,0.2879622344610543,-0.3109109109109109,"{""type"":""Point"",""coordinates"":[88.3820358019329,22.48859640722318]}"
977,23.057418169294124,476.6025590551181,30.867461059999982,26.670000000000016,-0.3796477495107632,-0.3543956043956044,0.4415841584158416,"{""type"":""Point"",""coordinates"":[88.30701519378472,22.547806525865557]}"
978,23.161115558330835,1030.2728346456693,34.65975424999999,26.210000000000036,-0.13801537386443047,0.42788250767207364,-0.35934891485809684,"{""type"":""Point"",""coordinates"":[88.46099267761154,22.51469904269193]}"
979,22.913776430876396,1391.5159448818895,40.85491550000006,26.350000000000023,0.028896257697773566,0.3603185136031851,-0.39788612342311624,"{""type"":""Point"",""coordinates"":[88.44646348394053,22.662818857291125]}"
980,23.03531081255744,1216.467716535433,40.51653152000006,26.57000000000005,0.09021451660299735,0.2488906817265026,-0.2948557089084065,"{""type"":""Point"",""coordinates"":[88.26666925215397,22.615192871976962]}"
981,23.043636113947116,868.871751968504,31.841596760000016,26.200000000000045,-0.3411616691130216,0.5641966250917094,-0.4693314955203308,"{""type"":""Point"",""coordinates"":[88.41189479506417,22.55209945265864]}"
982,23.03531081255744,1339.983464566929,36.31749395000003,26.170000000000016,-0.10564287554753929,0.45531626250635915,-0.4430805448125105,"{""type"":""Point"",""coordinates"":[88.26258511530676,22.567299674870235]}"
983,22.791960652669275,1304.4283464566931,36.025253239999984,25.650000000000034,-0.12905586728470358,0.5953119613926232,-0.5504187604690117,"{""type"":""Point"",""coordinates"":[88.25350503518237,22.673002284374174]}"
984,23.048980712890625,1215.6837598425197,37.19592509000006,26.350000000000023,-0.15110793423874197,0.5008387698042871,-0.4645325572935613,"{""type"":""Point"",""coordinates"":[88.40494359401646,22.536960703499034]}"
985,23.043636113947116,1104.1714566929134,38.88955400000003,26.660000000000025,0.06268958543983821,0.18795386586928664,-0.2429050279329609,"{""type"":""Point"",""coordinates"":[88.35528326626321,22.550680831769128]}"
986,23.03531081255744,1944.2890748031496,41.757272779999994,26.690000000000055,0.0735308789783498,0.12489400363416112,-0.18368387507966857,"{""type"":""Point"",""coordinates"":[88.32919459098686,22.594894445999643]}"
987,23.048980712890625,1084.094192913386,36.37730929999998,25.610000000000014,-0.03979705089583003,0.42534231688763313,-0.42472300673473823,"{""type"":""Point"",""coordinates"":[88.44297839000757,22.46612434797653]}"
988,23.161115558330835,1225.5375984251968,34.403402750000055,26.52000000000004,-0.07613225896082246,0.43020679468242246,-0.4373724253108183,"{""type"":""Point"",""coordinates"":[88.47504541305105,22.532779510349723]}"
989,23.057418169294124,1244.5745078740156,39.54581384000005,27.610000000000014,0.04336002417283578,0.2242846094354215,-0.2735317779565567,"{""type"":""Point"",""coordinates"":[88.3279658338867,22.500678550148855]}"
990,23.043636113947116,1219.4952755905515,39.47745343999998,27.250000000000057,0.09798010250226108,0.17517674783974863,-0.23636363636363636,"{""type"":""Point"",""coordinates"":[88.38954367650541,22.631911898104082]}"
991,23.048980712890625,638.317125984252,33.49079141000004,25.090000000000032,-0.25874125874125875,0.4835164835164835,-0.415001637733377,"{""type"":""Point"",""coordinates"":[88.40995418919499,22.521400822302834]}"
992,23.033502197265648,1470.9814960629922,35.77744679,25.79000000000002,-0.15012776831345825,0.6103160405485987,-0.5864297253634895,"{""type"":""Point"",""coordinates"":[88.47690860249686,22.555645950682766]}"
993,23.057418169294124,1325.23937007874,36.00303611000004,25.730000000000018,-0.12406692406692407,0.5071613459879206,-0.4576101468624833,"{""type"":""Point"",""coordinates"":[88.27420975691305,22.48933118573229]}"
994,23.03531081255744,1055.8240157480316,42.57930658999999,25.850000000000023,0.09727339719970524,0.09644215708212128,-0.17477823064013426,"{""type"":""Point"",""coordinates"":[88.34163878463303,22.594533159427098]}"
995,23.043636113947116,1366.0021653543308,37.621468580000055,27.190000000000055,6.997900629811056E-4,0.4301452178267401,-0.4815839529655888,"{""type"":""Point"",""coordinates"":[88.40877324956197,22.57670995712704]}"
996,23.033502197265648,1353.5523622047247,34.13337917000001,26.730000000000018,-0.12503157362970446,0.4753229546207353,-0.44539996754827194,"{""type"":""Point"",""coordinates"":[88.45070735230811,22.55505025502201]}"
997,23.057418169294124,809.3860236220473,38.89126300999999,26.07000000000005,0.02033096926713948,0.1890961262553802,-0.2355396541443053,"{""type"":""Point"",""coordinates"":[88.32073472739917,22.544733125317077]}"
998,23.03531081255744,1299.8141732283464,38.83999271000005,27.010000000000048,0.05988184747583244,0.3357497138496757,-0.36066848037310534,"{""type"":""Point"",""coordinates"":[88.29483460706442,22.560323843986392]}"
999,22.913776430876396,1041.380118110236,41.97944408000001,27.03000000000003,0.024531956100710135,0.3383525243578388,-0.36742081447963804,"{""type"":""Point"",""coordinates"":[88.38823013527382,22.674085167687256]}"
