system:index,Air_Temp_Baseline,Albedo,LST_Day,LST_Night,NDBI,NDVI,NDWI,.geo
0,19.66031417846682,2381.24281496063,51.13290164,26.390000000000043,0.1336606655755592,0.14068753206772705,-0.18104547386315342,"{""type"":""Point"",""coordinates"":[81.02955216071729,26.82281736899528]}"
1,19.72531673546996,2097.4682086614175,39.24161006000003,25.250000000000057,-0.06289764033180317,0.39543243814759993,-0.4612488928255093,"{""type"":""Point"",""coordinates"":[81.05054656708626,26.745463004678406]}"
2,19.65873031616212,1646.6734251968503,39.487707500000056,29.110000000000014,0.05002294630564479,0.1794871794871795,-0.22485207100591717,"{""type"":""Point"",""coordinates"":[80.92671437906955,26.782594103062074]}"
3,19.66751309908358,2044.811712598425,38.57167814000002,25.180000000000007,0.07359510933458735,0.359401955146636,-0.41421392677674085,"{""type"":""Point"",""coordinates"":[81.04994390860035,26.759501852210928]}"
4,19.528662618001306,1676.106496062992,39.016020740000044,28.150000000000034,0.03664459161147903,0.18393922951709168,-0.2507881914588707,"{""type"":""Point"",""coordinates"":[80.93835489655147,26.93670943535958]}"
5,19.411919472434306,2080.231988188976,38.48280962000001,25.370000000000005,-0.1278565967207544,0.3995361585494413,-0.4545852963733976,"{""type"":""Point"",""coordinates"":[81.02625028993845,26.952976904599165]}"
6,19.528662618001306,1448.7846456692912,38.851955780000026,30.230000000000018,2.4467824810374357E-4,0.29181157129307617,-0.3283485045513654,"{""type"":""Point"",""coordinates"":[80.9367706321897,26.884007856634497]}"
7,19.528662618001306,1904.4913385826774,40.84807946000001,24.910000000000025,-0.13507068642479986,0.5273894109557644,-0.5252918287937743,"{""type"":""Point"",""coordinates"":[80.85490599383326,26.930352153454482]}"
8,19.528662618001306,2094.1911417322835,38.91689816000002,26.100000000000023,-0.024790727623953637,0.3963588506251371,-0.4331382260243134,"{""type"":""Point"",""coordinates"":[80.85347948108983,26.902227500104278]}"
9,19.528662618001306,1694.8988188976375,40.48918736000002,30.07000000000005,0.06077812828601472,0.27490722238081644,-0.2971246006389776,"{""type"":""Point"",""coordinates"":[80.92550000288493,26.87604490566615]}"
10,19.66031417846682,1606.8732283464567,47.434604000000036,26.99000000000001,0.059,0.10010229431535876,-0.1475609756097561,"{""type"":""Point"",""coordinates"":[81.02412752428359,26.825998032604698]}"
11,19.538738141741078,1469.084842519685,35.70395936,29.470000000000027,-0.20854063018242122,0.7439425665569848,-0.6581342434584755,"{""type"":""Point"",""coordinates"":[80.98967717278123,26.88993638957131]}"
12,19.66751309908358,1837.9770669291336,37.34119094000005,26.430000000000007,0.014823907090926259,0.30099750623441396,-0.3501552795031056,"{""type"":""Point"",""coordinates"":[81.06566896718063,26.84676267005331]}"
13,19.528662618001306,2643.235433070866,41.53168346000001,25.49000000000001,0.012362089591918118,0.2894828184658105,-0.385418608987507,"{""type"":""Point"",""coordinates"":[80.87847596076588,26.938144486924017]}"
14,19.73102448292269,1916.9076771653542,35.96714689999999,26.950000000000045,0.03528974739970282,0.25610640870616685,-0.31360647445624684,"{""type"":""Point"",""coordinates"":[80.8994031103337,26.743169167164133]}"
15,19.66031417846682,1565.2969488188978,39.87394376000003,25.58000000000004,-0.07350502929147784,0.3682727528881375,-0.45519928079112976,"{""type"":""Point"",""coordinates"":[81.03687863519698,26.767603139020714]}"
16,19.538738141741078,1886.0720472440946,38.349506840000004,29.140000000000043,0.04239197214826951,0.1500245941957698,-0.1974391805377721,"{""type"":""Point"",""coordinates"":[80.95990367671976,26.924057753379245]}"
17,19.414914904142677,2718.3722440944885,42.721154420000005,25.02000000000004,0.058307533539731685,0.25,-0.3538575667655786,"{""type"":""Point"",""coordinates"":[80.85042760635244,26.953570390458175]}"
18,19.55945194789342,2157.2935039370077,36.493521980000025,25.870000000000005,-0.017687934301958308,0.3617920540997464,-0.39299610894941633,"{""type"":""Point"",""coordinates"":[80.84489825427684,26.756040488786113]}"
19,19.65873031616212,1808.573031496063,40.25334398000001,29.630000000000052,0.043916196615632556,0.22794307891332471,-0.25555555555555554,"{""type"":""Point"",""coordinates"":[80.89133606483422,26.787269513910996]}"
20,19.53857288360598,2123.669980314961,48.890680520000046,26.79000000000002,0.037596658074837794,0.18533114395183362,-0.2348044246778424,"{""type"":""Point"",""coordinates"":[81.05102068719366,26.898729978816466]}"
21,19.528662618001306,2354.7068897637796,39.309970460000045,25.590000000000032,-0.03918179199078076,0.37304910544347164,-0.4197992521157253,"{""type"":""Point"",""coordinates"":[80.87695972498494,26.913335467798277]}"
22,19.538738141741078,1608.2738188976375,38.99551262,30.090000000000032,0.02427637721755369,0.18952760387023335,-0.2403560830860534,"{""type"":""Point"",""coordinates"":[80.99738912078097,26.878366209515864]}"
23,19.538738141741078,1976.3889763779528,39.23477402000003,27.77000000000004,0.071973602804702,0.085383502170767,-0.12387612387612387,"{""type"":""Point"",""coordinates"":[80.99239644846347,26.900056745303704]}"
24,19.528662618001306,1912.1635826771653,41.95209992000002,24.970000000000027,-0.027844620144379512,0.3813813813813814,-0.4638922888616891,"{""type"":""Point"",""coordinates"":[80.8521432586858,26.947181840490764]}"
25,19.66031417846682,1992.0282480314957,51.01668896000001,27.74000000000001,0.054905995697315496,0.1961643186930271,-0.24571569473554433,"{""type"":""Point"",""coordinates"":[81.01362257648914,26.829298963781902]}"
26,19.55945194789342,1625.2826771653542,40.25676199999998,27.03000000000003,-0.0774575924790517,0.42179072276159657,-0.47757847533632286,"{""type"":""Point"",""coordinates"":[80.83706734404082,26.818965753150245]}"
27,19.73102448292269,1766.3151574803148,35.297214980000035,26.57000000000005,-0.010434056761268781,0.291889007470651,-0.29812332439678285,"{""type"":""Point"",""coordinates"":[80.94287387525611,26.739240648701145]}"
28,19.538738141741078,1183.5543307086614,33.51300853999999,27.090000000000032,0.061204096927304524,0.5465020576131687,-0.5177705977382876,"{""type"":""Point"",""coordinates"":[80.98368523588188,26.912651733537814]}"
29,19.538738141741078,1921.2777559055119,39.36124075999999,29.470000000000027,0.06966199505358615,0.10718665685553103,-0.15921931176168463,"{""type"":""Point"",""coordinates"":[80.96909683239998,26.902324328684276]}"
30,19.66751309908358,2198.9047244094486,37.97352464000005,25.55000000000001,0.01987432412684495,0.40064738435835856,-0.4229341253845338,"{""type"":""Point"",""coordinates"":[81.05360963216226,26.80349160075395]}"
31,19.538738141741078,1838.0641732283466,39.02969282000004,30.130000000000052,0.04309831181727904,0.20964097414009542,-0.2662286465177398,"{""type"":""Point"",""coordinates"":[80.96053912689761,26.89313596927614]}"
32,19.66031417846682,1358.4770669291338,47.960979080000016,26.640000000000043,-0.10396094530123155,0.6624895572263994,-0.6266143534412294,"{""type"":""Point"",""coordinates"":[81.01461649731623,26.790119904201028]}"
33,19.528662618001306,1828.7187007874018,40.84124342000001,30.350000000000023,0.0896520963425513,0.06385196768308575,-0.11866264730063031,"{""type"":""Point"",""coordinates"":[80.8757792230248,26.85690631341732]}"
34,19.66031417846682,2152.047440944882,49.765693639999995,27.74000000000001,0.05839662447257384,0.21282608695652175,-0.26737846433439344,"{""type"":""Point"",""coordinates"":[81.01730776187858,26.827555052941086]}"
35,19.66031417846682,1513.0641732283466,37.590706400000045,26.440000000000055,0.0075545003237643,0.3984184914841849,-0.41564039408866993,"{""type"":""Point"",""coordinates"":[80.96184415538941,26.809470645242452]}"
36,19.411990737915062,1302.8181102362205,35.67319717999999,26.27000000000004,-0.21633816195677985,0.7327469553450608,-0.6738562091503268,"{""type"":""Point"",""coordinates"":[80.83436919324268,26.887537548835326]}"
37,19.66031417846682,1878.4746062992126,39.25186412000005,27.910000000000025,0.04006748207507381,0.14688838498362308,-0.1931847968545216,"{""type"":""Point"",""coordinates"":[80.96496507943617,26.787178216290172]}"
38,19.65873031616212,1641.7639763779525,41.476995139999985,28.690000000000055,0.047619047619047616,0.15373521776752236,-0.19581464872944693,"{""type"":""Point"",""coordinates"":[80.91862341513998,26.829752025438278]}"
39,19.66031417846682,1892.6286417322833,49.13335993999999,27.430000000000007,-0.03414453594892199,0.34472385994465166,-0.3790720631786772,"{""type"":""Point"",""coordinates"":[81.0020015062252,26.806285129025714]}"
40,19.65873031616212,1371.7787401574803,37.13610974000005,28.670000000000016,-0.06266634406000483,0.43905635648754915,-0.4581673306772908,"{""type"":""Point"",""coordinates"":[80.94631290331824,26.77487578929263]}"
41,19.528662618001306,1976.5061023622045,38.099991380000006,26.77000000000004,0.014828897338403042,0.23292886033785393,-0.24119760479041916,"{""type"":""Point"",""coordinates"":[80.94986274724499,26.94461433812839]}"
42,19.65873031616212,1884.7285433070865,40.557547760000034,27.130000000000052,-0.06062767475035663,0.37019120018428936,-0.457485910316099,"{""type"":""Point"",""coordinates"":[80.85722787306076,26.79477349110328]}"
43,19.55945194789342,1946.4578740157478,36.14146592000003,25.870000000000005,-0.12846013591911154,0.5704728950403691,-0.5511506037821827,"{""type"":""Point"",""coordinates"":[80.83949828848021,26.756320555537698]}"
44,19.538738141741078,1371.717716535433,32.43975025999998,25.28000000000003,-0.13355704697986578,0.6794829300629764,-0.604750593824228,"{""type"":""Point"",""coordinates"":[81.00146444026147,26.94124648008046]}"
45,19.55945194789342,2321.6980314960633,38.97842251999998,25.890000000000043,0.06732510288065843,0.1608276992419586,-0.2143163309044149,"{""type"":""Point"",""coordinates"":[80.84061680387492,26.774643857409956]}"
46,19.528662618001306,2057.782677165354,39.42276512000001,25.850000000000023,-0.10646448523543496,0.49654576856649396,-0.5315952275740168,"{""type"":""Point"",""coordinates"":[80.88423450910064,26.900347761417382]}"
47,19.538738141741078,1967.1832677165355,37.47107570000003,26.100000000000023,-7.112375533428165E-4,0.29260450160771706,-0.34673366834170855,"{""type"":""Point"",""coordinates"":[80.99845977035909,26.912481428056363]}"
48,19.53857288360598,1478.7772637795274,49.11285182000006,25.950000000000045,0.048468489613895084,0.3020716235747551,-0.33994381094034043,"{""type"":""Point"",""coordinates"":[81.05554441644378,26.909846299704036]}"
49,19.65873031616212,1883.584842519685,40.11662318000003,28.450000000000045,-0.09225759768451519,0.4297892493488042,-0.47232382345769325,"{""type"":""Point"",""coordinates"":[80.87000128386036,26.78720749603372]}"
50,19.736168228952522,1435.5139763779528,35.621926880000046,27.05000000000001,0.03574580759046778,0.40922283134472753,-0.4590984974958264,"{""type"":""Point"",""coordinates"":[80.95226150451158,26.74537844378878]}"
51,19.528662618001306,1882.3614173228345,40.83098935999999,29.29000000000002,0.06371645154681417,0.14335751813860395,-0.20199894792214623,"{""type"":""Point"",""coordinates"":[80.86153266125316,26.8499772970823]}"
52,19.66031417846682,1691.3471456692912,54.120251120000034,26.04000000000002,-0.25720925319531,0.4719267870393272,-0.5304101838755304,"{""type"":""Point"",""coordinates"":[81.0211881430933,26.764333527000993]}"
53,19.65873031616212,1429.6399606299212,35.76719273000003,26.710000000000036,-0.06652806652806653,0.6495176848874598,-0.6285714285714286,"{""type"":""Point"",""coordinates"":[80.86393106290065,26.755650437861384]}"
54,19.528662618001306,1908.0198818897634,39.17666768000004,29.03000000000003,0.04233870967741935,0.17574257425742573,-0.20772946859903382,"{""type"":""Point"",""coordinates"":[80.87973613687302,26.876349188241228]}"
55,19.538738141741078,1743.642913385827,39.836345540000025,30.130000000000052,0.06773090079817559,0.0986294006987369,-0.16434064369125606,"{""type"":""Point"",""coordinates"":[80.96737290792615,26.897689553641897]}"
56,19.66031417846682,1404.7029527559055,38.41786724000002,26.730000000000018,0.014891696750902527,0.4490540989047461,-0.4587370531239559,"{""type"":""Point"",""coordinates"":[80.9575372055516,26.811862781745702]}"
57,19.528662618001306,2235.300393700787,39.58341206,26.150000000000034,0.06650653055096832,0.28630533719486967,-0.3418213206732844,"{""type"":""Point"",""coordinates"":[80.86728305027432,26.90359124148836]}"
58,19.414914904142677,1436.025787401575,37.50525590000001,26.32000000000005,0.005050505050505051,0.4756554307116105,-0.5420743639921722,"{""type"":""Point"",""coordinates"":[80.93240412731502,26.95135918246745]}"
59,19.66031417846682,1333.5149606299212,36.23717048000003,27.870000000000005,0.019393109742185718,0.5049019607843137,-0.4739368998628258,"{""type"":""Point"",""coordinates"":[80.96478230210316,26.83471907758505]}"
60,19.55945194789342,1858.453937007874,36.77209061000002,25.870000000000005,1.9264110961279138E-4,0.26123936816524906,-0.3139240506329114,"{""type"":""Point"",""coordinates"":[80.84892807870963,26.757794664343617]}"
61,19.538738141741078,1515.256102362205,37.149781820000044,29.870000000000005,0.00423728813559322,0.24558303886925795,-0.28454296993622835,"{""type"":""Point"",""coordinates"":[80.99280371229914,26.890570971802262]}"
62,19.538738141741078,1596.008562992126,37.04040517999999,29.710000000000036,-0.04617129892229155,0.3125533731853117,-0.32423894313612867,"{""type"":""Point"",""coordinates"":[81.01004374468233,26.865660617712848]}"
63,19.29237772623702,1979.4096456692914,39.17324966000001,25.010000000000048,0.0010500525026251313,0.30977512620468106,-0.3675131768088165,"{""type"":""Point"",""coordinates"":[80.83591523251746,26.951419873805936]}"
64,19.528662618001306,1875.1990157480313,36.70202119999999,25.720000000000027,-0.040761777480788505,0.5106692531522793,-0.4968765016818837,"{""type"":""Point"",""coordinates"":[80.88951107451109,26.914169503873165]}"
65,19.66031417846682,2184.588287401575,40.24992596000004,26.140000000000043,0.12543635094251804,0.2150016165535079,-0.31291487131710727,"{""type"":""Point"",""coordinates"":[81.04139047010199,26.82111078773219]}"
66,19.528662618001306,2142.552362204724,39.51846968000001,25.850000000000023,0.010975027835215524,0.30657701197730614,-0.3467619666450076,"{""type"":""Point"",""coordinates"":[80.88691662340325,26.93610438812311]}"
67,19.55945194789342,1905.0641732283461,39.016020740000044,27.130000000000052,-0.13258185721953838,0.41294642857142855,-0.4495076711701397,"{""type"":""Point"",""coordinates"":[80.83148545115012,26.84875278400174]}"
68,19.538738141741078,1402.297440944882,33.67365547999998,25.28000000000003,-0.1381288614298323,0.6633344082554015,-0.5831798649478207,"{""type"":""Point"",""coordinates"":[80.99712643091252,26.936059429073175]}"
69,19.538738141741078,2160.717716535433,38.752833200000055,26.55000000000001,0.0565450458239668,0.17586206896551723,-0.2343891402714932,"{""type"":""Point"",""coordinates"":[80.96832188360678,26.93339786159647]}"
70,19.414914904142677,1982.5523622047242,39.68595266,25.960000000000036,0.03791700569568755,0.37456405487096023,-0.4106418515867335,"{""type"":""Point"",""coordinates"":[80.94879657894896,26.951165831217093]}"
71,19.66031417846682,1512.9765748031496,39.340732640000056,28.350000000000023,-4.462293618920125E-4,0.33691115086463924,-0.40564263322884014,"{""type"":""Point"",""coordinates"":[80.96312264095752,26.776598618291978]}"
72,19.66031417846682,1767.428346456693,39.309970460000045,27.910000000000025,0.055274168685311605,0.16417910447761194,-0.20539477381286877,"{""type"":""Point"",""coordinates"":[80.96800403609369,26.789830933226934]}"
73,19.65873031616212,1545.9834645669291,41.603461880000054,28.980000000000018,0.032038173142467624,0.2701252236135957,-0.3254511512134412,"{""type"":""Point"",""coordinates"":[80.89020828246731,26.775973705499077]}"
74,19.55945194789342,2173.610433070866,42.98434196000005,26.870000000000005,0.095112285336856,0.18846237258729126,-0.2359043752819125,"{""type"":""Point"",""coordinates"":[80.84658918648942,26.800041079598994]}"
75,19.53857288360598,1780.3510826771653,50.11774969999999,25.55000000000001,0.04080351537978657,0.36202725073220426,-0.40441176470588236,"{""type"":""Point"",""coordinates"":[81.05877221036519,26.93191100511581]}"
76,19.66031417846682,1280.4185039370077,37.90858226,27.80000000000001,-0.12270389419544453,0.596100278551532,-0.5933263816475496,"{""type"":""Point"",""coordinates"":[80.97727675938668,26.839197190053113]}"
77,19.72531673546996,2130.569586614173,39.046782920000055,25.250000000000057,-0.0513803081254399,0.4176948223136138,-0.4707362432994202,"{""type"":""Point"",""coordinates"":[81.05141846021851,26.745966255955537]}"
78,19.65873031616212,1446.850590551181,38.821193600000015,28.130000000000052,0.015165876777251185,0.31643965790307255,-0.36935749588138383,"{""type"":""Point"",""coordinates"":[80.94147449321837,26.827302909830937]}"
79,19.538738141741078,1737.9214566929134,39.69620672000002,29.83000000000004,0.054676909173068236,0.1127659574468085,-0.19168328111649102,"{""type"":""Point"",""coordinates"":[80.95589277589377,26.905889386859222]}"
80,19.736168228952522,2216.563188976378,37.775279479999995,26.470000000000027,0.11078717201166181,0.1718249733191035,-0.23592976136875282,"{""type"":""Point"",""coordinates"":[80.97392499207541,26.749230927699454]}"
81,19.411990737915062,1783.7452755905513,39.456945320000045,25.980000000000018,-0.05098472298914044,0.44119131751640583,-0.47089129314786193,"{""type"":""Point"",""coordinates"":[80.84565854203821,26.904990791906826]}"
82,19.65873031616212,1651.3968503937008,39.69962473999999,28.880000000000052,0.04548702071921886,0.14090520922288644,-0.1593867515186578,"{""type"":""Point"",""coordinates"":[80.89824515969896,26.83261685054037]}"
83,19.411990737915062,1969.4047244094488,39.38516690000006,25.980000000000018,-0.031560592850915434,0.37230340988169797,-0.4065620542082739,"{""type"":""Point"",""coordinates"":[80.84890231116563,26.905866452077124]}"
84,19.55945194789342,2069.3840551181097,42.03755042,26.470000000000027,0.10859301227573183,0.28348062542488106,-0.3546998325759388,"{""type"":""Point"",""coordinates"":[80.84625040589341,26.790492176681386]}"
85,19.411990737915062,2019.5681102362207,39.83292752,26.49000000000001,-0.012671782973407103,0.27534277365700155,-0.3106953106953107,"{""type"":""Point"",""coordinates"":[80.84154716622673,26.888589851182978]}"
86,19.411990737915062,2304.257086614173,39.58683008000003,24.930000000000007,-0.06496209305782667,0.400312744331509,-0.42936951316839583,"{""type"":""Point"",""coordinates"":[80.84765583771483,26.932130172427303]}"
87,19.528662618001306,2021.801377952756,39.51846968000001,27.950000000000045,0.048014440433213,0.17960187877432343,-0.2554153772911212,"{""type"":""Point"",""coordinates"":[80.9213009964508,26.923667099217226]}"
88,19.72531673546996,2581.6069881889766,38.56484210000002,25.210000000000036,0.016012996054769087,0.11883191133784854,-0.16890277522514244,"{""type"":""Point"",""coordinates"":[81.05753599999787,26.740824608596355]}"
89,19.66031417846682,1622.9273622047244,37.06774933999998,26.33000000000004,-0.09245926487305797,0.6133184107442641,-0.5862448418156809,"{""type"":""Point"",""coordinates"":[80.98386960709985,26.7567385724364]}"
90,19.528662618001306,1396.1911417322835,37.758189379999976,29.370000000000005,0.024232633279483037,0.22225969645868465,-0.26536312849162014,"{""type"":""Point"",""coordinates"":[80.93642193387177,26.859511067179266]}"
91,19.53857288360598,2174.385531496063,49.15045004000001,25.33000000000004,-0.0026753141467369275,0.30739957716701904,-0.34698322805489,"{""type"":""Point"",""coordinates"":[81.0632888475839,26.94477427606251]}"
92,19.66031417846682,2207.684744094488,39.07754510000001,25.140000000000043,-0.11767014679331188,0.41742160278745644,-0.477124183006536,"{""type"":""Point"",""coordinates"":[81.04198349135548,26.750194510028035]}"
93,19.65873031616212,1653.7659448818897,40.06193486000001,28.130000000000052,0.03635585970915312,0.2604195804195804,-0.28376068376068375,"{""type"":""Point"",""coordinates"":[80.94578054361573,26.831366029018525]}"
94,19.55945194789342,1923.1074803149604,36.90539339000003,26.670000000000016,-0.1683021662655064,0.412897447380206,-0.4475797201192934,"{""type"":""Point"",""coordinates"":[80.85007643512297,26.766377927506657]}"
95,19.65873031616212,1500.8840551181102,37.64539472000001,28.74000000000001,0.0,0.4045226130653266,-0.40364092906465787,"{""type"":""Point"",""coordinates"":[80.89371710523233,26.822356556499077]}"
96,19.528662618001306,2418.692125984252,38.592186260000005,27.010000000000048,0.03345828127169235,0.28072111846946285,-0.3584390243902439,"{""type"":""Point"",""coordinates"":[80.91790582091997,26.924408278961362]}"
97,19.55945194789342,2340.012992125984,42.43404074,26.630000000000052,-0.012599160055996267,0.31888168557536467,-0.3302002451982019,"{""type"":""Point"",""coordinates"":[80.83687943102238,26.816350763225486]}"
98,19.66031417846682,2122.522342519685,47.52689054000001,26.310000000000002,0.0846638474152067,0.14634673584089927,-0.23670708955223882,"{""type"":""Point"",""coordinates"":[81.02048248818132,26.80206944659544]}"
99,19.65873031616212,1935.1753937007875,39.88077980000003,27.99000000000001,0.023837436498632278,0.20822249093107617,-0.2443337484433375,"{""type"":""Point"",""coordinates"":[80.87012596163461,26.8124191365761]}"
100,19.65873031616212,2132.3938976377954,39.41251106000004,27.08000000000004,0.1796759941089838,0.05417553820676603,-0.09055310817425355,"{""type"":""Point"",""coordinates"":[80.8593476670346,26.769469297760633]}"
101,19.538738141741078,1904.3181102362205,39.050200940000025,28.610000000000014,0.057913443445536276,0.10821446138711265,-0.1664509448615066,"{""type"":""Point"",""coordinates"":[80.9732730458295,26.903290814113756]}"
102,19.65873031616212,2093.9883858267717,38.42983031000006,27.710000000000036,-0.2919188323246707,0.42845896477071443,-0.4964948453608247,"{""type"":""Point"",""coordinates"":[80.89157778362272,26.758419136393467]}"
103,19.411919472434306,1422.7088582677168,34.65120920000004,25.210000000000036,-0.15721649484536082,0.6980775291522219,-0.6332221885419824,"{""type"":""Point"",""coordinates"":[80.96393675335838,26.95262481361536]}"
104,19.528662618001306,1893.0405511811025,39.30313441999999,25.29000000000002,-0.17871381521927543,0.5263748597081931,-0.5503875968992248,"{""type"":""Point"",""coordinates"":[80.87487178956589,26.93896153336162]}"
105,19.538738141741078,1905.0228346456693,38.10340940000003,25.510000000000048,0.030370784423327742,0.2411161459575483,-0.305569493226292,"{""type"":""Point"",""coordinates"":[81.00005122878754,26.95006821762305]}"
106,19.528662618001306,1644.825,40.916439860000025,30.350000000000023,0.058714748035136384,0.16509298998569386,-0.2083086053412463,"{""type"":""Point"",""coordinates"":[80.87854527399413,26.851808108828227]}"
107,19.55945194789342,1775.616338582677,38.17176979999999,26.310000000000002,-0.14975480950584685,0.46152001918005275,-0.5014778325123153,"{""type"":""Point"",""coordinates"":[80.82678353330243,26.82365070859526]}"
108,19.65873031616212,1724.928346456693,36.787471700000026,27.680000000000007,0.02809783707297352,0.28453112476623027,-0.31762126610030145,"{""type"":""Point"",""coordinates"":[80.90759467459556,26.758268209791176]}"
109,19.53857288360598,2014.3432086614173,44.91210524000002,25.350000000000023,-0.05864517673342376,0.4831209479096803,-0.48129954225745225,"{""type"":""Point"",""coordinates"":[81.05169378019117,26.93624347960787]}"
110,19.65873031616212,1850.2688976377951,40.198655659999986,29.090000000000032,0.003740893876747391,0.2694430506773708,-0.29743589743589743,"{""type"":""Point"",""coordinates"":[80.86516662065065,26.834894943802443]}"
111,19.66031417846682,769.7885826771653,35.94322076000003,26.970000000000027,-0.1415810629745422,0.5268817204301075,-0.4605714285714286,"{""type"":""Point"",""coordinates"":[80.97316109928242,26.831131175543685]}"
112,19.65873031616212,1759.0484251968503,39.39200294,27.680000000000007,-0.0013864131511190335,0.337212377677863,-0.35295691731335294,"{""type"":""Point"",""coordinates"":[80.9122165721465,26.763346949542917]}"
113,19.66751309908358,1597.4588582677166,35.28696092000001,25.55000000000001,-0.10331810053645937,0.5425,-0.5284888521882741,"{""type"":""Point"",""coordinates"":[81.0595983664083,26.80553360073916]}"
114,19.66031417846682,1692.1562007874013,47.78666006000003,27.500000000000057,-0.016458852867830425,0.3760972316002701,-0.4094052558782849,"{""type"":""Point"",""coordinates"":[81.03046609397148,26.841160095920625]}"
115,19.736168228952522,1877.5375984251968,39.43301918000003,25.960000000000036,0.0887040887040887,0.3343480466768138,-0.36694386694386694,"{""type"":""Point"",""coordinates"":[80.9935285019382,26.7488759291429]}"
116,19.528662618001306,1818.3171259842518,39.82950950000003,30.230000000000018,0.06239460370994941,0.1517348524080787,-0.19441460794844254,"{""type"":""Point"",""coordinates"":[80.9305087439397,26.884294019439338]}"
117,19.414914904142677,1867.811220472441,35.82017203999999,26.32000000000005,-0.18178682304242844,0.5905292479108635,-0.574810388416456,"{""type"":""Point"",""coordinates"":[80.9363895059692,26.950828029456947]}"
118,19.538738141741078,1261.7413385826771,35.86460629999999,28.910000000000025,-0.06934616473252193,0.3758193736343773,-0.3738181818181818,"{""type"":""Point"",""coordinates"":[80.97081008392959,26.85306654658941]}"
119,19.411990737915062,2147.02874015748,38.15809772,27.83000000000004,0.07049943793158825,0.2501079913606911,-0.28365491239742735,"{""type"":""Point"",""coordinates"":[80.84714355784084,26.85397931763049]}"
120,19.538738141741078,1532.4933070866143,36.558464360000016,28.880000000000052,-0.19740312436599716,0.6989061600460564,-0.6371705963938974,"{""type"":""Point"",""coordinates"":[80.97883084212337,26.89966864261737]}"
121,19.53857288360598,2135.2497047244096,38.069229199999995,25.950000000000045,6.252791424743189E-4,0.22567922874671342,-0.2320229049664134,"{""type"":""Point"",""coordinates"":[81.05694929332657,26.90879887461916]}"
122,19.66031417846682,1739.440157480315,48.306199100000015,27.27000000000004,0.0348134250573275,0.23367972288835598,-0.300561797752809,"{""type"":""Point"",""coordinates"":[80.99670776574696,26.79102311230534]}"
123,19.538738141741078,1793.1128937007873,39.28946234,29.610000000000014,0.1182980552272483,0.11889828197436597,-0.1661219269575103,"{""type"":""Point"",""coordinates"":[81.00055564494266,26.869273660984792]}"
124,19.538738141741078,1876.2014763779525,37.58728838000002,26.370000000000005,-6.700488178424428E-4,0.2733252131546894,-0.32278881437428825,"{""type"":""Point"",""coordinates"":[81.01306531711528,26.910687100344532]}"
125,19.411990737915062,2102.5228346456693,39.50479760000002,25.980000000000018,-0.06918652423993427,0.3880947301045445,-0.41373315949587136,"{""type"":""Point"",""coordinates"":[80.84958557590942,26.905503051238657]}"
126,19.65873031616212,1995.295472440945,39.48428948000003,28.010000000000048,0.026217228464419477,0.18802832990632853,-0.2333965844402277,"{""type"":""Point"",""coordinates"":[80.85973349711766,26.821062240387636]}"
127,19.538738141741078,1754.6817913385826,47.49271034000003,28.32000000000005,0.05178833352138102,0.12158014146536768,-0.16803335649756776,"{""type"":""Point"",""coordinates"":[81.03135006647719,26.86445048053713]}"
128,19.66031417846682,1867.2590551181102,39.313388480000015,28.99000000000001,-0.10013402259237986,0.3596781826786559,-0.3805862566074003,"{""type"":""Point"",""coordinates"":[80.95027480832589,26.783045705330128]}"
129,19.528662618001306,1942.1192913385826,40.20207368000001,26.930000000000007,0.06235807860262009,0.28145142038672716,-0.3376526289558933,"{""type"":""Point"",""coordinates"":[80.90301867794071,26.907240601563228]}"
130,19.53857288360598,2086.7152559055116,37.296756680000044,26.77000000000004,0.04025593175153293,0.19574844995571303,-0.2523191094619666,"{""type"":""Point"",""coordinates"":[81.0633643948973,26.858036287931753]}"
131,19.55945194789342,1263.9431102362205,37.55310817999998,26.33000000000004,-0.16666666666666666,0.7224606580829757,-0.6358695652173914,"{""type"":""Point"",""coordinates"":[80.84691937871608,26.782307770204138]}"
132,19.528662618001306,2233.3515748031496,40.34221250000002,25.150000000000034,-0.08738147337709701,0.4676117345934239,-0.5125811688311688,"{""type"":""Point"",""coordinates"":[80.85801326502025,26.93722645377843]}"
133,19.538738141741078,1299.9519685039372,37.7616074,29.150000000000034,-0.05003661215523554,0.5315058739765041,-0.5147887323943662,"{""type"":""Point"",""coordinates"":[80.95246374037517,26.86027914344978]}"
134,19.65873031616212,1802.1812992125983,40.67717846000005,28.430000000000007,-0.02348265895953757,0.42005012531328323,-0.43189284811726053,"{""type"":""Point"",""coordinates"":[80.91874554244636,26.812187224438087]}"
135,19.528662618001306,1747.6803149606299,39.897869900000046,30.010000000000048,0.0554034126816937,0.19287044426709232,-0.25286392847164013,"{""type"":""Point"",""coordinates"":[80.91528277312149,26.871595484053717]}"
136,19.736168228952522,1961.2049212598424,36.81481586000001,27.05000000000001,0.012569832402234637,0.33553719008264465,-0.36125150421179303,"{""type"":""Point"",""coordinates"":[80.9589412134364,26.74377228842378]}"
137,19.65873031616212,2295.372244094488,37.01477003000002,27.150000000000034,-0.0170316301703163,0.17580872011251758,-0.23303834808259588,"{""type"":""Point"",""coordinates"":[80.90209720705381,26.752212185321994]}"
138,19.53857288360598,1398.5720472440944,35.89536848,25.690000000000055,-0.06245726008661956,0.5120843471208435,-0.5177466623249756,"{""type"":""Point"",""coordinates"":[81.0630527855645,26.920347409607526]}"
139,19.538738141741078,1826.1990157480313,38.704980920000025,29.450000000000045,0.08816606034667238,0.161985274065994,-0.19556677890011223,"{""type"":""Point"",""coordinates"":[81.00568934399779,26.870613756148185]}"
140,19.66031417846682,2080.8756889763777,39.61417424000001,25.590000000000032,-0.04661947766658531,0.3841187863137508,-0.47421498968599585,"{""type"":""Point"",""coordinates"":[81.0267237202559,26.754389143772276]}"
141,19.538738141741078,2120.3259842519683,48.743705660000046,25.730000000000018,0.029454841334418225,0.28895612708018154,-0.32107653117731755,"{""type"":""Point"",""coordinates"":[81.02689895031081,26.92599349623753]}"
142,19.71775991078971,1111.753149606299,34.87338050000005,25.450000000000045,0.05768714784008586,0.4781144781144781,-0.45304095986760445,"{""type"":""Point"",""coordinates"":[80.83035271910904,26.74799607443996]}"
143,19.528662618001306,1750.1311023622047,40.40715488000001,30.410000000000025,0.0995239174790297,0.08524590163934426,-0.14203565267395055,"{""type"":""Point"",""coordinates"":[80.90649199712719,26.862406426238355]}"
144,19.66031417846682,2094.645866141732,49.80329186000006,26.960000000000036,0.05311662198391421,0.24815019326339038,-0.3068917668825162,"{""type"":""Point"",""coordinates"":[81.00655487403696,26.776088832004103]}"
145,19.65873031616212,1928.4194881889762,40.362720620000005,28.720000000000027,0.07243289305496378,0.07932573128408528,-0.12885662431941924,"{""type"":""Point"",""coordinates"":[80.88320927788493,26.82322032198228]}"
146,19.528662618001306,1589.418503937008,37.310428760000036,26.860000000000014,-0.031243781094527363,0.4621896162528217,-0.48950847944811726,"{""type"":""Point"",""coordinates"":[80.93601884762859,26.94862483396795]}"
147,19.65873031616212,1652.8663385826771,39.347568679999995,29.730000000000018,0.08292919495635305,0.09814169570267131,-0.1565749235474006,"{""type"":""Point"",""coordinates"":[80.9483130017216,26.8472731502131]}"
148,19.538738141741078,1478.1414370078737,39.781657220000056,29.450000000000045,-0.011367803447011368,0.31333333333333335,-0.33732018748989817,"{""type"":""Point"",""coordinates"":[81.00929970646644,26.87319847476881]}"
149,19.411990737915062,1630.9312992125986,40.42766300000005,26.29000000000002,-0.06642066420664207,0.3827751196172249,-0.4563269876819709,"{""type"":""Point"",""coordinates"":[80.82909064141388,26.864700954916938]}"
150,19.65873031616212,1869.557283464567,39.17324966000001,28.83000000000004,0.03194103194103194,0.19514661274014156,-0.22773305634900026,"{""type"":""Point"",""coordinates"":[80.86738770965584,26.829376769532022]}"
151,19.538738141741078,2009.9116141732281,49.91950454000005,26.210000000000036,0.07446446786807208,0.27285480476969837,-0.30802498798654493,"{""type"":""Point"",""coordinates"":[81.04245547792614,26.906426372043065]}"
152,19.66031417846682,1737.2157480314959,39.542395820000024,28.200000000000045,0.02931069334950475,0.27441613588110403,-0.3313002495148323,"{""type"":""Point"",""coordinates"":[80.96630944791828,26.776847973221795]}"
153,19.65873031616212,1176.1507874015747,37.51892798000006,27.960000000000036,-0.055894039735099335,0.5467597982149787,-0.5342571208622017,"{""type"":""Point"",""coordinates"":[80.92545913233343,26.822567582309457]}"
154,19.538738141741078,1990.5149606299212,39.07412708000004,30.05000000000001,0.053293413173652694,0.11155378486055777,-0.1605089307560558,"{""type"":""Point"",""coordinates"":[81.00846207005104,26.879321017322198]}"
155,19.65873031616212,1331.8161417322833,39.15274154000002,28.000000000000057,-0.05603554677857319,0.482842287694974,-0.49737486874343717,"{""type"":""Point"",""coordinates"":[80.92050236416611,26.80154093524199]}"
156,19.414914904142677,2132.122244094488,42.26313974000004,25.29000000000002,0.01782421634910879,0.3562486738807554,-0.43157894736842106,"{""type"":""Point"",""coordinates"":[80.86830882543855,26.95233016039514]}"
157,19.538738141741078,2104.0631889763777,48.53862446000005,26.210000000000036,0.056946826758147516,0.2247716640677211,-0.27003927003927003,"{""type"":""Point"",""coordinates"":[81.0411942693297,26.9079259671964]}"
158,19.528662618001306,2277.59468503937,39.99699248000002,26.130000000000052,0.010696821515892421,0.31425091352009743,-0.3563796354494029,"{""type"":""Point"",""coordinates"":[80.89386503983738,26.90245096706189]}"
159,19.66751309908358,1988.9047244094488,40.1713115,25.710000000000036,0.06220095693779904,0.3255597014925373,-0.40519159456118664,"{""type"":""Point"",""coordinates"":[81.0521188002208,26.821872469189717]}"
160,19.66751309908358,1556.4800196850395,37.58728838000002,25.930000000000007,0.06989404102264994,0.4301943198804185,-0.4938329430132709,"{""type"":""Point"",""coordinates"":[81.05576149409572,26.830562142103638]}"
161,19.528662618001306,1541.4814960629922,40.215745760000004,29.610000000000014,0.029177718832891247,0.22706491923194147,-0.2789072426937738,"{""type"":""Point"",""coordinates"":[80.9488017152211,26.911655616934723]}"
162,19.528662618001306,2459.174409448819,42.78951482000002,25.250000000000057,-0.03519842939279203,0.3488032157865887,-0.41988844008463166,"{""type"":""Point"",""coordinates"":[80.86680273275408,26.94956789445679]}"
163,19.55945194789342,1791.2895669291336,39.145905500000026,27.03000000000003,0.0011705033164260631,0.28999748047367097,-0.33646567475854866,"{""type"":""Point"",""coordinates"":[80.84089020347847,26.82021900174553]}"
164,19.411990737915062,2003.9647637795274,40.97112818000005,25.230000000000018,-0.06476510067114094,0.4409627611262489,-0.4571756601607348,"{""type"":""Point"",""coordinates"":[80.8388242529248,26.93234821729283]}"
165,19.65873031616212,1747.580905511811,40.25334398000001,30.07000000000005,0.046861184792219276,0.14558979808714134,-0.19050248481501933,"{""type"":""Point"",""coordinates"":[80.90043790825275,26.79306059172473]}"
166,19.528662618001306,1803.6084645669291,40.325122400000055,29.99000000000001,0.07974335472043996,0.07093333333333333,-0.12935883014623173,"{""type"":""Point"",""coordinates"":[80.87147547280122,26.8663188897777]}"
167,19.66031417846682,2221.5538385826776,38.93057024000001,26.02000000000004,0.049765402661333745,0.2978254018279231,-0.35877694676638805,"{""type"":""Point"",""coordinates"":[81.04659457525374,26.788281877890988]}"
168,19.66031417846682,1641.942125984252,35.874860360000014,27.78000000000003,-0.056195626616506,0.27504967357365884,-0.260735335391524,"{""type"":""Point"",""coordinates"":[80.95185527932793,26.824591213300536]}"
169,19.538738141741078,1269.213779527559,33.82063033999998,26.010000000000048,0.026540503115624278,0.5809595202398801,-0.5399780941949617,"{""type"":""Point"",""coordinates"":[80.98307936426426,26.916946903515537]}"
170,19.65873031616212,1630.5198818897636,35.82700808000004,27.33000000000004,0.06587771203155819,0.34621944286526435,-0.4158445440956652,"{""type"":""Point"",""coordinates"":[80.91034125142932,26.7502691908868]}"
171,19.66031417846682,1590.207874015748,42.198197359999995,27.890000000000043,0.0624263839811543,0.16170461179217746,-0.2291537986411365,"{""type"":""Point"",""coordinates"":[80.96893265939222,26.77164869042209]}"
172,19.528662618001306,1716.7157480314959,38.85879182000002,28.33000000000004,0.02916396629941672,0.22020092316046702,-0.2532069157836029,"{""type"":""Point"",""coordinates"":[80.94404376689003,26.936248157992235]}"
173,19.53857288360598,1732.2644685039368,37.00964299999998,26.160000000000025,0.004063205417607223,0.47499331372024606,-0.49762389680923286,"{""type"":""Point"",""coordinates"":[81.0630639427572,26.90419336352872]}"
174,19.55945194789342,1852.7226377952754,39.48087146,28.380000000000052,4.1718815185648727E-4,0.1776849348734333,-0.22338524380903754,"{""type"":""Point"",""coordinates"":[80.84667540151595,26.844059607276435]}"
175,19.65873031616212,1741.8417322834648,40.96087412000003,27.750000000000057,0.12242732866539359,0.13315068493150686,-0.19606709080393292,"{""type"":""Point"",""coordinates"":[80.88020183586474,26.760338528001245]}"
176,19.65873031616212,1793.3998031496062,39.82609148000006,29.53000000000003,0.04421616793211255,0.11429315282478521,-0.1668484187568157,"{""type"":""Point"",""coordinates"":[80.91186889587797,26.794680377280272]}"
177,19.538738141741078,1922.2812007874013,49.29400687999998,28.410000000000025,0.06078334159643034,0.15441803778184035,-0.1998986572080061,"{""type"":""Point"",""coordinates"":[81.03374711558097,26.87939022512775]}"
178,19.66031417846682,1660.8771653543306,37.94618048000001,29.130000000000052,-0.013609850939727802,0.3011647254575707,-0.3261729790842284,"{""type"":""Point"",""coordinates"":[80.98744990115208,26.84204228454109]}"
179,19.65873031616212,1774.878149606299,39.99357445999999,30.07000000000005,0.0489987217724755,0.18157755426151403,-0.210412147505423,"{""type"":""Point"",""coordinates"":[80.8981576848291,26.794824225787593]}"
180,19.66751309908358,1889.1837598425197,37.37878916,26.680000000000007,0.04937419927072041,0.18998272884283246,-0.23255813953488372,"{""type"":""Point"",""coordinates"":[81.05113923545663,26.84366001345272]}"
181,19.66031417846682,1650.6365157480316,48.07377373999998,27.960000000000036,-0.03168973801624528,0.22810840256026146,-0.2518045530260966,"{""type"":""Point"",""coordinates"":[81.02857201328011,26.846252174083947]}"
182,19.411990737915062,2212.0405511811023,39.47061740000004,26.970000000000027,0.020998600093327113,0.29719703215169,-0.3428632387454662,"{""type"":""Point"",""coordinates"":[80.8415554877586,26.870596855770312]}"
183,19.528662618001306,1641.9844488188976,40.57463786000005,26.090000000000032,0.12021439509954059,0.2921000843407366,-0.40808823529411764,"{""type"":""Point"",""coordinates"":[80.90043361764205,26.94799854022995]}"
184,19.65873031616212,1803.2285433070865,40.099533080000015,29.33000000000004,0.06624888093106536,0.11819887429643527,-0.15408022130013832,"{""type"":""Point"",""coordinates"":[80.91841152592964,26.815160154498198]}"
185,19.528662618001306,2165.0759842519687,41.641060100000004,26.090000000000032,0.0943676623569624,0.2632669983416252,-0.3518189884649512,"{""type"":""Point"",""coordinates"":[80.89223846104166,26.948359829589837]}"
186,19.538738141741078,1612.9470472440944,48.487354159999995,28.80000000000001,-0.016115702479338842,0.41851745024516873,-0.41810841983852365,"{""type"":""Point"",""coordinates"":[81.0149179640438,26.854899590041097]}"
187,19.736168228952522,1890.047933070866,38.311908620000054,25.360000000000014,-0.030396968914147938,0.44220802699771,-0.4622998900158866,"{""type"":""Point"",""coordinates"":[81.0344165542492,26.747611537145367]}"
188,19.55945194789342,1830.767913385827,38.05213909999998,27.190000000000055,0.03159784560143627,0.3256328336200541,-0.40031152647975077,"{""type"":""Point"",""coordinates"":[80.8419413311705,26.849707475554244]}"
189,19.528662618001306,1897.9096456692914,41.41547078000002,26.090000000000032,0.1569767441860465,0.22758964143426294,-0.31924003211131924,"{""type"":""Point"",""coordinates"":[80.88905837513012,26.94402581790793]}"
190,19.55945194789342,1773.4805118110235,36.32091197,25.77000000000004,-0.09658246656760773,0.4690221448121423,-0.489780469341408,"{""type"":""Point"",""coordinates"":[80.83693212588575,26.764157582024403]}"
191,19.528662618001306,2060.636023622047,38.899808060000055,26.100000000000023,0.024779915226605803,0.3083989501312336,-0.36575342465753424,"{""type"":""Point"",""coordinates"":[80.85968064752062,26.906687642492393]}"
192,19.66031417846682,2311.710334645669,51.67294880000003,25.860000000000014,0.017134306023194913,0.3240600745892551,-0.3618080033174373,"{""type"":""Point"",""coordinates"":[81.01865014438103,26.751322028830213]}"
193,19.538738141741078,2046.901771653543,38.30507258,26.130000000000052,-0.006790564689063617,0.25255669186305024,-0.28953994048981463,"{""type"":""Point"",""coordinates"":[80.95882287198015,26.944261021096345]}"
194,19.538738141741078,1454.7177165354328,38.45204744,28.910000000000025,0.03315881326352531,0.2330683624801272,-0.29829260127217944,"{""type"":""Point"",""coordinates"":[80.97283644006573,26.853670298854723]}"
195,19.538738141741078,1512.7816929133858,39.80216533999999,29.83000000000004,0.0728744939271255,0.13156269302038295,-0.20964014526246286,"{""type"":""Point"",""coordinates"":[80.95917649713475,26.90548714170493]}"
196,19.528662618001306,1849.5740157480316,40.40031884000001,25.410000000000025,-0.06469240260884894,0.46673142302088394,-0.5043586550435866,"{""type"":""Point"",""coordinates"":[80.87237240560961,26.941416221428724]}"
197,19.65873031616212,1763.400787401575,39.37491283999998,28.30000000000001,-0.2735288479969331,0.6244498777506112,-0.5519738378883439,"{""type"":""Point"",""coordinates"":[80.87927507815277,26.80257294217085]}"
198,19.65873031616212,1241.729527559055,38.99551262,27.80000000000001,-0.1033457249070632,0.6200873362445415,-0.5962710648978128,"{""type"":""Point"",""coordinates"":[80.93711889097217,26.82385489245467]}"
199,19.538738141741078,1581.3033464566931,37.88123810000002,29.870000000000005,0.0545950864422202,0.230678116671602,-0.28788348311124884,"{""type"":""Point"",""coordinates"":[80.96063381104864,26.88315635534944]}"
200,19.538738141741078,1981.2949803149609,37.55310817999998,25.970000000000027,-0.016997419240010678,0.30740189909621324,-0.3373902867173786,"{""type"":""Point"",""coordinates"":[81.01553857102212,26.92209557539709]}"
201,19.538738141741078,2292.915059055118,37.16003588000001,26.100000000000023,0.04248848727083152,0.1397248939911056,-0.17609391675560299,"{""type"":""Point"",""coordinates"":[81.0089488359828,26.91558344234396]}"
202,19.538738141741078,1999.8722440944882,49.07867162000002,25.350000000000023,-0.02222590811079781,0.41418081688848096,-0.4317574631199907,"{""type"":""Point"",""coordinates"":[81.03910050700999,26.933863766024306]}"
203,19.528662618001306,1919.0188976377951,38.821193600000015,25.590000000000032,-0.0624462411835541,0.42173112338858193,-0.45935727788279773,"{""type"":""Point"",""coordinates"":[80.87427236240252,26.90964858684615]}"
204,19.65873031616212,1304.7374015748032,36.021835220000014,28.57000000000005,-0.0020867145838163693,0.5293701344656758,-0.5191564147627417,"{""type"":""Point"",""coordinates"":[80.93330065157197,26.82622194057245]}"
205,19.66031417846682,2183.4972440944885,37.40613331999998,26.57000000000005,0.019265015379634126,0.313529921942758,-0.33701169719708673,"{""type"":""Point"",""coordinates"":[80.97954969863216,26.828058920695938]}"
206,19.65873031616212,1619.2344488188976,40.82757134000002,28.250000000000057,0.02600170502983802,0.3181424862993943,-0.3520710059171598,"{""type"":""Point"",""coordinates"":[80.86060597332556,26.83173712713447]}"
207,19.65873031616212,1838.4135826771656,40.81731728,28.640000000000043,0.05645851154833191,0.1338987406836289,-0.17653333333333332,"{""type"":""Point"",""coordinates"":[80.87897101146326,26.778412753765764]}"
208,19.71775991078971,1556.5297244094488,37.17199894999999,25.49000000000001,0.05714285714285714,0.36283185840707965,-0.41025641025641024,"{""type"":""Point"",""coordinates"":[80.83011907351859,26.741995101116938]}"
209,19.528662618001306,2140.741338582677,39.316806499999984,27.57000000000005,0.07276953334525299,0.20885780885780886,-0.23388056150368783,"{""type"":""Point"",""coordinates"":[80.92384215221914,26.932813672846244]}"
210,19.65873031616212,1910.2797244094488,38.91348014000005,29.390000000000043,0.047289033836119036,0.16413449564134497,-0.19631430765293065,"{""type"":""Point"",""coordinates"":[80.91585249476798,26.788500631307752]}"
211,19.65873031616212,2282.399803149606,40.28068814000005,27.130000000000052,0.010502133245815556,0.20551779288284686,-0.25363825363825365,"{""type"":""Point"",""coordinates"":[80.86314371693015,26.798587744468936]}"
212,19.538738141741078,1542.5061023622045,39.21084788000002,29.810000000000002,-0.010936757013789824,0.2502205233754778,-0.295551492992078,"{""type"":""Point"",""coordinates"":[80.95898103356973,26.869637591634742]}"
213,19.66031417846682,1989.9007874015747,38.147843660000035,26.860000000000014,0.018407144158921085,0.2589995324918186,-0.30190959632583997,"{""type"":""Point"",""coordinates"":[80.97774049894308,26.76231702138786]}"
214,19.528662618001306,1909.4962598425197,39.44327324000005,28.710000000000036,0.015688949522510234,0.3463960811756473,-0.417137245273754,"{""type"":""Point"",""coordinates"":[80.90609427101244,26.88977346959148]}"
215,19.528662618001306,1591.2009842519683,40.28752417999999,30.350000000000023,-0.007329363261566651,0.2751522180342128,-0.32749773619076367,"{""type"":""Point"",""coordinates"":[80.88057769439983,26.854545667929557]}"
216,19.528662618001306,2022.8505905511809,40.198655659999986,29.850000000000023,0.06411323896752706,0.057633498000470476,-0.08599033816425121,"{""type"":""Point"",""coordinates"":[80.92772765479873,26.885396307334496]}"
217,19.538738141741078,1755.7733267716535,48.8701724,28.32000000000005,3.1986352489604436E-4,0.2336842105263158,-0.2872048325096101,"{""type"":""Point"",""coordinates"":[81.0256649151649,26.851663921660357]}"
218,19.66031417846682,1406.4303149606299,35.922712639999986,26.430000000000007,-0.07056405572048413,0.5093367675466839,-0.512258064516129,"{""type"":""Point"",""coordinates"":[80.97801403619653,26.808112320154216]}"
219,19.528662618001306,1499.9637795275587,40.297778240000014,30.370000000000005,0.047292330311198234,0.2165206508135169,-0.26356841078973026,"{""type"":""Point"",""coordinates"":[80.90241410396175,26.87405060994774]}"
220,19.65873031616212,1991.155708661417,39.43985522000003,29.53000000000003,0.03855421686746988,0.12977819726285983,-0.15040845747236906,"{""type"":""Point"",""coordinates"":[80.90740564701133,26.796930012320942]}"
221,19.65873031616212,1961.727559055118,40.78997312000001,27.090000000000032,0.03056121503982219,0.21157407407407408,-0.2682335837169857,"{""type"":""Point"",""coordinates"":[80.86562344915427,26.782258370013817]}"
222,19.538738141741078,1912.412598425197,48.64116506000005,26.57000000000005,-1.7262213015708613E-4,0.3847992351816444,-0.4232375337754851,"{""type"":""Point"",""coordinates"":[81.04054424733263,26.897371685732153]}"
223,19.55945194789342,1280.6498031496064,36.81481586000001,26.410000000000025,-0.05422264875239923,0.58972503617945,-0.5625889046941679,"{""type"":""Point"",""coordinates"":[80.83241732724372,26.804865888755558]}"
224,19.528662618001306,1911.9765748031496,38.588768240000036,26.930000000000007,-0.0612013600302229,0.3147671425228177,-0.3672426381114626,"{""type"":""Point"",""coordinates"":[80.91110696828902,26.93860120125847]}"
225,19.65873031616212,1931.946062992126,39.70304276000002,28.83000000000004,0.012468827930174564,0.23839307192687034,-0.2589875275128393,"{""type"":""Point"",""coordinates"":[80.86596705307757,26.829163868268832]}"
226,19.66031417846682,1820.9135826771656,38.619530420000046,27.310000000000002,0.01559792027729636,0.17204023729687903,-0.21432389096739712,"{""type"":""Point"",""coordinates"":[80.99164198510451,26.80662453521849]}"
227,19.66031417846682,1873.389960629921,49.30767896000003,26.170000000000016,0.0750086415485655,0.3576864535768645,-0.38366080661840746,"{""type"":""Point"",""coordinates"":[80.99477892284514,26.753507357975423]}"
228,19.538738141741078,1553.442125984252,39.169831639999984,29.150000000000034,0.00878972278566599,0.2950530035335689,-0.3355602793805041,"{""type"":""Point"",""coordinates"":[80.95970305089708,26.863034728917665]}"
229,19.65873031616212,1894.6763779527557,39.737222960000054,29.970000000000027,0.0936667349866776,0.11497730711043873,-0.16429699842022116,"{""type"":""Point"",""coordinates"":[80.88983075186809,26.797945446871065]}"
230,19.55945194789342,1417.0366141732286,37.7616074,26.890000000000043,-0.04759671746776084,0.42610916054899456,-0.42565411614550097,"{""type"":""Point"",""coordinates"":[80.83739793148376,26.822594163502124]}"
231,19.528662618001306,1960.0484251968505,41.08050481999999,28.710000000000036,-0.012715274424593593,0.4608776410494544,-0.5059837242699856,"{""type"":""Point"",""coordinates"":[80.90731965541215,26.884515451201256]}"
232,19.528662618001306,1857.9401574803148,39.26553620000004,29.190000000000055,0.054435863627801846,0.26448362720403024,-0.308313786812614,"{""type"":""Point"",""coordinates"":[80.86481649303254,26.859748160654632]}"
233,19.538738141741078,1691.6975393700786,49.23590053999999,27.710000000000036,0.046382577740550726,0.2609718953343486,-0.3163751987281399,"{""type"":""Point"",""coordinates"":[81.04387550477998,26.887779984056333]}"
234,19.528662618001306,2020.5494094488186,38.30507258,26.610000000000014,-0.0868320610687023,0.4879163945133899,-0.5378037803780378,"{""type"":""Point"",""coordinates"":[80.90536537014201,26.92376468827622]}"
235,19.66031417846682,1602.641437007874,38.98184054000001,28.910000000000025,-0.05669697990344673,0.3484240687679083,-0.37401459854014596,"{""type"":""Point"",""coordinates"":[81.0050580310692,26.848152492509207]}"
236,19.538738141741078,1592.1478346456693,39.18008570000001,29.810000000000002,0.04752572268495835,0.1602506714413608,-0.1922723091076357,"{""type"":""Point"",""coordinates"":[80.96188628727613,26.870532484721114]}"
237,19.736168228952522,2137.412106299212,40.53874865,25.24000000000001,-0.06345036223230635,0.40714210470873274,-0.48356286095068857,"{""type"":""Point"",""coordinates"":[81.03957580530805,26.739066937956714]}"
238,19.66751309908358,1824.3569881889764,37.327518860000055,25.180000000000007,-0.10868952559887271,0.4183391419300565,-0.454702329594478,"{""type"":""Point"",""coordinates"":[81.05835380803947,26.765548272284736]}"
239,19.65873031616212,1930.2620078740156,36.13804790000006,27.33000000000004,0.035505267264923916,0.21384728701203046,-0.2641268217847098,"{""type"":""Point"",""coordinates"":[80.91410475476107,26.752357704938483]}"
240,19.402664756774925,2146.9800196850397,50.55183824000005,25.33000000000004,-0.04167647751353897,0.3732022762545266,-0.41552901023890787,"{""type"":""Point"",""coordinates"":[81.05223032839119,26.954188746434014]}"
241,19.402664756774925,2147.1438976377954,51.27645848000003,24.850000000000023,-0.00879156010230179,0.3324184524437876,-0.3847504114097641,"{""type"":""Point"",""coordinates"":[81.0633560047441,26.95165698007068]}"
242,19.53857288360598,1914.4140748031496,38.294818520000035,26.77000000000004,0.03198864110916228,0.4208655142822116,-0.44441674975074774,"{""type"":""Point"",""coordinates"":[81.05905172800841,26.874245569353512]}"
243,19.528662618001306,2556.2944881889766,41.25482384000003,28.140000000000043,0.08928329494648421,0.22195964370114524,-0.29418559876780903,"{""type"":""Point"",""coordinates"":[80.9154172617212,26.91509919368213]}"
244,19.66031417846682,1961.6015748031493,38.704980920000025,25.880000000000052,-0.04415539962348109,0.42231029257489217,-0.44899655622847645,"{""type"":""Point"",""coordinates"":[81.03168289118152,26.79569545982123]}"
245,19.65873031616212,1299.690157480315,38.63320250000004,28.49000000000001,-0.03751552795031056,0.49516648764769067,-0.5048648648648648,"{""type"":""Point"",""coordinates"":[80.92216987818809,26.821113008172897]}"
246,19.65873031616212,1323.5139763779528,39.25528214000002,29.630000000000052,-0.0379746835443038,0.48467966573816157,-0.4800416522040958,"{""type"":""Point"",""coordinates"":[80.90438811156731,26.791234190613178]}"
247,19.66031417846682,2146.206397637795,51.81992366000003,26.060000000000002,0.01855987678090104,0.3438785194558684,-0.4340047260042759,"{""type"":""Point"",""coordinates"":[81.02537195057104,26.8064176910851]}"
248,19.55945194789342,1864.5946850393698,38.30849060000003,27.03000000000003,0.053294922578321934,0.29731063409819886,-0.36182336182336183,"{""type"":""Point"",""coordinates"":[80.8437317614782,26.818200048003938]}"
249,19.538738141741078,2001.9529527559055,39.378330860000005,29.870000000000005,0.07955449482895784,0.1026923993328568,-0.1535393818544367,"{""type"":""Point"",""coordinates"":[80.96956111526791,26.88971733906378]}"
250,19.528662618001306,1946.6507874015747,39.50479760000002,26.430000000000007,-0.07746142834420232,0.5619091537929445,-0.5735191637630662,"{""type"":""Point"",""coordinates"":[80.90610344696806,26.945513060315168]}"
251,19.66031417846682,1321.609940944882,40.198655659999986,26.02000000000004,0.2444396690662942,0.329803328290469,-0.45952677459526775,"{""type"":""Point"",""coordinates"":[81.0401561102967,26.789860615772398]}"
252,19.66031417846682,1748.1453740157478,48.95220488000001,27.460000000000036,-0.06046511627906977,0.4020672510794191,-0.4079621600315333,"{""type"":""Point"",""coordinates"":[81.00973255015491,26.829229082169814]}"
253,19.528662618001306,1578.4499999999998,38.59560428000003,30.120000000000005,0.034859876965140126,0.23968393327480245,-0.2705458908218356,"{""type"":""Point"",""coordinates"":[80.93931244426906,26.898623441864384]}"
254,19.736168228952522,2050.7452755905515,40.56267479000002,25.960000000000036,0.07192726091898036,0.3170506912442396,-0.3681187170895165,"{""type"":""Point"",""coordinates"":[80.99597550851985,26.74388078846108]}"
255,19.538738141741078,1956.3643700787402,37.43005946000005,25.970000000000027,0.030416221985058698,0.2815328552956389,-0.3370125091979397,"{""type"":""Point"",""coordinates"":[81.02253630302255,26.92218763934206]}"
256,19.53857288360598,1869.8673228346456,38.588768240000036,27.150000000000034,0.08269065981148244,0.10832147016953539,-0.140498068983886,"{""type"":""Point"",""coordinates"":[81.05655785560491,26.882558021115027]}"
257,19.736168228952522,1996.05531496063,37.274539549999986,26.55000000000001,0.07521697203471553,0.33410619058659863,-0.40512820512820513,"{""type"":""Point"",""coordinates"":[80.95619919639472,26.73881583347611]}"
258,19.65873031616212,1284.922440944882,37.95985256000006,27.960000000000036,-0.07510465402610195,0.5449398443029017,-0.5471296952515946,"{""type"":""Point"",""coordinates"":[80.92599926697929,26.81981154094301]}"
259,19.538738141741078,2138.295472440945,37.69324700000004,26.55000000000001,0.029581774906494388,0.24249020461471485,-0.28269662921348315,"{""type"":""Point"",""coordinates"":[80.96966666703386,26.936910023673423]}"
260,19.528662618001306,1709.1291338582678,39.576576020000005,30.120000000000005,0.05916069600818833,0.2795100222717149,-0.3199310740953475,"{""type"":""Point"",""coordinates"":[80.93084003037026,26.894473576679538]}"
261,19.528662618001306,1688.7866141732284,39.115143320000016,28.750000000000057,0.06591166477916195,0.1725902758032414,-0.2190363582618977,"{""type"":""Point"",""coordinates"":[80.86450210199982,26.87251090160157]}"
262,19.66031417846682,727.8943897637795,37.33777292000002,26.140000000000043,0.00974835638177284,0.44301288404360756,-0.38798856053384173,"{""type"":""Point"",""coordinates"":[81.03699363276213,26.81971846286751]}"
263,19.402664756774925,1746.1114173228345,48.81890210000006,25.33000000000004,-0.03201609952433224,0.44344933469805525,-0.5004654874318394,"{""type"":""Point"",""coordinates"":[81.0517003696346,26.952677302974624]}"
264,19.528662618001306,2076.123228346457,39.07754510000001,26.130000000000052,0.02948207171314741,0.3253536452665941,-0.3703870387038704,"{""type"":""Point"",""coordinates"":[80.85025102972035,26.89912311229475]}"
265,19.66031417846682,1825.3747047244094,47.861856500000044,28.650000000000034,0.04881701108116202,0.19518314099347717,-0.2734562951082598,"{""type"":""Point"",""coordinates"":[81.01099913040753,26.842915800945985]}"
266,19.55945194789342,1779.413582677165,38.45033842999999,26.590000000000032,0.04849225753871231,0.2263655462184874,-0.2777017783857729,"{""type"":""Point"",""coordinates"":[80.84245442667762,26.76795920533666]}"
267,19.55945194789342,1974.529724409449,38.97842251999998,26.410000000000025,0.060756972111553786,0.34171211761916054,-0.3874448258950466,"{""type"":""Point"",""coordinates"":[80.83291070445398,26.80418690184944]}"
268,19.528662618001306,1868.6143700787402,39.43301918000003,27.950000000000045,0.08222591362126246,0.08147785661854662,-0.15676524470034023,"{""type"":""Point"",""coordinates"":[80.92307308504343,26.921115124524757]}"
269,19.528662618001306,1545.6704724409449,40.16789348000003,30.110000000000014,0.06294742039002715,0.1475211608222491,-0.19936808846761453,"{""type"":""Point"",""coordinates"":[80.9030822299657,26.870334250955043]}"
270,19.66031417846682,1875.8776574803148,39.897869900000046,25.590000000000032,-0.08056698673982625,0.42430086788813887,-0.4740518962075848,"{""type"":""Point"",""coordinates"":[81.02860624566186,26.758105807860773]}"
271,19.538738141741078,2186.1808070866136,46.13233838000002,26.07000000000005,0.01072943524910588,0.252395493313678,-0.29606625258799174,"{""type"":""Point"",""coordinates"":[81.0462985961309,26.9135293422176]}"
272,19.528662618001306,1708.2787401574803,39.50821561999999,28.950000000000045,0.015335590519816769,0.3283181085437937,-0.36952908587257616,"{""type"":""Point"",""coordinates"":[80.86284628485113,26.858418864549137]}"
273,19.538738141741078,1921.0686023622045,38.86220983999999,28.890000000000043,0.044295570442955706,0.16760322501832398,-0.2203779366700715,"{""type"":""Point"",""coordinates"":[81.01100635446481,26.88619070218936]}"
274,19.66031417846682,1955.4760826771656,49.471743919999994,26.120000000000005,-0.004220107571369466,0.4051175176565937,-0.44252941875668605,"{""type"":""Point"",""coordinates"":[81.02343263635602,26.815062774803685]}"
275,19.736168228952522,2079.9047244094486,38.33925278000004,25.250000000000057,-0.03560114647759843,0.5325371135171336,-0.5048224462954845,"{""type"":""Point"",""coordinates"":[81.02840357255313,26.741225091908305]}"
276,19.528662618001306,1914.93031496063,40.14054931999999,28.140000000000043,0.05565749235474006,0.1046983067016456,-0.18952234206471494,"{""type"":""Point"",""coordinates"":[80.92091142340462,26.91047599614919]}"
277,19.538738141741078,1786.7787401574803,38.62978448000001,28.980000000000018,0.11204050187101035,0.10218579234972677,-0.1709724238026125,"{""type"":""Point"",""coordinates"":[80.95259691618624,26.930343195708115]}"
278,19.66751309908358,1993.990354330709,37.52918204000002,25.060000000000002,0.07499215563225604,0.39649455234486025,-0.45025212151026933,"{""type"":""Point"",""coordinates"":[81.05323984471679,26.754204817114715]}"
279,19.55945194789342,1877.1153543307087,41.66156822000005,25.750000000000057,-0.08299982599617192,0.4833174451858913,-0.47698149027052683,"{""type"":""Point"",""coordinates"":[80.82655670119807,26.796831117827388]}"
280,19.66031417846682,1967.2265748031496,39.25186412000005,28.200000000000045,0.014598540145985401,0.222010481181515,-0.265416872224963,"{""type"":""Point"",""coordinates"":[80.97593632069604,26.780557160696116]}"
281,19.66031417846682,1914.9465551181104,38.89639004000003,25.350000000000023,-0.03823352521694304,0.43891402714932126,-0.4847032805012901,"{""type"":""Point"",""coordinates"":[81.04170475212028,26.765294071676248]}"
282,19.411990737915062,1627.6517716535434,41.55902762000005,25.750000000000057,0.1815442561205273,0.2774838330393886,-0.40875202593192866,"{""type"":""Point"",""coordinates"":[80.8424436833464,26.91252175889235]}"
283,19.66751309908358,2044.3338582677166,38.62978448000001,25.310000000000002,0.050355871886121,0.22268041237113403,-0.26499170419530693,"{""type"":""Point"",""coordinates"":[81.06578992635689,26.78026939208273]}"
284,19.528662618001306,1929.9312992125983,38.98184054000001,26.130000000000052,0.00974878140232471,0.22894369474174034,-0.2807953443258972,"{""type"":""Point"",""coordinates"":[80.85422555830581,26.89756653170295]}"
285,19.66031417846682,1700.9440944881887,48.83599220000002,26.620000000000005,0.03754133437074499,0.3452963567156063,-0.3906689151208544,"{""type"":""Point"",""coordinates"":[80.98863690105422,26.766053074616707]}"
286,19.538738141741078,1954.7437992125988,38.63320250000004,27.78000000000003,0.04951792567630815,0.19360526625132243,-0.24421026834946696,"{""type"":""Point"",""coordinates"":[81.00362446633018,26.90293006222482]}"
287,19.538738141741078,1232.563188976378,32.86016672000005,27.090000000000032,-0.028868906767628964,0.6507213363705391,-0.5845481049562682,"{""type"":""Point"",""coordinates"":[80.98732865387144,26.912833812358212]}"
288,19.65873031616212,1916.5248031496062,36.03038027000002,27.950000000000045,0.005978784956605593,0.2589154860771861,-0.2885,"{""type"":""Point"",""coordinates"":[80.9411562833039,26.75263695176074]}"
289,19.55945194789342,1354.678346456693,40.56096578000006,26.890000000000043,-0.12133117633464294,0.5794270833333334,-0.5825179386823223,"{""type"":""Point"",""coordinates"":[80.8319720247155,26.817443173983904]}"
290,19.538738141741078,2037.5730314960629,38.178605840000046,26.77000000000004,-0.01070901033973412,0.2489162673967602,-0.29042904290429045,"{""type"":""Point"",""coordinates"":[80.97800950528632,26.924189152559226]}"
291,19.538738141741078,2410.724606299212,39.77823920000003,29.150000000000034,0.10852713178294573,0.20372165148284552,-0.2913287585776669,"{""type"":""Point"",""coordinates"":[80.95372073996872,26.864147533798178]}"
292,19.65873031616212,1654.7236220472441,39.737222960000054,29.390000000000043,0.037292519939642166,0.23917869034406217,-0.291497975708502,"{""type"":""Point"",""coordinates"":[80.91458304211285,26.786608136086183]}"
293,19.66031417846682,2209.62125984252,50.958582620000016,26.340000000000032,0.11757739807139232,0.13317401694547035,-0.18585881550528588,"{""type"":""Point"",""coordinates"":[81.01784801103102,26.813267122128096]}"
294,19.53857288360598,1890.1355314960629,39.03994688,27.450000000000045,0.027495572746761114,0.2711988304093567,-0.3315467075038285,"{""type"":""Point"",""coordinates"":[81.05341148340844,26.890829824649934]}"
295,19.66031417846682,1797.8043307086614,47.455112120000024,26.950000000000045,0.04530238785985271,0.09692307692307692,-0.17462932454695224,"{""type"":""Point"",""coordinates"":[81.00011254291101,26.809749665260803]}"
296,19.538738141741078,1799.073031496063,49.96735682000002,28.82000000000005,0.04439014457340664,0.21328852119958636,-0.2730231927302319,"{""type"":""Point"",""coordinates"":[81.02452858291727,26.865410172677684]}"
297,19.55945194789342,1500.1370078740158,37.201052119999986,27.190000000000055,-0.030432006809959566,0.4497005988023952,-0.49814356435643564,"{""type"":""Point"",""coordinates"":[80.8317525727389,26.827182538275004]}"
298,19.528662618001306,1643.1999999999998,40.28410616000002,30.370000000000005,0.10321489001692047,0.08765757842274993,-0.13838600797790734,"{""type"":""Point"",""coordinates"":[80.91592257671516,26.852437323378616]}"
299,19.73102448292269,1601.09468503937,33.926588960000004,27.29000000000002,-0.14143426294820718,0.5837479270315091,-0.5863787375415282,"{""type"":""Point"",""coordinates"":[80.93494786126621,26.74650812015119]}"
300,19.528662618001306,1994.2905511811023,39.15615955999999,28.950000000000045,0.04098842910374583,0.13351877607788595,-0.16207224334600762,"{""type"":""Point"",""coordinates"":[80.86082124885377,26.858186606454392]}"
301,19.65873031616212,1778.6340551181102,37.348026979999986,26.670000000000016,0.008921330089213302,0.25236997181655135,-0.3,"{""type"":""Point"",""coordinates"":[80.86420033251817,26.766298165734266]}"
302,19.528662618001306,1446.89094488189,37.806041660000005,28.510000000000048,0.061253226942032384,0.3463480309660047,-0.33958472873409246,"{""type"":""Point"",""coordinates"":[80.87408380077022,26.879820142770132]}"
303,19.73102448292269,1965.1192913385828,35.586037669999996,26.470000000000027,0.03683929524826481,0.27882797731569,-0.3452647278150634,"{""type"":""Point"",""coordinates"":[80.86567457690624,26.73954261320139]}"
304,19.538738141741078,1372.0612204724407,35.53305836000004,28.610000000000014,-0.1505281690140845,0.7073807968647943,-0.6404141826168811,"{""type"":""Point"",""coordinates"":[80.97805545253256,26.90344935071282]}"
305,19.411990737915062,1943.9431102362207,38.759669239999994,25.980000000000018,0.009688581314878892,0.3293079424059452,-0.3776173285198556,"{""type"":""Point"",""coordinates"":[80.84187453340925,26.90345027484034]}"
306,19.66751309908358,1986.392913385827,38.558006060000025,25.930000000000007,0.06941615750169722,0.27987861811391224,-0.3334143968871595,"{""type"":""Point"",""coordinates"":[81.05114030018625,26.828347393355795]}"
307,19.528662618001306,1948.465748031496,39.59366612000002,25.670000000000016,-0.023195398033030248,0.26875287620800736,-0.3226193331734229,"{""type"":""Point"",""coordinates"":[80.85852023697113,26.92126543162853]}"
308,19.65873031616212,1418.9864173228343,39.15957758000002,29.99000000000001,0.005032021957913998,0.39646869983948635,-0.4252948885976409,"{""type"":""Point"",""coordinates"":[80.89903726570303,26.844540551927427]}"
309,19.65873031616212,1896.2797244094488,39.68253464000003,28.150000000000034,0.059053408597481545,0.10364145658263306,-0.14716781365802012,"{""type"":""Point"",""coordinates"":[80.94741005353767,26.78873730998002]}"
310,19.65873031616212,1926.6940944881892,39.62442829999998,29.510000000000048,0.056856187290969896,0.15268093291656648,-0.2145933620471244,"{""type"":""Point"",""coordinates"":[80.8824439052707,26.79620724495762]}"
311,19.65873031616212,1595.9913385826771,39.24161006000003,29.99000000000001,0.03182125930941097,0.25732708089097306,-0.30633373934226554,"{""type"":""Point"",""coordinates"":[80.8944455582382,26.8428184769946]}"
312,19.538738141741078,1826.8181102362205,48.27885494000003,25.730000000000018,0.03664539653600729,0.31639262580966615,-0.35504551865623796,"{""type"":""Point"",""coordinates"":[81.02940085439243,26.932708821612835]}"
313,19.538738141741078,1349.8535433070865,32.47051243999999,25.130000000000052,-0.11304347826086956,0.5781406197934021,-0.5573824399868464,"{""type"":""Point"",""coordinates"":[80.9989305021963,26.92619212577513]}"
314,19.66031417846682,2349.245275590551,52.37022488000002,26.58000000000004,0.155366817982135,0.13142408787759907,-0.2088441789793566,"{""type"":""Point"",""coordinates"":[81.0210970039069,26.779943460824832]}"
315,19.66031417846682,1708.0917322834648,49.59479264000004,26.350000000000023,0.032017285405617754,0.3435114503816794,-0.3776908023483366,"{""type"":""Point"",""coordinates"":[80.99280145946042,26.760088032451517]}"
316,19.66031417846682,1331.2925196850395,35.56382054000005,27.79000000000002,-0.06837806301050176,0.58298755186722,-0.5189117451891174,"{""type"":""Point"",""coordinates"":[80.98835679746165,26.835702751298772]}"
317,19.528662618001306,1785.4696850393698,39.76798514000001,30.370000000000005,0.0755750273822563,0.1274378840502271,-0.16542391604529136,"{""type"":""Point"",""coordinates"":[80.89684721541673,26.87097873856072]}"
318,19.66031417846682,1431.563188976378,37.64197669999999,26.440000000000055,-0.030837004405286344,0.4657062323833385,-0.470311027332705,"{""type"":""Point"",""coordinates"":[80.97047602604412,26.810770220907468]}"
319,19.538738141741078,1908.9903543307087,38.95791440000005,28.610000000000014,0.06061890631623569,0.09243283214197683,-0.1461080941298164,"{""type"":""Point"",""coordinates"":[80.9725200158383,26.902847711992177]}"
320,19.528662618001306,1707.6980314960629,38.588768240000036,29.77000000000004,0.021688776584544114,0.2687056253413435,-0.3128002260525572,"{""type"":""Point"",""coordinates"":[80.9457292305323,26.867254871275954]}"
321,19.528662618001306,1931.9017716535436,41.183045419999985,27.29000000000002,0.029401219074937254,0.2856803609593921,-0.3377810723993081,"{""type"":""Point"",""coordinates"":[80.87649912526335,26.885478191348042]}"
322,19.66031417846682,1948.8240157480316,48.33012524000003,26.850000000000023,0.028835280814172633,0.2167650531286895,-0.27140389834690354,"{""type"":""Point"",""coordinates"":[81.01082286181489,26.822126569240222]}"
323,19.528662618001306,1862.8131889763781,39.62784632,29.77000000000004,0.056956521739130433,0.08912879738890284,-0.14428910577683987,"{""type"":""Point"",""coordinates"":[80.94647018512072,26.902461076638506]}"
324,19.65873031616212,2173.9667322834644,40.84466143999998,26.850000000000023,0.016788089958821667,0.30392774627179164,-0.36619718309859156,"{""type"":""Point"",""coordinates"":[80.85335464020838,26.79341010670535]}"
325,19.65873031616212,2353.2728346456693,41.38470860000001,27.05000000000001,0.08556559008112659,0.19051414906337186,-0.23941908713692947,"{""type"":""Point"",""coordinates"":[80.85767846810612,26.78481889421311]}"
326,19.65873031616212,1881.9805118110235,39.97306634000006,29.670000000000016,0.09698275862068965,0.053822937625754526,-0.10321221695629279,"{""type"":""Point"",""coordinates"":[80.90051428240422,26.802318863023082]}"
327,19.65873031616212,2294.198031496063,36.99084389000001,27.680000000000007,0.10856107504152197,0.19224555735056542,-0.28180633955709944,"{""type"":""Point"",""coordinates"":[80.91041003963109,26.75838036778354]}"
328,19.66031417846682,1669.3377952755905,38.74599716,26.860000000000014,0.0014247913698351314,0.3481725748832097,-0.3796400449943757,"{""type"":""Point"",""coordinates"":[80.97577566138082,26.762407312551804]}"
329,19.53857288360598,2108.8963582677166,38.899808060000055,26.720000000000027,0.11008222239961683,0.2377040079937826,-0.3063041949847668,"{""type"":""Point"",""coordinates"":[81.05811751104933,26.861864649744128]}"
330,19.65873031616212,1618.0602362204722,39.24161006000003,28.74000000000001,0.010474704702473813,0.2810155799192152,-0.2982456140350877,"{""type"":""Point"",""coordinates"":[80.88946091690893,26.821086186559942]}"
331,19.538738141741078,2268.971653543307,49.59821066000001,25.730000000000018,-0.008854961832061069,0.3172530648858766,-0.3591114767585356,"{""type"":""Point"",""coordinates"":[81.03686197966687,26.93014643798626]}"
332,19.66031417846682,2200.9057086614175,40.55071171999998,28.430000000000007,0.04725554343874955,0.10941798941798941,-0.1984453589391861,"{""type"":""Point"",""coordinates"":[80.97302070898361,26.846294329102108]}"
333,19.55945194789342,2288.233464566929,39.4364372,27.03000000000003,0.04651512870690953,0.28870803662258393,-0.3273260687342833,"{""type"":""Point"",""coordinates"":[80.84618958589958,26.82419246465967]}"
334,19.65873031616212,1722.1527559055116,39.69620672000002,29.53000000000003,0.08017662096211946,0.06799784133837021,-0.12988866685697972,"{""type"":""Point"",""coordinates"":[80.91302605058043,26.7976939338253]}"
335,19.55945194789342,1817.7127952755905,39.23819204000006,27.130000000000052,-0.17338565822333216,0.568805151442881,-0.5714285714285714,"{""type"":""Point"",""coordinates"":[80.83286473487306,26.847204799258954]}"
336,19.65873031616212,1708.8820866141732,39.76114910000001,28.100000000000023,0.03197307530500631,0.2611674431351055,-0.30812961910176234,"{""type"":""Point"",""coordinates"":[80.90476534208084,26.774385993398237]}"
337,19.65873031616212,1603.9047244094488,41.15570126,29.970000000000027,0.0670970717085543,0.16970222607690083,-0.24339274738783037,"{""type"":""Point"",""coordinates"":[80.89563479470957,26.799827944894933]}"
338,19.66031417846682,2186.850098425197,40.51311350000003,25.78000000000003,0.0319091400757166,0.3143816217350257,-0.38254441134282247,"{""type"":""Point"",""coordinates"":[81.03529174007257,26.772126979177475]}"
339,19.66031417846682,2317.280216535433,50.52449408000001,25.950000000000045,0.09827269386255054,0.2419518121077141,-0.29096074923708304,"{""type"":""Point"",""coordinates"":[81.00583781519866,26.75349843098386]}"
340,19.66031417846682,1762.4524606299215,49.95368474000003,27.230000000000018,0.09180422820735593,0.2972972972972973,-0.3310696095076401,"{""type"":""Point"",""coordinates"":[81.00353284950631,26.797805989195847]}"
341,19.414914904142677,2109.064173228346,42.013624280000045,25.29000000000002,-0.18688418672266194,0.47847082494969817,-0.5884133160397752,"{""type"":""Point"",""coordinates"":[80.86722671528062,26.951743407625766]}"
342,19.538738141741078,1458.4559055118111,36.756709520000015,29.77000000000004,-0.0019715224534501644,0.4156607861343237,-0.4712126085558057,"{""type"":""Point"",""coordinates"":[80.98314237540124,26.871198578907073]}"
343,19.66751309908358,1835.5341535433072,36.96179072000001,25.660000000000025,0.013759431868619618,0.36570374923171484,-0.38788257339163024,"{""type"":""Point"",""coordinates"":[81.05076104479471,26.79388142383904]}"
344,19.66031417846682,1889.8363188976377,40.000410500000044,25.690000000000055,-0.1335798683142419,0.4532839962997225,-0.5313756549287194,"{""type"":""Point"",""coordinates"":[81.03091347680494,26.765391968464773]}"
345,19.66031417846682,1793.0454724409449,37.50525590000001,26.850000000000023,0.009933774834437087,0.24518479958355024,-0.2901833872707659,"{""type"":""Point"",""coordinates"":[80.96070435940997,26.750907919072965]}"
346,19.528662618001306,1787.1133858267717,40.000410500000044,30.410000000000025,0.08659281030974451,0.07361148020196652,-0.13292204150308468,"{""type"":""Point"",""coordinates"":[80.90786500288307,26.86587926754325]}"
347,19.66031417846682,1535.257086614173,36.035507300000006,28.04000000000002,0.001126887536623845,0.33453778982234267,-0.33816425120772947,"{""type"":""Point"",""coordinates"":[80.99428772842832,26.836951779002167]}"
348,19.73102448292269,2052.8751968503934,36.37730929999998,26.57000000000005,0.006535947712418301,0.29914529914529914,-0.3239171374764595,"{""type"":""Point"",""coordinates"":[80.88948322796607,26.74550786674879]}"
349,19.528662618001306,1289.9362204724412,39.35098670000002,29.370000000000005,0.0867831953388531,0.10912476722532588,-0.15830416180474524,"{""type"":""Point"",""coordinates"":[80.93766679759612,26.859688843627076]}"
350,19.65873031616212,1732.7364173228348,39.76114910000001,28.99000000000001,0.05439144003566652,0.15177844148791747,-0.2020402380277699,"{""type"":""Point"",""coordinates"":[80.94670534780352,26.779878581539084]}"
351,19.73102448292269,1969.8102362204725,35.99961809000001,26.470000000000027,0.030705692224815947,0.2533085674483399,-0.2840152235965747,"{""type"":""Point"",""coordinates"":[80.9138253218397,26.741058452409042]}"
352,19.65873031616212,1743.713779527559,39.525305720000006,28.100000000000023,0.012309618193198415,0.2664526484751204,-0.295921160689844,"{""type"":""Point"",""coordinates"":[80.90356856892333,26.774651696530874]}"
353,19.528662618001306,2205.6635826771653,39.11172529999999,25.850000000000023,-0.06033743208464398,0.5181166837256909,-0.5116184264166327,"{""type"":""Point"",""coordinates"":[80.88195269944488,26.93378486897443]}"
354,19.411919472434306,1967.9096456692914,49.30767896000003,25.33000000000004,1.8231540565177758E-4,0.26695159986138384,-0.3132183908045977,"{""type"":""Point"",""coordinates"":[81.03597987840391,26.951507908877787]}"
355,19.538738141741078,1605.4490157480316,38.332416739999985,30.05000000000001,-0.02586206896551724,0.3488240294701048,-0.36899626114466494,"{""type"":""Point"",""coordinates"":[80.95097718319637,26.875842745982613]}"
356,19.73102448292269,1944.6714566929134,36.62169773000005,26.950000000000045,-0.007615230460921844,0.2095261005532836,-0.22813873961895456,"{""type"":""Point"",""coordinates"":[80.90383601095317,26.74499667065041]}"
357,19.538738141741078,1324.8732283464567,36.907102399999985,29.470000000000027,-0.03713469567128104,0.6349151368202286,-0.6081771720613288,"{""type"":""Point"",""coordinates"":[80.98723278290937,26.89024142208021]}"
358,19.528662618001306,1771.8564960629922,40.95745610000006,27.410000000000025,0.1687105165366035,0.1712041884816754,-0.32759643916913944,"{""type"":""Point"",""coordinates"":[80.89013010965603,26.88494333242908]}"
359,19.66751309908358,1881.8062992125986,40.32170438000003,26.100000000000023,0.14484437489132324,0.23598894194521236,-0.3121664887940235,"{""type"":""Point"",""coordinates"":[81.04977023957593,26.833499546743507]}"
360,19.528662618001306,2181.6212598425195,42.79293284000005,25.250000000000057,-0.016226240148354196,0.34616171954964176,-0.4069319640564827,"{""type"":""Point"",""coordinates"":[80.86484039865472,26.94517109177573]}"
361,19.528662618001306,2199.919488188976,40.51994954000003,26.090000000000032,-0.009950248756218905,0.4149241492414924,-0.4644600042435816,"{""type"":""Point"",""coordinates"":[80.89230097360952,26.946387207433386]}"
362,19.528662618001306,1776.45,39.97648436000003,29.99000000000001,0.08201117318435754,0.09957173447537473,-0.1611079706048615,"{""type"":""Point"",""coordinates"":[80.87289894853151,26.861056304005036]}"
363,19.66031417846682,1872.347637795276,50.24079842000003,26.310000000000002,0.029791816223977027,0.3274401473296501,-0.3778514081814706,"{""type"":""Point"",""coordinates"":[81.01755496175142,26.801810845596222]}"
364,19.538738141741078,1520.0154527559055,34.68880741999999,25.130000000000052,-0.04163711883294499,0.5652306287106105,-0.5321114587989867,"{""type"":""Point"",""coordinates"":[81.00804355199494,26.944690207680356]}"
365,19.66031417846682,2148.360433070866,39.24502808,27.250000000000057,0.07452830188679245,0.27706660880885225,-0.34506398537477145,"{""type"":""Point"",""coordinates"":[80.95877995247852,26.79457809489472]}"
366,19.66031417846682,1409.9145669291338,37.395879260000015,26.430000000000007,-0.10278325662941047,0.6327060350421804,-0.5878826128116125,"{""type"":""Point"",""coordinates"":[80.96946756380316,26.805034317068287]}"
367,19.528662618001306,1461.9480314960629,37.39246123999999,29.130000000000052,-0.03868162050812543,0.43471387922858046,-0.4544871794871795,"{""type"":""Point"",""coordinates"":[80.93919782795803,26.92938145257363]}"
368,19.528662618001306,1738.7088582677166,40.63274420000005,30.650000000000034,0.08435374149659863,0.11209033324153125,-0.15834767641996558,"{""type"":""Point"",""coordinates"":[80.89804883642014,26.860219639401787]}"
369,19.538738141741078,1665.3678149606296,48.72661556000003,28.82000000000005,0.04870826100275707,0.30787589498806683,-0.3519082861703671,"{""type"":""Point"",""coordinates"":[81.01881823587169,26.861651683446198]}"
370,19.55945194789342,1648.1133858267715,38.09657335999998,25.390000000000043,-0.07537886242865578,0.4775554353704705,-0.4941208640962538,"{""type"":""Point"",""coordinates"":[80.83184372659878,26.76568391091114]}"
371,19.528662618001306,1446.89094488189,37.806041660000005,28.510000000000048,0.061253226942032384,0.3463480309660047,-0.33958472873409246,"{""type"":""Point"",""coordinates"":[80.87413607839824,26.87974404432874]}"
372,19.538738141741078,1758.4696850393702,38.79726746000006,28.910000000000025,-0.04203045685279188,0.3196194394445873,-0.3619957537154989,"{""type"":""Point"",""coordinates"":[80.96256717657057,26.85111479869859]}"
373,19.66751309908358,1762.2063976377954,37.93592641999999,25.55000000000001,-0.0999905042256196,0.4589420654911839,-0.47061063856798274,"{""type"":""Point"",""coordinates"":[81.06098605760924,26.807785626097214]}"
374,19.528662618001306,1980.4372047244094,39.378330860000005,28.390000000000043,0.058582548136009834,0.09952153110047847,-0.12316715542521994,"{""type"":""Point"",""coordinates"":[80.85374556817128,26.864223954484906]}"
375,19.411990737915062,2276.3003937007875,43.015104140000005,25.260000000000048,0.033579280228881195,0.3130114566284779,-0.33624817822194464,"{""type"":""Point"",""coordinates"":[80.8344680749684,26.9369860718814]}"
376,19.538738141741078,1735.821062992126,39.27579026000001,29.810000000000002,0.03164835164835165,0.21177117711771176,-0.23348264277715566,"{""type"":""Point"",""coordinates"":[80.96146275784784,26.869866522744662]}"
377,19.538738141741078,1679.8220472440946,36.82848794000006,29.430000000000007,0.044251535041287315,0.28311540648095507,-0.3171870440618617,"{""type"":""Point"",""coordinates"":[80.98902844235913,26.867249929878994]}"
378,19.66751309908358,1976.963779527559,39.053618959999994,25.930000000000007,0.1417200207648382,0.167333490232996,-0.2672457843638222,"{""type"":""Point"",""coordinates"":[81.06075215828886,26.833342634653345]}"
379,19.538738141741078,1787.9514763779528,38.85879182000002,29.350000000000023,0.019189327860441252,0.24307452204447913,-0.28209255533199196,"{""type"":""Point"",""coordinates"":[81.00181515757343,26.851456594895126]}"
380,19.65873031616212,1810.2216535433067,39.426183140000035,29.110000000000014,0.023187800292458743,0.21077162092180218,-0.2452729693741678,"{""type"":""Point"",""coordinates"":[80.92952786112971,26.781842814597887]}"
381,19.66751309908358,2041.0366141732284,37.76502542000003,25.49000000000001,0.00273224043715847,0.3896976483762598,-0.41424501424501425,"{""type"":""Point"",""coordinates"":[81.06255015792962,26.806572222236454]}"
382,19.411919472434306,1941.227066929134,48.504444260000014,25.33000000000004,-0.06834874276332843,0.3983261705496494,-0.43918053777208704,"{""type"":""Point"",""coordinates"":[81.0396457222212,26.952336535921862]}"
383,19.66031417846682,2061.889960629921,51.37216304000003,26.04000000000002,-0.03264382676147382,0.39947437582128775,-0.46626893070215697,"{""type"":""Point"",""coordinates"":[81.01280640872159,26.759641247916043]}"
384,19.66031417846682,2318.7078740157476,49.41021956000003,26.99000000000001,-0.003910362460520379,0.3211281543790203,-0.3479402261712439,"{""type"":""Point"",""coordinates"":[81.0267239352234,26.830587704676034]}"
385,19.55945194789342,2308.238385826772,41.85981337999999,26.510000000000048,0.11602564102564103,0.14250207125103562,-0.21873619089703933,"{""type"":""Point"",""coordinates"":[80.83270410305211,26.794197293452434]}"
386,19.538738141741078,1631.4372047244096,38.94424232000006,29.77000000000004,0.024401064773735583,0.22986577181208054,-0.27146574154379877,"{""type"":""Point"",""coordinates"":[80.95365435530434,26.90518220940671]}"
387,19.66031417846682,2142.2467519685038,46.99026140000001,26.890000000000043,-0.003965805939896008,0.22666092387207926,-0.26732673267326734,"{""type"":""Point"",""coordinates"":[81.01599450724025,26.79734974942187]}"
388,19.528662618001306,2093.00905511811,41.48383118000004,30.07000000000005,0.05664522203044092,0.35192264447942434,-0.4046728971962617,"{""type"":""Point"",""coordinates"":[80.92605352083943,26.876498520233344]}"
389,19.538738141741078,1875.9076771653542,38.56142408000005,29.870000000000005,0.04909560723514212,0.09905425584868094,-0.1482059282371295,"{""type"":""Point"",""coordinates"":[80.96760628115979,26.89194546082872]}"
390,19.411990737915062,1907.2147637795272,38.40761318,27.880000000000052,-0.08576512455516014,0.4247023114639272,-0.45841300191204587,"{""type"":""Point"",""coordinates"":[80.84898958825225,26.869579971986393]}"
391,19.65873031616212,1606.7541338582676,39.45010927999999,27.870000000000005,-0.005801906340654786,0.39482758620689656,-0.4126891734575087,"{""type"":""Point"",""coordinates"":[80.86064186240175,26.812303295858783]}"
392,19.411919472434306,2080.539566929134,34.99301120000001,25.210000000000036,-0.09816919191919192,0.46855213170113974,-0.5178883071553229,"{""type"":""Point"",""coordinates"":[80.96310386866823,26.951496582021836]}"
393,19.538738141741078,1815.8486220472441,39.08779916000003,30.130000000000052,0.045234958278436536,0.11630295250320924,-0.16568364611260053,"{""type"":""Point"",""coordinates"":[80.96107965806121,26.8942588665267]}"
394,19.528662618001306,1620.8929133858267,39.39200294,27.130000000000052,0.04284800682157323,0.28727064220183485,-0.32331270262304745,"{""type"":""Point"",""coordinates"":[80.8664000813217,26.886653838849313]}"
395,19.736168228952522,2236.5503937007875,40.51653152000006,25.630000000000052,0.038861346553654245,0.2471467109358788,-0.2863869863013699,"{""type"":""Point"",""coordinates"":[81.01911277882245,26.750008470947275]}"
396,19.66751309908358,1235.7093503937008,36.50377604000005,25.360000000000014,0.026182820395039046,0.2176909821941413,-0.19706380575945792,"{""type"":""Point"",""coordinates"":[81.0566472370562,26.78590880776703]}"
397,19.66031417846682,2062.7487204724407,38.52040784000002,25.78000000000003,0.04446082043723901,0.30085832125738493,-0.3413793103448276,"{""type"":""Point"",""coordinates"":[81.03431885200877,26.77107843448989]}"
398,19.65873031616212,1446.4844488188976,35.00497427000005,27.680000000000007,-0.1292887029288703,0.6732796032238065,-0.6332829046898638,"{""type"":""Point"",""coordinates"":[80.91055643003797,26.762307510869434]}"
399,19.538738141741078,1926.5695866141734,38.42812130000004,27.05000000000001,0.014693651233712227,0.26672211001544494,-0.32332133548467173,"{""type"":""Point"",""coordinates"":[81.01287193354356,26.901274042262113]}"
400,19.55945194789342,1961.1124015748032,39.781657220000056,25.77000000000004,-0.12273212379935966,0.47304550758459746,-0.47649122807017547,"{""type"":""Point"",""coordinates"":[80.83407744098272,26.760882200690407]}"
401,19.65873031616212,1545.1311023622047,40.181565560000024,27.610000000000014,-0.004099348926935134,0.2048611111111111,-0.28558196974374805,"{""type"":""Point"",""coordinates"":[80.8515536314329,26.83076097961619]}"
402,19.73102448292269,1662.2,34.85799941000005,27.29000000000002,-0.06939880146916683,0.4991869918699187,-0.49352051835853133,"{""type"":""Point"",""coordinates"":[80.93963101941391,26.744530349948622]}"
403,19.55945194789342,1894.6094488188976,40.37297468000003,26.33000000000004,-5.655042412818096E-4,0.27351247600767753,-0.32468180683803344,"{""type"":""Point"",""coordinates"":[80.84418955353443,26.779146109513796]}"
404,19.538738141741078,1314.8446850393698,34.890470600000015,25.680000000000007,-0.08459657701711491,0.5238749570594298,-0.47179827471798275,"{""type"":""Point"",""coordinates"":[80.99604215619874,26.91827629829539]}"
405,19.65873031616212,1649.078937007874,40.09611505999999,30.470000000000027,0.11391223155929038,0.1287540886113589,-0.16477447069653267,"{""type"":""Point"",""coordinates"":[80.92630900091933,26.8436405378812]}"
406,19.66031417846682,1721.5188976377954,48.69927140000004,28.05000000000001,-0.03929944468175993,0.2963900359664313,-0.31905665492003255,"{""type"":""Point"",""coordinates"":[81.00548776504911,26.836032673292788]}"
407,19.528662618001306,1704.1625984251968,40.588309940000045,30.690000000000055,0.08153531682943448,0.12458286985539488,-0.18038528896672504,"{""type"":""Point"",""coordinates"":[80.88217517124782,26.852204516163948]}"
408,19.55945194789342,1688.6222440944882,38.27772842000002,26.53000000000003,-0.02195306585919758,0.45044319097502017,-0.4559180372067943,"{""type"":""Point"",""coordinates"":[80.83338657829107,26.8149888514044]}"
409,19.65873031616212,2015.8437007874013,38.906644099999994,26.750000000000057,0.059512563763461174,0.1779460482725982,-0.19433781190019195,"{""type"":""Point"",""coordinates"":[80.85063453218045,26.813324922356845]}"
410,19.736168228952522,2026.19311023622,39.42960116000006,25.640000000000043,0.009030100334448161,0.32959389724029614,-0.38247987868890704,"{""type"":""Point"",""coordinates"":[81.02454853030058,26.749270095199527]}"
411,19.528662618001306,1705.3003937007873,38.85537380000005,30.010000000000048,0.026951487322818928,0.3194369247428262,-0.34752557367984516,"{""type"":""Point"",""coordinates"":[80.9147295764005,26.870360930501104]}"
412,19.528662618001306,1744.5602362204722,40.31828636,30.630000000000052,0.08442604094778008,0.08210984230560087,-0.13844393592677345,"{""type"":""Point"",""coordinates"":[80.8973407401951,26.852214409696803]}"
413,19.66031417846682,1915.4027559055119,39.42960116000006,25.700000000000045,-0.02386759581881533,0.4063173007896626,-0.47942101950912525,"{""type"":""Point"",""coordinates"":[81.04889314617708,26.803691046405273]}"
414,19.736168228952522,2086.4514763779525,39.52872374000003,25.220000000000027,-0.07840505329648638,0.454681009692193,-0.5118441443435909,"{""type"":""Point"",""coordinates"":[81.04706189433601,26.748704119899337]}"
415,19.528662618001306,1485.8653543307084,38.851955780000026,29.370000000000005,0.03469866944951735,0.17237008871989862,-0.2107329842931937,"{""type"":""Point"",""coordinates"":[80.93752947527783,26.861054319182557]}"
416,19.538738141741078,1854.631102362205,48.603566839999985,25.370000000000005,0.018486819582334817,0.4394376804317811,-0.47517365577566245,"{""type"":""Point"",""coordinates"":[81.0351359089336,26.942770055499267]}"
417,19.66751309908358,1914.5110236220473,38.759669239999994,25.58000000000004,0.010622406639004149,0.4235223880597015,-0.4443905984976981,"{""type"":""Point"",""coordinates"":[81.05665927574155,26.823239731957795]}"
418,19.53857288360598,1897.993307086614,44.27293550000002,25.350000000000023,-0.07257501744591766,0.46572893074263916,-0.4814457831325301,"{""type"":""Point"",""coordinates"":[81.05475510906949,26.938019185102295]}"
419,19.528662618001306,1983.4933070866139,39.785075240000026,28.390000000000043,0.027782821863083347,0.2034164980894583,-0.2609514837494112,"{""type"":""Point"",""coordinates"":[80.85375150294348,26.860783743344356]}"
420,19.55945194789342,1223.6232283464567,35.939802740000005,26.890000000000043,-0.10766924806395203,0.6563317146059021,-0.610606610969851,"{""type"":""Point"",""coordinates"":[80.82984203822495,26.822058011496722]}"
421,19.55945194789342,1605.7413385826771,39.02627480000001,26.590000000000032,0.009905163329820865,0.363319791062101,-0.40658682634730536,"{""type"":""Point"",""coordinates"":[80.84125086149331,26.769125848303492]}"
422,19.53857288360598,2010.9057086614173,45.29492348000002,25.55000000000001,-0.09038046187074265,0.4818243395800406,-0.4577965348733896,"{""type"":""Point"",""coordinates"":[81.05857393037702,26.927259323994175]}"
423,19.538738141741078,1726.4047244094488,39.279208280000034,30.07000000000005,0.04968800554656806,0.11830296437313027,-0.16751845542305507,"{""type"":""Point"",""coordinates"":[80.98810260825394,26.876837434923228]}"
424,19.528662618001306,1214.2206692913387,35.871442340000044,28.510000000000048,-0.0024108003857280617,0.6116279069767442,-0.5714285714285714,"{""type"":""Point"",""coordinates"":[80.87772752631979,26.879566147079203]}"
425,19.528662618001306,2066.964763779527,41.92817378000001,25.150000000000034,-0.06318152661962796,0.4190924657534247,-0.4862138533960995,"{""type"":""Point"",""coordinates"":[80.86065922562949,26.94028492533395]}"
426,19.528662618001306,1910.0474409448818,39.82609148000006,26.690000000000055,0.02312357846853677,0.2132768361581921,-0.2808151093439364,"{""type"":""Point"",""coordinates"":[80.85966438679472,26.893587171424738]}"
427,19.55945194789342,1815.9421259842518,39.29629838000005,26.410000000000025,0.03695450324976787,0.2971485742871436,-0.3575916230366492,"{""type"":""Point"",""coordinates"":[80.83120681189233,26.802701860982904]}"
428,19.65873031616212,1790.2009842519685,38.325580700000046,27.49000000000001,0.05826017557861133,0.2516573853089366,-0.3352192362093352,"{""type"":""Point"",""coordinates"":[80.93637749436041,26.811056936939302]}"
429,19.538738141741078,1859.1040354330705,37.334354899999994,26.230000000000018,9.72100709633518E-5,0.2894571894195813,-0.3063246126492253,"{""type"":""Point"",""coordinates"":[81.02258398385301,26.91382481054512]}"
430,19.528662618001306,2436.7885826771653,41.719674560000044,25.950000000000045,0.053251040620066026,0.2559025133282559,-0.3266291230893001,"{""type"":""Point"",""coordinates"":[80.89646684807303,26.91245576715517]}"
431,19.528662618001306,1701.817125984252,37.84705789999998,28.510000000000048,0.07365967365967366,0.10634743875278396,-0.15961482346075284,"{""type"":""Point"",""coordinates"":[80.87964229879132,26.878922924271528]}"
432,19.53857288360598,2166.425393700787,37.806041660000005,25.33000000000004,0.03064110622250157,0.32424600193195235,-0.3705843145967563,"{""type"":""Point"",""coordinates"":[81.06590496787567,26.94751366521704]}"
433,19.736168228952522,1921.9121062992124,38.95278737000001,25.220000000000027,-0.08130732923679758,0.39579261984136105,-0.43454631379962194,"{""type"":""Point"",""coordinates"":[81.04320860870115,26.74316877525915]}"
434,19.538738141741078,1755.5676181102363,36.47984989999998,25.430000000000007,-0.01752454353610423,0.43318686999224604,-0.45138070933123936,"{""type"":""Point"",""coordinates"":[81.02914983639714,26.945439618302068]}"
435,19.411990737915062,1896.1763779527557,38.95449638000002,25.750000000000057,0.026799789805570153,0.33429394812680113,-0.3796871119940402,"{""type"":""Point"",""coordinates"":[80.84908531925664,26.91619119175881]}"
436,19.528662618001306,1790.334842519685,39.836345540000025,29.55000000000001,0.06620510601471224,0.1334033613445378,-0.1773049645390071,"{""type"":""Point"",""coordinates"":[80.9341275046968,26.913423444322685]}"
437,19.528662618001306,2139.1005905511815,37.51892798000006,26.710000000000036,-0.009275163174166953,0.24888416578108397,-0.28212960942614007,"{""type"":""Point"",""coordinates"":[80.92890326418139,26.94896016946034]}"
438,19.73102448292269,1765.7767716535432,35.94663878000006,26.83000000000004,0.008458840519909222,0.26042486231313927,-0.2798934753661784,"{""type"":""Point"",""coordinates"":[80.90906410242258,26.742190196433643]}"
439,19.66031417846682,1898.89094488189,39.33731462000003,25.700000000000045,0.0397212543554007,0.3393269347588385,-0.41170444359072866,"{""type"":""Point"",""coordinates"":[81.04646200123402,26.807361388495064]}"
440,19.55945194789342,1440.4480314960633,38.54433398000003,27.03000000000003,-0.006796755097566323,0.4394984326018809,-0.4591674610740388,"{""type"":""Point"",""coordinates"":[80.8414004854351,26.816780732678907]}"
441,19.66031417846682,1939.618307086614,39.638100380000026,25.810000000000002,-0.008686936184430337,0.41870300751879697,-0.44848266762624445,"{""type"":""Point"",""coordinates"":[81.04416890017862,26.811325304613934]}"
442,19.528662618001306,2173.312204724409,38.8041035,26.710000000000036,0.002889682134965154,0.22386814103901523,-0.2713480710879931,"{""type"":""Point"",""coordinates"":[80.91802486849608,26.94191630740339]}"
443,19.414914904142677,1682.6990157480316,38.41786724000002,26.310000000000002,0.01744186046511628,0.26999463231347287,-0.32289628180039137,"{""type"":""Point"",""coordinates"":[80.92460734333292,26.953875419574825]}"
444,19.538738141741078,1558.2167322834646,36.346547120000025,26.210000000000036,0.020088388911209322,0.4069800980674935,-0.4380896226415094,"{""type"":""Point"",""coordinates"":[80.99394768879739,26.91052155423588]}"
445,19.736168228952522,1918.7187007874013,39.28262630000006,26.02000000000004,-0.16068190061661225,0.4615208951815483,-0.5002344116268167,"{""type"":""Point"",""coordinates"":[80.98365518955245,26.746354133831748]}"
446,19.66031417846682,1725.84468503937,39.39200294,28.07000000000005,0.0579647917561185,0.20450178424375515,-0.23258426966292134,"{""type"":""Point"",""coordinates"":[80.95295563151872,26.785536789120577]}"
447,19.65873031616212,1691.116338582677,39.378330860000005,28.77000000000004,0.03823395539371871,0.16354625550660792,-0.21158256880733944,"{""type"":""Point"",""coordinates"":[80.92794175624111,26.78465827943494]}"
448,19.538738141741078,1842.587303149606,38.14100761999998,28.53000000000003,0.049010654490106546,0.19403745700089184,-0.2367379255740301,"{""type"":""Point"",""coordinates"":[81.0070530614508,26.899132511582838]}"
449,19.528662618001306,1425.2984251968503,38.62978448000001,26.690000000000055,-0.06953279227900855,0.5653290529695024,-0.5464636853790041,"{""type"":""Point"",""coordinates"":[80.85713991152345,26.893958525581954]}"
450,19.53857288360598,2055.7949803149604,37.52918204000002,26.860000000000014,0.04696982292792418,0.26688031826721187,-0.34522412579206757,"{""type"":""Point"",""coordinates"":[81.05362365167746,26.896425716058268]}"
451,19.66031417846682,1750.11437007874,48.928278739999996,28.650000000000034,0.007608695652173913,0.19549561346078304,-0.23863790530457196,"{""type"":""Point"",""coordinates"":[81.00829066161852,26.846521049408366]}"
452,19.528662618001306,2109.1842519685038,40.54729370000001,26.190000000000055,0.08833689751603882,0.21588415971917507,-0.2945573464143892,"{""type"":""Point"",""coordinates"":[80.88619289856975,26.9261185695547]}"
453,19.528662618001306,1967.5001968503936,40.23625388000005,26.090000000000032,-0.011026878015161957,0.3083612040133779,-0.3974755894260538,"{""type"":""Point"",""coordinates"":[80.89347709162396,26.944615858172618]}"
454,19.65873031616212,2446.3003937007875,39.352695710000035,27.090000000000032,0.11479703186381493,0.278419836100021,-0.2977815699658703,"{""type"":""Point"",""coordinates"":[80.8548350708742,26.779255993502865]}"
455,19.414914904142677,1762.5267716535436,37.87440206000002,26.310000000000002,0.008018775669861138,0.2965235173824131,-0.342864707439767,"{""type"":""Point"",""coordinates"":[80.92622689925437,26.9506078915155]}"
456,19.65873031616212,1728.522834645669,39.03823786999999,27.08000000000004,0.0302146280475099,0.22216386554621848,-0.3180402152364769,"{""type"":""Point"",""coordinates"":[80.86027647822587,26.771497946982386]}"
457,19.65873031616212,1795.7147637795276,40.22258180000006,28.000000000000057,-0.11662249148049982,0.4329446064139942,-0.47265917602996255,"{""type"":""Point"",""coordinates"":[80.92496998163986,26.805072786785015]}"
458,19.538738141741078,1428.8747047244094,33.45490219999999,25.370000000000005,-0.07685783949962896,0.6141744795804862,-0.569772832637923,"{""type"":""Point"",""coordinates"":[81.01595436088401,26.93767694396852]}"
459,19.538738141741078,2272.2127952755905,37.14294577999999,26.010000000000048,0.07283343577135833,0.26287149434910007,-0.2871160409556314,"{""type"":""Point"",""coordinates"":[80.98113502551001,26.947081886580026]}"
460,19.538738141741078,2072.020866141732,38.069229199999995,25.900000000000034,0.0450756931450927,0.2478328517448322,-0.2908714647045298,"{""type"":""Point"",""coordinates"":[80.96270618235596,26.94303191619461]}"
461,19.528662618001306,1642.1547244094488,37.87440206000002,29.430000000000007,-0.013764474546646276,0.3185564080704746,-0.30851663846587707,"{""type"":""Point"",""coordinates"":[80.94137798927028,26.856414118654488]}"
462,19.66031417846682,1597.745275590551,38.37343298000002,27.79000000000002,-0.03631961259079903,0.3344671201814059,-0.37660818713450295,"{""type"":""Point"",""coordinates"":[80.98065900284193,26.83705662897159]}"
463,19.538738141741078,1885.2108267716537,38.735743100000036,30.07000000000005,0.039603960396039604,0.14962962962962964,-0.19660755589822668,"{""type"":""Point"",""coordinates"":[80.98447399136218,26.878186648918888]}"
464,19.66751309908358,1671.6945866141732,39.28946234,25.680000000000007,0.02194889195207295,0.26010928961748636,-0.3237657864523536,"{""type"":""Point"",""coordinates"":[81.05405548335524,26.78560928025453]}"
465,19.66031417846682,1426.928346456693,36.62682475999998,26.630000000000052,-0.06213965406790519,0.601416613007083,-0.5680958385876419,"{""type"":""Point"",""coordinates"":[80.95938312372985,26.80080982781119]}"
466,19.66031417846682,2040.6178149606299,48.42924782,27.74000000000001,0.00609706527924559,0.3506407423773752,-0.3990159057100355,"{""type"":""Point"",""coordinates"":[81.01963711921819,26.82746260338664]}"
467,19.528662618001306,1787.09468503937,40.33879448000005,29.99000000000001,0.08693713776192599,0.09052183173588925,-0.14798206278026907,"{""type"":""Point"",""coordinates"":[80.8710320940031,26.86490791104962]}"
468,19.736168228952522,1960.3245078740158,39.426183140000035,25.200000000000045,0.029154757043691304,0.4164184439413797,-0.4269595486736286,"{""type"":""Point"",""coordinates"":[81.04229319853481,26.740140935827686]}"
469,19.528662618001306,1499.6468503937006,41.50092128000006,25.83000000000004,0.11433756805807622,0.3707865168539326,-0.46987951807228917,"{""type"":""Point"",""coordinates"":[80.8862969421892,26.929800723335642]}"
470,19.65873031616212,1337.9116141732284,38.88955400000003,28.690000000000055,-0.0241260462826194,0.445950643030935,-0.45505421476040575,"{""type"":""Point"",""coordinates"":[80.91184041144669,26.83080497473216]}"
471,19.66031417846682,1921.358464566929,49.87165226000002,26.170000000000016,0.05192231470471661,0.17485265225933203,-0.21916411824668705,"{""type"":""Point"",""coordinates"":[80.99141409909463,26.75708385239347]}"
472,19.66031417846682,1984.5336614173227,49.65631700000006,26.650000000000034,0.035650623885918005,0.2631333177679197,-0.31374453618261294,"{""type"":""Point"",""coordinates"":[81.00218515990687,26.81729847705005]}"
473,19.73102448292269,2326.35157480315,36.942991610000036,26.890000000000043,0.08990934759994056,0.24699653838322133,-0.3189748007753608,"{""type"":""Point"",""coordinates"":[80.87681000823893,26.749919033614916]}"
474,19.528662618001306,1343.6458661417323,37.76502542000003,29.380000000000052,-0.0170863309352518,0.5605381165919282,-0.5466666666666666,"{""type"":""Point"",""coordinates"":[80.93913390912383,26.92303182406719]}"
475,19.528662618001306,1942.2610236220469,39.77823920000003,27.950000000000045,0.040066431388831224,0.10279036489387074,-0.1391968465139197,"{""type"":""Point"",""coordinates"":[80.92617340643024,26.922576018861168]}"
476,19.528662618001306,2301.5789370078737,41.586371780000036,25.410000000000025,-0.08646052236565596,0.37630728275337516,-0.429304897314376,"{""type"":""Point"",""coordinates"":[80.8738252967404,26.943816779420775]}"
477,19.736168228952522,1702.8879921259843,38.64003853999998,25.940000000000055,-0.020737327188940093,0.4093319194061506,-0.42329317269076305,"{""type"":""Point"",""coordinates"":[80.99262421766441,26.741722346530377]}"
478,19.411990737915062,1607.355511811024,35.48520608000001,26.27000000000004,-0.12725015518311608,0.48568311971638944,-0.4877116329874386,"{""type"":""Point"",""coordinates"":[80.83381582652949,26.890699042349397]}"
479,19.66031417846682,1895.3117125984252,38.20253198,25.730000000000018,0.0631487050150354,0.1924929003580689,-0.25071225071225073,"{""type"":""Point"",""coordinates"":[81.03509628548706,26.795842770740624]}"
480,19.538738141741078,1566.7585629921264,34.135088180000025,25.850000000000023,-0.04362967979104189,0.5790398126463701,-0.5637048847659081,"{""type"":""Point"",""coordinates"":[81.00141692854069,26.91766569078718]}"
481,19.55945194789342,1881.6655511811023,40.76262896000003,27.49000000000001,0.009383924928600572,0.18323586744639375,-0.2416261825620046,"{""type"":""Point"",""coordinates"":[80.83229539968339,26.834506793875633]}"
482,19.538738141741078,1219.9312992125983,36.25767860000002,29.03000000000003,-0.15863453815261044,0.6933235509904622,-0.6224956063268893,"{""type"":""Point"",""coordinates"":[80.97809006655255,26.855878477603405]}"
483,19.66031417846682,1910.317125984252,49.42730965999999,28.650000000000034,0.04049907956637349,0.14414634146341462,-0.18879878357830715,"{""type"":""Point"",""coordinates"":[81.00736622380427,26.846142067964518]}"
484,19.66751309908358,2298.845177165354,36.753291500000046,25.560000000000002,0.0533220155876225,0.23507500251686297,-0.29150436888093484,"{""type"":""Point"",""coordinates"":[81.06260265026144,26.795700711341304]}"
485,19.66031417846682,2281.042027559055,50.876550140000006,26.120000000000005,0.09413795938502015,0.12474479379338506,-0.20257585679982537,"{""type"":""Point"",""coordinates"":[81.01653259349926,26.80855270110926]}"
486,19.66031417846682,1708.0011811023621,41.083922840000014,27.890000000000043,0.15060804490177737,0.2670946134524142,-0.32826214160327677,"{""type"":""Point"",""coordinates"":[80.96887000477439,26.770056294635364]}"
487,19.528662618001306,1345.0828740157483,37.65223076000001,29.130000000000052,-0.03701923076923077,0.4713506139154161,-0.5,"{""type"":""Point"",""coordinates"":[80.93743394724405,26.92579171152381]}"
488,19.65873031616212,1769.0533464566925,40.13713130000002,28.83000000000004,-0.04375497215592681,0.3306288032454361,-0.36099585062240663,"{""type"":""Point"",""coordinates"":[80.86836302514017,26.828191777630234]}"
489,19.65873031616212,1824.0602362204725,40.68059648000002,27.610000000000014,0.0856071651739221,0.13495346432264738,-0.19683751363140675,"{""type"":""Point"",""coordinates"":[80.85028027079491,26.83952557164959]}"
490,19.66751309908358,1963.5041338582676,37.26941252000006,27.220000000000027,0.0791599353796446,0.22448979591836735,-0.2992275547676333,"{""type"":""Point"",""coordinates"":[81.05031715992874,26.848843039928813]}"
491,19.411990737915062,1419.186220472441,37.33777292000002,26.370000000000005,-0.0891269660360155,0.505830444374409,-0.4963983714375196,"{""type"":""Point"",""coordinates"":[80.83152519673575,26.878680084248845]}"
492,19.528662618001306,1606.811220472441,40.26018002000001,25.850000000000023,0.13559322033898305,0.2995555555555556,-0.3972602739726027,"{""type"":""Point"",""coordinates"":[80.88981383092643,26.940790019250215]}"
493,19.66751309908358,1688.143405511811,38.19911395999998,25.180000000000007,-0.029899709438560317,0.4582614465826145,-0.5068568294020844,"{""type"":""Point"",""coordinates"":[81.05552435706161,26.761313525199455]}"
494,19.736168228952522,1820.8013779527557,37.16003588000001,26.55000000000001,0.037371134020618556,0.16445830085736554,-0.2097165991902834,"{""type"":""Point"",""coordinates"":[80.952202020297,26.74004672519114]}"
495,19.65873031616212,1841.2974409448818,39.79532930000005,29.99000000000001,0.06729055258467023,0.08473697849183727,-0.13441734417344173,"{""type"":""Point"",""coordinates"":[80.89932631143263,26.842830952363165]}"
496,19.528662618001306,1726.96968503937,39.97990238,30.370000000000005,0.07160718345078428,0.11706783369803063,-0.17322608445848894,"{""type"":""Point"",""coordinates"":[80.91914930516833,26.857275050085732]}"
497,19.66031417846682,1954.8053149606299,38.46913754000002,25.140000000000043,-0.030983606557377048,0.4586570799025861,-0.48115873763542155,"{""type"":""Point"",""coordinates"":[81.04717159048735,26.75652929282238]}"
498,19.538738141741078,1708.5799212598424,37.248904400000015,26.690000000000055,0.028116006198804517,0.1897018970189702,-0.25608011444921314,"{""type"":""Point"",""coordinates"":[80.97517082439154,26.930500501235425]}"
499,19.66031417846682,2381.9140748031496,50.67830498000001,26.120000000000005,0.08596924547844793,0.1301349620727022,-0.19974900648399915,"{""type"":""Point"",""coordinates"":[81.00199858008052,26.76147143317349]}"
500,19.528662618001306,1706.5582677165353,38.605858340000054,29.83000000000004,0.041478615946701054,0.20086160473882606,-0.23545706371191136,"{""type"":""Point"",""coordinates"":[80.94011538232076,26.901262371824966]}"
501,19.65873031616212,1462.1350393700786,38.209368020000056,28.710000000000036,-0.1552847236814457,0.6665656259472568,-0.6353361094586556,"{""type"":""Point"",""coordinates"":[80.92774580593714,26.773384626305088]}"
502,19.528662618001306,1730.3230314960629,39.162995600000045,25.900000000000034,-0.11578171091445427,0.560195926785254,-0.546244251405212,"{""type"":""Point"",""coordinates"":[80.87757851372126,26.90458451784104]}"
503,19.65873031616212,2087.5415354330707,41.34027434000001,27.05000000000001,0.08508474576271187,0.21768554026618542,-0.26033154331076347,"{""type"":""Point"",""coordinates"":[80.8565412718893,26.784156365623762]}"
504,19.538738141741078,1982.1409448818897,47.93705294000006,27.710000000000036,0.016243465272591486,0.2121002990568208,-0.26689107958643904,"{""type"":""Point"",""coordinates"":[81.040556771049,26.891666883849712]}"
505,19.528662618001306,1255.8791338582676,37.70008303999998,26.370000000000005,-0.10590684361176164,0.5271289974847287,-0.471606648199446,"{""type"":""Point"",""coordinates"":[80.88390110572655,26.89366649909396]}"
506,19.73102448292269,2871.9116141732284,37.344608960000016,26.950000000000045,0.07716883755222413,0.22432344310401042,-0.2872814535481659,"{""type"":""Point"",""coordinates"":[80.86734602174303,26.74690657849207]}"
507,19.65873031616212,2153.3456692913387,37.06945834999999,26.890000000000043,-0.06361406377759607,0.3325138291333743,-0.384418901660281,"{""type"":""Point"",""coordinates"":[80.87982068927006,26.75005817261485]}"
508,19.66031417846682,2192.324015748032,40.311450320000006,25.860000000000014,-0.10264797507788162,0.4272177419354839,-0.4917290064271415,"{""type"":""Point"",""coordinates"":[81.02492806284249,26.756976342792953]}"
509,19.65873031616212,1929.342716535433,40.46184320000003,29.910000000000025,0.10513141426783479,0.06109324758842444,-0.11602497398543184,"{""type"":""Point"",""coordinates"":[80.90008679012615,26.808223694182256]}"
510,19.528662618001306,2038.8102362204725,39.00234866000005,27.57000000000005,0.00277623542476402,0.18966659306690217,-0.243480267712901,"{""type"":""Point"",""coordinates"":[80.92363612149978,26.927886357958375]}"
511,19.65873031616212,1802.1694881889762,40.246507940000015,30.470000000000027,0.07538601271571299,0.06513209521318336,-0.12300055157198014,"{""type"":""Point"",""coordinates"":[80.92136088777116,26.843702952661925]}"
512,19.528662618001306,2121.002165354331,40.475515280000025,26.450000000000045,0.12255373756817453,0.20061457418788411,-0.2753555607367685,"{""type"":""Point"",""coordinates"":[80.9154832943683,26.94563623249528]}"
513,19.411919472434306,2211.232480314961,38.45546546000003,25.750000000000057,0.10520939734422881,0.1450980392156863,-0.1867238654323775,"{""type"":""Point"",""coordinates"":[80.9842563997809,26.954102119114616]}"
514,19.66031417846682,1955.4913385826774,49.69049719999998,26.960000000000036,-0.0064672594987873885,0.4672952268709487,-0.47459433850527066,"{""type"":""Point"",""coordinates"":[81.00760009479274,26.77868259002858]}"
515,19.528662618001306,2095.605511811024,40.9061858,25.670000000000016,-0.053526763381690844,0.3791748526522593,-0.40556173526140155,"{""type"":""Point"",""coordinates"":[80.85716334360097,26.92304444522737]}"
516,19.53857288360598,1930.3048228346458,36.24058850000006,27.010000000000048,-0.0031972229834657897,0.3248884063216311,-0.3511318897637795,"{""type"":""Point"",""coordinates"":[81.05321169462383,26.856163260219876]}"
517,19.528662618001306,1786.836811023622,40.082442979999996,29.99000000000001,0.07191011235955057,0.09317098994176813,-0.14754098360655737,"{""type"":""Point"",""coordinates"":[80.9203873225319,26.880001643290427]}"
518,19.66031417846682,1937.7551181102363,38.92715222000004,26.260000000000048,0.09425362200879049,0.3465634075508228,-0.3839074741947519,"{""type"":""Point"",""coordinates"":[81.03481733441491,26.788422704258128]}"
519,19.65873031616212,1836.61437007874,40.35246656000004,28.210000000000036,0.07149046793760831,0.09114052953156823,-0.157752566180443,"{""type"":""Point"",""coordinates"":[80.85767635720349,26.83972593830002]}"
520,19.65873031616212,2074.750196850394,39.43472818999999,26.650000000000034,0.10839642119752237,0.23234244946492272,-0.29355966050923615,"{""type"":""Point"",""coordinates"":[80.85392004149666,26.77151748381928]}"
521,19.66031417846682,1985.7885826771653,39.39200294,26.950000000000045,-0.0520626914069537,0.3147230977037371,-0.3616227558871532,"{""type"":""Point"",""coordinates"":[80.98538833326798,26.795713583577427]}"
522,19.66751309908358,1230.502657480315,36.20982632000005,25.180000000000007,-0.10940499040307101,0.39951573849878935,-0.33038243626062325,"{""type"":""Point"",""coordinates"":[81.05307033192861,26.76582400769749]}"
523,19.65873031616212,1780.0838582677166,40.81389926000003,28.690000000000055,0.09006004002668445,0.10148048452220727,-0.149438202247191,"{""type"":""Point"",""coordinates"":[80.9200178972954,26.8334844332898]}"
524,19.411990737915062,2104.2462598425195,42.17427122000004,25.180000000000007,0.04274041483343809,0.31010752688172044,-0.36714542190305205,"{""type"":""Point"",""coordinates"":[80.82715780020169,26.941020752981505]}"
525,19.65873031616212,1883.59468503937,40.31486834000003,28.210000000000036,0.034411276948590384,0.16159600997506235,-0.2104989604989605,"{""type"":""Point"",""coordinates"":[80.85889867536058,26.838196962736802]}"
526,19.65873031616212,1511.203937007874,38.56142408000005,28.49000000000001,0.010501750291715286,0.2840702604482132,-0.3270735524256651,"{""type"":""Point"",""coordinates"":[80.91783259770791,26.819629438429313]}"
527,19.528662618001306,1847.520866141732,39.21768392000001,26.890000000000043,0.08337975858867223,0.23554443053817273,-0.31521449507061017,"{""type"":""Point"",""coordinates"":[80.90355791736457,26.94027292087134]}"
528,19.528662618001306,1707.3643700787404,40.45158914000001,30.370000000000005,0.07809611829944547,0.1104926245477317,-0.1565217391304348,"{""type"":""Point"",""coordinates"":[80.91694369973233,26.854635028126463]}"
529,19.538738141741078,2022.3628937007873,38.15467970000003,26.960000000000036,0.062166652094080614,0.23443434227183796,-0.2932240173619484,"{""type"":""Point"",""coordinates"":[81.04907186540555,26.863220087128735]}"
530,19.53857288360598,1330.1675196850392,40.83782540000004,27.28000000000003,0.24259850905218316,0.3295943166947093,-0.4490627546862266,"{""type"":""Point"",""coordinates"":[81.05153915024229,26.87281994758111]}"
531,19.66031417846682,2286.161614173228,49.72125937999999,26.730000000000018,0.05195219123505976,0.21383391144664354,-0.268849312146742,"{""type"":""Point"",""coordinates"":[81.000581812286,26.77296860018226]}"
532,19.538738141741078,1941.3141732283464,38.899808060000055,29.590000000000032,0.0718324607329843,0.06410564225690277,-0.1191919191919192,"{""type"":""Point"",""coordinates"":[80.97254379425584,26.8909722022784]}"
533,19.528662618001306,1701.5336614173227,40.48576934000005,29.27000000000004,0.07162284678150499,0.13967723984418476,-0.1872463768115942,"{""type"":""Point"",""coordinates"":[80.88957414258662,26.876420168330384]}"
534,19.65873031616212,1634.082874015748,39.06045500000005,29.730000000000018,0.04819277108433735,0.19314551263433052,-0.22407628128724671,"{""type"":""Point"",""coordinates"":[80.94145022604486,26.845193470143656]}"
535,19.736168228952522,1955.8274606299215,38.882717960000036,25.640000000000043,0.0012457437089942697,0.416323165704864,-0.46035215543412267,"{""type"":""Point"",""coordinates"":[81.02369286454487,26.74543823922049]}"
536,19.538738141741078,647.9696850393701,35.95347482,29.150000000000034,0.06332002281802625,0.2055800293685756,-0.19854014598540146,"{""type"":""Point"",""coordinates"":[80.9576076753445,26.861884012863047]}"
537,19.528662618001306,1968.86437007874,38.58535022000001,29.380000000000052,0.04381338742393509,0.11865211200759374,-0.16654293491709973,"{""type"":""Point"",""coordinates"":[80.94732958419002,26.924262320869556]}"
538,19.538738141741078,2004.2772637795274,48.418993760000035,27.710000000000036,0.03130787547402769,0.25388127853881276,-0.30980205103744335,"{""type"":""Point"",""coordinates"":[81.04037771904626,26.887938396800447]}"
539,19.538738141741078,2160.717716535433,38.752833200000055,26.55000000000001,0.0565450458239668,0.17586206896551723,-0.2343891402714932,"{""type"":""Point"",""coordinates"":[80.96791110512461,26.933620687511034]}"
540,19.538738141741078,1507.3806102362203,34.65804523999998,25.130000000000052,-0.07640102827763497,0.5903980553023397,-0.5434974933647891,"{""type"":""Point"",""coordinates"":[81.00333444675975,26.94243260951976]}"
541,19.538738141741078,1553.6261811023621,43.685036060000016,26.79000000000002,-0.17991967871485945,0.6972848064702484,-0.6180641608150902,"{""type"":""Point"",""coordinates"":[81.0424339775246,26.89426524861132]}"
542,19.66031417846682,1868.4691929133855,39.89445188000002,25.460000000000036,0.024286637732015882,0.30913145830752076,-0.3586215764433586,"{""type"":""Point"",""coordinates"":[81.02736483928838,26.758787979351343]}"
543,19.538738141741078,1327.7777559055116,33.01739564000002,26.010000000000048,-0.09271217712177121,0.6198290598290598,-0.5595786701777485,"{""type"":""Point"",""coordinates"":[80.99073489483,26.92045069736472]}"
544,19.65873031616212,1738.7620078740158,35.741557580000006,26.590000000000032,-0.04014452027298274,0.33901808785529713,-0.3889037791476816,"{""type"":""Point"",""coordinates"":[80.85018699599033,26.773970653669586]}"
545,19.65873031616212,1732.5582677165355,40.98480026000004,29.710000000000036,0.07492730932677254,0.12851296043656207,-0.17233560090702948,"{""type"":""Point"",""coordinates"":[80.87604699253217,26.83875888825356]}"
546,19.66751309908358,1391.7521653543306,36.55162832000002,25.180000000000007,-0.12348284960422164,0.38923327895595433,-0.3608181527644615,"{""type"":""Point"",""coordinates"":[81.05356952644358,26.760051799945767]}"
547,19.65873031616212,1608.71968503937,40.16789348000003,28.870000000000005,0.010809618354290756,0.2952050837666089,-0.3254507833284067,"{""type"":""Point"",""coordinates"":[80.90252184234652,26.82940802267235]}"
548,19.66031417846682,1379.479527559055,37.70350106000001,27.870000000000005,-0.10974268748625467,0.6256443298969072,-0.6308985132514544,"{""type"":""Point"",""coordinates"":[80.97285939125858,26.841575662046203]}"
549,19.538738141741078,1917.061712598425,48.162642259999984,27.710000000000036,0.033902951658594534,0.27327471998072983,-0.3183688739244295,"{""type"":""Point"",""coordinates"":[81.03983854316138,26.88890771971041]}"
550,19.66031417846682,1855.8948818897638,38.328998720000016,27.05000000000001,0.05990193988488595,0.14159979290706703,-0.1957700650759219,"{""type"":""Point"",""coordinates"":[80.96829964884444,26.79334309519922]}"
551,19.528662618001306,1864.4372047244092,38.643456560000004,26.930000000000007,0.023123732251521298,0.16272332206663448,-0.2085319949811794,"{""type"":""Point"",""coordinates"":[80.85475072890767,26.88957948611104]}"
552,19.528662618001306,1933.1616141732284,39.22110194000004,28.55000000000001,0.03746177370030581,0.18188218727998123,-0.24039408866995074,"{""type"":""Point"",""coordinates"":[80.9131137339219,26.898774765284177]}"
553,19.65873031616212,1925.223622047244,38.55458804,28.150000000000034,0.020522016337915918,0.20107500610798926,-0.2423553196866313,"{""type"":""Point"",""coordinates"":[80.94848256165976,26.783998560900788]}"
554,19.538738141741078,1737.6872047244094,39.06045500000005,29.220000000000027,0.045454545454545456,0.19344262295081968,-0.2384462716189396,"{""type"":""Point"",""coordinates"":[80.98065146918994,26.862916977371697]}"
555,19.66031417846682,1468.3742125984252,47.28079309999998,26.060000000000002,0.11508264462809917,0.4212709474033516,-0.4665297038178394,"{""type"":""Point"",""coordinates"":[81.0232716906959,26.800540877400085]}"
556,19.528662618001306,1933.1616141732284,39.22110194000004,28.55000000000001,0.03746177370030581,0.18188218727998123,-0.24039408866995074,"{""type"":""Point"",""coordinates"":[80.91307893554021,26.89893479015828]}"
557,19.55945194789342,2183.687204724409,41.097594920000006,25.690000000000055,0.037177063642092,0.3339153208206024,-0.3435919982413717,"{""type"":""Point"",""coordinates"":[80.83175741695207,26.787383613262545]}"
558,19.66031417846682,1664.061220472441,36.58922654000003,27.03000000000003,-0.15087719298245614,0.568960935423864,-0.55327545382794,"{""type"":""Point"",""coordinates"":[80.99337127630531,26.824854237949463]}"
559,19.538738141741078,1486.8166338582678,35.27328884000002,25.130000000000052,-0.009226401703335699,0.5297372060857538,-0.5516757599376462,"{""type"":""Point"",""coordinates"":[81.0098417996657,26.94831989276372]}"
560,19.528662618001306,1903.1891732283466,41.063414720000026,27.53000000000003,0.03678326721961774,0.2746361250298258,-0.3355,"{""type"":""Point"",""coordinates"":[80.90146639102257,26.89602552287214]}"
561,19.65873031616212,1791.5100393700789,36.97888082000003,26.710000000000036,-0.02845691382765531,0.28589325983462793,-0.3145491803278688,"{""type"":""Point"",""coordinates"":[80.85977211803426,26.750805899395143]}"
562,19.538738141741078,2108.5449803149604,38.11024544000003,25.430000000000007,-0.04473400282181094,0.3051321928460342,-0.361895488477767,"{""type"":""Point"",""coordinates"":[81.03219011341389,26.95010661439847]}"
563,19.528662618001306,2060.426377952756,43.538061200000016,26.370000000000005,-0.004164584374479427,0.3013816925734024,-0.3857471264367816,"{""type"":""Point"",""coordinates"":[80.89027015249911,26.898326287547544]}"
564,19.411990737915062,1245.118307086614,35.84068016000003,25.710000000000036,-0.16301096709870389,0.6954941860465116,-0.6178918169209431,"{""type"":""Point"",""coordinates"":[80.83059610998785,26.90009253577109]}"
565,19.66031417846682,2353.5051181102363,38.92715222000004,26.950000000000045,0.0779531324725012,0.18161389172625128,-0.25930764206401047,"{""type"":""Point"",""coordinates"":[80.98940475308386,26.799498409023542]}"
566,19.411990737915062,1990.6576771653542,42.95699780000001,24.970000000000027,-0.12474849094567404,0.4726673984632272,-0.5629077353215284,"{""type"":""Point"",""coordinates"":[80.84127080728537,26.942229834027053]}"
567,19.55945194789342,1430.918503937008,36.963499730000024,25.390000000000043,0.007979296959240888,0.44973211471793256,-0.47719974309569685,"{""type"":""Point"",""coordinates"":[80.83058381537974,26.75386945640717]}"
568,19.53857288360598,1702.5809055118111,37.26941252000006,25.690000000000055,0.04350382128159906,0.3135091496232508,-0.3701052631578947,"{""type"":""Point"",""coordinates"":[81.06583748525564,26.920689617098965]}"
569,19.66031417846682,1534.05531496063,47.23635883999998,26.650000000000034,0.005757715338553662,0.3264710400983254,-0.33964313421256787,"{""type"":""Point"",""coordinates"":[81.01644850459489,26.8172057537995]}"
570,19.66031417846682,1178.1291338582676,36.32603900000004,27.05000000000001,-0.09472088911341248,0.6759474091260634,-0.6435343193022374,"{""type"":""Point"",""coordinates"":[80.96970730685148,26.79642205124719]}"
571,19.66031417846682,1842.444094488189,50.15192990000003,26.350000000000023,0.0521952138684756,0.2805498981670061,-0.3078523140925637,"{""type"":""Point"",""coordinates"":[80.99557489295726,26.763393907097967]}"
572,19.528662618001306,1779.8102362204725,39.91154198000004,28.370000000000005,0.048147326381184824,0.12954186413902052,-0.19100499722376457,"{""type"":""Point"",""coordinates"":[80.93129968707646,26.930822904949256]}"
573,19.528662618001306,1827.4883858267717,39.91154198000004,29.130000000000052,0.06133333333333333,0.08224442736356649,-0.13670613562970937,"{""type"":""Point"",""coordinates"":[80.93124457863641,26.921835035874825]}"
574,19.65873031616212,2236.956889763779,38.026503950000006,26.890000000000043,-0.012544226439369572,0.27967479674796747,-0.3310782241014799,"{""type"":""Point"",""coordinates"":[80.88134288323812,26.75427007392954]}"
575,19.53857288360598,1473.3687992125986,47.11672814000002,25.950000000000045,0.01015167801265974,0.3197452229299363,-0.3424036281179138,"{""type"":""Point"",""coordinates"":[81.05554907734823,26.913141178173344]}"
576,19.66031417846682,1984.0626968503936,39.68253464000003,25.350000000000023,-0.08978170389875138,0.4322393391382005,-0.4981317141522653,"{""type"":""Point"",""coordinates"":[81.03879265904885,26.761392691671876]}"
577,19.528662618001306,1803.2787401574803,39.21768392000001,25.880000000000052,-0.11454774321165258,0.5010898522644708,-0.5202354672553348,"{""type"":""Point"",""coordinates"":[80.86429290778561,26.913885687876892]}"
578,19.528662618001306,1521.6635826771653,38.906644099999994,30.010000000000048,0.01277139208173691,0.3936298076923077,-0.4200857317819963,"{""type"":""Point"",""coordinates"":[80.91386953287694,26.872040226860292]}"
579,19.538738141741078,1216.5681102362205,36.04234334,29.610000000000014,-0.13375474083438685,0.658284023668639,-0.6430927079516306,"{""type"":""Point"",""coordinates"":[80.99454131009348,26.86772032244789]}"
580,19.528662618001306,1855.2285433070867,39.30313441999999,28.55000000000001,0.02677532013969732,0.2240117130307467,-0.27568667344862663,"{""type"":""Point"",""coordinates"":[80.92114264220099,26.899703522937674]}"
581,19.53857288360598,1961.4573818897636,48.25834682000004,25.33000000000004,0.07016393442622951,0.18363939899833054,-0.2354991287030122,"{""type"":""Point"",""coordinates"":[81.06231591163146,26.944680526576317]}"
582,19.538738141741078,1291.145866141732,38.05213909999998,29.220000000000027,-0.00923226433430515,0.4324137931034483,-0.5182748538011696,"{""type"":""Point"",""coordinates"":[80.98256800624193,26.85913943345137]}"
583,19.528662618001306,1438.0759842519683,38.609276360000024,29.110000000000014,-0.006270378730875345,0.278521351179095,-0.3210405004939085,"{""type"":""Point"",""coordinates"":[80.94599747820824,26.862233030436293]}"
584,19.528662618001306,1401.2875984251968,37.624886600000025,29.380000000000052,-0.008845437616387336,0.41172638436482084,-0.4514400535833891,"{""type"":""Point"",""coordinates"":[80.9414509194906,26.920816229975937]}"
585,19.528662618001306,2085.3328740157476,40.06193486000001,25.630000000000052,-0.017126546146527116,0.3829236739974127,-0.42882601915794166,"{""type"":""Point"",""coordinates"":[80.85487982786509,26.92377751637832]}"
586,19.528662618001306,1914.4096456692912,39.757731079999985,29.32000000000005,0.06526228831061545,0.08719673312515014,-0.1510681586978637,"{""type"":""Point"",""coordinates"":[80.92153709544125,26.91105912416566]}"
587,19.65873031616212,1375.1035433070865,38.458883480000054,27.80000000000001,-0.04074505238649592,0.46030708918654034,-0.5015115888478334,"{""type"":""Point"",""coordinates"":[80.93512416737445,26.81898891538813]}"
588,19.66031417846682,1897.988877952756,47.87552858000004,27.460000000000036,-0.04094966412073249,0.36767017289324144,-0.38491674828599415,"{""type"":""Point"",""coordinates"":[81.00687072728302,26.82979835059846]}"
589,19.66031417846682,1964.0686023622047,48.487354159999995,27.55000000000001,-0.01034324942791762,0.27932313398238295,-0.3171837708830549,"{""type"":""Point"",""coordinates"":[81.0391904712898,26.84764410879985]}"
590,19.66031417846682,1955.6015748031493,39.83292752,25.53000000000003,0.03923177938279711,0.37008426966292135,-0.4525375356744013,"{""type"":""Point"",""coordinates"":[81.04590837859257,26.809207719951658]}"
591,19.528662618001306,1675.8919291338584,39.904705939999985,30.370000000000005,0.0642512077294686,0.08912004498172617,-0.15057915057915058,"{""type"":""Point"",""coordinates"":[80.9110090643497,26.852258196847377]}"
592,19.736168228952522,2126.6133858267713,37.888074140000015,26.02000000000004,0.03366726884545902,0.2954645530603259,-0.33909877105143377,"{""type"":""Point"",""coordinates"":[80.98702056505904,26.747738973515855]}"
593,19.411990737915062,2109.8712598425195,40.76262896000003,25.230000000000018,0.052343372523755836,0.3009064780013265,-0.3330312641594925,"{""type"":""Point"",""coordinates"":[80.83103718202332,26.925771013153916]}"
594,19.65873031616212,1687.9814960629922,39.904705939999985,28.310000000000002,-0.026450686897683002,0.351511879049676,-0.3813465783664459,"{""type"":""Point"",""coordinates"":[80.90560157375259,26.77026768818896]}"
595,19.528662618001306,1978.7019685039372,39.309970460000045,27.53000000000003,-0.054551712269833075,0.3789378937893789,-0.41622371157846083,"{""type"":""Point"",""coordinates"":[80.90770954785937,26.896968113784563]}"
596,19.538738141741078,2128.0139763779525,38.48622764000004,29.350000000000023,0.05211598746081505,0.0864585672580283,-0.1068405399222146,"{""type"":""Point"",""coordinates"":[80.99946549330774,26.89614363587499]}"
597,19.528662618001306,1679.3368110236222,39.12881540000001,30.230000000000018,0.05540780141843971,0.1855354659248957,-0.22718111143103945,"{""type"":""Point"",""coordinates"":[80.93983821231036,26.88571840870242]}"
598,19.65873031616212,1389.3909448818897,38.21962208000002,28.49000000000001,0.004054376341521584,0.35452481349335063,-0.3855341738553417,"{""type"":""Point"",""coordinates"":[80.91986301714698,26.81775074037012]}"
599,19.66031417846682,836.2447834645668,34.04621966000002,26.690000000000055,-0.05032638450200042,0.4074492099322799,-0.3786622443338861,"{""type"":""Point"",""coordinates"":[81.04102156984564,26.833760680364282]}"
600,19.411990737915062,1537.8161417322835,39.426183140000035,25.630000000000052,-0.0018170805572380376,0.4891956782713085,-0.549172650640025,"{""type"":""Point"",""coordinates"":[80.83558073219587,26.9132187127409]}"
601,19.66031417846682,1539.8988188976375,37.296756680000044,27.03000000000003,-0.05435739436619718,0.45049954586739327,-0.43722813859307036,"{""type"":""Point"",""coordinates"":[81.00176339913462,26.832133733656725]}"
602,19.66031417846682,2140.814665354331,49.71100532000003,27.130000000000052,0.016375109833053757,0.3308116286609748,-0.382973944294699,"{""type"":""Point"",""coordinates"":[81.01236599676803,26.806820836225956]}"
603,19.65873031616212,1637.9962598425197,39.05532797000001,27.55000000000001,0.04712494595763078,0.240990990990991,-0.31542823037899137,"{""type"":""Point"",""coordinates"":[80.87282225656799,26.762568280328477]}"
604,19.538738141741078,2115.554822834646,49.881906319999985,28.82000000000005,0.04802138115354772,0.20690785878238058,-0.2841028026514711,"{""type"":""Point"",""coordinates"":[81.02632362886844,26.863003375827386]}"
605,19.65873031616212,1657.9480314960629,35.762065699999994,27.970000000000027,-0.12600747002162374,0.5377181208053692,-0.53895754970446,"{""type"":""Point"",""coordinates"":[80.93514231188544,26.756405681725678]}"
606,19.411990737915062,1670.9047244094488,38.26063832,25.78000000000003,-0.040224134480688414,0.3835507053500133,-0.4014559180372068,"{""type"":""Point"",""coordinates"":[80.82997543340308,26.892742651850618]}"
607,19.65873031616212,1701.9864173228343,40.19181962000005,28.870000000000005,0.004721030042918455,0.31649162645472606,-0.32476435304198803,"{""type"":""Point"",""coordinates"":[80.90367953911746,26.829390462030492]}"
608,19.66031417846682,2045.5804133858264,48.388231580000024,28.390000000000043,0.012424100887435778,0.18586651710600113,-0.22730438820524726,"{""type"":""Point"",""coordinates"":[81.0138691388657,26.840345827661803]}"
609,19.528662618001306,1946.9076771653542,40.32170438000003,27.53000000000003,0.04530973451327434,0.2445777572681126,-0.3032133365547234,"{""type"":""Point"",""coordinates"":[80.90553215224791,26.894388062257693]}"
610,19.411990737915062,1570.270866141732,39.69620672000002,26.54000000000002,-0.08944074298405007,0.5559400230680508,-0.54524627720504,"{""type"":""Point"",""coordinates"":[80.8316337902599,26.857311925983584]}"
611,19.538738141741078,2088.9627952755905,38.920316179999986,29.350000000000023,0.04265791632485644,0.2787639710716634,-0.32824948782153424,"{""type"":""Point"",""coordinates"":[81.00053747951748,26.89333168803702]}"
612,19.538738141741078,1814.368307086614,39.09121718000006,30.130000000000052,0.00419639110365086,0.17766749379652605,-0.21381074168797953,"{""type"":""Point"",""coordinates"":[80.96653282997362,26.896946973480716]}"
613,19.65873031616212,2317.8929133858264,36.830196950000015,27.150000000000034,0.03284258210645526,0.22625641025641025,-0.27218557139816985,"{""type"":""Point"",""coordinates"":[80.90415654299316,26.752917283506065]}"
614,19.538738141741078,1875.374212598425,39.641518399999995,29.350000000000023,0.022654370489174017,0.19470653106236982,-0.24203821656050956,"{""type"":""Point"",""coordinates"":[81.00675797044455,26.85087067271065]}"
615,19.66031417846682,1963.7398622047242,50.432207540000036,28.650000000000034,0.03861038610386104,0.2497952497952498,-0.3164900172541287,"{""type"":""Point"",""coordinates"":[81.00770861569005,26.844412159131302]}"
616,19.411990737915062,2325.839763779528,42.33491816000003,26.510000000000048,-0.0015916654608594994,0.3506341463414634,-0.4109253974724827,"{""type"":""Point"",""coordinates"":[80.83572939852952,26.85958560387124]}"
617,19.65873031616212,2519.4578740157476,38.20082296999999,27.710000000000036,0.09874713727603394,0.2601243171972123,-0.3512421732983236,"{""type"":""Point"",""coordinates"":[80.89889883118961,26.7637567073905]}"
618,19.528662618001306,1865.5562992125983,38.02821296000002,26.930000000000007,-0.027628702047306698,0.24189286572183522,-0.27717391304347827,"{""type"":""Point"",""coordinates"":[80.85491226334537,26.89065784471093]}"
619,19.66031417846682,1583.067125984252,49.321351040000025,28.390000000000043,0.004094631483166515,0.2760128242494899,-0.33029474323913705,"{""type"":""Point"",""coordinates"":[81.01426914630446,26.834380564538492]}"
620,19.66031417846682,2054.300393700787,49.52643224000002,26.170000000000016,0.04042518924142374,0.3491847826086957,-0.3979352416705772,"{""type"":""Point"",""coordinates"":[80.98837676997994,26.75601734184366]}"
621,19.65873031616212,1775.9903543307084,39.22793797999998,27.940000000000055,0.0020161290322580645,0.2747875354107649,-0.3207043756670224,"{""type"":""Point"",""coordinates"":[80.87415725460659,26.773098088865744]}"
622,19.73102448292269,1575.9116141732281,36.54821030000005,26.890000000000043,0.018967798853109837,0.3132565692353115,-0.32934847579199045,"{""type"":""Point"",""coordinates"":[80.8697029783684,26.743472925577052]}"
623,19.66031417846682,1148.7826771653542,35.57407460000002,25.810000000000002,0.05765870704717531,0.34079138181064844,-0.35397489539748955,"{""type"":""Point"",""coordinates"":[81.0428140061371,26.815923395648515]}"
624,19.411990737915062,1490.342716535433,36.674677040000006,26.27000000000004,-0.17157275021026072,0.6588270318547187,-0.6118021405843217,"{""type"":""Point"",""coordinates"":[80.83300142336273,26.88586861330451]}"
625,19.65873031616212,2051.919488188976,40.048262780000016,28.30000000000001,0.016827783745076978,0.23498988081852934,-0.26923965796163624,"{""type"":""Point"",""coordinates"":[80.87865976536376,26.80529831258475]}"
626,19.411990737915062,1629.636023622047,39.870525740000005,25.630000000000052,-0.05137540453074434,0.4547998880492583,-0.48939828080229225,"{""type"":""Point"",""coordinates"":[80.83744997520476,26.924518904165655]}"
627,19.65873031616212,1681.2964566929134,38.94424232000006,29.630000000000052,0.06115342763873776,0.1874483897605285,-0.2255681818181818,"{""type"":""Point"",""coordinates"":[80.90438753423958,26.786269231927267]}"
628,19.411990737915062,1966.3958661417323,39.046782920000055,26.010000000000048,0.07384823848238482,0.32654051431344006,-0.36223218734429496,"{""type"":""Point"",""coordinates"":[80.84997454388134,26.914534186345477]}"
629,19.736168228952522,1896.8328740157483,41.244569780000006,25.79000000000002,-0.03493125232255667,0.3112052730696798,-0.3859168947499378,"{""type"":""Point"",""coordinates"":[81.00002832788014,26.741881862579937]}"
630,19.65873031616212,1751.8122047244092,37.66248482000003,27.99000000000001,-0.25387054653982466,0.6771457085828343,-0.6315533980582524,"{""type"":""Point"",""coordinates"":[80.87457329658194,26.780578343887424]}"
631,19.65873031616212,1584.3545275590548,39.757731079999985,29.99000000000001,0.08288530465949821,0.23536511768255883,-0.28863707900535096,"{""type"":""Point"",""coordinates"":[80.89336501087836,26.841999508985364]}"
632,19.538738141741078,1710.9204724409449,39.15615955999999,30.130000000000052,0.05403572236038888,0.13664765009508287,-0.18627728948114544,"{""type"":""Point"",""coordinates"":[80.95132184104094,26.88830402345775]}"
633,19.66031417846682,1695.2787401574801,36.001327100000026,26.57000000000005,-0.044268316257490815,0.4302356367487424,-0.45137023105857066,"{""type"":""Point"",""coordinates"":[80.97515823619784,26.827448545004053]}"
634,19.66031417846682,1954.1251968503936,39.17666768000004,27.910000000000025,0.05627174135461428,0.11806060606060606,-0.1667088287376676,"{""type"":""Point"",""coordinates"":[80.97482398045773,26.789952183341537]}"
635,19.66031417846682,1650.0892716535434,50.763755479999986,27.460000000000036,0.047629427792915534,0.22380952380952382,-0.29913767469521263,"{""type"":""Point"",""coordinates"":[81.0123773395626,26.830735300846435]}"
636,19.411919472434306,1846.903248031496,38.12391752000002,25.430000000000007,-0.02138319763800662,0.39474648747709223,-0.4289648266366254,"{""type"":""Point"",""coordinates"":[81.02620244992892,26.952486971086376]}"
637,19.538738141741078,1914.2009842519683,38.05555712,28.53000000000003,0.008884501480750246,0.2112438171070093,-0.2617820786728667,"{""type"":""Point"",""coordinates"":[81.01354960496386,26.897856349340223]}"
638,19.528662618001306,1450.9066929133855,38.769923300000016,28.510000000000048,0.18083067092651758,0.28157280906364546,-0.3438155136268344,"{""type"":""Point"",""coordinates"":[80.87616439212265,26.881926018447377]}"
639,19.538738141741078,1327.6212598425197,33.18829664000003,26.010000000000048,-0.12588530957276672,0.6946354883081155,-0.6226539348040829,"{""type"":""Point"",""coordinates"":[80.98510580898846,26.920994576539506]}"
640,19.66031417846682,1905.0917322834646,38.93398825999998,29.130000000000052,0.010257402748209793,0.2674101610904585,-0.2959959452610238,"{""type"":""Point"",""coordinates"":[80.98910997888694,26.84263023008855]}"
641,19.538738141741078,1917.664566929134,39.88077980000003,29.83000000000004,0.08020725388601037,0.11704002013591744,-0.1566327860307532,"{""type"":""Point"",""coordinates"":[80.95811097924349,26.90698398114967]}"
642,19.66031417846682,1355.0956692913385,35.071625659999995,26.57000000000005,-0.24617916764636727,0.7246989912137975,-0.6292652935751614,"{""type"":""Point"",""coordinates"":[80.97676949513153,26.830627800895137]}"
643,19.411990737915062,2031.3525590551178,38.16835178000002,25.630000000000052,-0.0199203187250996,0.346777729066199,-0.3976342129208371,"{""type"":""Point"",""coordinates"":[80.84885143606705,26.91733666759364]}"
644,19.65873031616212,1811.5346456692914,41.21722562000002,27.090000000000032,0.09129436694331626,0.3269726663228468,-0.38743596656780804,"{""type"":""Point"",""coordinates"":[80.85744310868546,26.78014171061557]}"
645,19.528662618001306,1943.6192913385828,40.981382240000016,29.190000000000055,0.057387502277281836,0.22781205505457996,-0.2954431647471207,"{""type"":""Point"",""coordinates"":[80.86642907102323,26.861642024959504]}"
646,19.528662618001306,1899.965748031496,39.96964832000003,30.03000000000003,0.05561474536543789,0.09730131220599159,-0.14521963824289405,"{""type"":""Point"",""coordinates"":[80.88502191974753,26.874065655768636]}"
647,19.528662618001306,1248.938188976378,36.68151308000006,29.250000000000057,-0.045867059112092226,0.5613328451116807,-0.5734317343173432,"{""type"":""Point"",""coordinates"":[80.94970007539203,26.85737268085037]}"
648,19.65873031616212,1573.1616141732281,39.378330860000005,29.100000000000023,0.027817067421027818,0.22228808535862477,-0.2724467756865165,"{""type"":""Point"",""coordinates"":[80.88782622598424,26.80972436482349]}"
649,19.528662618001306,1929.4293307086616,39.03994688,26.710000000000036,0.07326258130777132,0.28142011834319525,-0.36510337871911247,"{""type"":""Point"",""coordinates"":[80.92247080652264,26.948681738704025]}"
650,19.528662618001306,2030.807283464567,40.448171119999984,25.470000000000027,-0.05654064904650385,0.40355555555555556,-0.44233843343229046,"{""type"":""Point"",""coordinates"":[80.86815420074146,26.925315432362805]}"
651,19.528662618001306,1829.9155511811023,40.571219840000026,27.29000000000002,0.02656621728786677,0.24461343472750316,-0.3089842708611037,"{""type"":""Point"",""coordinates"":[80.8813499721586,26.891029822662013]}"
652,19.528662618001306,1618.979527559055,39.62101028000001,30.05000000000001,0.05387131952017448,0.2519480519480519,-0.29880239520958085,"{""type"":""Point"",""coordinates"":[80.94658974342643,26.87493619976468]}"
653,19.538738141741078,1336.0159448818897,34.907560699999976,28.190000000000055,0.021402550091074682,0.41010498687664043,-0.49599721545422903,"{""type"":""Point"",""coordinates"":[80.98544749271957,26.905416506142235]}"
654,19.528662618001306,1819.4470472440944,39.55264987999999,29.03000000000003,0.07295373665480427,0.09396325459317585,-0.13879781420765028,"{""type"":""Point"",""coordinates"":[80.87901249760698,26.875422403656852]}"
655,19.538738141741078,1859.8358267716535,39.43985522000003,29.77000000000004,0.062244238638811115,0.11156497319377075,-0.14881266490765171,"{""type"":""Point"",""coordinates"":[80.9816678749794,26.86696525821392]}"
656,19.65873031616212,1831.5937007874015,40.571219840000026,28.380000000000052,0.01940795922368163,0.23353884093711466,-0.2978723404255319,"{""type"":""Point"",""coordinates"":[80.85591629623651,26.84962481505263]}"
657,19.538738141741078,1973.2994094488188,38.16835178000002,27.74000000000001,0.06035714285714286,0.24573863636363635,-0.2912883435582822,"{""type"":""Point"",""coordinates"":[80.95780592735379,26.937887975834197]}"
658,19.66031417846682,1514.9814960629922,33.92317093999998,26.33000000000004,-0.2088361628144815,0.7260514018691588,-0.6448650153075425,"{""type"":""Point"",""coordinates"":[80.97852871182148,26.753379354248878]}"
659,19.66031417846682,1823.321062992126,38.26747436000005,27.870000000000005,0.04437869822485207,0.33747412008281574,-0.3550078657577347,"{""type"":""Point"",""coordinates"":[80.96164929657868,26.836482352030394]}"
660,19.73102448292269,1921.6448818897636,37.24548637999999,26.930000000000007,0.010370891193531377,0.34528076463560337,-0.3908102766798419,"{""type"":""Point"",""coordinates"":[80.91677245869994,26.744153075416655]}"
661,19.66031417846682,1680.1242125984252,35.40659162000003,27.620000000000005,-0.05579912315663611,0.42726293103448276,-0.44754098360655736,"{""type"":""Point"",""coordinates"":[80.95094447733985,26.75102041955564]}"
662,19.65873031616212,2181.5976377952757,37.007933990000026,26.650000000000034,-0.10589707492569998,0.44728761514841353,-0.49156118143459915,"{""type"":""Point"",""coordinates"":[80.85314401967094,26.768195031508746]}"
663,19.66031417846682,1467.2674212598426,41.55219158,26.310000000000002,-0.09388174807197944,0.6290964777947933,-0.6196711327649208,"{""type"":""Point"",""coordinates"":[81.02342570552926,26.80688868821127]}"
664,19.65873031616212,1652.5464566929134,39.54923186000002,29.77000000000004,0.06761883508145504,0.16152349179872116,-0.24753657808300986,"{""type"":""Point"",""coordinates"":[80.87316490826363,26.84873739213242]}"
665,19.528662618001306,1958.6970472440944,39.21426589999999,27.53000000000003,-0.00985054347826087,0.3625114573785518,-0.4136947218259629,"{""type"":""Point"",""coordinates"":[80.90654941195436,26.897806426846138]}"
666,19.65873031616212,1598.372244094488,41.35052840000003,28.690000000000055,0.09730941704035874,0.15325121741621311,-0.2821656050955414,"{""type"":""Point"",""coordinates"":[80.91580623073011,26.83064961516955]}"
667,19.66031417846682,1927.2994094488188,48.29936306000002,27.090000000000032,0.017037037037037038,0.27076849413454634,-0.327663831915958,"{""type"":""Point"",""coordinates"":[80.99575339155199,26.79691844978547]}"
668,19.538738141741078,1986.4603346456695,49.36578530000003,26.07000000000005,0.06006247211066488,0.24742390145682813,-0.3002469135802469,"{""type"":""Point"",""coordinates"":[81.04577377526753,26.90840212951027]}"
669,19.53857288360598,1983.476082677165,47.352571520000026,25.33000000000004,-0.08980315958435414,0.41961043248596896,-0.4774939869430764,"{""type"":""Point"",""coordinates"":[81.0511989347619,26.936316377749737]}"
670,19.66031417846682,1723.9278543307084,39.14248748,25.380000000000052,-0.07057925166357587,0.2585278276481149,-0.2638763683193818,"{""type"":""Point"",""coordinates"":[81.04226968382345,26.75794615552128]}"
671,19.66031417846682,1988.895374015748,48.21049454000001,27.130000000000052,-0.013489736070381233,0.4035739150614992,-0.42406404520838237,"{""type"":""Point"",""coordinates"":[81.01074222925273,26.803060586999507]}"
672,19.65873031616212,1316.0474409448818,37.46423966000003,28.670000000000016,-0.04645093945720251,0.4139633286318759,-0.41796322489391796,"{""type"":""Point"",""coordinates"":[80.93947953046852,26.791226378677436]}"
673,19.538738141741078,2421.106988188976,48.98296706000002,25.310000000000002,0.051038876420763046,0.21415339014449797,-0.2827086799099716,"{""type"":""Point"",""coordinates"":[81.04264597723997,26.948014317889104]}"
674,19.55945194789342,1524.6409448818895,38.622948440000016,26.310000000000002,-0.09524756412805727,0.6402620607504467,-0.5854922279792746,"{""type"":""Point"",""coordinates"":[80.83737073538407,26.786188013408772]}"
675,19.66031417846682,1874.4293307086614,50.69881310000005,26.350000000000023,-0.01705989110707804,0.36749633967789164,-0.39820359281437123,"{""type"":""Point"",""coordinates"":[80.99705177654523,26.760539447409442]}"
676,19.66031417846682,1891.2487204724407,49.86481622000002,26.340000000000032,0.06422018348623854,0.12115598369766581,-0.1821851803620263,"{""type"":""Point"",""coordinates"":[81.01345956215818,26.809595973022006]}"
677,19.538738141741078,1995.6251968503936,37.92567236000002,27.74000000000001,0.03369149517392096,0.2379841343910406,-0.2875515651540888,"{""type"":""Point"",""coordinates"":[80.95811780941474,26.937241697081365]}"
678,19.528662618001306,1642.0257874015747,39.99015644000002,27.730000000000018,0.04117389399912396,0.23185143500281374,-0.29488317065956815,"{""type"":""Point"",""coordinates"":[80.8948800304542,26.885033602402945]}"
679,19.411990737915062,1675.6566929133858,37.52234600000003,26.970000000000027,-0.012692833430970513,0.40048609235754795,-0.44860335195530726,"{""type"":""Point"",""coordinates"":[80.83687939249215,26.86795130720847]}"
680,19.65873031616212,2777.7108267716535,40.55412974000001,29.090000000000032,0.11657303370786516,0.05413105413105413,-0.1566752482530342,"{""type"":""Point"",""coordinates"":[80.91684921692043,26.803543098864054]}"
681,19.65873031616212,1796.6566929133858,40.164475460000006,27.870000000000005,0.02447761194029851,0.26896194667356976,-0.3103448275862069,"{""type"":""Point"",""coordinates"":[80.8683029087691,26.81173139290477]}"
682,19.66031417846682,1841.8850393700786,39.46719938000001,28.230000000000018,0.05372829417773238,0.18677940046118371,-0.2325705162320383,"{""type"":""Point"",""coordinates"":[80.95156693467,26.76608247532678]}"
683,19.55945194789342,1882.9204724409449,39.12539737999998,26.590000000000032,-0.0035414725069897483,0.28251548356360173,-0.34130543099152966,"{""type"":""Point"",""coordinates"":[80.84663166087594,26.778013226947916]}"
684,19.73102448292269,1982.0139763779528,36.60289862000002,26.930000000000007,0.05424886191198786,0.17677602076941232,-0.218475073313783,"{""type"":""Point"",""coordinates"":[80.91978061602559,26.748853459123122]}"
685,19.528662618001306,1277.5159448818897,37.26941252000006,29.380000000000052,-0.02577082374597331,0.6134636264929425,-0.6169749727965179,"{""type"":""Point"",""coordinates"":[80.93864460761242,26.92066378085932]}"
686,19.538738141741078,2111.0690944881894,37.68299294000002,26.010000000000048,0.014812138728323699,0.20958083832335328,-0.2529290144727774,"{""type"":""Point"",""coordinates"":[80.97231095428309,26.941682012846485]}"
687,19.65873031616212,1961.7629921259843,40.755792919999976,28.000000000000057,-0.15368890540791674,0.3321888412017167,-0.3422702702702703,"{""type"":""Point"",""coordinates"":[80.92298357724795,26.8063292027024]}"
688,19.528662618001306,1422.2669291338582,38.16835178000002,29.79000000000002,-0.03205591708845505,0.3632601082457816,-0.3795103092783505,"{""type"":""Point"",""coordinates"":[80.91949611790417,26.86864646459564]}"
689,19.65873031616212,1279.23937007874,36.10728572000005,27.49000000000001,-0.019083023543990087,0.5056755767118272,-0.4936432982201235,"{""type"":""Point"",""coordinates"":[80.93781147520491,26.81373871643567]}"
690,19.73102448292269,1603.2590551181102,34.536705530000006,27.29000000000002,0.00234192037470726,0.3523809523809524,-0.3500432152117545,"{""type"":""Point"",""coordinates"":[80.94039075864872,26.743592578856532]}"
691,19.55945194789342,1981.907677165354,39.42276512000001,26.630000000000052,0.011413843888070692,0.24449594438006952,-0.2710059171597633,"{""type"":""Point"",""coordinates"":[80.83435215055967,26.809740975103015]}"
692,19.65873031616212,1813.4706692913387,39.35782274000002,28.390000000000043,0.03877638948728996,0.1650130548302872,-0.19560557341907825,"{""type"":""Point"",""coordinates"":[80.92940938880677,26.793336617158026]}"
693,19.65873031616212,2118.4647637795274,41.59320782000003,27.190000000000055,0.09689557855126998,0.24406047516198703,-0.32749481447338097,"{""type"":""Point"",""coordinates"":[80.93021450234276,26.801923652161214]}"
694,19.55945194789342,1957.3102362204722,39.52188769999998,26.750000000000057,0.06935511906831218,0.2582843713278496,-0.32295527551272546,"{""type"":""Point"",""coordinates"":[80.84917871598188,26.815777232872776]}"
695,19.65873031616212,1622.7580708661417,39.90812396000001,28.590000000000032,0.03937007874015748,0.11734401831711505,-0.1489111241907004,"{""type"":""Point"",""coordinates"":[80.90958704093906,26.82027063918112]}"
696,19.411919472434306,1481.821062992126,36.985716860000025,25.430000000000007,0.011598481653310838,0.4594426280554258,-0.463544106167057,"{""type"":""Point"",""coordinates"":[81.01849181145366,26.951854206362384]}"
697,19.66031417846682,1297.5494094488188,35.64243499999998,26.970000000000027,-0.13212180746561886,0.554806070826307,-0.5485387974470944,"{""type"":""Point"",""coordinates"":[80.97510925264355,26.831327234689613]}"
698,19.528662618001306,2382.743307086614,37.26599450000003,25.590000000000032,-0.05669585187311612,0.36789297658862874,-0.4108853967037179,"{""type"":""Point"",""coordinates"":[80.8727383627362,26.91998886439071]}"
699,19.53857288360598,1985.0543307086614,37.37195312000006,26.77000000000004,-0.008545486914723162,0.29559748427672955,-0.3529973728206353,"{""type"":""Point"",""coordinates"":[81.06017230583757,26.854263037934878]}"
700,19.66031417846682,2119.7629921259836,49.78620176000004,27.230000000000018,0.06963014412224344,0.18697385910500663,-0.26517119244391973,"{""type"":""Point"",""coordinates"":[80.99592937025773,26.79330321687635]}"
701,19.411990737915062,1914.0031496062993,41.470159100000046,25.700000000000045,0.10448307410795975,0.19745534621972108,-0.27050882658359293,"{""type"":""Point"",""coordinates"":[80.83963669646255,26.917619326664866]}"
702,19.538738141741078,1951.3318897637794,37.90858226,26.55000000000001,0.05706760316066725,0.26621079933977837,-0.31295843520782396,"{""type"":""Point"",""coordinates"":[80.9696866403848,26.936721784543494]}"
703,19.66031417846682,1768.2866141732284,35.58261965000003,27.620000000000005,0.03840377601373096,0.1835225772379192,-0.22425566785031412,"{""type"":""Point"",""coordinates"":[80.95416106178384,26.752487050627867]}"
704,19.65873031616212,1768.122244094488,40.51311350000003,29.090000000000032,0.02151847340641494,0.2519480519480519,-0.30765056972327726,"{""type"":""Point"",""coordinates"":[80.85855486271144,26.833596475397016]}"
705,19.538738141741078,1567.061220472441,35.04428150000001,29.350000000000023,-0.25379090183559455,0.7533482142857143,-0.6730564430244942,"{""type"":""Point"",""coordinates"":[80.99369179531756,26.89306275912947]}"
706,19.66031417846682,1874.459842519685,38.851955780000026,27.910000000000025,0.07959305804907241,0.16368221941992434,-0.22322375397667021,"{""type"":""Point"",""coordinates"":[80.96678077359985,26.783846818924964]}"
707,19.65873031616212,1890.1429133858267,41.01898046000002,29.710000000000036,0.05180598555211558,0.13995037220843673,-0.1883083290222452,"{""type"":""Point"",""coordinates"":[80.87349193916782,26.835907840528897]}"
708,19.65873031616212,2007.3820866141732,39.32022452000001,29.110000000000014,-0.01545095220984549,0.3047091412742382,-0.336802270577105,"{""type"":""Point"",""coordinates"":[80.925366366006,26.77532033251746]}"
709,19.55945194789342,2076.2787401574806,41.12493907999999,26.510000000000048,0.08655077767612077,0.11578006258381761,-0.17902692489371752,"{""type"":""Point"",""coordinates"":[80.83805421906403,26.797909098998076]}"
710,19.66751309908358,1823.4185039370077,39.53214176000006,25.110000000000014,-0.07089765580331618,0.3706549579216978,-0.4159002141867204,"{""type"":""Point"",""coordinates"":[81.05895471356479,26.764031488202598]}"
711,19.538738141741078,1511.2728346456693,37.05749528000001,29.890000000000043,-0.1415273958112968,0.5768556399766218,-0.5681487939552455,"{""type"":""Point"",""coordinates"":[80.96924023235573,26.867564536515093]}"
712,19.538738141741078,1718.9086614173227,38.44862942000003,29.670000000000016,0.039088675452311816,0.16427604871447904,-0.20268381325132792,"{""type"":""Point"",""coordinates"":[80.95349953712427,26.911098771377148]}"
713,19.538738141741078,1824.8043307086616,37.94618048000001,26.55000000000001,0.04899135446685879,0.2557077625570776,-0.29040667361835243,"{""type"":""Point"",""coordinates"":[80.97027698499848,26.934605837088725]}"
714,19.55945194789342,1574.3496062992128,37.31726480000003,27.49000000000001,-0.04893741470072139,0.5666860803727432,-0.5616835994194485,"{""type"":""Point"",""coordinates"":[80.83776497916857,26.838961209103143]}"
715,19.538738141741078,2097.263976377953,50.53474814000003,26.57000000000005,0.08333333333333333,0.25651056219962,-0.31301097874328426,"{""type"":""Point"",""coordinates"":[81.03506635211524,26.89720940773666]}"
716,19.66031417846682,1609.7885826771653,40.393482800000015,27.890000000000043,0.03214670981661273,0.28575523072513614,-0.3186360964138742,"{""type"":""Point"",""coordinates"":[80.965223848189,26.768724826576577]}"
717,19.411990737915062,1861.8938976377954,39.45352730000002,24.970000000000027,0.05220588235294118,0.27088982006408674,-0.35221610280618937,"{""type"":""Point"",""coordinates"":[80.84951377891637,26.943700997096254]}"
718,19.66031417846682,1878.256594488189,51.29013056000002,26.140000000000043,0.014781543487137607,0.49751737835153925,-0.5048022951228639,"{""type"":""Point"",""coordinates"":[81.03227455955113,26.81725881677903]}"
719,19.65873031616212,2128.2029527559057,36.01670819000003,27.150000000000034,0.02063273727647868,0.24529951902055094,-0.2983815819466606,"{""type"":""Point"",""coordinates"":[80.90318701383227,26.750581395846524]}"
720,19.66031417846682,1853.1625984251968,38.000868800000035,27.79000000000002,-0.004895738893925658,0.36200540673384124,-0.3868868868868869,"{""type"":""Point"",""coordinates"":[80.9808542623452,26.835584968068336]}"
721,19.66751309908358,1837.740354330709,37.97694266000002,26.680000000000007,0.07668317739864246,0.28589678078691877,-0.3435664709022958,"{""type"":""Point"",""coordinates"":[81.05269019959319,26.843383189561976]}"
722,19.538738141741078,1729.0681102362203,49.95710276,26.33000000000004,0.050595819495995314,0.3156469951272334,-0.3416149068322981,"{""type"":""Point"",""coordinates"":[81.04872275656004,26.900404357091038]}"
723,19.66031417846682,1990.6360236220473,39.511633640000014,25.710000000000036,0.0576171875,0.352803738317757,-0.40295614247637507,"{""type"":""Point"",""coordinates"":[81.04557055874166,26.820675199612538]}"
724,19.65873031616212,1611.5582677165355,39.64835444000005,28.060000000000002,0.021550766496334146,0.2547008547008547,-0.28884986830553117,"{""type"":""Point"",""coordinates"":[80.94779048178319,26.82491706175187]}"
725,19.411990737915062,2064.781692913386,39.67569860000003,25.630000000000052,-6.478781988986071E-4,0.3500874125874126,-0.4047294224647567,"{""type"":""Point"",""coordinates"":[80.82916484341673,26.91767992992245]}"
726,19.65873031616212,1390.3909448818897,37.330936880000024,27.78000000000003,-0.01047242262043286,0.4367968232958306,-0.46195286195286195,"{""type"":""Point"",""coordinates"":[80.94574652007475,26.821246321932417]}"
727,19.53857288360598,1899.5095472440944,37.99061474000001,26.860000000000014,-0.005828953655040612,0.27960126428397764,-0.3167375531648737,"{""type"":""Point"",""coordinates"":[81.05350364024237,26.89254531056945]}"
728,19.538738141741078,2017.8053149606296,36.68151308000006,26.370000000000005,0.045250493804991916,0.22993291695581772,-0.2724661960033505,"{""type"":""Point"",""coordinates"":[81.0118650076714,26.915275796074805]}"
729,19.528662618001306,2431.2403543307087,39.32706056000001,25.590000000000032,0.09849985847721483,0.24292682926829268,-0.29814550641940085,"{""type"":""Point"",""coordinates"":[80.88094364358881,26.911853879083154]}"
730,19.66031417846682,1849.7792322834644,48.91118863999998,26.120000000000005,-0.020418802676166477,0.4320204853066699,-0.48114516332450497,"{""type"":""Point"",""coordinates"":[81.02506983631635,26.80849013038182]}"
731,19.528662618001306,2018.0641732283464,40.22599982000003,25.29000000000002,0.02858097944175163,0.31255645889792233,-0.3808505583273937,"{""type"":""Point"",""coordinates"":[80.87517215986261,26.9384934880316]}"
732,19.66031417846682,1740.7866141732281,40.42082696,28.55000000000001,-0.12969215491559086,0.4418250950570342,-0.4816358426673613,"{""type"":""Point"",""coordinates"":[80.96123746281832,26.844638960736084]}"
733,19.65873031616212,1892.803346456693,40.76262896000003,29.670000000000016,0.07538330494037479,0.07741935483870968,-0.13072916666666667,"{""type"":""Point"",""coordinates"":[80.90494838923817,26.805007005491877]}"
734,19.66031417846682,1994.2836614173227,36.56530040000001,25.730000000000018,-0.017747553491457953,0.409117005396716,-0.4313039421506881,"{""type"":""Point"",""coordinates"":[81.0406642769123,26.79664952388178]}"
735,19.66031417846682,1766.1064960629922,47.140654280000035,27.460000000000036,-0.0930495385194952,0.49254115226337447,-0.4854729297324971,"{""type"":""Point"",""coordinates"":[81.0069227724573,26.832170663643563]}"
736,19.411990737915062,1849.5188976377956,40.57463786000005,25.74000000000001,0.05263157894736842,0.2894356005788712,-0.3568527918781726,"{""type"":""Point"",""coordinates"":[80.84408981378613,26.89808665310833]}"
737,19.528662618001306,2278.8092519685038,40.22258180000006,24.850000000000023,-0.046903740036787246,0.3845530103385364,-0.42469753858990406,"{""type"":""Point"",""coordinates"":[80.85417947120486,26.936132736121813]}"
738,19.65873031616212,1894.7738188976377,40.78313708000002,29.350000000000023,0.09056444818871104,0.09455006337135614,-0.14840425531914894,"{""type"":""Point"",""coordinates"":[80.86712735985321,26.84935545273064]}"
739,19.411990737915062,1676.9332677165353,39.20742986000005,27.410000000000025,0.019262295081967213,0.2810492505353319,-0.3646991730824066,"{""type"":""Point"",""coordinates"":[80.84298187313354,26.86074539217507]}"
740,19.66031417846682,1990.7556102362205,37.48474778000002,27.220000000000027,0.010376940133037695,0.2856319852517571,-0.31363315281375087,"{""type"":""Point"",""coordinates"":[81.0443115268801,26.84366051494973]}"
741,19.528662618001306,1711.3082677165353,39.983320400000025,29.79000000000002,0.06924691070179528,0.12864009047215155,-0.1686182669789227,"{""type"":""Point"",""coordinates"":[80.92659890674354,26.872092572436948]}"
742,19.66031417846682,1836.1527559055119,49.65973502000003,27.130000000000052,-0.03562901744719926,0.3782231455456434,-0.43303684879288434,"{""type"":""Point"",""coordinates"":[81.00335930301046,26.803632036461607]}"
743,19.66031417846682,1601.1950787401574,37.983778700000016,27.410000000000025,-0.11732065001981767,0.5739810161920714,-0.5429666119321291,"{""type"":""Point"",""coordinates"":[80.98578844749433,26.79087954310099]}"
744,19.65873031616212,1622.7246062992124,39.921796040000004,30.33000000000004,0.06087777253421425,0.15832363213038417,-0.20314389359129384,"{""type"":""Point"",""coordinates"":[80.88263473302041,26.848805279031538]}"
745,19.65873031616212,1866.7659448818895,40.31486834000003,29.970000000000027,0.0741553312856516,0.07351818875604171,-0.11669753903148981,"{""type"":""Point"",""coordinates"":[80.89363648754396,26.795624128847614]}"
746,19.65873031616212,1951.3456692913385,41.94184586000006,27.05000000000001,0.05127771196479946,0.33254100309008794,-0.3893432465923172,"{""type"":""Point"",""coordinates"":[80.85770818160881,26.78585127657878]}"
747,19.66031417846682,1736.9992125984252,50.16218395999999,26.640000000000043,0.0833976833976834,0.2761725574519554,-0.34219081272084806,"{""type"":""Point"",""coordinates"":[81.00923994555048,26.785885838579624]}"
748,19.73102448292269,1893.6645669291338,36.471304850000024,26.83000000000004,0.027793533749290982,0.2756139915653684,-0.3293691830403309,"{""type"":""Point"",""coordinates"":[80.91520163831686,26.749590247067605]}"
749,19.55945194789342,1682.2954724409449,41.04632462000001,26.890000000000043,-0.016597510373443983,0.4338919925512104,-0.4730800765236403,"{""type"":""Point"",""coordinates"":[80.83362627914411,26.81998874921402]}"
750,19.528662618001306,1889.080905511811,40.393482800000015,28.950000000000045,0.07168894289185905,0.10912170336317445,-0.19968594608741166,"{""type"":""Point"",""coordinates"":[80.85622963537584,26.85036546420885]}"
751,19.528662618001306,1925.275787401575,39.25528214000002,28.950000000000045,-0.025210084033613446,0.253912637234291,-0.3127904133039863,"{""type"":""Point"",""coordinates"":[80.85406418740405,26.85080730097432]}"
752,19.411990737915062,2041.2364173228343,39.74747702000002,26.49000000000001,0.04205128205128205,0.2409211691762622,-0.286796785304248,"{""type"":""Point"",""coordinates"":[80.84277277628553,26.889109466984]}"
753,19.414914904142677,1905.176377952756,38.02821296000002,25.850000000000023,-0.04353583843734481,0.5124760076775432,-0.5443410093091622,"{""type"":""Point"",""coordinates"":[80.90443874580386,26.954471916965314]}"
754,19.538738141741078,1740.102559055118,39.313388480000015,30.05000000000001,0.03885135135135135,0.2266235516033414,-0.2498627127951675,"{""type"":""Point"",""coordinates"":[80.95122719577398,26.879127798552467]}"
755,19.538738141741078,1742.1005905511809,39.46719938000001,30.090000000000032,0.029811486190267425,0.18978494623655914,-0.22468179302711677,"{""type"":""Point"",""coordinates"":[80.9726530137854,26.881732829498624]}"
756,19.538738141741078,1550.0661417322835,34.78451198000005,25.850000000000023,-0.028229758870809644,0.5397035079994129,-0.5424202323187767,"{""type"":""Point"",""coordinates"":[81.00741328304755,26.922751392026626]}"
757,19.53857288360598,1957.4076771653545,38.038467019999985,27.07000000000005,0.03599403207758299,0.22881255200285272,-0.2761387483026787,"{""type"":""Point"",""coordinates"":[81.06478023427891,26.885716992898733]}"
758,19.411990737915062,2323.821062992126,43.671363980000024,25.08000000000004,0.02225519287833828,0.31039968184529726,-0.40123325536891347,"{""type"":""Point"",""coordinates"":[80.8349617748023,26.945713866358524]}"
759,19.66031417846682,1668.596653543307,46.012707680000005,26.060000000000002,-0.09939186621056632,0.5709436524100475,-0.571156979902227,"{""type"":""Point"",""coordinates"":[81.02603102050891,26.801185435762605]}"
760,19.538738141741078,2153.6320866141727,37.248904400000015,25.370000000000005,-0.02080962445130873,0.34310160427807485,-0.3480034349506226,"{""type"":""Point"",""coordinates"":[81.02350306401536,26.9387426945337]}"
761,19.402664756774925,1943.487893700787,48.95220488000001,25.33000000000004,-0.058041421631296344,0.4708530805687204,-0.47259786476868326,"{""type"":""Point"",""coordinates"":[81.04980343314945,26.95350480857861]}"
762,19.411990737915062,1647.04842519685,40.834407380000016,26.510000000000048,-0.056626266640174845,0.40094836670179135,-0.460989010989011,"{""type"":""Point"",""coordinates"":[80.83730114087469,26.861363076187804]}"
763,19.66031417846682,2191.7334645669293,38.97500450000001,25.680000000000007,-0.015549681231534754,0.3636078922643282,-0.42272083651018405,"{""type"":""Point"",""coordinates"":[81.04915766504945,26.786030501083488]}"
764,19.736168228952522,1961.453937007874,39.04336490000003,26.02000000000004,0.025623387790197766,0.3551781870365941,-0.38363858363858366,"{""type"":""Point"",""coordinates"":[80.98920018714398,26.749758835168794]}"
765,19.538738141741078,1329.836811023622,33.09601010000006,25.370000000000005,-0.10128581096323032,0.6872299982719889,-0.6014433327866163,"{""type"":""Point"",""coordinates"":[81.01355209063283,26.934581819478915]}"
766,19.538738141741078,1891.9711614173225,49.338441139999986,26.810000000000002,0.07129029542967763,0.33180446590223295,-0.3830533968413136,"{""type"":""Point"",""coordinates"":[81.02550270502678,26.904575270670964]}"
767,19.411919472434306,1929.4667322834644,37.00964299999998,25.750000000000057,-0.2213271960107403,0.3804465640580967,-0.46289915001148635,"{""type"":""Point"",""coordinates"":[80.98296778335063,26.951341018203085]}"
768,19.538738141741078,1334.8653543307084,35.78599184000001,26.100000000000023,-0.09810055865921788,0.6737057220708447,-0.6282306163021869,"{""type"":""Point"",""coordinates"":[80.99828860113843,26.912721088867652]}"
769,19.65873031616212,1807.1242125984254,39.42276512000001,28.190000000000055,-0.00463678516228748,0.27450980392156865,-0.3447116627876907,"{""type"":""Point"",""coordinates"":[80.8663659420902,26.792534159388183]}"
770,19.538738141741078,1720.0740157480313,38.462301500000024,29.220000000000027,-0.011336898395721925,0.267220584293755,-0.2910977607864555,"{""type"":""Point"",""coordinates"":[80.98279155254701,26.86279135497061]}"
771,19.65873031616212,1402.1429133858267,40.294360220000044,28.380000000000052,0.005589307411907655,0.32770927968851393,-0.35811483571191505,"{""type"":""Point"",""coordinates"":[80.85262255638614,26.841687624797103]}"
772,19.65873031616212,2061.858464566929,39.76114910000001,27.99000000000001,0.03899240855762595,0.2590415913200723,-0.30874060150375937,"{""type"":""Point"",""coordinates"":[80.87066237509912,26.809712069101472]}"
773,19.528662618001306,1961.8062992125983,39.50821561999999,28.04000000000002,0.004398546567221266,0.20258720258720259,-0.26206060606060605,"{""type"":""Point"",""coordinates"":[80.9139603563361,26.90193701833008]}"
774,19.528662618001306,1000.5681102362205,35.23910864000004,25.850000000000023,-0.19201331114808654,0.6461397058823529,-0.4974916387959866,"{""type"":""Point"",""coordinates"":[80.88504227558498,26.904726614067958]}"
775,19.66031417846682,1999.1064960629922,38.31874465999999,27.310000000000002,0.009378663540445486,0.1949092623144002,-0.23598244758654316,"{""type"":""Point"",""coordinates"":[80.98965369448783,26.802053758664012]}"
776,19.538738141741078,1525.136023622047,37.96327058000003,29.810000000000002,4.7058823529411766E-4,0.2737631184407796,-0.2970992366412214,"{""type"":""Point"",""coordinates"":[80.96510178707913,26.869509140779414]}"
777,19.65873031616212,1920.0139763779525,40.22599982000003,28.710000000000036,0.05249632892804699,0.2381866154953226,-0.2882455702520589,"{""type"":""Point"",""coordinates"":[80.93086914110374,26.7720730801356]}"
778,19.538738141741078,2071.1212598425195,48.08744582000003,26.79000000000002,0.03663598628406425,0.19205002233139795,-0.25585225267615574,"{""type"":""Point"",""coordinates"":[81.04293591905473,26.898024656479084]}"
779,19.66031417846682,1902.1812992125986,39.248446100000024,26.890000000000043,0.0651372388365424,0.15136226034308778,-0.1960167714884696,"{""type"":""Point"",""coordinates"":[80.99174605947775,26.809520276664596]}"
780,19.528662618001306,2200.0720472440944,38.458883480000054,25.880000000000052,-0.1401809811081124,0.42020961044097294,-0.42302357836338417,"{""type"":""Point"",""coordinates"":[80.86046025443301,26.913830656477337]}"
781,19.66031417846682,1865.4219488188976,47.878946600000006,27.130000000000052,-0.09898953769113833,0.4857350096711799,-0.4748589943597744,"{""type"":""Point"",""coordinates"":[81.01212046870921,26.8034303090978]}"
782,19.538738141741078,1632.8122047244092,37.90174622000001,29.250000000000057,0.006695913184022166,0.2155976264481492,-0.2390552995391705,"{""type"":""Point"",""coordinates"":[80.95062476807999,26.854109749807616]}"
783,19.538738141741078,1862.5080708661417,38.24354821999998,25.900000000000034,-0.08817354793561931,0.46732719981127624,-0.48413266523502746,"{""type"":""Point"",""coordinates"":[80.96529065236858,26.946101057908507]}"
784,19.66031417846682,2258.648818897638,38.15467970000003,25.700000000000045,0.013222099795372266,0.2868726265010777,-0.31425576519916143,"{""type"":""Point"",""coordinates"":[81.03909779567984,26.80207784896914]}"
785,19.65873031616212,1780.1143700787404,39.96964832000003,29.970000000000027,0.05344129554655871,0.2340987067827923,-0.2634423128884085,"{""type"":""Point"",""coordinates"":[80.89037459139493,26.794516453733955]}"
786,19.538738141741078,1888.3294291338584,38.29140050000001,30.05000000000001,0.03461573776512717,0.27349806201550386,-0.31688376753507014,"{""type"":""Point"",""coordinates"":[81.00035919956244,26.877209864632395]}"
787,19.528662618001306,1841.4972440944882,39.71671484000001,30.630000000000052,0.012747597568150618,0.2638714536781321,-0.30043916300697493,"{""type"":""Point"",""coordinates"":[80.8936947951713,26.85591097373222]}"
788,19.528662618001306,992.7462598425196,38.33925278000004,25.470000000000027,-0.126,0.5347569286687869,-0.52643470402169,"{""type"":""Point"",""coordinates"":[80.8699622780423,26.930004190365395]}"
789,19.66031417846682,2115.5061023622043,51.53964602000002,25.890000000000043,0.0030303030303030303,0.36291289654420583,-0.4177818099342254,"{""type"":""Point"",""coordinates"":[81.03243225343616,26.812922816722665]}"
790,19.736168228952522,2115.3082677165353,38.59560428000003,25.220000000000027,-0.07634584013050572,0.3718681775652355,-0.4475647213690215,"{""type"":""Point"",""coordinates"":[81.03965099448656,26.74543498306207]}"
791,19.538738141741078,2017.3993110236217,49.57086650000002,25.99000000000001,0.0761866125760649,0.29063704375425076,-0.3771165940977262,"{""type"":""Point"",""coordinates"":[81.03531189283414,26.917941886050393]}"
792,19.528662618001306,1921.610433070866,39.07754510000001,28.55000000000001,0.010125698324022346,0.3512869399428027,-0.40416047548291234,"{""type"":""Point"",""coordinates"":[80.91149383765166,26.894197441884188]}"
793,19.66031417846682,1519.6822834645668,38.64687458000003,28.58000000000004,-0.012879708383961118,0.26150121065375304,-0.28920507268790596,"{""type"":""Point"",""coordinates"":[80.98205706539053,26.849104776927128]}"
794,19.528662618001306,1901.8240157480316,39.96281227999998,29.03000000000003,0.046744930629669154,0.11371571072319202,-0.1551991722710812,"{""type"":""Point"",""coordinates"":[80.88530746294929,26.875063198001722]}"
795,19.66031417846682,1700.6606299212597,36.99597091999999,26.970000000000027,0.08766545175522732,0.3573059360730594,-0.3643144004589788,"{""type"":""Point"",""coordinates"":[80.97115412450621,26.82936807368027]}"
796,19.66031417846682,1753.7349409448818,39.83292752,25.700000000000045,0.13766646088720347,0.33034013605442175,-0.3932744371615845,"{""type"":""Point"",""coordinates"":[81.04537810437606,26.8051315165184]}"
797,19.66031417846682,1492.6557086614173,35.74668460999999,26.440000000000055,-0.09636517328825021,0.5749848208864602,-0.5588942307692307,"{""type"":""Point"",""coordinates"":[80.97641785314411,26.75432281514767]}"
798,19.528662618001306,1426.9401574803148,39.169831639999984,30.120000000000005,0.013824884792626729,0.3023702754644459,-0.3764387271496276,"{""type"":""Point"",""coordinates"":[80.93584347257432,26.896899639254872]}"
799,19.66031417846682,1855.3653543307087,49.48541599999999,26.480000000000018,-0.020804195804195805,0.4474467030242935,-0.46157697121401753,"{""type"":""Point"",""coordinates"":[81.01889984345992,26.774906813135058]}"
800,19.538738141741078,1862.722637795276,37.97694266000002,26.55000000000001,0.012900703674745896,0.2596657520578698,-0.29886831275720166,"{""type"":""Point"",""coordinates"":[80.97780185407164,26.939970331760428]}"
801,19.538738141741078,1359.2807086614173,33.65656538000002,26.010000000000048,-0.11653363740022805,0.6260378611756892,-0.5834411384217335,"{""type"":""Point"",""coordinates"":[80.98780956281067,26.92451823016388]}"
802,19.65873031616212,1899.9785433070865,40.311450320000006,28.450000000000045,0.020850708924103418,0.16295195641406637,-0.20968572900566718,"{""type"":""Point"",""coordinates"":[80.86896670340278,26.8189955720954]}"
803,19.66031417846682,1889.7004921259843,49.24957261999998,26.350000000000023,0.09024035582927038,0.30535100638193424,-0.3667437676689797,"{""type"":""Point"",""coordinates"":[81.00122997969554,26.76340324195731]}"
804,19.411990737915062,2038.6389763779528,39.897869900000046,25.750000000000057,0.10762259265253277,0.26554969015377555,-0.3026222537207654,"{""type"":""Point"",""coordinates"":[80.83739536762052,26.910340699761615]}"
805,19.73102448292269,2265.042519685039,37.11218359999998,26.950000000000045,0.04498816101026046,0.2351980400163332,-0.2787994081589516,"{""type"":""Point"",""coordinates"":[80.86555674722565,26.749941624597295]}"
806,19.538738141741078,1397.1291338582676,33.11651821999999,26.010000000000048,-0.12380547887024847,0.7215354586857514,-0.6238109849647131,"{""type"":""Point"",""coordinates"":[80.98078313584176,26.948692078546614]}"
807,19.66031417846682,1842.9509842519685,47.16799844000002,27.460000000000036,-0.028237585199610515,0.31131255432757976,-0.33569440930938527,"{""type"":""Point"",""coordinates"":[81.00558317097583,26.831923884035703]}"
808,19.66031417846682,1741.9942913385826,45.66065162000001,26.310000000000002,0.05436081242532855,0.2615221144906362,-0.32468619246861924,"{""type"":""Point"",""coordinates"":[81.01849951474767,26.807556025264446]}"
809,19.66031417846682,2067.6261811023624,36.47984989999998,26.100000000000023,-0.12405492979478476,0.6135105204872646,-0.5766691916459258,"{""type"":""Point"",""coordinates"":[81.04741729182707,26.83081349336572]}"
810,19.66751309908358,1528.0705708661417,36.89343031999999,25.510000000000048,-0.09826714024324615,0.4997060552616108,-0.4749927724775947,"{""type"":""Point"",""coordinates"":[81.05301264375032,26.769072376334908]}"
811,19.538738141741078,1958.40718503937,49.75202156,27.79000000000002,0.023673325706239548,0.2919529521369512,-0.35259692757863936,"{""type"":""Point"",""coordinates"":[81.03055250610369,26.8899946910439]}"
812,19.66031417846682,2040.3402559055114,50.90731232000002,26.120000000000005,-0.033420763177933833,0.34648881049498403,-0.39476989836702064,"{""type"":""Point"",""coordinates"":[81.0009471350357,26.75906508638785]}"
813,19.65873031616212,1795.4431102362203,36.85925012000001,27.940000000000055,0.04040404040404041,0.12454966546577458,-0.1804430037817396,"{""type"":""Point"",""coordinates"":[80.87284961590882,26.770335051475122]}"
814,19.411919472434306,2086.4352362204727,37.79578760000004,25.840000000000032,0.03905447070914697,0.24224977856510185,-0.2773224043715847,"{""type"":""Point"",""coordinates"":[80.9959769262542,26.95450076153085]}"
815,19.66031417846682,2183.1330708661417,39.85343564000004,27.410000000000025,0.10565033651588668,0.22276909907982023,-0.29569160997732424,"{""type"":""Point"",""coordinates"":[80.98609390190859,26.787896998010627]}"
816,19.528662618001306,2152.127165354331,37.50525590000001,26.77000000000004,-0.03202397854551191,0.37177605368001676,-0.39369407754580316,"{""type"":""Point"",""coordinates"":[80.94793486363929,26.946823642525693]}"
817,19.411919472434306,2036.0956692913387,38.24013020000001,25.840000000000032,0.059263032772966545,0.26976850790740314,-0.3023037141513869,"{""type"":""Point"",""coordinates"":[80.99737605981828,26.95428335876637]}"
818,19.65873031616212,1769.600590551181,36.20982632000005,27.620000000000005,0.029888983774551667,0.20851063829787234,-0.24903793293018142,"{""type"":""Point"",""coordinates"":[80.94961109176927,26.75162540366922]}"
819,19.55945194789342,1621.2777559055119,40.40031884000001,27.670000000000016,0.08737864077669903,0.27213886437187407,-0.3150851581508516,"{""type"":""Point"",""coordinates"":[80.83996651977024,26.83221161157477]}"
820,19.66031417846682,1394.0996062992126,36.97888082000003,26.110000000000014,-0.10579742837807354,0.5651340996168582,-0.5736757624398073,"{""type"":""Point"",""coordinates"":[80.9879116766956,26.823800864573624]}"
821,19.66751309908358,2068.514960629921,39.867107720000035,25.700000000000045,-0.04987253027405991,0.438646288209607,-0.49784041827688114,"{""type"":""Point"",""coordinates"":[81.05172358909454,26.80787753058059]}"
822,19.66031417846682,1210.069094488189,36.40807147999999,28.57000000000005,-0.045454545454545456,0.5729483282674772,-0.5546376267367631,"{""type"":""Point"",""coordinates"":[80.95485749000576,26.848677439907018]}"
823,19.65873031616212,1871.4017716535434,40.044844760000046,29.390000000000043,0.06845107503290918,0.07629911280101394,-0.11414326948307531,"{""type"":""Point"",""coordinates"":[80.91117482977224,26.789383901202307]}"
824,19.538738141741078,2055.2063976377954,49.45807184,27.450000000000045,0.006709070314542128,0.28075497135153354,-0.30974264705882354,"{""type"":""Point"",""coordinates"":[81.04762180118855,26.888923898836627]}"
825,19.73102448292269,2000.9312992125983,36.76354556000001,26.930000000000007,0.06999306999306999,0.2583216127519925,-0.3044957472660996,"{""type"":""Point"",""coordinates"":[80.9204043411139,26.74915113962365]}"
826,19.65873031616212,2228.7787401574806,41.083922840000014,28.670000000000016,0.08864807248179073,0.08022741629816804,-0.16963064295485636,"{""type"":""Point"",""coordinates"":[80.92423370229976,26.82736072875938]}"
827,19.528662618001306,1548.1350393700786,36.264514640000016,26.890000000000043,-0.11147473921047249,0.5705202312138729,-0.5637410071942446,"{""type"":""Point"",""coordinates"":[80.89511726642357,26.934004238488274]}"
828,19.55945194789342,1959.4824803149606,38.48110061,25.390000000000043,0.052204585537918874,0.2752728998576175,-0.35399344923154447,"{""type"":""Point"",""coordinates"":[80.82732200178447,26.77089043264378]}"
829,19.538738141741078,507.77677165354334,36.79772576000005,28.810000000000002,0.11624072547403133,0.04178814382896016,-0.03976721629485936,"{""type"":""Point"",""coordinates"":[80.9607616276928,26.86188856723504]}"
830,19.66031417846682,1359.6655511811023,38.91689816000002,27.890000000000043,-0.05651340996168582,0.4910442717134167,-0.5083760683760684,"{""type"":""Point"",""coordinates"":[80.96158825969371,26.767520536161822]}"
831,19.528662618001306,1331.836811023622,36.99938894000002,29.130000000000052,-0.01583809942806863,0.5968188105117566,-0.5946132596685083,"{""type"":""Point"",""coordinates"":[80.93754229443938,26.927848244521353]}"
832,19.528662618001306,2073.655708661417,39.887615840000024,26.090000000000032,-0.011764705882352941,0.46944140197152245,-0.4890122086570477,"{""type"":""Point"",""coordinates"":[80.89094665027048,26.946465107171683]}"
833,19.528662618001306,2282.03562992126,39.84318158000002,26.610000000000014,0.039352586480482385,0.21055788842231554,-0.2702475870751154,"{""type"":""Point"",""coordinates"":[80.90594743698215,26.922021096451935]}"
834,19.528662618001306,1766.276771653543,39.94572218000002,29.32000000000005,0.060396701582349006,0.10598111227701994,-0.16207276736493936,"{""type"":""Point"",""coordinates"":[80.93197934260928,26.914355422815216]}"
835,19.528662618001306,1929.8171259842518,38.393941100000006,26.930000000000007,0.02472624514305899,0.3054373522458629,-0.34486117876278616,"{""type"":""Point"",""coordinates"":[80.90800396693389,26.906809111090418]}"
836,19.55945194789342,1834.4332677165355,37.49671085,26.33000000000004,0.09824046920821114,0.24714828897338403,-0.3197424892703863,"{""type"":""Point"",""coordinates"":[80.83926516421457,26.77697336645136]}"
837,19.528662618001306,1786.4657480314959,40.50285944000001,30.630000000000052,0.08338922423429465,0.08839925670294664,-0.14429249232486743,"{""type"":""Point"",""coordinates"":[80.89856911406355,26.858728135841968]}"
838,19.66031417846682,1748.8614173228343,40.05509882000001,27.33000000000004,0.02907103825136612,0.18201170835550826,-0.22100054975261132,"{""type"":""Point"",""coordinates"":[80.9832171806112,26.774894976325793]}"
839,19.528662618001306,1657.7944881889762,39.12881540000001,28.150000000000034,0.021214030665826507,0.2865819988956378,-0.322360953461975,"{""type"":""Point"",""coordinates"":[80.93942184036183,26.93997660781996]}"
840,19.65873031616212,2185.7364173228348,36.06456047000006,27.33000000000004,0.02971386647101981,0.1545176778699258,-0.2025460331893612,"{""type"":""Point"",""coordinates"":[80.9194073586513,26.757645964084386]}"
841,19.65873031616212,1790.270866141732,39.37149482000001,29.24000000000001,0.032535297728667895,0.23092944545691227,-0.2875816993464052,"{""type"":""Point"",""coordinates"":[80.90774463247386,26.77703781308992]}"
842,19.65873031616212,1519.9027559055116,39.89103385999999,28.130000000000052,0.007222586999343401,0.3867318862733109,-0.41440598690364827,"{""type"":""Point"",""coordinates"":[80.94521620950474,26.832432197719115]}"
843,19.66031417846682,2240.9898622047244,49.93659464000001,27.500000000000057,0.09030641118926348,0.19409954366974425,-0.2546833184656557,"{""type"":""Point"",""coordinates"":[81.03208003532575,26.837051055336453]}"
844,19.66751309908358,2162.3432086614175,37.10876558000001,26.680000000000007,0.030409064400566524,0.25166702516670253,-0.28867235079171744,"{""type"":""Point"",""coordinates"":[81.05633513593843,26.84919315112844]}"
845,19.65873031616212,1894.23937007874,39.97306634000006,28.190000000000055,1.945903872348706E-4,0.22508345255126372,-0.26178781925343814,"{""type"":""Point"",""coordinates"":[80.8660038740626,26.793743704427722]}"
846,19.528662618001306,1739.961811023622,38.49989972000003,27.110000000000014,0.001890359168241966,0.25880794701986753,-0.3065713500137476,"{""type"":""Point"",""coordinates"":[80.91580025390996,26.93900260356407]}"
847,19.538738141741078,1898.1931102362203,39.14932352000005,29.370000000000005,0.07289484708839547,0.09527344716654293,-0.15200416449765747,"{""type"":""Point"",""coordinates"":[80.96465017579624,26.914209357850787]}"
848,19.65873031616212,2011.6517716535434,37.53601808000002,26.930000000000007,0.0766495456341367,0.14727540500736377,-0.19052470708099847,"{""type"":""Point"",""coordinates"":[80.8727213846821,26.7555596544835]}"
849,19.65873031616212,1518.237401574803,41.15911928000003,28.870000000000005,0.0035419126328217238,0.3295526149968494,-0.33502056311293893,"{""type"":""Point"",""coordinates"":[80.90293035572563,26.826121495564948]}"
850,19.71775991078971,1351.7442913385823,35.34335825000005,25.850000000000023,-0.05726256983240224,0.5334233625928426,-0.5231388329979879,"{""type"":""Point"",""coordinates"":[80.84109860417117,26.741606412048405]}"
851,19.66031417846682,1998.9322834645668,41.38470860000001,25.690000000000055,-0.023599800565065648,0.40408070215433717,-0.4775098956459158,"{""type"":""Point"",""coordinates"":[81.02485082044323,26.76375085569952]}"
852,19.528662618001306,1806.3003937007873,40.07560694000006,29.190000000000055,0.05699263932702418,0.1340414769853313,-0.23288424525708,"{""type"":""Point"",""coordinates"":[80.86240286654548,26.86286458087201]}"
853,19.528662618001306,1586.7452755905513,39.05703698000002,29.250000000000057,0.03224142378127418,0.11434511434511435,-0.1580246913580247,"{""type"":""Point"",""coordinates"":[80.94898883840617,26.851231518098206]}"
854,19.65873031616212,2453.5779527559052,41.65131416000003,28.110000000000014,0.05993324626324191,0.2287556904400607,-0.2966373098478783,"{""type"":""Point"",""coordinates"":[80.87047565697979,26.803046968302393]}"
855,19.66031417846682,2048.4509842519687,48.61723891999998,27.500000000000057,0.02142464750045779,0.19299028909476504,-0.2401949408215363,"{""type"":""Point"",""coordinates"":[81.02814792296208,26.83434217615137]}"
856,19.528662618001306,1978.9155511811025,38.34608881999998,26.710000000000036,-0.02249560632688928,0.32167196728759656,-0.3545983701979045,"{""type"":""Point"",""coordinates"":[80.92468552290315,26.946526818262214]}"
857,19.53857288360598,1808.8107283464567,46.67238554000005,25.950000000000045,-0.018178320669423872,0.33392137096774194,-0.37409138110072687,"{""type"":""Point"",""coordinates"":[81.05178444275013,26.91872359310096]}"
858,19.66031417846682,1948.0016732283464,48.38139554000003,26.850000000000023,0.0034805890227576973,0.3232993600379237,-0.3570734078755469,"{""type"":""Point"",""coordinates"":[81.01051420614716,26.824347813510354]}"
859,19.73102448292269,1798.5316929133858,35.80308194000003,26.950000000000045,0.002961865975564606,0.3849318590897403,-0.4044328552803129,"{""type"":""Point"",""coordinates"":[80.90286314800657,26.749850544080136]}"
860,19.65873031616212,1736.2029527559057,37.43005946000005,26.650000000000034,0.008152173913043478,0.3422642500656685,-0.40115163147792704,"{""type"":""Point"",""coordinates"":[80.85609395851966,26.773309918132856]}"
861,19.411990737915062,1824.406692913386,38.56484210000002,27.170000000000016,-0.03484255636295882,0.3867665418227216,-0.4190086867654573,"{""type"":""Point"",""coordinates"":[80.84570187369548,26.881320695202124]}"
862,19.66031417846682,1917.892913385827,41.74701872000003,28.150000000000034,-0.06176762661370407,0.269833729216152,-0.3180473372781065,"{""type"":""Point"",""coordinates"":[80.9550789331047,26.790610907772642]}"
863,19.538738141741078,2029.2423228346456,48.59331278000002,26.33000000000004,0.05025455739858762,0.32001826067107964,-0.36279014964062684,"{""type"":""Point"",""coordinates"":[81.02768987290906,26.902230230575693]}"
864,19.65873031616212,1811.6163385826771,42.02387834000001,28.000000000000057,-0.10366766467065869,0.4215473608098337,-0.45665596443566314,"{""type"":""Point"",""coordinates"":[80.92881589828441,26.805750539970692]}"
865,19.53857288360598,1444.6237204724407,48.67192724000006,25.950000000000045,-0.07527347557673562,0.5661776305410948,-0.5440124416796267,"{""type"":""Point"",""coordinates"":[81.05505951828745,26.917584184529023]}"
866,19.538738141741078,1683.8692913385826,38.56826011999999,29.350000000000023,0.01554739797020082,0.24818617385352498,-0.30518179215574004,"{""type"":""Point"",""coordinates"":[81.00391197859477,26.854194122239484]}"
867,19.65873031616212,1216.7167322834646,37.54969016000001,29.53000000000003,0.001987083954297069,0.5330026707363602,-0.5300837776085301,"{""type"":""Point"",""coordinates"":[80.89859206189816,26.813659532976054]}"
868,19.538738141741078,1740.069094488189,36.37730929999998,28.090000000000032,-0.1278772378516624,0.5806451612903226,-0.5528169014084507,"{""type"":""Point"",""coordinates"":[80.97673493230424,26.915502709253612]}"
869,19.53857288360598,2179.854527559055,48.34379732000002,27.450000000000045,-0.005254860746190226,0.20465994962216624,-0.24978222996515678,"{""type"":""Point"",""coordinates"":[81.04993804668095,26.891349899458515]}"
870,19.66751309908358,2287.4332677165353,38.725489040000014,25.55000000000001,-0.0539349741719842,0.3547505126452495,-0.40410889586074283,"{""type"":""Point"",""coordinates"":[81.05964502537365,26.807653668521315]}"
871,19.66031417846682,1955.4598425196848,38.643456560000004,26.100000000000023,0.012426532325776658,0.39707803777170686,-0.4147221554005292,"{""type"":""Point"",""coordinates"":[81.04146111565136,26.827388509563225]}"
872,19.66031417846682,1878.0366141732284,48.70610743999998,27.27000000000004,0.06600110926234054,0.3118670475201246,-0.3329815303430079,"{""type"":""Point"",""coordinates"":[80.99695625146455,26.789841427557416]}"
873,19.65873031616212,1722.767913385827,41.44623296000003,29.730000000000018,0.08027079303675048,0.0373602399781838,-0.11685261303581915,"{""type"":""Point"",""coordinates"":[80.94401374442869,26.848717373716507]}"
874,19.65873031616212,1479.8751968503934,39.85001762000002,28.470000000000027,-0.04320840296013368,0.3622194513715711,-0.390391345847916,"{""type"":""Point"",""coordinates"":[80.88538417551878,26.811945930560963]}"
875,19.66031417846682,1687.9253937007875,37.69666502000001,26.620000000000005,-0.048453224002981736,0.5070988481114386,-0.5176692743458322,"{""type"":""Point"",""coordinates"":[80.98384380175665,26.759355390112535]}"
876,19.66031417846682,1837.2551181102363,49.23248252000002,27.27000000000004,0.0010054293183189222,0.2413793103448276,-0.2725409836065574,"{""type"":""Point"",""coordinates"":[80.99807176066109,26.786306298740474]}"
877,19.538738141741078,1506.602559055118,37.45398560000001,29.590000000000032,-0.08196721311475409,0.39492753623188404,-0.41457440293937536,"{""type"":""Point"",""coordinates"":[80.97599505453165,26.89004445439114]}"
878,19.66031417846682,2056.4824803149604,38.97158648000004,26.890000000000043,0.09634055265123226,0.14312706660368446,-0.19182467372568332,"{""type"":""Point"",""coordinates"":[80.99647948489442,26.81354812141722]}"
879,19.411990737915062,1931.783661417323,41.494085240000004,26.54000000000002,0.001376936316695353,0.3527628817906272,-0.405182852991039,"{""type"":""Point"",""coordinates"":[80.83387909587167,26.85802393575137]}"
880,19.66031417846682,1386.7639763779528,53.86731764000001,27.390000000000043,0.09161290322580645,0.43771272974812797,-0.5304347826086957,"{""type"":""Point"",""coordinates"":[80.9968339471236,26.780258697213064]}"
881,19.65873031616212,1892.022834645669,39.887615840000024,28.30000000000001,0.04144775248102744,0.21749876421156697,-0.25120650241300485,"{""type"":""Point"",""coordinates"":[80.87642645230704,26.805441452025374]}"
882,19.538738141741078,1548.7797244094488,38.178605840000046,29.250000000000057,0.003703703703703704,0.26551014407527196,-0.30384731899424416,"{""type"":""Point"",""coordinates"":[80.95234497175244,26.852732897482188]}"
883,19.411990737915062,1785.319094488189,39.96964832000003,25.630000000000052,0.059502344031734586,0.3306122448979592,-0.40252756117235816,"{""type"":""Point"",""coordinates"":[80.83174636599584,26.91639768591574]}"
884,19.528662618001306,2181.4244094488186,41.114685020000024,26.130000000000052,0.04716251739601052,0.2918238993710692,-0.35726872246696034,"{""type"":""Point"",""coordinates"":[80.8966285365419,26.90368268543513]}"
885,19.736168228952522,2095.4578740157476,39.313388480000015,25.79000000000002,0.06269337241491614,0.2788269273494779,-0.3195781751490142,"{""type"":""Point"",""coordinates"":[80.99570356676968,26.739822036605432]}"
886,19.53857288360598,1704.7364173228345,38.920316179999986,26.460000000000036,0.10484467455621302,0.344535481183169,-0.40257858901926696,"{""type"":""Point"",""coordinates"":[81.06455115353391,26.870768729150377]}"
887,19.55945194789342,2566.5356299212594,38.74087013000002,25.77000000000004,0.09183963605345465,0.16910688140556368,-0.23774462313505135,"{""type"":""Point"",""coordinates"":[80.83661831329216,26.76533482703989]}"
888,19.66751309908358,1930.229527559055,38.92373420000001,25.53000000000003,-0.045357786147044374,0.48534201954397393,-0.5194573366654767,"{""type"":""Point"",""coordinates"":[81.05264815631328,26.809744270673608]}"
889,19.65873031616212,1831.5218503937008,39.542395820000024,28.390000000000043,0.0546218487394958,0.1574074074074074,-0.1971268954509178,"{""type"":""Point"",""coordinates"":[80.9276539288438,26.79578568603177]}"
890,19.538738141741078,1972.860433070866,39.11172529999999,30.130000000000052,0.047503045066991476,0.11316725978647686,-0.14690784649230018,"{""type"":""Point"",""coordinates"":[80.95999819679328,26.89721117847722]}"
891,19.538738141741078,1736.3033464566931,37.77869750000002,25.930000000000007,-0.017870722433460075,0.3928199791883455,-0.44390507011866237,"{""type"":""Point"",""coordinates"":[80.99062314563945,26.94740278501828]}"
892,19.66031417846682,1900.9022637795276,37.38562520000005,27.220000000000027,0.05137147704778961,0.24369747899159663,-0.28514876771804365,"{""type"":""Point"",""coordinates"":[81.04870921070047,26.848479779970095]}"
893,19.528662618001306,1684.8633858267715,39.99357445999999,29.99000000000001,0.07630899272129608,0.10848126232741617,-0.15332746995016125,"{""type"":""Point"",""coordinates"":[80.92098442609974,26.876257285991024]}"
894,19.53857288360598,2082.6724409448816,46.21437086000003,25.55000000000001,-0.06750366867764553,0.4221787770174867,-0.4231061841104228,"{""type"":""Point"",""coordinates"":[81.05985958732818,26.929133798086937]}"
895,19.411990737915062,1923.398818897638,38.35292486000003,25.980000000000018,0.02076060995774389,0.24853595689857108,-0.2990494759931757,"{""type"":""Point"",""coordinates"":[80.8477476662636,26.9002800294537]}"
896,19.528662618001306,1596.5986220472441,39.603920180000046,27.690000000000055,-0.03013481363996828,0.45750350631136044,-0.4965437788018433,"{""type"":""Point"",""coordinates"":[80.85233714828273,26.879294068625196]}"
897,19.65873031616212,2089.014960629921,39.21768392000001,28.230000000000018,0.04098504837291117,0.21642124051762607,-0.2738317757009346,"{""type"":""Point"",""coordinates"":[80.94379481609693,26.759478314985618]}"
898,19.65873031616212,1985.9706692913387,36.601189610000006,26.710000000000036,-0.0011169024571854058,0.25683570927786864,-0.27350224958560265,"{""type"":""Point"",""coordinates"":[80.85916911491783,26.75349808924568]}"
899,19.66031417846682,1889.3515748031493,50.237380400000006,26.340000000000032,0.10948466011630238,0.10817217716781036,-0.1773594909862142,"{""type"":""Point"",""coordinates"":[81.01106054459295,26.811612460362717]}"
900,19.411990737915062,1834.942125984252,37.98719672000004,25.180000000000007,-0.014841976602060415,0.45518277416124187,-0.4647177419354839,"{""type"":""Point"",""coordinates"":[80.82680491630751,26.937383316621993]}"
901,19.528662618001306,2067.9647637795274,39.36124075999999,30.130000000000052,0.05856918238993711,0.09560841720036596,-0.13453339649455234,"{""type"":""Point"",""coordinates"":[80.94430195109571,26.888480411929265]}"
902,19.66031417846682,2103.412598425197,39.162995600000045,26.140000000000043,0.11346951803383339,0.24050915587315766,-0.3166627162834795,"{""type"":""Point"",""coordinates"":[81.03951059004167,26.82290212865109]}"
903,19.65873031616212,1755.8151574803148,39.64493642000002,27.940000000000055,0.041343669250646,0.17746627876223223,-0.21939194741166804,"{""type"":""Point"",""coordinates"":[80.87400103405393,26.77114976966169]}"
904,19.66031417846682,1600.7807086614173,39.81241940000001,27.54000000000002,6.545930613135501E-4,0.3026166097838453,-0.3712574850299401,"{""type"":""Point"",""coordinates"":[80.97360575755074,26.772941983401317]}"
905,19.528662618001306,1881.608464566929,38.74257914000003,29.220000000000027,0.023238095238095238,0.22532855436081242,-0.2730883813306852,"{""type"":""Point"",""coordinates"":[80.92026508220049,26.901228691715197]}"
906,19.528662618001306,2190.2728346456693,36.85583210000004,25.850000000000023,-0.08594570271486425,0.4685598377281947,-0.5077051228654728,"{""type"":""Point"",""coordinates"":[80.88532810558263,26.90415493068898]}"
907,19.66751309908358,1070.9495078740158,36.052597400000025,25.180000000000007,-0.07627858264967709,0.29783203536097663,-0.247168284789644,"{""type"":""Point"",""coordinates"":[81.05392007852237,26.765572960743487]}"
908,19.538738141741078,2265.455413385827,38.36659694000002,25.430000000000007,-0.06791990192071924,0.3052947052947053,-0.3403775133360689,"{""type"":""Point"",""coordinates"":[81.02168669757877,26.944976625049264]}"
909,19.65873031616212,2162.3771653543304,40.51311350000003,26.930000000000007,0.0618134120347598,0.22737022737022736,-0.26564919265649195,"{""type"":""Point"",""coordinates"":[80.85346090141972,26.814146817454052]}"
910,19.53857288360598,2050.9081692913383,37.10876558000001,25.230000000000018,0.08072741268161263,0.1329301553421084,-0.15848187219595003,"{""type"":""Point"",""coordinates"":[81.06614312258125,26.917631370623937]}"
911,19.65873031616212,1490.332874015748,39.56632195999998,30.170000000000016,0.07681017612524461,0.18418575462817696,-0.2353518821603928,"{""type"":""Point"",""coordinates"":[80.92339709244456,26.835641808266978]}"
912,19.66031417846682,1417.5986220472441,36.459341780000045,26.440000000000055,-0.028854824165915238,0.42848200312989043,-0.4694140373470702,"{""type"":""Point"",""coordinates"":[80.97060235922108,26.81395399542727]}"
913,19.411990737915062,1798.8919291338582,40.87884164000002,24.930000000000007,-0.04656949875577675,0.453468279437176,-0.5074244751664106,"{""type"":""Point"",""coordinates"":[80.84205077661365,26.92773031094521]}"
914,19.65873031616212,1653.598622047244,37.35486302000004,28.090000000000032,0.042101341281669154,0.45090293453724606,-0.4822715479965408,"{""type"":""Point"",""coordinates"":[80.92655131126206,26.766521923709742]}"
915,19.411990737915062,2272.0061023622043,41.36420048000002,25.700000000000045,0.1272390364422483,0.1944209636517329,-0.2324465765372874,"{""type"":""Point"",""coordinates"":[80.8358303805778,26.916597773097347]}"
916,19.66031417846682,2249.899311023622,46.470722360000025,26.210000000000036,0.087568599379623,0.17673607549492257,-0.2511724288362962,"{""type"":""Point"",""coordinates"":[81.01925786176704,26.794210331279693]}"
917,19.65873031616212,2197.4992125984254,41.42914286000001,29.05000000000001,0.0772588389349629,0.34279059919542665,-0.41942703670546105,"{""type"":""Point"",""coordinates"":[80.92245586906886,26.78579015541505]}"
918,19.411990737915062,2082.2511811023624,41.71625654000002,24.970000000000027,0.025997093492652994,0.3452274754683318,-0.40116144018583044,"{""type"":""Point"",""coordinates"":[80.84806938097068,26.943090830764913]}"
919,19.538738141741078,1296.6350393700789,34.69564346000004,26.110000000000014,-0.030801786973900777,0.5685152057245081,-0.5387855387855388,"{""type"":""Point"",""coordinates"":[80.98362897662729,26.926098980093727]}"
920,19.65873031616212,1531.7305118110235,39.050200940000025,28.500000000000057,0.013626373626373627,0.37626494940202393,-0.40601503759398494,"{""type"":""Point"",""coordinates"":[80.88455044208017,26.770216052233145]}"
921,19.65873031616212,1299.0405511811023,39.132233420000034,28.130000000000052,0.008011653313911144,0.4556465977912362,-0.45254177035193743,"{""type"":""Point"",""coordinates"":[80.93734657088571,26.824683653557866]}"
922,19.538738141741078,1996.3751968503936,38.40077714000006,28.53000000000003,0.06095648765190122,0.11108534322820036,-0.16456003889158968,"{""type"":""Point"",""coordinates"":[81.00571928627777,26.897884146702413]}"
923,19.538738141741078,1417.3938976377954,33.755687960000046,28.610000000000014,-0.08913412563667232,0.6370015948963318,-0.5947793660658794,"{""type"":""Point"",""coordinates"":[80.98060581946676,26.906327631012207]}"
924,19.538738141741078,1957.5690944881887,38.74941518000003,27.78000000000003,0.05626204238921002,0.18653100775193798,-0.22710760365777277,"{""type"":""Point"",""coordinates"":[81.00328895630959,26.90254066681208]}"
925,19.411990737915062,1973.8023622047244,40.15080338000001,26.130000000000052,-0.12294386976428692,0.4673166408154221,-0.5091157702825889,"{""type"":""Point"",""coordinates"":[80.84477460272734,26.89290957718487]}"
926,19.538738141741078,1867.0331692913383,51.60458840000001,27.79000000000002,0.039710538218000906,0.30449741951339393,-0.3636480411046885,"{""type"":""Point"",""coordinates"":[81.02941415028921,26.889101982148464]}"
927,19.528662618001306,1899.5120078740158,39.80900138000004,29.79000000000002,0.058705267390430235,0.27401360544217684,-0.2736670293797606,"{""type"":""Point"",""coordinates"":[80.92012029466427,26.867044277073788]}"
928,19.66031417846682,1807.8820866141732,48.76079576000001,27.55000000000001,0.04467491025129637,0.22287464896604545,-0.27427507315775473,"{""type"":""Point"",""coordinates"":[81.03974782988345,26.84567811885212]}"
929,19.528662618001306,2552.86437007874,40.913021840000056,27.170000000000016,0.07252014448457905,0.20309965759596324,-0.28557673791642596,"{""type"":""Point"",""coordinates"":[80.85178346514522,26.88046030297842]}"
930,19.528662618001306,2034.436220472441,39.71671484000001,26.99000000000001,0.0066541545811295,0.2883381279044036,-0.3448833448833449,"{""type"":""Point"",""coordinates"":[80.9062063045649,26.932702570376843]}"
931,19.65873031616212,1793.7295275590554,39.463781359999984,29.970000000000027,0.05205837508168155,0.14225721784776904,-0.1781266919328641,"{""type"":""Point"",""coordinates"":[80.88759011137967,26.797092215307337]}"
932,19.538738141741078,1810.934744094488,45.43164428,28.130000000000052,0.017267494698576188,0.21802252816020026,-0.26900508540878865,"{""type"":""Point"",""coordinates"":[81.03458289978826,26.85696056482472]}"
933,19.65873031616212,1987.977559055118,40.66692440000003,29.510000000000048,0.07732476400883712,0.09720563649390972,-0.15311244979919678,"{""type"":""Point"",""coordinates"":[80.87691621091403,26.795693820021064]}"
934,19.66031417846682,2101.1079724409446,37.24548637999999,26.380000000000052,0.03834701795542723,0.1783305693753455,-0.23043177095359038,"{""type"":""Point"",""coordinates"":[81.04885436661188,26.8410328811564]}"
935,19.528662618001306,1850.7393700787402,40.53703963999999,29.430000000000007,0.0856248602727476,0.06649282920469361,-0.12796469939327082,"{""type"":""Point"",""coordinates"":[80.86911852643863,26.86741091287289]}"
936,19.528662618001306,1511.840748031496,37.77869750000002,29.810000000000002,-0.03954263935207242,0.314062029509184,-0.3469135802469136,"{""type"":""Point"",""coordinates"":[80.93674187927766,26.857777060075954]}"
937,19.538738141741078,2142.639960629921,51.990824660000044,27.79000000000002,0.01039002557544757,0.31457691899352375,-0.381148912437256,"{""type"":""Point"",""coordinates"":[81.02666347863152,26.888287658868027]}"
938,19.55945194789342,2216.6074803149604,43.37741426000002,25.690000000000055,0.10959112327101383,0.28888888888888886,-0.311101163831692,"{""type"":""Point"",""coordinates"":[80.83000827516125,26.784427130746995]}"
939,19.538738141741078,1832.0779527559055,39.330478579999976,25.930000000000007,0.07462686567164178,0.17335352006056018,-0.2774725274725275,"{""type"":""Point"",""coordinates"":[80.98957097515185,26.948354229952063]}"
940,19.66031417846682,2010.3456692913385,39.08096311999998,27.170000000000016,0.07183267615292302,0.2771880160415192,-0.32016581321628873,"{""type"":""Point"",""coordinates"":[80.95614806621558,26.805371093094255]}"
941,19.411990737915062,2186.3190944881885,40.43449903999999,25.53000000000003,0.0651685393258427,0.2302492606675116,-0.2808445128656257,"{""type"":""Point"",""coordinates"":[80.8291214754772,26.915573576979366]}"
942,19.538738141741078,2029.0198818897636,48.90777062000001,25.590000000000032,0.012701682114658427,0.3081646577211735,-0.3355003482702577,"{""type"":""Point"",""coordinates"":[81.04724880584591,26.928623972324814]}"
943,19.65873031616212,1825.3122047244092,40.605400040000006,30.07000000000005,0.03644224830142063,0.18511015446948595,-0.21590023382696805,"{""type"":""Point"",""coordinates"":[80.89717125843876,26.79660924293904]}"
944,19.55945194789342,1601.4155511811023,37.43347748000002,27.190000000000055,-0.0963855421686747,0.5964912280701754,-0.5901916572717024,"{""type"":""Point"",""coordinates"":[80.83353356553827,26.831623876566987]}"
945,19.411990737915062,1761.17342519685,38.97500450000001,24.950000000000045,-0.02940095553105476,0.42291084582169164,-0.4902899707368981,"{""type"":""Point"",""coordinates"":[80.84003905312684,26.934040651807912]}"
946,19.66031417846682,1843.8525590551183,50.44587962000003,27.27000000000004,0.051211884284597345,0.2310423535379153,-0.2650508209538702,"{""type"":""Point"",""coordinates"":[80.99841177577075,26.788332334092093]}"
947,19.65873031616212,1938.0533464566927,39.03652886000003,27.650000000000034,0.0713809206137425,0.3326950694112015,-0.3954887218045113,"{""type"":""Point"",""coordinates"":[80.90073702033358,26.75971348895775]}"
948,19.66031417846682,1644.6379921259843,38.393941100000006,26.620000000000005,-0.00983477576711251,0.4316787506971556,-0.4681155275950815,"{""type"":""Point"",""coordinates"":[80.98496840928806,26.758479870167353]}"
949,19.538738141741078,1920.9652559055116,38.441793380000036,29.350000000000023,0.056068133427963095,0.1187214611872146,-0.17818273854720323,"{""type"":""Point"",""coordinates"":[81.00363152438862,26.895773987382736]}"
950,19.538738141741078,1980.301377952756,50.93807450000003,25.370000000000005,-0.04208615283050008,0.4010873183179851,-0.4634372464943794,"{""type"":""Point"",""coordinates"":[81.03161387793382,26.93879740655775]}"
951,19.66031417846682,1950.063188976378,39.95939426000001,26.140000000000043,0.1120367222033322,0.2587058681768888,-0.3286695497328924,"{""type"":""Point"",""coordinates"":[81.03807674715598,26.822057245152273]}"
952,19.66031417846682,2008.09468503937,49.82379997999999,26.170000000000016,0.07270916334661355,0.31683168316831684,-0.37147066044684507,"{""type"":""Point"",""coordinates"":[80.98902220728044,26.756917916251446]}"
953,19.528662618001306,1729.4814960629922,39.64835444000005,29.430000000000007,0.016911354766771976,0.3711767755313634,-0.4339929520195175,"{""type"":""Point"",""coordinates"":[80.86790713666294,26.869557498044244]}"
954,19.72531673546996,1354.563681102362,37.953016520000006,25.24000000000001,0.07971879559623292,0.21719298245614035,-0.21847558833860203,"{""type"":""Point"",""coordinates"":[81.05881242511784,26.749626743106536]}"
955,19.736168228952522,1974.303838582677,40.67034242,25.79000000000002,0.13446126447016918,0.28602357469328843,-0.3632538569424965,"{""type"":""Point"",""coordinates"":[81.00191134199015,26.73993662908765]}"
956,19.414914904142677,2008.8564960629922,42.044386460000055,25.02000000000004,0.08087091757387248,0.3524027459954233,-0.4051355206847361,"{""type"":""Point"",""coordinates"":[80.85760253771635,26.953093999774442]}"
957,19.528662618001306,1703.658661417323,39.97990238,30.370000000000005,0.0026278552658176675,0.3049457815392753,-0.3629834254143646,"{""type"":""Point"",""coordinates"":[80.90313286922596,26.873699911263493]}"
958,19.65873031616212,1389.3909448818897,38.21962208000002,28.49000000000001,0.004054376341521584,0.35452481349335063,-0.3855341738553417,"{""type"":""Point"",""coordinates"":[80.91976451338546,26.817798974837388]}"
959,19.538738141741078,1829.7964566929131,48.73686961999999,28.32000000000005,0.07168687513295044,0.15084388185654007,-0.1826558265582656,"{""type"":""Point"",""coordinates"":[81.0256658261099,26.853987858070948]}"
960,19.66031417846682,1846.9480314960629,38.332416739999985,28.58000000000004,0.03840564666805065,0.19504643962848298,-0.22701986754966888,"{""type"":""Point"",""coordinates"":[80.98321305176458,26.84597039385052]}"
961,19.538738141741078,1548.0395669291338,48.449755940000045,29.450000000000045,-0.0270042194092827,0.4389595033993497,-0.4744812963804331,"{""type"":""Point"",""coordinates"":[81.01441922237011,26.861181698728934]}"
962,19.538738141741078,2018.442125984252,37.43347748000002,26.690000000000055,-0.02798339050370103,0.2827213336337013,-0.314404432132964,"{""type"":""Point"",""coordinates"":[80.97796408674631,26.92951044260053]}"
963,19.65873031616212,1498.8968503937006,38.84170172000006,28.49000000000001,0.01028221395755852,0.38221814848762603,-0.3971587399629401,"{""type"":""Point"",""coordinates"":[80.91325307758946,26.821002608680388]}"
964,19.736168228952522,1844.422440944882,40.77630104000002,25.630000000000052,0.05949412183826149,0.3402716080720904,-0.3997879109225875,"{""type"":""Point"",""coordinates"":[81.01250533485859,26.745841086410344]}"
965,19.528662618001306,1436.363385826772,38.031630980000045,30.110000000000014,0.020760438535106136,0.35813652539631186,-0.3974700399467377,"{""type"":""Point"",""coordinates"":[80.9117138872617,26.873949909134154]}"
966,19.528662618001306,2082.501181102362,41.43256087999998,25.83000000000004,0.12131464475592073,0.2187709497206704,-0.29333649513872423,"{""type"":""Point"",""coordinates"":[80.88350061989688,26.93118870062776]}"
967,19.65873031616212,1269.3023622047244,36.79772576000005,27.99000000000001,-0.12532452206750058,0.699215965787598,-0.6458405246807042,"{""type"":""Point"",""coordinates"":[80.87913626062581,26.81472528397663]}"
968,19.66031417846682,1526.4898622047244,36.37047326000004,26.690000000000055,0.018486715829881806,0.47929354445797806,-0.5030940594059405,"{""type"":""Point"",""coordinates"":[81.04526470712982,26.84082025339559]}"
969,19.65873031616212,1669.3122047244094,39.754313060000015,29.970000000000027,0.02635591374428229,0.24825467746439542,-0.2659303313508921,"{""type"":""Point"",""coordinates"":[80.88916125231746,26.79508888060373]}"
970,19.528662618001306,1401.2452755905513,39.10830728000002,29.83000000000004,0.013496307613954673,0.2891846921797005,-0.3409484250605746,"{""type"":""Point"",""coordinates"":[80.9383271995652,26.900870446789735]}"
971,19.528662618001306,2055.26594488189,39.35098670000002,26.930000000000007,0.057362714235746765,0.27967711301044634,-0.3079349672409609,"{""type"":""Point"",""coordinates"":[80.85086097387614,26.88555384930061]}"
972,19.528662618001306,1804.346653543307,39.04336490000003,29.130000000000052,0.06373165618448637,0.1477769210999743,-0.19860440150295222,"{""type"":""Point"",""coordinates"":[80.9347924382679,26.923987961834513]}"
973,19.411990737915062,1646.6793307086612,39.61417424000001,26.890000000000043,-0.1290446841294299,0.5381789556546838,-0.5573857598299681,"{""type"":""Point"",""coordinates"":[80.83502883869751,26.851951905910095]}"
974,19.736168228952522,2074.4721456692914,40.30119625999998,25.630000000000052,0.04333145751266179,0.34554500226142015,-0.39213851193261584,"{""type"":""Point"",""coordinates"":[81.01491103828704,26.743746277144634]}"
975,19.411990737915062,2201.5937007874013,42.755334619999985,24.850000000000023,-0.03579803032671565,0.36929117586278154,-0.42372152986678124,"{""type"":""Point"",""coordinates"":[80.84971743534554,26.938554936385803]}"
976,19.66031417846682,1958.235433070866,39.13906946000003,27.610000000000014,0.014129353233830846,0.1848839990432911,-0.22745292368681863,"{""type"":""Point"",""coordinates"":[80.96497701687757,26.762705280114663]}"
977,19.65873031616212,1602.0070866141732,39.542395820000024,28.74000000000001,0.024369204226870823,0.29925330269959793,-0.34044444444444444,"{""type"":""Point"",""coordinates"":[80.88733800984822,26.821913419196193]}"
978,19.66031417846682,1991.6911417322833,38.209368020000056,26.02000000000004,0.01303758889265154,0.35668567438612825,-0.3946644335446824,"{""type"":""Point"",""coordinates"":[81.04669260368541,26.788801800914314]}"
979,19.538738141741078,2225.6375,48.96245894000003,25.370000000000005,0.07795841209829868,0.2638888888888889,-0.31727341471319004,"{""type"":""Point"",""coordinates"":[81.0316515255803,26.93692336745482]}"
980,19.411990737915062,1640.0277559055119,40.89593174000004,26.49000000000001,0.13713235294117648,0.355080831408776,-0.4586699813548788,"{""type"":""Point"",""coordinates"":[80.84557899495374,26.889295567084478]}"
981,19.66031417846682,864.0336614173227,35.25278072000003,27.03000000000003,-0.07954545454545454,0.5281501340482574,-0.46228835300153925,"{""type"":""Point"",""coordinates"":[80.99588840813819,26.82620699259443]}"
982,19.55945194789342,1765.1527559055116,39.197175800000025,27.49000000000001,-0.04535885167464115,0.3796413235665572,-0.4261096605744125,"{""type"":""Point"",""coordinates"":[80.84135000854793,26.841401822110445]}"
983,19.411990737915062,2301.801377952756,41.719674560000044,25.07000000000005,-0.03996447602131439,0.39988045427375973,-0.4237082066869301,"{""type"":""Point"",""coordinates"":[80.83195212090507,26.94710313698513]}"
984,19.66031417846682,1882.1872047244092,39.51846968000001,26.83000000000004,0.01514531313958248,0.2259872611464968,-0.2603457307490833,"{""type"":""Point"",""coordinates"":[80.98869765832531,26.811068659530847]}"
985,19.65873031616212,1463.6507874015747,39.197175800000025,28.130000000000052,0.015837608744144548,0.37531172069825436,-0.39930225182366,"{""type"":""Point"",""coordinates"":[80.9372995988834,26.824789863971223]}"
986,19.528662618001306,2132.0120078740156,38.71181696000002,30.010000000000048,-0.01718318502608162,0.3978494623655914,-0.4335135135135135,"{""type"":""Point"",""coordinates"":[80.9103016078855,26.869002709375454]}"
987,19.736168228952522,2209.249704724409,40.23625388000005,25.250000000000057,-0.11027113469506433,0.5707527766351296,-0.5315351448912062,"{""type"":""Point"",""coordinates"":[81.02804414053857,26.74022924522181]}"
988,19.66751309908358,1981.1763779527555,37.60437848000004,25.55000000000001,-0.03073563990594558,0.38065241844769404,-0.43774159540822305,"{""type"":""Point"",""coordinates"":[81.06123236769108,26.806880303772118]}"
989,19.65873031616212,1553.6970472440946,39.70304276000002,28.310000000000002,0.04322638146167558,0.2794994040524434,-0.3439749608763693,"{""type"":""Point"",""coordinates"":[80.90901733740391,26.774786760966425]}"
990,19.538738141741078,1936.122244094488,38.851955780000026,29.470000000000027,0.06462731581214994,0.05209595347710201,-0.10203045685279188,"{""type"":""Point"",""coordinates"":[80.9727492148414,26.906020535523506]}"
991,19.66031417846682,1826.8594488188976,37.559944220000034,27.090000000000032,-0.032395732298739086,0.33350037584565273,-0.3632172131147541,"{""type"":""Point"",""coordinates"":[80.99388062707821,26.795508487393725]}"
992,19.66751309908358,1621.4312992125983,35.89536848,25.900000000000034,-0.03497309761721752,0.5335990888382688,-0.5395169358296412,"{""type"":""Point"",""coordinates"":[81.06316007994548,26.82974646430756]}"
993,19.65873031616212,1980.7777559055116,36.710566250000056,26.670000000000016,-0.002714230321830167,0.21095762116600328,-0.2226950354609929,"{""type"":""Point"",""coordinates"":[80.85337940803794,26.76343483155022]}"
994,19.528662618001306,430.0858267716535,37.00280696000004,29.79000000000002,0.10119695321001088,-0.07399103139013453,0.08628318584070796,"{""type"":""Point"",""coordinates"":[80.92318283628681,26.868641901885216]}"
995,19.538738141741078,1684.7,37.84022186000004,29.80000000000001,-0.01831964624131396,0.29721030042918456,-0.32893652102225884,"{""type"":""Point"",""coordinates"":[80.99265557906861,26.850817690207712]}"
996,19.66031417846682,1872.523818897638,50.11433168000002,26.590000000000032,0.02755620014503263,0.32706580900544285,-0.36107586906876427,"{""type"":""Point"",""coordinates"":[81.0360487569553,26.829154283411754]}"
997,19.65873031616212,1243.3023622047244,37.55310817999998,28.58000000000004,-0.06818757921419519,0.5624768261030775,-0.552689756816507,"{""type"":""Point"",""coordinates"":[80.901538392911,26.81884094647384]}"
998,19.65873031616212,1947.1409448818897,40.820735300000024,29.710000000000036,0.055036344755970926,0.11138251099169516,-0.16160326780699516,"{""type"":""Point"",""coordinates"":[80.87473114669092,26.834429700690627]}"
999,19.538738141741078,1432.1734251968503,33.988113320000025,25.900000000000034,-0.10205831903945112,0.6148287778825008,-0.5992532669570628,"{""type"":""Point"",""coordinates"":[80.97138353320182,26.948193845525353]}"
