system:index,Air_Temp_Baseline,Albedo,LST_Day,LST_Night,NDBI,NDVI,NDWI,.geo
0,25.913450060392677,815.2054133858267,37.70350106000001,27.210000000000036,-0.26698618550888076,0.16424870466321242,-0.1606404958677686,"{""type"":""Point"",""coordinates"":[72.95637296087232,19.052108977259984]}"
2,25.831781808953565,3245.9893700787397,40.40373685999998,27.510000000000048,0.01020408163265306,0.0984202432545785,-0.1661595547309833,"{""type"":""Point"",""coordinates"":[72.8592888118637,19.01187842577104]}"
4,25.54219236020691,1044.0912401574801,37.163453900000036,26.680000000000007,-0.22152383872451326,0.6665969462455553,-0.6132820408989674,"{""type"":""Point"",""coordinates"":[72.87028370460737,19.165993426803205]}"
5,25.92981787787545,1661.3673228346456,40.22599982000003,28.710000000000036,-0.06208942572578936,0.32522474881015334,-0.4082607474009553,"{""type"":""Point"",""coordinates"":[72.95326853091912,19.182267917707687]}"
6,25.792490797776452,1370.4706692913385,41.610297919999994,28.49000000000001,0.05480277024992472,0.07023525400613706,-0.12630068173663436,"{""type"":""Point"",""coordinates"":[72.8687698796436,19.113291868759482]}"
7,25.527321166992238,986.8993110236221,33.468574279999984,26.610000000000014,-0.30824794221400975,0.6912052117263844,-0.617109634551495,"{""type"":""Point"",""coordinates"":[72.79149505617443,19.159645379223875]}"
9,25.792490797776452,1534.7127952755905,43.213349300000004,28.430000000000007,0.033626097867001256,0.1783965728274174,-0.23310918988152418,"{""type"":""Point"",""coordinates"":[72.85812460317317,19.105329297597454]}"
10,25.913450060392677,924.8929133858267,40.72503074000002,27.130000000000052,-0.024282560706401765,0.13336590131900342,-0.15308151093439365,"{""type"":""Point"",""coordinates"":[72.95125022016258,19.055288668962508]}"
11,25.792490797776452,1079.397342519685,37.183962020000024,27.970000000000027,-0.04277967463346054,0.12575888985255854,-0.16022346368715085,"{""type"":""Point"",""coordinates"":[72.9187281533496,19.119222388159013]}"
13,25.527321166992238,983.5823818897637,33.59845904000002,26.470000000000027,-0.42917922354192517,0.7131321716957076,-0.6376193378021532,"{""type"":""Point"",""coordinates"":[72.81375201249374,19.167433536638633]}"
16,25.54219236020691,1361.5444881889762,40.099533080000015,26.04000000000002,0.0751486325802616,0.30262937531401773,-0.4067643335141979,"{""type"":""Point"",""coordinates"":[72.89062459042931,19.153341874080585]}"
22,25.792490797776452,1428.3323818897638,43.05270236000001,28.07000000000005,0.1125665165779779,0.14729229140941966,-0.18061354147758213,"{""type"":""Point"",""coordinates"":[72.92600793110311,19.10765301640585]}"
23,25.792490797776452,1111.9253937007875,38.92715222000004,27.600000000000023,-0.06708595387840671,0.435535858178888,-0.470491126702435,"{""type"":""Point"",""coordinates"":[72.9212977772659,19.129343015193648]}"
25,25.792490797776452,1080.9549212598424,37.06774933999998,27.630000000000052,-0.1582089552238806,0.4332033654832752,-0.43585526315789475,"{""type"":""Point"",""coordinates"":[72.9413297602678,19.058587904218076]}"
28,25.792490797776452,1221.780216535433,43.30221782000001,27.55000000000001,0.020302599249967673,0.43376230128690385,-0.4966416436191229,"{""type"":""Point"",""coordinates"":[72.91307533627037,19.141937197266678]}"
29,25.792490797776452,1175.3845472440944,35.87827837999998,27.170000000000016,-0.1833014846391298,0.49572649572649574,-0.48771021992238034,"{""type"":""Point"",""coordinates"":[72.89929865835464,19.131608816786958]}"
31,25.792490797776452,1273.2797244094488,39.94572218000002,27.80000000000001,-0.03203943314849045,0.19387027797576623,-0.23707533234859676,"{""type"":""Point"",""coordinates"":[72.89121587061736,19.122420104630567]}"
32,25.831781808953565,1184.9509842519687,32.039841920000015,26.810000000000002,-0.3615050651230101,0.6857194051245297,-0.6068317677198976,"{""type"":""Point"",""coordinates"":[72.94226303089977,19.019408992333663]}"
34,25.792490797776452,1090.5976377952757,34.73665970000002,27.630000000000052,-0.34877214796394157,0.6808057331009103,-0.6136110078095947,"{""type"":""Point"",""coordinates"":[72.94480980725938,19.056844560313397]}"
35,25.831781808953565,1323.414566929134,40.99163629999998,28.220000000000027,-0.1089544513457557,0.44616942288221395,-0.4604635310156783,"{""type"":""Point"",""coordinates"":[72.89243988929957,19.03875480942099]}"
37,25.831781808953565,1269.6133858267715,44.56004918000002,27.79000000000002,0.06643576826196473,0.045118082481494536,-0.14236178000385283,"{""type"":""Point"",""coordinates"":[72.8953938271991,19.01646249453071]}"
38,25.792490797776452,1391.8614173228348,39.40567501999999,28.370000000000005,0.0051387461459403904,0.29088181363560595,-0.32082551594746717,"{""type"":""Point"",""coordinates"":[72.85163984724558,19.059036782326178]}"
39,25.831781808953565,1235.815649606299,38.81093954000005,27.610000000000014,-0.13466648021255767,0.4593525179856115,-0.45594832226807824,"{""type"":""Point"",""coordinates"":[72.9303509383449,19.035572477361296]}"
41,25.54219236020691,1572.878149606299,40.913021840000056,26.930000000000007,0.02065491183879093,0.13385826771653545,-0.19245514491642385,"{""type"":""Point"",""coordinates"":[72.88115084485761,19.173898272586513]}"
44,25.54219236020691,1182.399311023622,42.167435179999984,27.720000000000027,0.08856808427623879,0.35263462651997685,-0.45303752850922663,"{""type"":""Point"",""coordinates"":[72.92986695691903,19.170533773452348]}"
47,25.792490797776452,1390.6680118110235,47.37991568000001,27.83000000000004,0.19762488705305278,0.13658804168952277,-0.208398133748056,"{""type"":""Point"",""coordinates"":[72.9270250601065,19.141768360845987]}"
55,25.792490797776452,1183.8545275590552,35.55356648000003,27.170000000000016,-0.18078129455374964,0.5168498168498169,-0.5074626865671642,"{""type"":""Point"",""coordinates"":[72.89766970729333,19.126973957194405]}"
56,25.831781808953565,1916.9563976377954,42.632285900000056,28.160000000000025,0.035741118385746486,0.043801556872313234,-0.13764720780043055,"{""type"":""Point"",""coordinates"":[72.88837382610724,19.04114681824208]}"
58,25.54219236020691,1481.17687007874,42.5810156,27.950000000000045,0.06037982973149967,0.11449432965667236,-0.1940745672436751,"{""type"":""Point"",""coordinates"":[72.86467071645446,19.18064332268888]}"
59,25.792490797776452,1114.0937007874015,42.17085320000001,28.49000000000001,0.07945807396558037,0.06615776081424936,-0.12609182530795074,"{""type"":""Point"",""coordinates"":[72.8952066631014,19.064003357959415]}"
61,25.792490797776452,1251.825492125984,36.01499918000002,27.970000000000027,0.053391870839824385,0.16445993031358885,-0.2819332566168009,"{""type"":""Point"",""coordinates"":[72.9216804673073,19.119857282630864]}"
62,25.792490797776452,1025.1089566929131,35.95347482,26.660000000000025,-0.2979908829984805,0.6060162941299353,-0.5632370882472549,"{""type"":""Point"",""coordinates"":[72.93795536463317,19.09494903883734]}"
66,25.527321166992238,611.5641732283465,35.17074824000002,26.620000000000005,-0.05932762030323006,0.25107045543012846,-0.21009036144578314,"{""type"":""Point"",""coordinates"":[72.82171993868654,19.165392241438088]}"
68,25.54219236020691,1306.9549212598424,38.69814488000003,27.49000000000001,-0.18885068762278978,0.6182517131873642,-0.6021843455237464,"{""type"":""Point"",""coordinates"":[72.92577048853893,19.165346211507874]}"
69,25.54219236020691,1421.264468503937,40.93352995999999,26.04000000000002,0.04602417655539536,0.38362554286633427,-0.4859215754016238,"{""type"":""Point"",""coordinates"":[72.89857503050841,19.16268231569111]}"
70,25.54219236020691,1372.8879921259843,42.23237756000003,26.690000000000055,-0.0653818004391315,0.41831763559597274,-0.45980277452782886,"{""type"":""Point"",""coordinates"":[72.88014632795087,19.180449759849278]}"
71,25.831781808953565,1342.0213582677166,42.84420313999999,27.510000000000048,0.08935442496793501,0.1273817925194072,-0.18994413407821228,"{""type"":""Point"",""coordinates"":[72.89365850634589,19.005882821695216]}"
72,25.831781808953565,1220.2713582677166,42.18794330000003,27.79000000000002,-0.10824053452115813,0.3463203463203463,-0.38684503901895206,"{""type"":""Point"",""coordinates"":[72.89826141606817,19.019115348426485]}"
75,25.92981787787545,789.4450787401574,33.9846953,27.170000000000016,-0.18077900084674006,0.5629027738862427,-0.530735455543359,"{""type"":""Point"",""coordinates"":[72.98397103027004,19.161208971137437]}"
76,25.792490797776452,1314.5051181102363,37.74793532000001,28.32000000000005,-0.09652720809406617,0.36953551912568305,-0.39042995839112343,"{""type"":""Point"",""coordinates"":[72.9070072555641,19.068482158043956]}"
78,25.792490797776452,1405.8614173228345,44.07810835999999,28.420000000000016,0.025846471956577927,0.25906129948221146,-0.300552104899931,"{""type"":""Point"",""coordinates"":[72.8732079918247,19.056586835937487]}"
79,25.792490797776452,1761.277755905512,37.58045234000002,26.400000000000034,-0.2913458012467913,0.7264370633656085,-0.6642249527410208,"{""type"":""Point"",""coordinates"":[72.88683239518426,19.135173401788734]}"
86,25.527321166992238,1416.1675196850395,40.14396734000002,26.660000000000025,-0.026614987080103358,0.26548813505335245,-0.3088453302586065,"{""type"":""Point"",""coordinates"":[72.78465311417838,19.1614249335737]}"
87,25.54219236020691,1018.6975393700789,41.88715754000003,27.74000000000001,0.06661576636762741,0.13932898415657036,-0.1976487876561352,"{""type"":""Point"",""coordinates"":[72.85417790178852,19.15295171604229]}"
90,25.792490797776452,1074.880118110236,49.74176750000004,28.83000000000004,0.07128099173553719,0.14692749308951733,-0.2419986184664978,"{""type"":""Point"",""coordinates"":[72.86843218787376,19.08879508200542]}"
91,25.92981787787545,1399.5828740157483,46.306657400000006,28.130000000000052,0.10667381399088716,0.1532871972318339,-0.19269994632313472,"{""type"":""Point"",""coordinates"":[72.98823541358877,19.174073393112465]}"
93,25.792490797776452,1489.9928149606299,45.34619378000002,28.410000000000025,0.1134384858044164,0.14597944870331103,-0.20742395600618663,"{""type"":""Point"",""coordinates"":[72.87727089042474,19.060649929796334]}"
96,25.54219236020691,1737.9682086614175,44.40965630000005,27.74000000000001,0.006739586785990498,0.22096971343202498,-0.2548855388051368,"{""type"":""Point"",""coordinates"":[72.85097265108946,19.153693098189123]}"
98,25.831781808953565,1350.0868110236217,41.76410882000005,26.970000000000027,-0.015214384508990318,0.26704643535301226,-0.3007265638844586,"{""type"":""Point"",""coordinates"":[72.94780491306675,19.03135946553087]}"
101,25.792490797776452,398.82155511811015,31.376746040000057,27.27000000000004,-0.2904593639575972,0.055491329479768786,0.044479330193615906,"{""type"":""Point"",""coordinates"":[72.90324208956316,19.132575532924776]}"
103,25.54219236020691,1283.8245078740156,34.15559630000001,25.890000000000043,-0.15220791721814464,0.6706210746685276,-0.6067114093959731,"{""type"":""Point"",""coordinates"":[72.8944401633523,19.181909078081414]}"
104,25.527321166992238,1137.863877952756,33.55744279999999,26.53000000000003,-0.3902118334550767,0.747016706443914,-0.6592850915431561,"{""type"":""Point"",""coordinates"":[72.810349700592,19.16825114221301]}"
105,25.54219236020691,1472.9327755905513,35.12631398000002,26.590000000000032,-0.09349725008087997,0.5497478220999541,-0.5284895990352728,"{""type"":""Point"",""coordinates"":[72.92853429835036,19.17935534082517]}"
109,25.92981787787545,1018.8205708661419,36.33971108000003,27.110000000000014,-0.18145922746781115,0.47745813653928726,-0.4630102040816326,"{""type"":""Point"",""coordinates"":[72.97728828007422,19.16553973174349]}"
111,25.792490797776452,1293.7383858267715,39.395420960000024,28.53000000000003,-0.06373815676141258,0.29364525139664804,-0.32890961262553803,"{""type"":""Point"",""coordinates"":[72.90311855832883,19.06041587778788]}"
116,25.792490797776452,1201.5804133858267,41.7436007,28.470000000000027,-0.03783081669102127,0.21845215402211207,-0.2624925933241161,"{""type"":""Point"",""coordinates"":[72.86285718723792,19.113578208708116]}"
117,25.54219236020691,1424.5046259842518,46.945827140000006,27.950000000000045,0.09141274238227147,0.13177785080512652,-0.2154579142403388,"{""type"":""Point"",""coordinates"":[72.86843302190914,19.180112063115118]}"
118,25.792490797776452,1209.6079724409449,39.12539737999998,28.460000000000036,-0.01568951279933939,0.17478510028653296,-0.22461170848267623,"{""type"":""Point"",""coordinates"":[72.90090383556392,19.082351117640624]}"
120,25.792490797776452,267.903248031496,32.624323340000046,27.27000000000004,-0.1541135573580533,-0.12937062937062938,0.2224824355971897,"{""type"":""Point"",""coordinates"":[72.9084889213223,19.128953727988478]}"
122,25.831781808953565,1412.3806102362205,36.52428415999998,26.650000000000034,-0.1588611272515979,0.551337896701929,-0.541029207232267,"{""type"":""Point"",""coordinates"":[72.92535517404939,19.020309832507944]}"
123,25.792490797776452,1305.3958661417323,44.98730168000003,27.49000000000001,0.1350337584396099,0.23491610139235988,-0.3615430033457981,"{""type"":""Point"",""coordinates"":[72.9289963845136,19.09856083781475]}"
124,25.792490797776452,1729.0282480314959,36.98229884,27.210000000000036,-0.19152526483547389,0.6274007682458387,-0.5701050030883261,"{""type"":""Point"",""coordinates"":[72.94081501345944,19.139975962577978]}"
128,25.831781808953565,1055.4436023622047,34.022293520000005,27.33000000000004,-0.23033800494641385,0.5549072723484059,-0.5068659127625202,"{""type"":""Point"",""coordinates"":[72.8815284982588,19.012329614044898]}"
130,25.913450060392677,914.4386811023622,32.80547840000003,27.760000000000048,-0.23802532574784363,0.6192990878540566,-0.5662874390527048,"{""type"":""Point"",""coordinates"":[72.98830598601968,19.087335429107455]}"
132,25.527321166992238,1420.8771653543308,39.98673842000005,26.610000000000014,-0.04350860865518846,0.42879898056705956,-0.4632952691680261,"{""type"":""Point"",""coordinates"":[72.79443251361832,19.16651906008531]}"
133,25.792490797776452,1390.005118110236,49.143614000000014,28.370000000000005,0.09809702492629321,0.14475250893009015,-0.22008701957940538,"{""type"":""Point"",""coordinates"":[72.88358095375516,19.089563090917892]}"
134,25.831781808953565,1336.022342519685,45.32910368,27.590000000000032,0.1494576700943795,0.10586080586080586,-0.16970166602092213,"{""type"":""Point"",""coordinates"":[72.85175940755632,19.041471971446036]}"
139,25.792490797776452,1141.5489173228345,42.328082119999976,26.660000000000025,-0.07853403141361257,0.5210536818998204,-0.5317524115755627,"{""type"":""Point"",""coordinates"":[72.93384430268988,19.099901581584888]}"
141,25.92981787787545,1186.276279527559,38.91348014000005,27.840000000000032,-0.17114442630250853,0.48169014084507045,-0.46111111111111114,"{""type"":""Point"",""coordinates"":[72.95387807390523,19.15528462413879]}"
146,25.54219236020691,1252.4327755905513,49.65973502000003,27.950000000000045,0.12449559109251233,0.12588891024408994,-0.1947787069141342,"{""type"":""Point"",""coordinates"":[72.86808233133299,19.177908875584652]}"
147,25.792490797776452,1489.0553149606299,45.35986586000001,28.450000000000045,0.06936416184971098,0.11523929471032746,-0.18323033238683814,"{""type"":""Point"",""coordinates"":[72.8796572857792,19.076557057908992]}"
148,25.792490797776452,1016.9253937007873,37.06091330000004,26.690000000000055,-0.2580426684727396,0.5937365937365937,-0.5466278101582015,"{""type"":""Point"",""coordinates"":[72.93725391202332,19.10248679156295]}"
151,25.913450060392677,1041.2059055118111,32.367971839999996,26.700000000000045,-0.31779382797110967,0.658335054740756,-0.5787610619469027,"{""type"":""Point"",""coordinates"":[72.96856436845218,19.135720555322866]}"
152,25.831781808953565,1158.370275590551,44.70360602000005,27.510000000000048,0.07635135135135135,0.09623095429029671,-0.16266213055496492,"{""type"":""Point"",""coordinates"":[72.89666664634892,19.006132307075045]}"
153,25.792490797776452,1083.1931102362205,38.59560428000003,28.24000000000001,-0.24228395061728394,0.6122571600240336,-0.5818431911966988,"{""type"":""Point"",""coordinates"":[72.85809344586616,19.051851967649363]}"
154,25.792490797776452,1360.037598425197,43.69870814000001,27.250000000000057,0.14462327968276184,0.2623063683304647,-0.38403472353274204,"{""type"":""Point"",""coordinates"":[72.93646389044768,19.108609218009914]}"
155,25.831781808953565,1216.6232283464567,38.64687458000003,27.850000000000023,-0.07845618475166087,0.26095801738487145,-0.2974310180780209,"{""type"":""Point"",""coordinates"":[72.8534202711626,19.030825576043846]}"
156,25.527321166992238,1024.5218503937008,45.520512800000006,26.57000000000005,0.10865724381625441,0.41283547257876313,-0.4805575935436537,"{""type"":""Point"",""coordinates"":[72.80416058428321,19.181620865086053]}"
157,25.913450060392677,1010.8067913385828,32.76788018000002,26.700000000000045,-0.2858354537743851,0.6168941979522184,-0.5667631252583712,"{""type"":""Point"",""coordinates"":[72.96737364608629,19.137219882647535]}"
161,25.792490797776452,1097.908661417323,37.689828980000016,26.710000000000036,-0.11079383209594518,0.5887277925260364,-0.5758557828640875,"{""type"":""Point"",""coordinates"":[72.88013885985129,19.140939538568382]}"
162,25.527321166992238,1332.4967519685038,40.95403808000003,26.57000000000005,-0.13275563258232237,0.6469007223248782,-0.5964826575476306,"{""type"":""Point"",""coordinates"":[72.80273726616451,19.178858862471092]}"
168,25.792490797776452,1097.2413385826771,39.166413620000014,28.32000000000005,-0.016337644656228726,0.2402907580477674,-0.29882557633753803,"{""type"":""Point"",""coordinates"":[72.88300659494682,19.053875146417624]}"
169,25.792490797776452,1004.9770669291337,33.72150776000001,27.55000000000001,-0.16865696057582202,0.5882614495331259,-0.5135593220338983,"{""type"":""Point"",""coordinates"":[72.91250423640705,19.146232317871856]}"
171,25.831781808953565,1386.9677165354328,46.25196907999998,27.29000000000002,0.18247782854071487,0.0768141592920354,-0.14253521126760563,"{""type"":""Point"",""coordinates"":[72.89914482159293,19.000933147504202]}"
172,25.54219236020691,1612.900787401575,41.86323140000002,26.55000000000001,-0.11428571428571428,0.5896298350201026,-0.5909532399056473,"{""type"":""Point"",""coordinates"":[72.87565448467838,19.165532083664978]}"
173,25.913450060392677,966.869783464567,34.66488128000003,27.350000000000023,-0.31008980454305335,0.6496674057649667,-0.5941718448682237,"{""type"":""Point"",""coordinates"":[72.98802269925619,19.13349242429986]}"
177,25.913450060392677,994.3614173228347,32.91827306000005,26.83000000000004,-0.2856140350877193,0.6038520463996498,-0.5515562142705908,"{""type"":""Point"",""coordinates"":[72.96033964945839,19.10868263092452]}"
178,25.792490797776452,1452.7841535433072,44.13279668000001,28.100000000000023,0.1347898300753801,0.12174921318535696,-0.21798561151079138,"{""type"":""Point"",""coordinates"":[72.91661505828493,19.07132806869335]}"
181,25.913450060392677,1096.3392716535434,32.679011660000015,26.690000000000055,-0.35241670577193807,0.6896619112761384,-0.615169064076219,"{""type"":""Point"",""coordinates"":[72.95544965404662,19.07554360253279]}"
183,25.527321166992238,1347.8215551181102,40.229417839999996,27.670000000000016,-0.03147003879867797,0.21619789901728229,-0.2619549929676512,"{""type"":""Point"",""coordinates"":[72.83448674354514,19.17728481159887]}"
184,25.831781808953565,1342.0956692913385,43.79783071999998,27.83000000000004,0.11471740346950196,0.14492491405825944,-0.19712447975785094,"{""type"":""Point"",""coordinates"":[72.85144341517783,19.04444492259396]}"
185,25.527321166992238,1419.2728346456693,40.23283586000002,27.310000000000002,0.009039256198347107,0.19161490683229815,-0.2736929460580913,"{""type"":""Point"",""coordinates"":[72.8267500116724,19.17764701359491]}"
186,25.792490797776452,933.4957677165354,38.328998720000016,26.750000000000057,0.15837904795611396,0.24894957983193278,-0.3073117097306212,"{""type"":""Point"",""coordinates"":[72.94255661823502,19.08418872779738]}"
193,25.54219236020691,1466.7501968503936,40.246507940000015,26.05000000000001,0.08609411268200043,0.3458669981354879,-0.4634228754857239,"{""type"":""Point"",""coordinates"":[72.88960991653286,19.173545113876656]}"
194,25.792490797776452,1139.961318897638,40.15422139999998,28.310000000000002,-0.04047734236413482,0.28066693132195314,-0.3344364012409514,"{""type"":""Point"",""coordinates"":[72.90281754035574,19.082954984926594]}"
195,25.792490797776452,1432.9593503937008,44.895015140000055,26.400000000000034,0.058584490348797834,0.38010921727618735,-0.42857142857142855,"{""type"":""Point"",""coordinates"":[72.88993274869912,19.13477123813963]}"
196,25.527321166992238,1469.1660433070867,44.90868722000005,26.53000000000003,0.10538584222794749,0.1134524354863338,-0.2108933909000332,"{""type"":""Point"",""coordinates"":[72.80799127960489,19.17070623554067]}"
198,25.792490797776452,1263.3525590551183,41.309512160000054,28.420000000000016,-0.06106642835865356,0.2889451782160304,-0.3226884515410323,"{""type"":""Point"",""coordinates"":[72.86909805143002,19.05313888643045]}"
199,25.792490797776452,1436.9859251968503,45.17187476000004,28.29000000000002,0.049245729958857995,0.20855784469096672,-0.3107597112409763,"{""type"":""Point"",""coordinates"":[72.89130247671629,19.112440492121266]}"
200,25.54219236020691,1477.3707677165355,41.30609414000003,28.130000000000052,-0.022370535162526264,0.27281120172334206,-0.33634894991922454,"{""type"":""Point"",""coordinates"":[72.94315175439525,19.151384811995435]}"
201,25.792490797776452,1253.3003937007873,43.06295641999998,27.900000000000034,0.01423707830393067,0.18776804027596494,-0.23521427186348653,"{""type"":""Point"",""coordinates"":[72.93692905804363,19.144871713047255]}"
202,25.92981787787545,992.1596456692914,36.544792280000024,27.970000000000027,-0.21171956749215207,0.5464055196973069,-0.5216819973718791,"{""type"":""Point"",""coordinates"":[72.96539862982854,19.16315724483696]}"
204,25.792490797776452,508.9598425196849,34.96908506,28.24000000000001,-0.08523290386521308,0.01813110181311018,-0.01014760147601476,"{""type"":""Point"",""coordinates"":[72.86549357592811,19.055506029745537]}"
205,25.792490797776452,1279.6566929133858,40.64641628000004,28.250000000000057,0.035130970724191066,0.15004591368227732,-0.20053680981595093,"{""type"":""Point"",""coordinates"":[72.90915118739044,19.057344049594125]}"
209,25.54219236020691,1129.5238188976377,42.461384899999985,27.360000000000014,-0.016420911528150135,0.2212603180994564,-0.2727654217373059,"{""type"":""Point"",""coordinates"":[72.85658057978196,19.16209815708906]}"
212,25.792490797776452,1591.1685039370077,48.54887852000002,28.33000000000004,0.11019015114578254,0.11774613382330425,-0.18892508143322476,"{""type"":""Point"",""coordinates"":[72.88973798802057,19.09892167674324]}"
216,25.792490797776452,1085.4062007874015,42.51265520000004,28.470000000000027,-0.008942661756970016,0.2180355630821338,-0.2618421052631579,"{""type"":""Point"",""coordinates"":[72.86023154750995,19.114680603460485]}"
217,25.913450060392677,1000.2713582677164,32.60039720000003,26.690000000000055,-0.31163741693644575,0.6597671410090556,-0.5904958677685951,"{""type"":""Point"",""coordinates"":[72.95270491842984,19.080954827722163]}"
218,25.831781808953565,1543.7000000000003,44.112288560000025,27.730000000000018,-0.005297375391283409,0.2718964204112719,-0.3108320251177394,"{""type"":""Point"",""coordinates"":[72.90770282198014,19.037397334509215]}"
222,25.913450060392677,968.2797244094488,32.98321543999998,26.730000000000018,-0.2586330935251799,0.5771917962587334,-0.5359964881474978,"{""type"":""Point"",""coordinates"":[72.96675917462099,19.126665464532863]}"
224,25.527321166992238,1410.879625984252,40.1713115,27.930000000000007,-0.07607156648217274,0.32719479282425784,-0.36645962732919257,"{""type"":""Point"",""coordinates"":[72.84455939309429,19.167886505887147]}"
226,25.831781808953565,1208.3181102362205,39.85343564000004,27.610000000000014,0.014041850220264317,0.35541256623769873,-0.42272546682558604,"{""type"":""Point"",""coordinates"":[72.92056688602146,19.035910718882057]}"
228,25.792490797776452,1546.093700787401,47.84818442000005,28.33000000000004,0.11895360315893386,0.1249409169686466,-0.19658119658119658,"{""type"":""Point"",""coordinates"":[72.89041791470086,19.092318833854186]}"
234,25.527321166992238,1096.4303149606299,41.81537911999999,27.83000000000004,-0.0066844919786096255,0.26421825813221406,-0.30871170975450796,"{""type"":""Point"",""coordinates"":[72.83913238149056,19.153050476568517]}"
235,25.792490797776452,1362.3117125984254,35.78940985999998,26.910000000000025,-0.06608717883165026,0.37919629568381014,-0.4174031271244052,"{""type"":""Point"",""coordinates"":[72.93324450614192,19.077440233322072]}"
236,25.792490797776452,1325.6675196850392,46.19728076000001,28.33000000000004,0.08489795918367347,0.18791946308724833,-0.27628083491461103,"{""type"":""Point"",""coordinates"":[72.89248163565101,19.099816661052653]}"
240,25.92981787787545,1261.3476377952754,41.43256087999998,28.310000000000002,0.03219013237063779,0.2057721139430285,-0.2576231430805317,"{""type"":""Point"",""coordinates"":[72.97779552653996,19.183485124092375]}"
241,25.92981787787545,1442.9386811023624,46.617697220000025,28.470000000000027,0.09844699527346387,0.11137006825370402,-0.17721742197143361,"{""type"":""Point"",""coordinates"":[72.98829887583305,19.180956114139693]}"
242,25.913450060392677,927.3909448818898,33.12335426000004,26.950000000000045,-0.2874162323157111,0.6170212765957447,-0.5475497874244798,"{""type"":""Point"",""coordinates"":[72.984233772759,19.103543607675586]}"
245,25.792490797776452,858.6404527559054,37.50867391999998,28.03000000000003,-0.2550032278889606,0.45763559110222446,-0.4196689386562804,"{""type"":""Point"",""coordinates"":[72.85498927470644,19.050397558621228]}"
247,25.897780890213824,1098.1128937007873,36.59264456000005,27.120000000000005,-0.2558652180758936,0.5784682366910746,-0.5311960069111153,"{""type"":""Point"",""coordinates"":[72.95242332755834,19.03570854395443]}"
249,25.792490797776452,1190.818602362205,39.03994688,27.650000000000034,-0.09798316658726378,0.3015813253012048,-0.3227472737708054,"{""type"":""Point"",""coordinates"":[72.89973379915521,19.11900184907869]}"
250,25.527321166992238,1383.2920275590552,40.19181962000005,27.33000000000004,-0.15151515151515152,0.4738008548361564,-0.4768401015228426,"{""type"":""Point"",""coordinates"":[72.83983847078561,19.174798787160594]}"
252,25.792490797776452,1332.542027559055,43.22018534000006,27.83000000000004,0.08585783951529481,0.11299028427491904,-0.18053435114503816,"{""type"":""Point"",""coordinates"":[72.93765602452874,19.058517456848172]}"
253,25.792490797776452,1612.6463582677163,45.421390220000035,27.910000000000025,0.06976219993237913,0.18370859027678188,-0.2669224865694551,"{""type"":""Point"",""coordinates"":[72.87117490960203,19.12790740983395]}"
255,25.54219236020691,1687.7044291338582,35.72788550000001,27.840000000000032,-0.24030856361683428,0.6444847229414811,-0.5869565217391305,"{""type"":""Point"",""coordinates"":[72.94975867846551,19.15147800691964]}"
256,25.913450060392677,992.3112204724409,32.52178274000005,27.410000000000025,-0.31101291638341266,0.662858374649709,-0.5901875901875901,"{""type"":""Point"",""coordinates"":[72.98187908715911,19.111855440758436]}"
258,25.831781808953565,1442.4116141732284,43.16549702000003,27.970000000000027,0.04654255319148936,0.21258244545915778,-0.2150482968988307,"{""type"":""Point"",""coordinates"":[72.85860397471417,19.049095901043778]}"
259,25.54219236020691,1258.9706692913385,36.87975824,26.04000000000002,-0.09950617283950618,0.5832888888888889,-0.5698924731182796,"{""type"":""Point"",""coordinates"":[72.89984556936977,19.166194545884192]}"
260,25.792490797776452,1536.789566929134,42.22554151999998,28.250000000000057,-0.06824782187802517,0.29404866608032837,-0.32951807228915664,"{""type"":""Point"",""coordinates"":[72.8631736598761,19.123757756504727]}"
263,25.92981787787545,1206.997244094488,42.034132399999976,28.310000000000002,0.015540754836663496,0.177988614800759,-0.2381332269644994,"{""type"":""Point"",""coordinates"":[72.97729515082573,19.18197355630894]}"
265,25.792490797776452,991.7137795275592,39.28946234,27.05000000000001,-0.05091159270725834,0.3978494623655914,-0.4020192748967416,"{""type"":""Point"",""coordinates"":[72.9388541903909,19.072204357021807]}"
268,25.54219236020691,1415.3323818897636,46.44679622000001,27.74000000000001,0.03905221588415972,0.0693359375,-0.1362850224835697,"{""type"":""Point"",""coordinates"":[72.85585004347556,19.15039964542276]}"
271,25.913450060392677,1054.9027559055116,32.65508552000006,27.160000000000025,-0.3158236057068742,0.6512716174974568,-0.5910605763575769,"{""type"":""Point"",""coordinates"":[72.97219339274055,19.142824363297414]}"
273,25.792490797776452,1520.7004921259843,39.70304276000002,27.250000000000057,-0.035015809813795526,0.3072030764679781,-0.37620678916225475,"{""type"":""Point"",""coordinates"":[72.93886737649365,19.115479262101392]}"
274,25.897780890213824,940.0961614173228,41.30609414000003,27.29000000000002,-0.18883030658074595,0.42409356725146197,-0.40567998152851537,"{""type"":""Point"",""coordinates"":[72.95059271643917,19.04435329096236]}"
276,25.792490797776452,1276.129625984252,47.15432636000003,28.140000000000043,0.10497071632377233,0.11028315946348734,-0.18277435999206193,"{""type"":""Point"",""coordinates"":[72.85380500316204,19.13976063194795]}"
277,25.54219236020691,1265.3766732283464,40.755792919999976,26.49000000000001,-0.09212014578358678,0.5465385299875423,-0.5567896811178789,"{""type"":""Point"",""coordinates"":[72.88372784294266,19.159627157090345]}"
280,25.831781808953565,1154.0508858267717,44.90526920000002,27.590000000000032,0.07465789017841677,0.07398472054684359,-0.15903666738988934,"{""type"":""Point"",""coordinates"":[72.9057525987203,19.009842026913116]}"
286,25.792490797776452,1110.6891732283464,39.313388480000015,27.890000000000043,-0.046621621621621624,0.2775257731958763,-0.3096596913971676,"{""type"":""Point"",""coordinates"":[72.93189985050654,19.132217622344417]}"
287,25.792490797776452,1234.7831692913387,40.15422139999998,27.670000000000016,-0.015529166122928357,0.4387132556849695,-0.4856815578465063,"{""type"":""Point"",""coordinates"":[72.91651540067767,19.142119593270113]}"
290,25.54219236020691,417.7388779527559,31.58866327999999,27.33000000000004,-0.26359832635983266,-0.14301929625425652,0.32559178204555606,"{""type"":""Point"",""coordinates"":[72.90771915503024,19.153474182498933]}"
291,25.792490797776452,1294.4278543307084,47.02102358000002,28.720000000000027,0.0451952610794208,0.16363636363636364,-0.23519394512771996,"{""type"":""Point"",""coordinates"":[72.88476911065862,19.093431500831706]}"
293,25.831781808953565,1521.2201771653542,37.76502542000003,27.29000000000002,-0.07611787461599727,0.3819403857393337,-0.4162923030847559,"{""type"":""Point"",""coordinates"":[72.94531817709154,19.0425567144389]}"
295,25.831781808953565,1616.076968503937,38.30849060000003,27.57000000000005,-0.047186932849364795,0.28866554997208266,-0.3275812482024734,"{""type"":""Point"",""coordinates"":[72.92856750303515,19.03903678371293]}"
296,25.913450060392677,1017.2984251968504,32.364553820000026,26.810000000000002,-0.33378979801437864,0.6713856713856714,-0.5889070146818923,"{""type"":""Point"",""coordinates"":[72.95163336799116,19.094700880102707]}"
304,25.792490797776452,1815.9288385826771,36.052597400000025,27.27000000000004,-0.33249347610906144,0.7447861435136091,-0.6519410977242303,"{""type"":""Point"",""coordinates"":[72.90775767650763,19.13273438123688]}"
307,25.527321166992238,1583.8166338582678,40.40031884000001,26.510000000000048,0.05934685906477162,0.2723803933078955,-0.32731169626454376,"{""type"":""Point"",""coordinates"":[72.79490518877175,19.150557935027265]}"
309,25.831781808953565,1180.05187007874,41.64447812000003,27.80000000000001,0.12393090726144558,0.04626477067895053,-0.11481007255655143,"{""type"":""Point"",""coordinates"":[72.87882249916956,19.01802120394187]}"
312,25.92981787787545,997.8368110236221,39.45352730000002,28.190000000000055,0.012427184466019418,0.20807600950118765,-0.2459578637922587,"{""type"":""Point"",""coordinates"":[72.95624088411974,19.16200040473178]}"
313,25.54219236020691,1378.2093503937006,49.27349876000005,27.510000000000048,0.16392345778134618,0.13106444605358436,-0.20292645360030806,"{""type"":""Point"",""coordinates"":[72.92747196941572,19.15547911456257]}"
316,25.792490797776452,1626.8181102362205,43.36374218000003,28.210000000000036,0.09200676165177493,0.10134739308728764,-0.1762865634287502,"{""type"":""Point"",""coordinates"":[72.91747018547257,19.06498861866022]}"
318,25.831781808953565,1100.7866141732281,39.42276512000001,27.930000000000007,-0.10304449648711944,0.3832599118942731,-0.3708939708939709,"{""type"":""Point"",""coordinates"":[72.9005868235325,19.040054766798008]}"
319,25.792490797776452,368.0661417322835,32.005661720000035,27.27000000000004,-0.27823240589198034,-0.050455927051671734,0.14691425450573456,"{""type"":""Point"",""coordinates"":[72.90253096814128,19.13213238629706]}"
320,25.792490797776452,1988.7841535433072,49.33160510000005,29.010000000000048,0.07093035733447794,0.0336676217765043,-0.07193264826049275,"{""type"":""Point"",""coordinates"":[72.87722369168206,19.096538778644767]}"
322,25.792490797776452,1219.3373031496062,42.69039224000005,27.630000000000052,-0.05130890052356021,0.3068055039047973,-0.3430154786929104,"{""type"":""Point"",""coordinates"":[72.93868466322753,19.051415098625995]}"
323,25.792490797776452,1243.9268700787402,46.39894393999998,27.410000000000025,0.058358061325420374,0.23521779425393882,-0.31206930498129554,"{""type"":""Point"",""coordinates"":[72.87793455798139,19.131744990042172]}"
331,25.92981787787545,640.319094488189,36.637078820000056,27.970000000000027,-0.30385288966725044,-0.012926748425588332,0.036245954692556634,"{""type"":""Point"",""coordinates"":[72.96328489947939,19.15943946069621]}"
332,25.792490797776452,1341.908661417323,38.70839894000005,28.29000000000002,-0.1135718341851221,0.31456343221049105,-0.3365138865224059,"{""type"":""Point"",""coordinates"":[72.90298972627161,19.0755790250646]}"
340,25.831781808953565,1184.1788385826771,37.37195312000006,27.110000000000014,0.01337295690936107,0.4008438818565401,-0.46196957566052843,"{""type"":""Point"",""coordinates"":[72.9317958124723,19.027093529273444]}"
341,25.527321166992238,1109.5292322834646,45.86915084000003,26.57000000000005,0.02601196272082348,0.4666945957268538,-0.5009646302250804,"{""type"":""Point"",""coordinates"":[72.80313868657298,19.181034301412854]}"
342,25.792490797776452,1173.9898622047244,39.85343564000004,28.130000000000052,-0.02646173348122326,0.2566440349175558,-0.28429817605075336,"{""type"":""Point"",""coordinates"":[72.91255362827198,19.10048399299284]}"
347,25.792490797776452,1396.5425196850395,44.61473750000005,28.210000000000036,0.10130533484676504,0.11357243319268635,-0.17209474463360475,"{""type"":""Point"",""coordinates"":[72.92307147096118,19.06623824038799]}"
349,25.792490797776452,1042.1409448818897,49.49567006000001,28.83000000000004,0.05405405405405406,0.1638217690090889,-0.23674911660777384,"{""type"":""Point"",""coordinates"":[72.8696077931541,19.08897283276117]}"
350,25.831781808953565,1100.3067913385828,32.96612534000002,27.33000000000004,-0.31520869982408445,0.6040569533840453,-0.5490676210209079,"{""type"":""Point"",""coordinates"":[72.8781601228391,19.009162472810363]}"
354,25.92981787787545,1350.7123031496062,40.78313708000002,28.78000000000003,-0.024928483857785042,0.2630518717475239,-0.31194420226678293,"{""type"":""Point"",""coordinates"":[72.96245381454868,19.18080075523944]}"
355,25.792490797776452,1635.3166338582676,45.73926607999999,28.450000000000045,0.14079585165144853,0.12834937083641748,-0.20239785455119105,"{""type"":""Point"",""coordinates"":[72.88218193571812,19.105126678365846]}"
357,25.792490797776452,1213.3146653543306,36.85241408000002,27.970000000000027,-0.05399775676974844,0.2299925205684368,-0.265243316022312,"{""type"":""Point"",""coordinates"":[72.91642013736771,19.11952719176865]}"
360,25.527321166992238,1410.8712598425197,45.31884962000004,26.610000000000014,-0.018780380026513478,0.4642743728167672,-0.5142857142857142,"{""type"":""Point"",""coordinates"":[72.80088232264411,19.174462410189122]}"
361,25.527321166992238,1149.6197834645668,37.72400918000005,27.310000000000002,-0.25979091902012796,0.5013015991074748,-0.49380203515263643,"{""type"":""Point"",""coordinates"":[72.82680811859865,19.175674383397183]}"
363,25.831781808953565,1355.2123031496062,38.16151574000003,27.110000000000014,-0.18514108822478867,0.6288659793814433,-0.6044487427466151,"{""type"":""Point"",""coordinates"":[72.94503992469514,19.031100390755427]}"
364,25.54219236020691,1495.1143700787404,42.47505697999998,27.720000000000027,0.0403869407496977,0.3046194312017097,-0.32576010691613766,"{""type"":""Point"",""coordinates"":[72.9360788299728,19.17397835537009]}"
365,25.831781808953565,1342.0026574803148,42.61861382000001,28.090000000000032,-0.0660829114789985,0.3095798319327731,-0.3448394891266828,"{""type"":""Point"",""coordinates"":[72.88955287024484,19.023862160674184]}"
366,25.831781808953565,1344.1424212598424,41.50092128000006,27.930000000000007,6.781500067815E-4,0.25605182407091714,-0.31219946571682994,"{""type"":""Point"",""coordinates"":[72.89963713204564,19.034318808582427]}"
367,25.54219236020691,1242.9224409448818,35.51596826000002,26.55000000000001,-0.11838475043892652,0.6141176470588235,-0.5925,"{""type"":""Point"",""coordinates"":[72.87107705540008,19.158665428327293]}"
369,25.792490797776452,533.2733267716535,34.41194780000001,26.750000000000057,-0.2928297755883963,-0.022755482002482418,0.1351153423654339,"{""type"":""Point"",""coordinates"":[72.94624060891678,19.090941433620905]}"
372,25.792490797776452,1457.5882874015747,42.87496532,28.370000000000005,0.026728110599078342,0.16556291390728478,-0.22101090188305253,"{""type"":""Point"",""coordinates"":[72.89311924881544,19.08039899606989]}"
376,25.792490797776452,1325.6675196850392,46.19728076000001,28.33000000000004,0.08489795918367347,0.18791946308724833,-0.27628083491461103,"{""type"":""Point"",""coordinates"":[72.89208151720192,19.099150684525934]}"
377,25.792490797776452,1080.371751968504,35.26987082000005,27.870000000000005,-0.011825192802056555,0.2556358996171842,-0.2820846905537459,"{""type"":""Point"",""coordinates"":[72.91811094389892,19.096535863961652]}"
378,25.913450060392677,955.1094488188977,34.53841454000002,27.420000000000016,-0.2144927536231884,0.5379674237210369,-0.4947603121516165,"{""type"":""Point"",""coordinates"":[72.9858388141177,19.062641104364154]}"
379,25.792490797776452,1245.5420275590552,38.87588191999998,27.310000000000002,0.08388954325350086,0.30988023952095806,-0.3875123885034688,"{""type"":""Point"",""coordinates"":[72.93018267716656,19.08074392393406]}"
380,25.831781808953565,1212.4760826771653,41.476995139999985,27.510000000000048,-0.06591337099811675,0.3823032124741687,-0.4055396370582617,"{""type"":""Point"",""coordinates"":[72.86194479933282,19.011127022634003]}"
382,25.92981787787545,1212.2442913385828,43.42526654000005,28.78000000000003,0.018254231662794558,0.1322488038277512,-0.19130084575110753,"{""type"":""Point"",""coordinates"":[72.96591469754942,19.181630127412586]}"
384,25.913450060392677,1004.1409448818897,39.62101028000001,27.230000000000018,-0.19737774627923457,0.47104919460165434,-0.4323866044934294,"{""type"":""Point"",""coordinates"":[72.95370276701203,19.059878798238966]}"
386,25.792490797776452,1220.311220472441,39.658608500000014,26.710000000000036,-0.022374777523518942,0.5059925093632959,-0.5356119915982432,"{""type"":""Point"",""coordinates"":[72.88471868198764,19.13446618235222]}"
387,25.831781808953565,1011.2575787401574,36.872922200000005,26.970000000000027,-0.22212678233980415,0.5285775676837129,-0.4848674598204968,"{""type"":""Point"",""coordinates"":[72.9435655276294,19.026639049600497]}"
388,25.792490797776452,1563.1030511811025,44.12254261999999,28.430000000000007,0.11879248761378039,0.19518674792936397,-0.25810166145747654,"{""type"":""Point"",""coordinates"":[72.85864744340064,19.105782886933405]}"
389,25.792490797776452,1134.155216535433,38.510153779999996,27.650000000000034,-0.0234009360374415,0.18150890534320593,-0.23231058234189106,"{""type"":""Point"",""coordinates"":[72.89788855755819,19.121229874507577]}"
392,25.54219236020691,1304.3038385826771,35.02719139999999,25.890000000000043,-0.05624925674872161,0.5358810306069514,-0.545502001044023,"{""type"":""Point"",""coordinates"":[72.89365355299891,19.180780814641096]}"
393,25.792490797776452,1464.9824803149606,40.84124342000001,27.80000000000001,-0.005811015664477008,0.2881410774955509,-0.32655781406197937,"{""type"":""Point"",""coordinates"":[72.8917265682358,19.123543019439726]}"
395,25.527321166992238,1677.901279527559,43.65085585999998,26.53000000000003,0.061872367994816976,0.22521506134536737,-0.27652071701439906,"{""type"":""Point"",""coordinates"":[72.80927648697627,19.172787286708882]}"
399,25.792490797776452,1253.832874015748,46.38527185999999,27.670000000000016,0.14645103324348607,0.10059857115273219,-0.186264308012487,"{""type"":""Point"",""coordinates"":[72.94063108586421,19.130562875275416]}"
404,25.792490797776452,1339.8195866141732,47.027859620000015,27.670000000000016,0.15298458294900513,0.17944954128440366,-0.24864024864024864,"{""type"":""Point"",""coordinates"":[72.92474348882457,19.147562958006617]}"
405,25.792490797776452,1445.5833661417323,38.21962208000002,28.29000000000002,-0.1863091842555619,0.5647855530474041,-0.563609022556391,"{""type"":""Point"",""coordinates"":[72.85889001565627,19.07292488752408]}"
406,25.792490797776452,1478.0700787401577,45.33252170000003,27.750000000000057,0.07443283201631405,0.12327919566898685,-0.21886539107082914,"{""type"":""Point"",""coordinates"":[72.93364836516005,19.065320469546503]}"
415,25.792490797776452,1546.4224409448818,49.587956599999984,28.83000000000004,0.10214504596527069,0.06368174255029496,-0.1300016069419894,"{""type"":""Point"",""coordinates"":[72.86947858356127,19.09033831125238]}"
416,25.92981787787545,1082.7428149606299,40.246507940000015,28.650000000000034,-0.05346187554776512,0.2676650495676018,-0.3005842891149102,"{""type"":""Point"",""coordinates"":[72.96165631747164,19.172062734301267]}"
418,25.92981787787545,809.3870078740158,33.22931288000001,28.130000000000052,-0.19700214132762311,0.538673272777319,-0.49026926153025857,"{""type"":""Point"",""coordinates"":[72.98017857732366,19.16731616469179]}"
422,25.92981787787545,928.1094488188975,33.26007506000002,27.500000000000057,-0.3311499272197962,0.6845498503338706,-0.6026286966046002,"{""type"":""Point"",""coordinates"":[72.98378372996602,19.156557240683057]}"
423,25.792490797776452,1164.8520669291338,41.44965098,28.07000000000005,-0.01680806787257884,0.20806390262457208,-0.2834916144675692,"{""type"":""Point"",""coordinates"":[72.91723867339523,19.10612328308316]}"
425,25.527321166992238,978.024311023622,36.613152679999985,26.610000000000014,-0.2062618269396181,0.5582222222222222,-0.5220316909051443,"{""type"":""Point"",""coordinates"":[72.79693225904913,19.169577020204475]}"
428,25.831781808953565,1357.555807086614,41.09417689999998,28.210000000000036,-0.02197642264590307,0.16838602329450916,-0.21909722222222222,"{""type"":""Point"",""coordinates"":[72.86840201593337,19.040340944677983]}"
429,25.792490797776452,1073.6291338582678,42.39986054000002,27.420000000000016,-3.5174111853675694E-4,0.2206008583690987,-0.27447904996639033,"{""type"":""Point"",""coordinates"":[72.94980272182178,19.14311518586372]}"
432,25.92981787787545,1321.5641732283461,43.15182493999998,28.470000000000027,-0.10078782939418636,0.3890983887555708,-0.3817561807331628,"{""type"":""Point"",""coordinates"":[72.9907052740014,19.176813470078418]}"
434,25.92981787787545,1023.6448818897636,39.022856779999984,28.650000000000034,0.009626492106276472,0.15284625728372928,-0.22069292833412435,"{""type"":""Point"",""coordinates"":[72.95600515510122,19.174731155519527]}"
436,25.792490797776452,1211.0425196850395,39.35782274000002,26.930000000000007,-0.10578947368421053,0.5565845526949436,-0.5588944537191616,"{""type"":""Point"",""coordinates"":[72.86628441140644,19.142707526499134]}"
437,25.54219236020691,1333.823523622047,47.85160244000002,27.950000000000045,0.06169772256728778,0.18493986404043924,-0.2579570688378979,"{""type"":""Point"",""coordinates"":[72.86136477163572,19.1782444317706]}"
442,25.54219236020691,1292.3023622047244,39.05703698000002,28.090000000000032,-0.08561129468308802,0.25095188646590516,-0.29418084153983887,"{""type"":""Point"",""coordinates"":[72.85109193291179,19.171201123061373]}"
443,25.54219236020691,1374.5164370078742,40.43449903999999,28.090000000000032,0.013333333333333334,0.10540449815374286,-0.15787623066104078,"{""type"":""Point"",""coordinates"":[72.85731092876847,19.183159870665687]}"
444,25.792490797776452,1379.908661417323,46.915064959999995,27.83000000000004,0.21563551643800155,0.12263801407928862,-0.19833893612813921,"{""type"":""Point"",""coordinates"":[72.92276448401404,19.13980798667778]}"
446,25.831781808953565,1063.201968503937,35.14682210000001,27.33000000000004,-0.2532851511169514,0.5680230168516235,-0.5105919619877252,"{""type"":""Point"",""coordinates"":[72.88405822071925,19.014820729673065]}"
447,25.831781808953565,1654.7767716535434,41.27874998000004,27.510000000000048,-0.03261117445838085,0.2852682372977576,-0.3060282665128353,"{""type"":""Point"",""coordinates"":[72.8604468384122,19.013942550311317]}"
448,25.792490797776452,1302.3496062992124,40.04142674000002,27.670000000000016,-0.039030955585464336,0.3644397313538353,-0.37980339588918677,"{""type"":""Point"",""coordinates"":[72.93513653613172,19.1284205212129]}"
450,25.913450060392677,868.082874015748,32.27910331999999,26.870000000000005,-0.1867579908675799,0.3589542483660131,-0.2882280049566295,"{""type"":""Point"",""coordinates"":[72.97910892671217,19.125722425498026]}"
451,25.792490797776452,798.5287401574802,34.54866860000004,26.910000000000025,-0.40663390663390664,0.19801203243526028,-0.18683596786732315,"{""type"":""Point"",""coordinates"":[72.9362969767639,19.07580922414797]}"
452,25.527321166992238,1788.1817913385826,42.98434196000005,26.750000000000057,0.1229144041860006,0.1640461215932914,-0.2366369710467706,"{""type"":""Point"",""coordinates"":[72.8210318934254,19.155406516501397]}"
455,25.54219236020691,1217.5991141732284,46.59377108000001,28.090000000000032,0.13006993006993006,0.09678683385579938,-0.18903993203058625,"{""type"":""Point"",""coordinates"":[72.85883868294007,19.179892266307615]}"
457,25.831781808953565,1106.2403543307087,38.73232508000001,27.970000000000027,0.046224417784050814,0.12883691793693883,-0.18163934426229508,"{""type"":""Point"",""coordinates"":[72.85763632798593,19.034357192651356]}"
458,25.54219236020691,1392.8879921259843,42.782678780000026,28.57000000000005,-0.011821601289629231,0.25533333333333336,-0.30514642176399237,"{""type"":""Point"",""coordinates"":[72.94354641191515,19.166966245550714]}"
459,25.54219236020691,1200.6325787401574,36.96862676000001,25.730000000000018,-0.10422387864522034,0.5674772600705402,-0.5573589081519734,"{""type"":""Point"",""coordinates"":[72.91067527812667,19.176367150115123]}"
460,25.54219236020691,1324.8786417322835,35.608254800000054,25.950000000000045,-0.07478707268696769,0.5760479041916168,-0.5518867924528302,"{""type"":""Point"",""coordinates"":[72.8932757803026,19.172316132859546]}"
461,25.792490797776452,1492.3437007874015,50.18269208000004,28.660000000000025,0.15632643984878808,0.20444444444444446,-0.3008743356763244,"{""type"":""Point"",""coordinates"":[72.87311124470678,19.085698050921113]}"
462,25.792490797776452,1398.3998031496064,40.39006477999999,28.29000000000002,0.07144948755490484,0.09799168975069251,-0.1545603495357728,"{""type"":""Point"",""coordinates"":[72.91020085758511,19.066341842384308]}"
463,25.792490797776452,1478.5139763779528,46.159682540000006,28.130000000000052,0.1720483115602662,0.13710223425863236,-0.19814517567326556,"{""type"":""Point"",""coordinates"":[72.91381257144185,19.107472174801575]}"
465,25.831781808953565,1218.8072834645668,41.723092580000014,27.980000000000018,-0.02037567653613499,0.20806633999246135,-0.250975800156128,"{""type"":""Point"",""coordinates"":[72.89012002242994,19.030093911957135]}"
466,25.792490797776452,1086.2521653543306,36.29869484000005,27.630000000000052,-0.3090851334180432,0.6182996269389358,-0.5648376685019936,"{""type"":""Point"",""coordinates"":[72.947009642264,19.056752484756224]}"
469,25.527321166992238,1599.1311023622047,47.239776860000006,26.620000000000005,0.10015340784571554,0.1684689812179852,-0.2608628896054046,"{""type"":""Point"",""coordinates"":[72.82113188184239,19.159088657355362]}"
472,25.831781808953565,1235.1517716535434,42.64937600000002,27.910000000000025,-0.11149425287356322,0.42049210429673156,-0.4371168493405164,"{""type"":""Point"",""coordinates"":[72.93052626654136,19.046585849094242]}"
474,25.54219236020691,1248.580905511811,36.637078820000056,26.220000000000027,-0.11199181794937356,0.5200978678783642,-0.5479622708667022,"{""type"":""Point"",""coordinates"":[72.87101456590524,19.15231579961412]}"
475,25.54219236020691,1512.686712598425,42.94332572000002,26.880000000000052,0.06901648664013645,0.24173491052471943,-0.3142857142857143,"{""type"":""Point"",""coordinates"":[72.85877776412498,19.151860390043005]}"
476,25.527321166992238,1558.6025590551178,44.26951747999999,26.53000000000003,0.14351627003399708,0.10790010994188785,-0.16077011683396414,"{""type"":""Point"",""coordinates"":[72.80936417768666,19.173106557350135]}"
480,25.792490797776452,1243.2866141732284,42.30073795999999,27.83000000000004,0.10524691358024692,0.14994049980166602,-0.2016580310880829,"{""type"":""Point"",""coordinates"":[72.92981803237836,19.14695297637283]}"
482,25.792490797776452,1543.6680118110237,42.58443362000003,28.07000000000005,0.07338357794525982,0.10518845607948273,-0.15949702183984116,"{""type"":""Point"",""coordinates"":[72.9077792220493,19.085163504482033]}"
483,25.792490797776452,1104.688188976378,32.65166750000003,26.910000000000025,-0.3766114180478821,0.7164179104477612,-0.6383561643835617,"{""type"":""Point"",""coordinates"":[72.93542392412098,19.075430116176307]}"
485,25.831781808953565,1162.7506889763781,40.43791706000002,27.390000000000043,-0.1252263546454938,0.5685436893203883,-0.5253021148036254,"{""type"":""Point"",""coordinates"":[72.94407522229689,19.037842085682467]}"
487,25.54219236020691,1251.1621062992124,40.331958439999994,26.220000000000027,-0.08463698355395106,0.4778648205501913,-0.4838119626852021,"{""type"":""Point"",""coordinates"":[72.86941049361157,19.15507571822856]}"
496,25.792490797776452,1651.5843503937008,47.64310322000006,28.670000000000016,0.09606546351305907,0.13178947368421054,-0.21427495859057372,"{""type"":""Point"",""coordinates"":[72.85212943593997,19.08655977846106]}"
498,25.54219236020691,1072.5267716535432,38.209368020000056,26.04000000000002,-0.13466003316749586,0.39889593130239215,-0.371967114497694,"{""type"":""Point"",""coordinates"":[72.90504055577753,19.159785341272464]}"
500,25.792490797776452,1442.940157480315,42.57759758000003,27.910000000000025,-0.05062325108114984,0.31069501745477623,-0.3352731975428387,"{""type"":""Point"",""coordinates"":[72.8719339367678,19.130546328427798]}"
501,25.831781808953565,1352.006594488189,40.608818059999976,27.500000000000057,0.011377325659215634,0.2730093071354705,-0.3149367990030265,"{""type"":""Point"",""coordinates"":[72.86026489462354,19.002668903599957]}"
504,25.913450060392677,969.5444881889763,32.78497028000004,26.32000000000005,-0.16929133858267717,0.3765932792584009,-0.34328358208955223,"{""type"":""Point"",""coordinates"":[72.96677060625288,19.120960665272463]}"
510,25.54219236020691,1094.549901574803,42.70064630000002,27.74000000000001,0.0499345427342435,0.0870960838861545,-0.1374832064487237,"{""type"":""Point"",""coordinates"":[72.85638419753867,19.157170851498424]}"
511,25.792490797776452,1644.7521653543308,45.458988439999985,28.28000000000003,0.010874025441116127,0.31416110126754804,-0.39214553855038986,"{""type"":""Point"",""coordinates"":[72.85422003280672,19.072987550588607]}"
512,25.527321166992238,1288.2024606299212,42.77926076000006,27.930000000000007,-0.012196914033798677,0.21417239555790588,-0.2788711474192351,"{""type"":""Point"",""coordinates"":[72.8486939256898,19.174921216568404]}"
513,25.54219236020691,1212.695570866142,38.68105478000001,25.730000000000018,0.011885399724759164,0.5110005739429884,-0.5297307766802247,"{""type"":""Point"",""coordinates"":[72.91362364948255,19.183387634889378]}"
515,25.527321166992238,953.211811023622,35.97740096000001,26.510000000000048,-0.22411990240501917,0.5956383462062699,-0.549183943537715,"{""type"":""Point"",""coordinates"":[72.79362470213157,19.152337216252715]}"
517,25.792490797776452,1834.9977362204722,42.167435179999984,28.27000000000004,0.013339024650517554,0.16993546754397065,-0.22723652774090788,"{""type"":""Point"",""coordinates"":[72.85329837110356,19.109286302285284]}"
521,25.831781808953565,1643.0838582677168,37.78211552000005,27.510000000000048,0.034375647131911366,0.2693616442085205,-0.3822439602786424,"{""type"":""Point"",""coordinates"":[72.91466849336769,19.02499917649305]}"
523,25.792490797776452,1308.2905511811025,40.35930259999998,28.150000000000034,0.029289940828402368,0.18276856524873827,-0.2147352832284339,"{""type"":""Point"",""coordinates"":[72.85295506816327,19.062769106638907]}"
526,25.831781808953565,932.977559055118,36.01158115999999,27.83000000000004,-0.25966052726616107,0.6230805025593299,-0.5599284436493739,"{""type"":""Point"",""coordinates"":[72.85089590476126,19.048914243575428]}"
527,25.527321166992238,1436.6227362204725,47.991741260000026,27.33000000000004,0.1249177306831644,0.1395269112101474,-0.19439453826805606,"{""type"":""Point"",""coordinates"":[72.83743300458585,19.16955888176488]}"
528,25.792490797776452,1707.8658464566927,48.357469400000014,28.670000000000016,0.12122911293035775,0.10071639275179098,-0.1756939234808702,"{""type"":""Point"",""coordinates"":[72.85004852562388,19.083919895250123]}"
530,25.913450060392677,748.0543307086614,31.414344260000007,26.950000000000045,-0.35794655414908577,0.11232718894009217,-0.1078600114744693,"{""type"":""Point"",""coordinates"":[72.97713975912825,19.102116165020874]}"
532,25.792490797776452,1833.4874015748032,36.72936536000003,27.650000000000034,-0.379171986138975,0.7363949483352469,-0.661978021978022,"{""type"":""Point"",""coordinates"":[72.9025504647747,19.120256876339035]}"
534,25.792490797776452,1441.2063976377951,43.54489724000001,28.460000000000036,0.05823265915569431,0.15344970906068162,-0.21166608452672023,"{""type"":""Point"",""coordinates"":[72.87317964093525,19.07447739959626]}"
536,25.792490797776452,1568.873720472441,47.41067786000002,28.370000000000005,0.09782224838140083,0.17762753534111864,-0.23952773734433122,"{""type"":""Point"",""coordinates"":[72.8884389059067,19.091168060175583]}"
537,25.54219236020691,1222.7152559055116,40.11662318000003,26.190000000000055,-0.06291256904216624,0.4392557460780737,-0.47201492537313433,"{""type"":""Point"",""coordinates"":[72.87875288449519,19.15354623924056]}"
539,25.54219236020691,1433.7482283464565,39.884197820000054,26.010000000000048,0.06376429199648197,0.35821371610845293,-0.47693374956642387,"{""type"":""Point"",""coordinates"":[72.898187264271,19.162905121785116]}"
540,25.54219236020691,1407.9672244094486,40.57805588000002,27.720000000000027,-0.007604103802051901,0.427008547008547,-0.4551159142408924,"{""type"":""Point"",""coordinates"":[72.93163262864395,19.17172013591121]}"
543,25.792490797776452,337.43129921259845,32.75420810000003,27.670000000000016,-0.19693654266958424,-0.19440353460972018,0.39658025372311084,"{""type"":""Point"",""coordinates"":[72.91973301778312,19.14973680229362]}"
548,25.792490797776452,1253.328937007874,38.84170172000006,28.32000000000005,-2.983293556085919E-4,0.248557065723329,-0.29185128106337893,"{""type"":""Point"",""coordinates"":[72.90283621626303,19.07086034780734]}"
549,25.913450060392677,958.1424212598425,33.0447398,26.32000000000005,-0.1860419525583219,0.4105852179995337,-0.35863462834044463,"{""type"":""Point"",""coordinates"":[72.96609223753609,19.118201351187697]}"
550,25.831781808953565,1180.5459645669291,40.229417839999996,27.79000000000002,-0.019127773527161437,0.25921724333522406,-0.3338674143801322,"{""type"":""Point"",""coordinates"":[72.89853913603311,19.022627525515464]}"
553,25.831781808953565,1214.125688976378,39.132233420000034,27.33000000000004,-0.11658600967883855,0.3780995475113122,-0.40298507462686567,"{""type"":""Point"",""coordinates"":[72.87983640410171,19.013282457768895]}"
554,25.792490797776452,1404.832874015748,40.742120839999984,28.07000000000005,0.037350452290633204,0.09383289124668436,-0.15876361081840534,"{""type"":""Point"",""coordinates"":[72.91019962002434,19.092202193405456]}"
555,25.897780890213824,970.5636811023621,37.90174622000001,26.970000000000027,-0.1660918497004901,0.43585158694680376,-0.4342487162313016,"{""type"":""Point"",""coordinates"":[72.95043905033698,19.029831365386656]}"
558,25.792490797776452,1465.6990157480316,41.69574842000003,28.010000000000048,0.012361576100952872,0.1991869918699187,-0.26776859504132233,"{""type"":""Point"",""coordinates"":[72.92220365377453,19.05414060124476]}"
559,25.54219236020691,1470.3500984251968,45.37011991999998,27.350000000000023,0.11871976181615185,0.1993921998987,-0.2562334217506631,"{""type"":""Point"",""coordinates"":[72.93777708466216,19.177608290767825]}"
562,25.92981787787545,1199.2944881889764,40.195237640000016,28.78000000000003,-0.03261854424645122,0.30421514400152583,-0.34025872206977653,"{""type"":""Point"",""coordinates"":[72.95887587242271,19.179398721570013]}"
565,25.831781808953565,1227.5213582677163,39.77823920000003,27.210000000000036,0.04711380573449539,0.4199134199134199,-0.5018913000199084,"{""type"":""Point"",""coordinates"":[72.91845801689303,19.028784370553716]}"
568,25.913450060392677,1805.8525590551183,44.51219690000005,27.640000000000043,0.03487696182910289,0.20868721184178599,-0.33861865090029564,"{""type"":""Point"",""coordinates"":[72.99064150790933,19.149989405473598]}"
569,25.831781808953565,1802.3215551181102,44.57713927999998,27.29000000000002,0.019065257653339145,0.14249460728333968,-0.20729418074550818,"{""type"":""Point"",""coordinates"":[72.94399695178144,19.046495125700705]}"
570,25.831781808953565,1268.6773622047244,37.82654978000005,27.630000000000052,0.004735792622133599,0.4314393260440939,-0.49159506910720957,"{""type"":""Point"",""coordinates"":[72.89986668624573,19.025706553324614]}"
572,25.54219236020691,1156.817125984252,36.61657070000001,26.680000000000007,-0.27704918032786885,0.7466367713004485,-0.6773730486273103,"{""type"":""Point"",""coordinates"":[72.86362069038213,19.160107076634638]}"
573,25.54219236020691,1286.0390748031496,42.00337022000002,26.880000000000052,0.05474942080234118,0.3679195341450503,-0.45359084942808925,"{""type"":""Point"",""coordinates"":[72.86356544179495,19.15111920756957]}"
579,25.792490797776452,1347.276279527559,35.61509083999999,27.49000000000001,0.15237964613907556,0.11211085117869354,-0.18458884416331225,"{""type"":""Point"",""coordinates"":[72.92331681044436,19.097006813952632]}"
580,25.792490797776452,1447.7044291338582,42.21870548000004,28.170000000000016,-0.016838532828612453,0.22793190416141235,-0.27245998039856256,"{""type"":""Point"",""coordinates"":[72.85401917038347,19.128988143316434]}"
581,25.92981787787545,1368.0248031496062,46.699729700000034,28.130000000000052,0.10913705583756345,0.20763805264063306,-0.2935323383084577,"{""type"":""Point"",""coordinates"":[72.98731687264363,19.17397939181148]}"
582,25.792490797776452,1321.6251968503939,42.99459602000002,28.07000000000005,0.02302357836338419,0.23970432946145723,-0.296759941089838,"{""type"":""Point"",""coordinates"":[72.91200858002074,19.0884247994299]}"
583,25.792490797776452,1660.4229330708663,48.682181300000025,28.660000000000025,0.09503580531617915,0.0477796514896009,-0.10836925821317081,"{""type"":""Point"",""coordinates"":[72.87747539525803,19.09151693659918]}"
584,25.792490797776452,1238.1616141732284,40.1713115,26.930000000000007,0.033483258370814596,0.4267797860568056,-0.5097580015612803,"{""type"":""Point"",""coordinates"":[72.8732014328952,19.15010017371985]}"
585,25.527321166992238,1018.8082677165355,39.94572218000002,26.510000000000048,-0.2143562726374712,0.5733788395904437,-0.5353871773522065,"{""type"":""Point"",""coordinates"":[72.79146997168246,19.153070747019115]}"
586,25.792490797776452,1069.3806102362205,46.85695862,28.140000000000043,0.07432047139327125,0.075292559063811,-0.14078238463340362,"{""type"":""Point"",""coordinates"":[72.85439597470526,19.1403437250945]}"
587,25.831781808953565,1366.5095472440946,41.770944859999986,28.180000000000007,0.006841357945010972,0.311849957374254,-0.36539485359361135,"{""type"":""Point"",""coordinates"":[72.86721675204163,19.048272954050883]}"
588,25.792490797776452,1052.911122047244,43.66452794000003,27.560000000000002,0.011404000747803327,0.15990348760693135,-0.21703107019562715,"{""type"":""Point"",""coordinates"":[72.93495341991134,19.05908633059369]}"
596,25.792490797776452,1135.3284448818897,34.514488400000005,27.890000000000043,0.04834228560844601,0.0773747116795974,-0.13146883946267343,"{""type"":""Point"",""coordinates"":[72.92797173716919,19.125430684889373]}"
597,25.792490797776452,1277.8013779527557,40.57463786000005,28.49000000000001,-0.04911764705882353,0.2517985611510791,-0.29168929929386206,"{""type"":""Point"",""coordinates"":[72.87166701933721,19.115002366239782]}"
598,25.831781808953565,1277.830413385827,40.40715488000001,27.83000000000004,0.04411095952705776,0.17299107142857142,-0.22209302325581395,"{""type"":""Point"",""coordinates"":[72.85281278271299,19.047035420702212]}"
601,25.792490797776452,1393.1247047244094,47.15090834,27.750000000000057,0.1002979145978153,0.10085054678007291,-0.17553290083410567,"{""type"":""Point"",""coordinates"":[72.93013048691923,19.061421054693387]}"
602,25.831781808953565,1294.3279527559055,37.10534756000004,27.390000000000043,-0.07966825835637095,0.5261101243339253,-0.504465067413763,"{""type"":""Point"",""coordinates"":[72.9401398283969,19.036109588833465]}"
604,25.913450060392677,923.7506889763779,31.944137360000013,26.810000000000002,-0.35217478452595713,0.5884153520131857,-0.5095099574848959,"{""type"":""Point"",""coordinates"":[72.95332817443196,19.09229439901869]}"
608,25.792490797776452,1085.2620078740156,38.26747436000005,27.05000000000001,0.002288329519450801,0.07876288659793815,-0.11770989104892117,"{""type"":""Point"",""coordinates"":[72.94156415318245,19.069634805744585]}"
611,25.792490797776452,1292.1330708661417,45.66065162000001,27.950000000000045,0.021949078138718173,0.22283205268935236,-0.26590909090909093,"{""type"":""Point"",""coordinates"":[72.928983435668,19.122618864729766]}"
612,25.792490797776452,347.35206692913385,33.36603367999999,27.170000000000016,-0.10825132475397427,-0.0167897918065816,0.12960760998810938,"{""type"":""Point"",""coordinates"":[72.89687629643943,19.126231338441205]}"
614,25.792490797776452,1526.8988188976377,40.86516956000003,26.910000000000025,0.07199787460148778,0.04863404383068148,-0.13225283630470017,"{""type"":""Point"",""coordinates"":[72.9348502675168,19.080158639072703]}"
615,25.792490797776452,1095.866338582677,32.75079008,27.610000000000014,-0.3504457423916385,0.7046953822273962,-0.6327820107786657,"{""type"":""Point"",""coordinates"":[72.93574699297835,19.073700253848116]}"
619,25.792490797776452,1010.8299212598424,39.08096311999998,27.560000000000002,-0.15917667238421956,0.49084491506728434,-0.46817293069737126,"{""type"":""Point"",""coordinates"":[72.94194108140017,19.063669602571064]}"
632,25.792490797776452,1237.082874015748,43.175751080000055,28.02000000000004,-0.02262443438914027,0.2595207133568642,-0.30661013682790517,"{""type"":""Point"",""coordinates"":[72.88251118613813,19.117587961697332]}"
633,25.792490797776452,1375.453937007874,38.592186260000005,28.250000000000057,-0.04939626783754116,0.2719108598037585,-0.31273601098523857,"{""type"":""Point"",""coordinates"":[72.90500374638167,19.05673337049766]}"
634,25.831781808953565,1323.1857283464565,46.31349344,27.79000000000002,0.00988929889298893,0.13791348600508907,-0.21301989150090417,"{""type"":""Point"",""coordinates"":[72.90469891470418,19.019236979670566]}"
635,25.792490797776452,525.9741141732283,33.318181400000014,27.560000000000002,-0.21649484536082475,0.04230590423059042,0.026064291920069503,"{""type"":""Point"",""coordinates"":[72.94015396944924,19.060024056602565]}"
636,25.92981787787545,1661.3673228346456,40.22599982000003,28.710000000000036,-0.06208942572578936,0.32522474881015334,-0.4082607474009553,"{""type"":""Point"",""coordinates"":[72.95322331422464,19.181777975398052]}"
637,25.792490797776452,1096.4706692913385,37.84705789999998,27.670000000000016,-0.10508922670191673,0.36993035641130684,-0.38553967267453904,"{""type"":""Point"",""coordinates"":[72.9412704672664,19.12714528291784]}"
639,25.792490797776452,336.95590551181107,31.71513002000006,27.55000000000001,-0.22105263157894736,-0.19220055710306408,0.40755873340143,"{""type"":""Point"",""coordinates"":[72.91441840590495,19.15028016137857]}"
640,25.792490797776452,1203.746751968504,38.821193600000015,28.100000000000023,-0.20390243902439023,0.5896209054103791,-0.5505295279124035,"{""type"":""Point"",""coordinates"":[72.91818289348056,19.07191616928286]}"
641,25.792490797776452,1253.0951771653542,38.363178919999996,26.400000000000034,-0.16451738960531456,0.5856686768357574,-0.5670464504820333,"{""type"":""Point"",""coordinates"":[72.88892712226857,19.136268048723753]}"
642,25.792490797776452,1269.4047244094486,45.07617019999998,28.29000000000002,-0.057692307692307696,0.27043354655294954,-0.30856515373352855,"{""type"":""Point"",""coordinates"":[72.90652617551977,19.059912733112068]}"
647,25.792490797776452,1509.4942913385826,45.927257180000026,28.660000000000025,0.079960019990005,0.15242566510172145,-0.22692435854715096,"{""type"":""Point"",""coordinates"":[72.88097028796592,19.086656598616635]}"
649,25.54219236020691,1394.600590551181,40.605400040000006,28.090000000000032,-0.05084261639531562,0.18600902643455836,-0.23497818059751593,"{""type"":""Point"",""coordinates"":[72.85529191487849,19.177966297295644]}"
650,25.527321166992238,1046.9022637795276,33.694163600000024,26.600000000000023,-0.3652359809241901,0.6754793138244197,-0.5956179127426485,"{""type"":""Point"",""coordinates"":[72.8040004209051,19.154606156080288]}"
652,25.792490797776452,1367.417027559055,44.43358244000001,28.58000000000004,-0.02772597289568569,0.37835584458896115,-0.42837394159322617,"{""type"":""Point"",""coordinates"":[72.87803870792568,19.104220108189534]}"
653,25.792490797776452,1418.5518700787402,37.09509350000002,27.190000000000055,-0.1574608408903545,0.5587628865979382,-0.520891364902507,"{""type"":""Point"",""coordinates"":[72.91473766242022,19.13470211876207]}"
655,25.792490797776452,1442.4337598425197,39.819255440000006,28.07000000000005,0.05527767089906374,0.18329317269076306,-0.2656357388316151,"{""type"":""Point"",""coordinates"":[72.911160328486,19.096250553483152]}"
657,25.54219236020691,1350.131594488189,36.70885724000004,26.05000000000001,-0.07452907452907453,0.511520737327189,-0.5404226769540422,"{""type"":""Point"",""coordinates"":[72.88864799221061,19.167172040589403]}"
659,25.792490797776452,1259.9731299212597,42.87496532,28.49000000000001,0.0011299435028248588,0.12693498452012383,-0.18294781112597974,"{""type"":""Point"",""coordinates"":[72.89224839972883,19.06576651487359]}"
663,25.897780890213824,1407.2088582677168,42.553671440000016,27.120000000000005,0.06912325285895807,0.22181454302868578,-0.2823385261683879,"{""type"":""Point"",""coordinates"":[72.95058523761058,19.036179202850345]}"
667,25.831781808953565,1287.9780511811023,35.91587660000005,27.210000000000036,-0.09598470363288719,0.477319587628866,-0.5041987403778866,"{""type"":""Point"",""coordinates"":[72.92445167626259,19.026205065298694]}"
668,25.913450060392677,1022.9933070866142,32.17314470000002,26.700000000000045,-0.3341208234897064,0.6529374869328873,-0.5830997196635963,"{""type"":""Point"",""coordinates"":[72.97169758788996,19.137697034291207]}"
669,25.92981787787545,957.1842519685039,38.25380228000006,27.110000000000014,-0.09925373134328358,0.37953640833528446,-0.366102480871783,"{""type"":""Point"",""coordinates"":[72.97682109288282,19.16561251427039]}"
671,25.831781808953565,1069.8904527559057,37.61805056000003,27.110000000000014,-0.05389044736453566,0.5171094580233794,-0.5177546247076334,"{""type"":""Point"",""coordinates"":[72.93860569724575,19.032349103571242]}"
672,25.831781808953565,1378.9524606299212,44.177230940000015,27.850000000000023,0.1325071496663489,0.12643678160919541,-0.19400187441424555,"{""type"":""Point"",""coordinates"":[72.87133587722951,19.020510324775717]}"
673,25.92981787787545,1191.4027559055119,42.194779340000025,28.560000000000002,-0.055985153108567894,0.30454719144058084,-0.3346364347146208,"{""type"":""Point"",""coordinates"":[72.96874687604661,19.177308541873355]}"
676,25.831781808953565,1336.7772637795276,40.147385360000044,27.390000000000043,-0.1129248385917895,0.5362367580292584,-0.5241908575241908,"{""type"":""Point"",""coordinates"":[72.94117304194928,19.038884887899535]}"
677,25.54219236020691,1350.131594488189,36.70885724000004,26.05000000000001,-0.07452907452907453,0.511520737327189,-0.5404226769540422,"{""type"":""Point"",""coordinates"":[72.88894225722343,19.16652576976419]}"
680,25.831781808953565,1196.6242125984252,41.61371594000002,27.850000000000023,-0.16436781609195403,0.48479296445584463,-0.49244935543278084,"{""type"":""Point"",""coordinates"":[72.84997159115936,19.032827965543692]}"
685,25.792490797776452,1211.590748031496,41.02581650000002,26.930000000000007,0.06515353805073432,0.3393267023718439,-0.409987917841321,"{""type"":""Point"",""coordinates"":[72.87055179110068,19.149947764095838]}"
686,25.54219236020691,1371.4327755905513,43.55856932000006,25.890000000000043,0.030767471119752945,0.4078750623027081,-0.4908515130190007,"{""type"":""Point"",""coordinates"":[72.90234326193483,19.17096668042017]}"
687,25.831781808953565,1330.0740157480311,41.69233040000006,27.970000000000027,0.06181015452538632,0.2007769733356878,-0.24977026281933468,"{""type"":""Point"",""coordinates"":[72.85576106100365,19.03561370791754]}"
688,25.792490797776452,1394.9573818897636,40.51994954000003,28.610000000000014,-0.03117767188563649,0.22655870445344128,-0.2785280216070223,"{""type"":""Point"",""coordinates"":[72.8524539373385,19.09793117361271]}"
689,25.831781808953565,1360.281200787402,39.28604432000003,28.180000000000007,-0.027950760318609703,0.19213973799126638,-0.2441717791411043,"{""type"":""Point"",""coordinates"":[72.86975472194732,19.043022695008617]}"
692,25.831781808953565,1207.540059055118,42.29731994000002,27.810000000000002,-0.016588038350327194,0.2799386855719487,-0.3253968253968254,"{""type"":""Point"",""coordinates"":[72.86182983534738,19.022620831414486]}"
693,25.831781808953565,1093.9588582677166,38.7015629,27.950000000000045,-0.10141587092525518,0.36977886977886976,-0.39578552055080324,"{""type"":""Point"",""coordinates"":[72.86258743990984,19.031207838004025]}"
696,25.54219236020691,1268.6074803149609,37.89832820000004,28.03000000000003,-0.04161640530759952,0.25349301397205587,-0.2892870474057484,"{""type"":""Point"",""coordinates"":[72.94594384907816,19.181143908412732]}"
697,25.792490797776452,1236.641437007874,43.555151300000034,28.53000000000003,0.004649767511624419,0.23345724907063198,-0.2948292682926829,"{""type"":""Point"",""coordinates"":[72.9049584243311,19.060612057558114]}"
700,25.831781808953565,1272.6148622047244,34.8221102,26.650000000000034,-0.21330477510394355,0.6594864725142168,-0.577653997378768,"{""type"":""Point"",""coordinates"":[72.92461940443619,19.02258985090504]}"
702,25.54219236020691,1258.9706692913385,36.87975824,26.04000000000002,-0.09950617283950618,0.5832888888888889,-0.5698924731182796,"{""type"":""Point"",""coordinates"":[72.89986437814876,19.166006307776716]}"
705,25.792490797776452,1295.2487204724407,39.14932352000005,27.970000000000027,0.006152637779814112,0.3256504277981491,-0.4017725258493353,"{""type"":""Point"",""coordinates"":[72.9225195061119,19.12234916285254]}"
706,25.831781808953565,1221.0070866141732,44.95312148000005,28.150000000000034,0.06771706335903453,0.05641025641025641,-0.12250252270433905,"{""type"":""Point"",""coordinates"":[72.89710896343709,19.01313117547475]}"
708,25.831781808953565,1778.8264763779528,42.044386460000055,27.500000000000057,0.01724322587554889,0.20467375607194432,-0.25974739154310816,"{""type"":""Point"",""coordinates"":[72.85801826099443,19.00460471532643]}"
711,25.792490797776452,1606.0661417322833,45.780282320000026,27.99000000000001,0.13152676801057503,0.23149015932521086,-0.28949950932286556,"{""type"":""Point"",""coordinates"":[72.89942510535349,19.09684902689285]}"
712,25.792490797776452,1191.7807086614175,40.42082696,26.710000000000036,-0.008940310281356823,0.4631077216396568,-0.5106299212598425,"{""type"":""Point"",""coordinates"":[72.88457427382198,19.14038274285587]}"
713,25.54219236020691,1215.7974409448818,36.54137426,26.04000000000002,-0.06904400606980274,0.5769445998880806,-0.5629506378258459,"{""type"":""Point"",""coordinates"":[72.90042119003914,19.163890391000105]}"
715,25.913450060392677,928.8840551181102,34.00178540000002,26.730000000000018,-0.2106038291605302,0.576978417266187,-0.535372402521597,"{""type"":""Point"",""coordinates"":[72.96158684415775,19.126502072218674]}"
718,25.897780890213824,1060.9534448818897,34.37776760000003,27.230000000000018,-0.2696245733788396,0.5949367088607594,-0.530564263322884,"{""type"":""Point"",""coordinates"":[72.95894352549526,19.04655093742925]}"
720,25.792490797776452,1140.377657480315,41.82905119999998,28.29000000000002,0.06175476063356469,0.09105960264900662,-0.13522825150732126,"{""type"":""Point"",""coordinates"":[72.9103849222507,19.06487019625987]}"
724,25.792490797776452,1242.3998031496062,37.327518860000055,28.32000000000005,-0.146875,0.5717344753747323,-0.5550847457627118,"{""type"":""Point"",""coordinates"":[72.87916998108855,19.054200963365023]}"
726,25.792490797776452,1373.3825787401574,38.298236540000005,28.32000000000005,0.01210441884205921,0.13145147820277267,-0.19134716848399577,"{""type"":""Point"",""coordinates"":[72.8772419737155,19.050530220941535]}"
728,25.792490797776452,1180.757086614173,40.08586100000002,27.900000000000034,-0.046248382923673996,0.2427967729542835,-0.2799208704253215,"{""type"":""Point"",""coordinates"":[72.93968236908394,19.1445644821298]}"
730,25.897780890213824,1321.7501968503939,42.76217066000004,27.120000000000005,0.002849002849002849,0.2323943661971831,-0.2745812090313183,"{""type"":""Point"",""coordinates"":[72.95213822136914,19.037780930259956]}"
731,25.527321166992238,1137.863877952756,33.55744279999999,26.53000000000003,-0.3902118334550767,0.747016706443914,-0.6592850915431561,"{""type"":""Point"",""coordinates"":[72.81063304480126,19.1677830490685]}"
732,25.792490797776452,1272.8712598425197,43.20651326000001,28.410000000000025,-0.05418041804180418,0.3577754162238753,-0.3825067628494139,"{""type"":""Point"",""coordinates"":[72.89186174538376,19.073923111008558]}"
735,25.792490797776452,1983.2752952755905,48.28227296,27.560000000000002,0.09288702928870293,0.1336277016035324,-0.23932926829268292,"{""type"":""Point"",""coordinates"":[72.93500294542612,19.06145865082682]}"
737,25.527321166992238,1141.0843503937008,40.46867924000003,26.660000000000025,-0.006537846869097777,0.3844924060751399,-0.43853820598006643,"{""type"":""Point"",""coordinates"":[72.79081237466968,19.16542611208355]}"
741,25.792490797776452,1231.0695866141732,41.671822280000015,28.430000000000007,-0.11569023569023569,0.4963872832369942,-0.5174940465286683,"{""type"":""Point"",""coordinates"":[72.8591608043015,19.101376913906464]}"
742,25.831781808953565,1387.7329724409449,37.57703432000005,27.110000000000014,-0.1344645991808075,0.5734458691770816,-0.5282989121866625,"{""type"":""Point"",""coordinates"":[72.9316328752184,19.032919554935344]}"
743,25.831781808953565,1670.9480314960629,37.296756680000044,27.010000000000048,0.046296296296296294,0.250337199892096,-0.3540753724802805,"{""type"":""Point"",""coordinates"":[72.91504820344467,19.020165169880975]}"
747,25.831781808953565,1313.6739173228348,32.10820232000003,26.28000000000003,-0.4409937888198758,0.7387976399298357,-0.6546282245827011,"{""type"":""Point"",""coordinates"":[72.93718710954732,19.015174140136182]}"
753,25.527321166992238,1196.3274606299215,41.835887240000034,28.400000000000034,-0.03918813427010148,0.2586989409984871,-0.30689181229138035,"{""type"":""Point"",""coordinates"":[72.8382706908591,19.18375779812243]}"
754,25.792490797776452,1409.1463582677166,43.12106276000003,28.29000000000002,0.013388543823326432,0.1772068511198946,-0.22460167894466335,"{""type"":""Point"",""coordinates"":[72.8824190181609,19.108411734157453]}"
755,25.792490797776452,1283.063188976378,39.426183140000035,28.130000000000052,-0.06105710814094775,0.22196956445688298,-0.26169405815423513,"{""type"":""Point"",""coordinates"":[72.90265129737183,19.111017508655884]}"
756,25.54219236020691,1350.3594488188976,40.66350638000006,28.010000000000048,0.03562412342215989,0.20843585237258347,-0.252230923329084,"{""type"":""Point"",""coordinates"":[72.93548036125765,19.152039452115478]}"
757,25.913450060392677,1134.6020669291338,42.59126966000002,27.410000000000025,0.16069017254313578,0.18166455428812844,-0.2874568469505178,"{""type"":""Point"",""coordinates"":[72.98964312773019,19.115016503468613]}"
759,25.897780890213824,1147.065649606299,38.68105478000001,26.970000000000027,0.05960464765353855,0.26692417157958936,-0.3223000212179079,"{""type"":""Point"",""coordinates"":[72.95304522918951,19.030476404899346]}"
760,25.92981787787545,1222.3569881889764,39.21084788000002,28.57000000000005,-0.0029925972594109307,0.2355452076057431,-0.2657523355197774,"{""type"":""Point"",""coordinates"":[72.95067333548074,19.16803322754408]}"
761,25.92981787787545,1449.1399606299212,42.76217066000004,28.560000000000002,0.057126696832579184,0.09455022980958634,-0.1508457024508112,"{""type"":""Point"",""coordinates"":[72.97550434715714,19.182800621778735]}"
765,25.54219236020691,1470.3023622047247,40.28752417999999,27.980000000000018,-0.058902275769745646,0.21711032466533312,-0.25475888324873097,"{""type"":""Point"",""coordinates"":[72.941277971185,19.16387075560006]}"
766,25.913450060392677,1102.0602362204725,37.52234600000003,26.590000000000032,-0.1352905569007264,0.501000400160064,-0.507636655948553,"{""type"":""Point"",""coordinates"":[72.95255749191703,19.133866149948876]}"
767,25.54219236020691,1311.5449803149606,37.06433132000001,25.730000000000018,-0.09084465445953928,0.5608519269776876,-0.566412213740458,"{""type"":""Point"",""coordinates"":[72.91240649931657,19.180626427524036]}"
768,25.792490797776452,1390.6680118110235,47.37991568000001,27.83000000000004,0.19762488705305278,0.13658804168952277,-0.208398133748056,"{""type"":""Point"",""coordinates"":[72.92686348955178,19.14200800187626]}"
770,25.792490797776452,1204.4465551181102,41.07366878000005,27.870000000000005,8.21962847279303E-4,0.1717755928282244,-0.2221998793484818,"{""type"":""Point"",""coordinates"":[72.9122204879944,19.092076739464073]}"
775,25.831781808953565,1316.1581692913387,41.15911928000003,27.310000000000002,0.0010844680081937583,0.43375994465582846,-0.4867288378766141,"{""type"":""Point"",""coordinates"":[72.91869189084373,19.03133974479526]}"
776,25.792490797776452,1506.4199803149606,47.960979080000016,28.33000000000004,0.12401119630035293,0.18446601941747573,-0.2564147320649328,"{""type"":""Point"",""coordinates"":[72.89551771523782,19.098793439656223]}"
778,25.913450060392677,614.1827755905513,32.28593936000004,26.730000000000018,-0.27949260042283297,0.11578171091445427,-0.0222972972972973,"{""type"":""Point"",""coordinates"":[72.96901747055077,19.12731894274189]}"
779,25.831781808953565,1194.7265748031493,40.48918736000002,27.610000000000014,-0.04568527918781726,0.32225788181989806,-0.37091407320414954,"{""type"":""Point"",""coordinates"":[72.92066575255704,19.03880647113452]}"
781,25.831781808953565,1149.932775590551,40.20207368000001,27.110000000000014,0.09038222712846695,0.3141945773524721,-0.4339786817489667,"{""type"":""Point"",""coordinates"":[72.93990744982648,19.032719025466182]}"
782,25.792490797776452,1099.3176181102363,41.524847420000015,28.370000000000005,-0.09918107370336669,0.23391215526046988,-0.20007947546195112,"{""type"":""Point"",""coordinates"":[72.88184249472904,19.08339367487459]}"
783,25.54219236020691,1304.4750984251966,35.17416625999999,25.950000000000045,-0.13219137625516833,0.650137741046832,-0.588332780908187,"{""type"":""Point"",""coordinates"":[72.89571658890867,19.17538537621814]}"
786,25.792490797776452,1275.8102362204722,38.26063832,27.58000000000004,-0.0882016036655212,0.34015164873919945,-0.3632286995515695,"{""type"":""Point"",""coordinates"":[72.92881227364813,19.10649701849623]}"
788,25.527321166992238,1381.1350393700786,42.488729060000026,26.500000000000057,0.013470487386725447,0.3176316650310762,-0.3740405935527887,"{""type"":""Point"",""coordinates"":[72.80570994182752,19.159294604454615]}"
789,25.897780890213824,978.6094488188976,33.81379430000004,27.230000000000018,-0.19822380106571935,0.5217685540266186,-0.4987780493223728,"{""type"":""Point"",""coordinates"":[72.95909206415531,19.04221496747963]}"
791,25.913450060392677,982.420472440945,34.82894624000005,27.120000000000005,-0.2413552217953196,0.5901565995525727,-0.5365326415910073,"{""type"":""Point"",""coordinates"":[72.96182040551197,19.14723459932348]}"
793,25.792490797776452,1475.53218503937,37.621468580000055,28.29000000000002,-0.03977976600137646,0.17791985030406987,-0.22749431264218395,"{""type"":""Point"",""coordinates"":[72.9115238465522,19.078390100796465]}"
795,25.792490797776452,1275.9805118110235,37.39929728000004,28.370000000000005,-0.07758112094395281,0.2942426926483614,-0.3307832422586521,"{""type"":""Point"",""coordinates"":[72.9012227445055,19.058652660265437]}"
798,25.792490797776452,1551.7698818897638,43.43552060000002,27.910000000000025,0.022184711839884255,0.2381679389312977,-0.2757590058203555,"{""type"":""Point"",""coordinates"":[72.86789886676267,19.126183674668155]}"
800,25.54219236020691,1205.4101377952754,37.26257648000001,25.890000000000043,0.0538801261829653,0.4483291481553023,-0.4984012789768185,"{""type"":""Point"",""coordinates"":[72.90752681114537,19.169255349167393]}"
801,25.54219236020691,332.9445866141732,31.732220120000022,27.49000000000001,-0.21630804077010193,-0.22117476432197244,0.4503582395087001,"{""type"":""Point"",""coordinates"":[72.91697189929214,19.15380405643572]}"
806,25.54219236020691,1246.7797244094488,38.09657335999998,25.730000000000018,-0.020987654320987655,0.5071988336067068,-0.5283681389761596,"{""type"":""Point"",""coordinates"":[72.9103434303636,19.177977315177966]}"
807,25.792490797776452,1726.9047244094488,46.99026140000001,27.560000000000002,0.09535083943176927,0.11396766498807315,-0.2264371170119638,"{""type"":""Point"",""coordinates"":[72.93373780153803,19.061211692550103]}"
808,25.831781808953565,1485.1901574803148,43.85935508,27.390000000000043,0.08199689601655458,0.16322517207472959,-0.21457905544147843,"{""type"":""Point"",""coordinates"":[72.9459327559177,19.036845721480866]}"
811,25.913450060392677,824.4475393700787,33.759105980000015,26.79000000000002,-0.11545741324921135,0.48280682135868047,-0.4583447896618092,"{""type"":""Point"",""coordinates"":[72.95732410770064,19.11928648730681]}"
814,25.54219236020691,1378.2959645669291,34.722987620000026,26.78000000000003,-0.11608263896815432,0.5662341822841582,-0.5562629317205157,"{""type"":""Point"",""coordinates"":[72.9246886734911,19.18378741663199]}"
815,25.831781808953565,1390.7762795275592,37.61121452000003,27.010000000000048,0.049544755823578104,0.3248722597659469,-0.42770870337477795,"{""type"":""Point"",""coordinates"":[72.91533778897065,19.01718265104559]}"
816,25.54219236020691,1426.0523622047244,41.65131416000003,26.690000000000055,-0.008764489680520215,0.1569390402075227,-0.20398177830268263,"{""type"":""Point"",""coordinates"":[72.87933144139058,19.17610756664194]}"
817,25.54219236020691,1240.8215551181102,36.06626948000002,26.78000000000003,-0.08856682769726248,0.584565452578435,-0.5639793557572522,"{""type"":""Point"",""coordinates"":[72.92600950648311,19.18357017107997]}"
820,25.792490797776452,1241.9175196850392,42.81344095999998,28.27000000000004,0.0694366982710541,0.26569315380238956,-0.3431273898168646,"{""type"":""Point"",""coordinates"":[72.91704734692378,19.05308668920773]}"
822,25.792490797776452,1228.1232283464567,42.21528746000001,28.450000000000045,0.04852185089974293,0.13361408882082695,-0.19083048461693142,"{""type"":""Point"",""coordinates"":[72.88583797724075,19.07796142443297]}"
826,25.792490797776452,873.284153543307,33.48224635999998,28.03000000000003,-0.3706173370617337,0.5511197663096398,-0.4978843441466855,"{""type"":""Point"",""coordinates"":[72.85693559099285,19.056645173551058]}"
827,25.527321166992238,464.0631889763779,37.823131760000024,26.890000000000043,-0.10818713450292397,0.15725190839694655,-0.1484848484848485,"{""type"":""Point"",""coordinates"":[72.82946132189207,19.163291081215938]}"
829,25.792490797776452,1466.6591535433072,44.62499156000001,28.370000000000005,-0.02621637092157985,0.3803510933169079,-0.4409258961581739,"{""type"":""Point"",""coordinates"":[72.89141721507606,19.09117270470971]}"
831,25.54219236020691,1400.8943897637796,43.158660980000036,26.220000000000027,0.02338952044949693,0.2593091828138163,-0.3075577326801959,"{""type"":""Point"",""coordinates"":[72.86951349094421,19.15713224948129]}"
832,25.527321166992238,1483.5110236220473,40.25334398000001,27.310000000000002,0.04407643312101911,0.14320536258379038,-0.22514285714285714,"{""type"":""Point"",""coordinates"":[72.82552955696475,19.17575244814658]}"
833,25.527321166992238,1013.9741141732285,37.63855868000002,27.83000000000004,-0.034831257895686696,0.2827740492170022,-0.323943661971831,"{""type"":""Point"",""coordinates"":[72.83968119640086,19.151306831593942]}"
834,25.792490797776452,1499.0991141732284,40.24308991999999,26.930000000000007,-0.051435552840562004,0.27251219872837495,-0.32583577260822677,"{""type"":""Point"",""coordinates"":[72.8642565058601,19.143639568835475]}"
838,25.831781808953565,1371.5139763779525,35.80308194000003,27.230000000000018,0.05827783063748811,0.31375477020076326,-0.4189964157706093,"{""type"":""Point"",""coordinates"":[72.91262774153509,19.004180380570613]}"
839,25.54219236020691,1199.9145669291338,39.08096311999998,27.33000000000004,0.007303534910896874,0.3190993788819876,-0.34414556962025317,"{""type"":""Point"",""coordinates"":[72.8712921185475,19.169260582099117]}"
840,25.831781808953565,1150.3609251968503,46.77834416000002,27.410000000000025,-0.056841442292552356,0.3351899741396459,-0.3628426395939086,"{""type"":""Point"",""coordinates"":[72.85239749813402,18.98693066346069]}"
842,25.792490797776452,1434.246751968504,45.667487660000006,28.410000000000025,0.14930600596705149,0.12893785505250474,-0.1910642934980022,"{""type"":""Point"",""coordinates"":[72.87673792551782,19.061716099743855]}"
843,25.913450060392677,1052.5996062992128,32.83624057999998,27.230000000000018,-0.2118391660461653,0.3670726585468291,-0.339230610985394,"{""type"":""Point"",""coordinates"":[72.95876161866656,19.066343139227673]}"
846,25.527321166992238,1237.9514763779525,41.736764660000006,28.090000000000032,-0.029885776873728682,0.20241139934234564,-0.25682642734389916,"{""type"":""Point"",""coordinates"":[72.84899051591763,19.16828756443131]}"
847,25.792490797776452,1265.2049212598424,42.129836960000034,26.28000000000003,0.14236197078484775,0.29374416433239964,-0.3973376361436063,"{""type"":""Point"",""coordinates"":[72.89510331850217,19.143493644895255]}"
853,25.792490797776452,1499.9554133858264,42.423786680000035,28.450000000000045,0.036483625949445896,0.20604738154613467,-0.26046587392083403,"{""type"":""Point"",""coordinates"":[72.88029674183556,19.080515430001256]}"
855,25.913450060392677,1175.4189960629924,35.11264190000003,27.230000000000018,-0.37739933612353876,0.697918519836328,-0.6264485344239945,"{""type"":""Point"",""coordinates"":[72.95504795237797,19.063633526849763]}"
856,25.54219236020691,1396.5056102362205,42.00678823999999,28.090000000000032,-0.1384140855931114,0.40647824706255953,-0.42549082716446734,"{""type"":""Point"",""coordinates"":[72.85738197510194,19.17581126396838]}"
857,25.913450060392677,906.5331692913387,33.00714158000005,27.160000000000025,-0.31829671398016723,0.6104513064133017,-0.5419604275642483,"{""type"":""Point"",""coordinates"":[72.9773731873426,19.148019866919363]}"
858,25.792490797776452,1256.321062992126,47.731971740000006,27.630000000000052,0.13212273011897308,0.07817969661610269,-0.15427857589006871,"{""type"":""Point"",""coordinates"":[72.93839349358745,19.053636298840964]}"
862,25.831781808953565,1123.0587598425195,35.42026370000002,27.80000000000001,-0.3149809885931559,0.6726639582124202,-0.5957918050941307,"{""type"":""Point"",""coordinates"":[72.88606076527913,19.019894885541078]}"
863,25.913450060392677,1055.6271653543306,35.037445460000015,26.890000000000043,-0.26627412495911024,0.575178026449644,-0.5431532788519036,"{""type"":""Point"",""coordinates"":[72.95462236777965,19.131521500143982]}"
864,25.831781808953565,1143.4499999999998,41.295840080000005,28.210000000000036,-0.03053691275167785,0.23036858974358973,-0.25963904840032814,"{""type"":""Point"",""coordinates"":[72.86126626388241,19.03503477895071]}"
866,25.792490797776452,1108.1896653543308,36.37730929999998,26.950000000000045,-0.14342205323193916,0.5108520900321544,-0.5096385542168674,"{""type"":""Point"",""coordinates"":[72.93216323753654,19.083481715235603]}"
868,25.792490797776452,348.6793307086614,31.25027929999999,26.730000000000018,-0.12527964205816555,-0.28753541076487255,0.4735740450026164,"{""type"":""Point"",""coordinates"":[72.90651370755367,19.144787650201362]}"
872,25.831781808953565,1265.918503937008,40.61223608,26.650000000000034,-0.12178051511758119,0.4264862940548238,-0.4333750670720801,"{""type"":""Point"",""coordinates"":[72.92559025892622,19.01912817543684]}"
873,25.792490797776452,659.073031496063,43.28854574000002,28.470000000000027,-0.013861386138613862,0.08512892970681737,-0.10742609949531362,"{""type"":""Point"",""coordinates"":[72.87559794997026,19.07800128323315]}"
876,25.831781808953565,1451.3102362204722,38.588768240000036,26.450000000000045,-0.1515077821011673,0.4778401997503121,-0.46277417361754714,"{""type"":""Point"",""coordinates"":[72.92664482476387,19.015593173010483]}"
877,25.792490797776452,1218.7447834645668,38.56484210000002,27.810000000000002,-0.1271074622489371,0.4090909090909091,-0.40522756351672456,"{""type"":""Point"",""coordinates"":[72.9058090357833,19.119329342629133]}"
878,25.831781808953565,1217.6074803149609,37.92909038000005,27.910000000000025,-0.15343618513323984,0.5067790399413704,-0.5037484000731395,"{""type"":""Point"",""coordinates"":[72.92513697414601,19.04283481987915]}"
880,25.831781808953565,1071.3687992125986,33.22247684000001,26.450000000000045,-0.2767900831838199,0.588151754919862,-0.537917485265226,"{""type"":""Point"",""coordinates"":[72.92547912868326,19.009545428876063]}"
882,25.792490797776452,1468.745275590551,44.69335196000003,28.450000000000045,0.13542193026781202,0.14009661835748793,-0.20217811347268574,"{""type"":""Point"",""coordinates"":[72.8834665191859,19.08201684204054]}"
886,25.913450060392677,1086.732972440945,34.55550463999998,27.440000000000055,-0.36447143079557837,0.689608636977058,-0.6262757468918166,"{""type"":""Point"",""coordinates"":[72.98942673641429,19.100068180222028]}"
889,25.831781808953565,1218.7644685039372,41.96235397999999,27.810000000000002,-0.08496927918477447,0.32068588106530466,-0.3596244131455399,"{""type"":""Point"",""coordinates"":[72.86017216504251,19.025069970498066]}"
890,25.792490797776452,1394.799901574803,41.38129058000004,27.170000000000016,-0.005938406297472725,0.20596026490066224,-0.24025200068108293,"{""type"":""Point"",""coordinates"":[72.89070625895795,19.12649529775231]}"
891,25.54219236020691,1485.878149606299,35.11264190000003,26.310000000000002,-0.0645093507039294,0.5367814348551494,-0.5447476749504497,"{""type"":""Point"",""coordinates"":[72.91963292957048,19.17668888176103]}"
893,25.792490797776452,1208.354035433071,43.39792238000001,28.380000000000052,-0.009761561849895984,0.19191537589724217,-0.2423705453829494,"{""type"":""Point"",""coordinates"":[72.85386075125433,19.105541910064154]}"
894,25.92981787787545,880.076968503937,34.13167016,27.83000000000004,-0.2571211545765287,0.6277354315220064,-0.5917287809569608,"{""type"":""Point"",""coordinates"":[72.98499760004061,19.15843203736639]}"
899,25.831781808953565,1182.2516732283464,37.95643454000003,27.610000000000014,-0.12299161097682354,0.5038080731150039,-0.5032356299961934,"{""type"":""Point"",""coordinates"":[72.93890759058094,19.04090102325695]}"
901,25.792490797776452,1255.875688976378,43.05953840000001,28.170000000000016,0.054837125552463575,0.07084569732937686,-0.12795467864817348,"{""type"":""Point"",""coordinates"":[72.87588278331476,19.11776432744822]}"
904,25.831781808953565,1462.4012795275592,45.195800899999995,27.29000000000002,0.11087728528212548,0.08821635544108178,-0.17320374869836863,"{""type"":""Point"",""coordinates"":[72.9035556175475,19.002226700267205]}"
905,25.792490797776452,1313.5444881889762,40.164475460000006,28.170000000000016,-0.026102610261026102,0.1875,-0.239579557810801,"{""type"":""Point"",""coordinates"":[72.85319116014496,19.13051336252265]}"
908,25.54219236020691,1344.9593503937006,39.884197820000054,28.57000000000005,-0.008145279743623982,0.3224732877912069,-0.3422222222222222,"{""type"":""Point"",""coordinates"":[72.94895923333183,19.174266850447637]}"
910,25.913450060392677,1412.8948818897634,44.93603138000003,27.640000000000043,0.12445770065075921,0.138174127599577,-0.1921727893668082,"{""type"":""Point"",""coordinates"":[72.99093007276201,19.14693124049703]}"
911,25.792490797776452,1389.5257874015747,42.83053106,28.370000000000005,0.05657041838538598,0.06875834445927904,-0.13767987209095753,"{""type"":""Point"",""coordinates"":[72.85614384689414,19.064926296265863]}"
912,25.831781808953565,1318.7019685039368,40.85491550000006,28.05000000000001,-0.024774774774774775,0.4149965445749827,-0.453416149068323,"{""type"":""Point"",""coordinates"":[72.90070485208867,19.043238548825702]}"
914,25.831781808953565,2133.2974409448816,51.21493412000001,27.410000000000025,0.044930875576036866,0.04429981104346,-0.1339336600934686,"{""type"":""Point"",""coordinates"":[72.85913914185392,18.995806251236882]}"
916,25.831781808953565,1102.335334645669,32.55254492000006,26.810000000000002,-0.34048174048174046,0.6749514563106797,-0.5923943141960495,"{""type"":""Point"",""coordinates"":[72.94664730913907,19.02350014932828]}"
917,25.831781808953565,1322.3668307086614,39.79191128000002,27.810000000000002,-0.03981134692745179,0.2959889349930844,-0.32508396676683754,"{""type"":""Point"",""coordinates"":[72.85526818494438,19.015074685579634]}"
919,25.54219236020691,390.26200787401575,31.339147819999994,27.49000000000001,-0.24253075571177504,-0.16823529411764707,0.34171322160148976,"{""type"":""Point"",""coordinates"":[72.91302517033917,19.155384440740495]}"
921,25.792490797776452,1278.211811023622,42.29390192000005,28.420000000000016,-0.06982685211467499,0.3222241711980354,-0.36533236732476,"{""type"":""Point"",""coordinates"":[72.86931270146779,19.05396764304127]}"
922,25.792490797776452,1649.32844488189,39.53555978000003,27.890000000000043,-0.13108614232209737,0.4841280382520919,-0.5083693304535637,"{""type"":""Point"",""coordinates"":[72.93387696933833,19.1271719781485]}"
923,25.792490797776452,1490.113877952756,37.720591160000026,26.930000000000007,-0.23278913117935837,0.5770410398714766,-0.5653812699333141,"{""type"":""Point"",""coordinates"":[72.91016638756906,19.13561284891037]}"
924,25.792490797776452,1110.6891732283464,39.313388480000015,27.890000000000043,-0.046621621621621624,0.2775257731958763,-0.3096596913971676,"{""type"":""Point"",""coordinates"":[72.93158299626417,19.131828184279563]}"
926,25.913450060392677,859.5784448818897,32.890928900000006,26.79000000000002,-0.14598685520812588,0.5198098256735341,-0.4937694704049844,"{""type"":""Point"",""coordinates"":[72.956249143752,19.118393566604677]}"
927,25.792490797776452,1007.3840551181104,42.61861382000001,28.610000000000014,0.007318123116659492,0.07380675203725262,-0.1022944550669216,"{""type"":""Point"",""coordinates"":[72.85304338400114,19.096328948980474]}"
930,25.527321166992238,1435.3259842519685,39.42960116000006,27.55000000000001,-0.04674965421853389,0.19218651543793322,-0.23377893707205738,"{""type"":""Point"",""coordinates"":[72.83993013974299,19.16198828490422]}"
936,25.792490797776452,1217.0523622047244,50.32624892000001,28.83000000000004,0.1509546539379475,0.10459926256549583,-0.1855863361799625,"{""type"":""Point"",""coordinates"":[72.86873372205599,19.087061067618304]}"
937,25.913450060392677,748.3259842519685,34.398275720000015,26.79000000000002,-0.06874129122155133,0.4458058435438266,-0.4296365330848089,"{""type"":""Point"",""coordinates"":[72.95365176910707,19.117578743458196]}"
939,25.54219236020691,1189.0818897637796,34.96566704000003,26.310000000000002,-0.15859722585710548,0.6583629893238434,-0.6013745704467354,"{""type"":""Point"",""coordinates"":[72.91863978665835,19.17764022448499]}"
940,25.831781808953565,1227.2285433070865,44.86083494000002,28.220000000000027,0.03721729172630976,0.27579666160849775,-0.3240157480314961,"{""type"":""Point"",""coordinates"":[72.88706488498418,19.03465509580811]}"
942,25.92981787787545,817.1256889763781,37.25232242000004,27.49000000000001,-0.2118570183086312,0.08367983367983368,-0.09650276097817513,"{""type"":""Point"",""coordinates"":[72.97309132969718,19.157919205421436]}"
946,25.831781808953565,1495.2777559055116,42.36568034000004,26.650000000000034,-0.023450586264656615,0.18449111470113086,-0.21430937396488903,"{""type"":""Point"",""coordinates"":[72.92696485711433,19.017619248229877]}"
949,25.792490797776452,1175.651279527559,37.52918204000002,27.950000000000045,-0.18541390971915894,0.51427498121713,-0.48116847326841816,"{""type"":""Point"",""coordinates"":[72.93190532235572,19.125061547829727]}"
950,25.92981787787545,1192.346161417323,38.588768240000036,28.650000000000034,-0.09811848857098429,0.3588608812776602,-0.3755356447214647,"{""type"":""Point"",""coordinates"":[72.95833081391363,19.168089403888587]}"
958,25.831781808953565,1277.830413385827,40.40715488000001,27.83000000000004,0.04411095952705776,0.17299107142857142,-0.22209302325581395,"{""type"":""Point"",""coordinates"":[72.85271979744007,19.04708366101246]}"
960,25.792490797776452,1143.9598425196848,39.344150660000025,27.710000000000036,-0.05294906166219839,0.24312561819980216,-0.28849702686077505,"{""type"":""Point"",""coordinates"":[72.91261480376455,19.075255810735477]}"
961,25.792490797776452,1002.342716535433,36.48668594000003,26.630000000000052,-0.0720250521920668,0.3925423728813559,-0.39601268690530134,"{""type"":""Point"",""coordinates"":[72.94208650944313,19.09047076101962]}"
962,25.54219236020691,487.39783464566926,31.356237920000012,26.810000000000002,-0.28776978417266186,-0.14107485604606526,0.28599920223374553,"{""type"":""Point"",""coordinates"":[72.90767752161511,19.15879547003164]}"
966,25.527321166992238,1317.9465551181104,42.143509040000026,26.620000000000005,-0.05566317964613199,0.3744745249705734,-0.4144315625540751,"{""type"":""Point"",""coordinates"":[72.81849246261604,19.160477017473912]}"
970,25.792490797776452,1607.4101377952757,45.36328388000004,27.910000000000025,0.03795797117394653,0.2322435174746336,-0.3158765989465764,"{""type"":""Point"",""coordinates"":[72.87024539165373,19.130154431730094]}"
972,25.54219236020691,1577.3781496062993,38.34267080000001,26.220000000000027,-0.1583234008740564,0.6395332489807395,-0.6222005842259006,"{""type"":""Point"",""coordinates"":[72.86691590840964,19.15327202851733]}"
979,25.92981787787545,1185.30531496063,38.54775200000006,28.190000000000055,-0.052216748768472904,0.22313418591334225,-0.2704203013481364,"{""type"":""Point"",""coordinates"":[72.9583661838241,19.16621537187104]}"
981,25.792490797776452,1773.0882874015747,44.92577732000001,28.010000000000048,0.08955079072475017,0.15937731653076354,-0.31391767012041444,"{""type"":""Point"",""coordinates"":[72.92458110528197,19.055493626650737]}"
984,25.831781808953565,1515.4189960629922,41.28216800000001,27.610000000000014,-0.07268644368277981,0.3416112342941611,-0.3892545538037655,"{""type"":""Point"",""coordinates"":[72.91778701444608,19.040354556232913]}"
985,25.792490797776452,1278.211811023622,42.29390192000005,28.420000000000016,-0.06982685211467499,0.3222241711980354,-0.36533236732476,"{""type"":""Point"",""coordinates"":[72.8692683363629,19.054073854417787]}"
990,25.792490797776452,1439.549409448819,36.43199762000006,26.750000000000057,-0.09561247780877505,0.34516581036898647,-0.37689243027888447,"{""type"":""Point"",""coordinates"":[72.90274816601011,19.135305223663643]}"
991,25.831781808953565,1359.3259842519685,35.755229660000055,27.010000000000048,-0.20926864590876176,0.6404715127701375,-0.5518042434567136,"{""type"":""Point"",""coordinates"":[72.92268457806955,19.02479490010157]}"
992,25.913450060392677,675.4406496062991,31.585245260000022,27.420000000000016,-0.15736719011025727,0.20236029156542867,-0.09898477157360407,"{""type"":""Point"",""coordinates"":[72.9881127872134,19.059045553755222]}"
994,25.792490797776452,1478.9406496062993,45.455570420000015,28.610000000000014,0.039535727239753356,0.2514177693761815,-0.3031496062992126,"{""type"":""Point"",""coordinates"":[72.8559337595333,19.097926405630535]}"
995,25.792490797776452,1104.592716535433,32.81573246000005,27.710000000000036,-0.36528575748412456,0.7358708189158016,-0.6508226691042047,"{""type"":""Point"",""coordinates"":[72.92153281980741,19.08010398174655]}"
996,25.913450060392677,765.1591535433071,32.43633224000001,27.210000000000036,-0.2298569933728636,0.04227017440141886,-0.011764705882352941,"{""type"":""Point"",""coordinates"":[72.96250894406248,19.05844714202523]}"
999,25.54219236020691,1237.6926181102363,35.52280430000002,25.630000000000052,-0.14838709677419354,0.6362653208363375,-0.5931905931905932,"{""type"":""Point"",""coordinates"":[72.90146932614743,19.17747846150816]}"
