system:index,Air_Temp_Baseline,Albedo,LST_Day,LST_Night,NDBI,NDVI,NDWI,.geo
0,23.895946393694203,1544.569586614173,42.72457244000003,27.690000000000055,-0.0355225585379783,0.3451038575667656,-0.3834884785594384,"{""type"":""Point"",""coordinates"":[73.93511259262438,18.49650841081361]}"
1,23.026582336425804,1260.3747047244094,54.61244599999998,26.730000000000018,0.17033171822586657,0.22870285188592457,-0.37322640345465763,"{""type"":""Point"",""coordinates"":[73.95487690033278,18.419158720036638]}"
2,23.796166992187523,1687.2403543307087,42.78951482000002,26.940000000000055,0.0654462242562929,0.12383048981838195,-0.20206033848417954,"{""type"":""Point"",""coordinates"":[73.83834843533386,18.456277368060643]}"
3,23.026582336425804,1933.0134842519683,52.92052610000002,26.910000000000025,0.0961001531117716,0.15889145496535798,-0.2956364575264653,"{""type"":""Point"",""coordinates"":[73.95430487833671,18.433197421076038]}"
4,24.046257647346067,1296.176377952756,40.94036600000004,26.890000000000043,-0.2012121212121212,0.6839422259983008,-0.6020045263498222,"{""type"":""Point"",""coordinates"":[73.84930746867454,18.61039234620658]}"
5,24.039227294921886,1552.6399606299212,48.90435260000004,27.250000000000057,0.15022727272727274,0.1229914401561796,-0.23582878862997853,"{""type"":""Point"",""coordinates"":[73.93201924962726,18.626667310890266]}"
6,24.046257647346067,1298.4278543307087,45.11376842000004,27.690000000000055,0.019772930220691414,0.36410438487484464,-0.39810771470160117,"{""type"":""Point"",""coordinates"":[73.84779740936382,18.55769078976109]}"
7,24.046257647346067,1409.278248031496,41.69916644,27.24000000000001,-0.0879623902016578,0.39720368605020656,-0.4222869157366974,"{""type"":""Point"",""coordinates"":[73.77077793151778,18.604044922171905]}"
8,24.046257647346067,1557.3072834645668,44.932613360000005,26.78000000000003,0.048677743973788906,0.18444055944055945,-0.28537549407114626,"{""type"":""Point"",""coordinates"":[73.76943762564838,18.575920580977808]}"
9,23.796166992187523,1379.9898622047244,44.13279668000001,27.52000000000004,0.04927672586146066,0.35455764075067026,-0.4214876033057851,"{""type"":""Point"",""coordinates"":[73.8371868686424,18.54972824432011]}"
10,23.895946393694203,1351.455413385827,40.14054931999999,27.690000000000055,-0.03442899831103027,0.35247154747749276,-0.37441740031071985,"{""type"":""Point"",""coordinates"":[73.93000662864004,18.49968803692505]}"
11,24.039227294921886,1288.3683070866139,39.38516690000006,28.010000000000048,-0.14211822660098522,0.6109084592669793,-0.5761386811692726,"{""type"":""Point"",""coordinates"":[73.89759181173406,18.56362144306858]}"
12,24.159700012207054,1636.1271653543304,47.728553720000036,27.250000000000057,0.051614423756775864,0.12245467224546723,-0.21828640629730547,"{""type"":""Point"",""coordinates"":[73.96911030110441,18.52046240078435]}"
13,24.046257647346067,1485.6079724409449,44.901851179999994,27.450000000000045,0.03945795137504982,0.16256632899179932,-0.20159547947482134,"{""type"":""Point"",""coordinates"":[73.79296191138954,18.61183279756665]}"
14,23.043812561035168,1367.996751968504,45.879404900000054,25.57000000000005,0.11363897506606917,0.2716782063963073,-0.4399850662684338,"{""type"":""Point"",""coordinates"":[73.81266126708418,18.41685459498961]}"
15,22.913253784179688,1451.0651574803148,47.19876062000003,26.690000000000055,-0.09094903339191564,0.5341365461847389,-0.5405615014735536,"{""type"":""Point"",""coordinates"":[73.94200456616339,18.441295692608243]}"
16,24.039227294921886,1361.8102362204725,50.155347920000054,26.640000000000043,0.1288358499756454,0.2109004739336493,-0.32949265935699684,"{""type"":""Point"",""coordinates"":[73.86958115780389,18.59774080221811]}"
17,24.046257647346067,1349.5115157480313,47.33206340000004,26.940000000000055,0.025825825825825825,0.38066053796390875,-0.4258087201125176,"{""type"":""Point"",""coordinates"":[73.76657780333186,18.627264163233786]}"
18,23.043812561035168,302.41062992125984,30.38893826000003,24.99000000000001,0.0029585798816568047,-0.37937384898710863,0.5790131168019987,"{""type"":""Point"",""coordinates"":[73.761374721945,18.429735555729163]}"
19,23.796166992187523,1009.7132874015748,38.298236540000005,26.590000000000032,0.011757328734911428,0.4144043078303792,-0.430776214253291,"{""type"":""Point"",""coordinates"":[73.80506258312471,18.46095592610635]}"
20,24.27015753851998,1451.328937007874,47.87211056000001,27.730000000000018,0.0817011751538892,0.077125041023958,-0.14136671883150756,"{""type"":""Point"",""coordinates"":[73.95532478151804,18.572425811097652]}"
21,24.046257647346067,1143.0188976377954,42.38960648,26.930000000000007,0.10663360198388097,0.17225950782997762,-0.2783322244400089,"{""type"":""Point"",""coordinates"":[73.79152188904564,18.587024018448897]}"
22,24.039227294921886,1069.5430118110237,45.770028260000004,28.310000000000002,-0.011505428617728084,0.33690297708288713,-0.3519601472817847,"{""type"":""Point"",""coordinates"":[73.9048475482248,18.552052125889237]}"
23,24.039227294921886,1387.1365157480313,44.354967980000026,27.510000000000048,0.01154382849169098,0.25941490221432034,-0.3476305776547907,"{""type"":""Point"",""coordinates"":[73.9001531334492,18.573742088412914]}"
24,24.046257647346067,1537.815649606299,47.95072502000005,27.100000000000023,0.007605036778456552,0.18593563766388557,-0.2543334383863851,"{""type"":""Point"",""coordinates"":[73.76818829943335,18.620875223763452]}"
25,23.895946393694203,1274.201968503937,42.69381026000002,28.130000000000052,-0.006393490264458007,0.2585862256950754,-0.2795122852392389,"{""type"":""Point"",""coordinates"":[73.92011864827884,18.50298715771731]}"
26,23.796166992187523,1601.9111220472444,45.602545280000015,25.55000000000001,0.07022982362373062,0.23709287441331248,-0.35062111801242235,"{""type"":""Point"",""coordinates"":[73.75400465162592,18.49266278392604]}"
27,22.913253784179688,1444.2191929133858,40.09269704000002,25.450000000000045,0.11580709279213307,0.3228987321959618,-0.4660884648742411,"{""type"":""Point"",""coordinates"":[73.85356598490674,18.41292346037186]}"
28,24.039227294921886,1666.5061023622047,48.781303879999996,27.660000000000025,0.056472840392438384,0.09375866851595006,-0.1759618252311363,"{""type"":""Point"",""coordinates"":[73.89195788741031,18.586336216052388]}"
29,24.039227294921886,1408.0858267716537,43.39450436000004,27.810000000000002,-0.06601466992665037,0.4144363341443633,-0.41811676695397626,"{""type"":""Point"",""coordinates"":[73.87822631676126,18.576007769764924]}"
30,24.159700012207054,1393.5385826771653,46.74074594000001,28.08000000000004,0.030318735423684892,0.24030493868080874,-0.2990800208297171,"{""type"":""Point"",""coordinates"":[73.9577577772944,18.477188087227074]}"
31,24.039227294921886,1545.9160433070865,45.69483181999999,27.77000000000004,0.11697468219207349,0.22441119834098652,-0.3502123489055864,"{""type"":""Point"",""coordinates"":[73.87016990952269,18.566819033839536]}"
32,23.895946393694203,1491.8702755905513,45.03515396,26.880000000000052,0.057051574623459604,0.2479613409845968,-0.3529796987557302,"{""type"":""Point"",""coordinates"":[73.92104850351726,18.463808255827555]}"
33,23.796166992187523,1415.9288385826774,37.38562520000005,26.04000000000002,-0.2547116578264304,0.7073095823095823,-0.6512698648447943,"{""type"":""Point"",""coordinates"":[73.79041672972981,18.530595056537088]}"
34,23.895946393694203,1428.0863188976377,43.35348812000001,28.210000000000036,0.0071996968548692685,0.2765957446808511,-0.3146011038635223,"{""type"":""Point"",""coordinates"":[73.92358729507053,18.50124385207877]}"
35,23.895946393694203,1176.0592519685038,41.442814940000005,27.840000000000032,0.014444071212630165,0.1719592570401438,-0.19123020706455543,"{""type"":""Point"",""coordinates"":[73.87138935568528,18.48315374081663]}"
36,24.046257647346067,1669.3496062992126,49.7075873,26.07000000000005,0.19118220834959032,0.18643582772928888,-0.30995260663507107,"{""type"":""Point"",""coordinates"":[73.75146484377763,18.561235287565676]}"
37,23.895946393694203,1580.9121062992126,46.11183026000003,27.590000000000032,0.06545233758348512,0.16201117318435754,-0.23491655969191272,"{""type"":""Point"",""coordinates"":[73.8743340701992,18.460861433705517]}"
38,23.796166992187523,1084.1685039370077,40.13371328000005,28.05000000000001,-0.0137221269296741,0.26363053239255935,-0.2889858233369684,"{""type"":""Point"",""coordinates"":[73.83072396368084,18.503435753825844]}"
39,23.895946393694203,1479.7147637795276,42.59126966000002,27.49000000000001,0.13561553653719552,0.23867924528301887,-0.34712722298221615,"{""type"":""Point"",""coordinates"":[73.90917547900347,18.479971623443124]}"
40,22.913253784179688,1481.2310039370077,45.03515396,27.230000000000018,0.057694981231753095,0.07501982553528945,-0.13839435673496808,"{""type"":""Point"",""coordinates"":[73.8567899269083,18.448558592648265]}"
41,24.039227294921886,1427.5184055118111,48.05326562000005,27.470000000000027,0.16509892961401232,0.27278720949398383,-0.40604515659140566,"{""type"":""Point"",""coordinates"":[73.86013900158324,18.618297188095458]}"
42,23.796166992187523,1198.6635826771653,42.73824452000002,25.510000000000048,-0.0883733055265902,0.5781515781515781,-0.5607476635514018,"{""type"":""Point"",""coordinates"":[73.77297234650986,18.468465759095118]}"
43,23.043812561035168,327.44015748031495,30.464134700000045,25.170000000000016,-0.10344827586206896,-0.31466227347611203,0.5199076745527986,"{""type"":""Point"",""coordinates"":[73.75629385542568,18.430016962531763]}"
44,24.039227294921886,1510.0764763779525,48.70610743999998,26.99000000000001,0.0690950483779169,0.25776684097200864,-0.3336594911937378,"{""type"":""Point"",""coordinates"":[73.90869464250733,18.614932915688932]}"
45,23.043812561035168,1240.0543307086614,44.669425820000015,25.03000000000003,0.26165556612749763,0.2538881034134518,-0.38633318445734705,"{""type"":""Point"",""coordinates"":[73.75734552827751,18.448339980643624]}"
46,24.046257647346067,1587.320570866142,48.41557574000001,27.390000000000043,0.17661363866653157,0.20278271166370634,-0.32821183393265774,"{""type"":""Point"",""coordinates"":[73.79836286498713,18.5740351725831]}"
47,24.039227294921886,1466.0375984251966,49.912668499999995,27.650000000000034,0.028925619834710745,0.31981279251170047,-0.39167626254318144,"{""type"":""Point"",""coordinates"":[73.90586175393632,18.58616747878081]}"
48,24.27015753851998,1102.0853346456693,53.60413010000002,27.510000000000048,0.15074694431869623,0.2069483165344199,-0.35647143890093996,"{""type"":""Point"",""coordinates"":[73.9595824610417,18.583543280207834]}"
49,23.796166992187523,1340.406692913386,43.00485007999998,26.310000000000002,0.013856812933025405,0.3332176929748482,-0.38038793103448276,"{""type"":""Point"",""coordinates"":[73.78499045686918,18.46089724648685]}"
50,22.913253784179688,1617.8776574803148,43.948223600000006,25.710000000000036,0.06083001705514497,0.17697349672271304,-0.27037834512457704,"{""type"":""Point"",""coordinates"":[73.86239712213306,18.419061282494436]}"
51,23.796166992187523,1142.3230314960629,41.55219158,26.430000000000007,0.0132641291810842,0.4199170124481328,-0.39701979995917536,"{""type"":""Point"",""coordinates"":[73.77701679130938,18.52366867459231]}"
52,22.913253784179688,1533.8358267716535,49.43072768000002,26.910000000000025,-0.1072921504876916,0.366776551526444,-0.3980354786688169,"{""type"":""Point"",""coordinates"":[73.92724221713168,18.43802299163266]}"
53,23.043812561035168,1269.7615157480313,46.180190659999994,24.890000000000043,0.12770377612122694,0.3128563546073202,-0.4140253565768621,"{""type"":""Point"",""coordinates"":[73.77928283172183,18.42934133531525]}"
54,23.796166992187523,1605.3353346456693,42.51265520000004,27.090000000000032,0.049058414297709005,0.16417033773861966,-0.22063125481139337,"{""type"":""Point"",""coordinates"":[73.79413576171413,18.550037286592396]}"
55,24.039227294921886,1486.2698818897636,43.13131682000005,27.77000000000004,0.05267379679144385,0.10944105213715359,-0.17883879554150725,"{""type"":""Point"",""coordinates"":[73.87660263536786,18.57137290448065]}"
56,23.895946393694203,1381.0449803149602,46.98684337999998,27.950000000000045,0.09004739336492891,0.12340425531914893,-0.1700831024930748,"{""type"":""Point"",""coordinates"":[73.86733668888236,18.48554574103136]}"
57,24.046257647346067,1234.8299212598424,38.031630980000045,26.950000000000045,-0.10063856960408685,0.5683348498635122,-0.5472172351885098,"{""type"":""Point"",""coordinates"":[73.78241964819357,18.577281499243675]}"
58,24.046257647346067,1424.104527559055,49.57428451999999,27.370000000000005,0.08095110873630777,0.1510791366906475,-0.21920964026227185,"{""type"":""Point"",""coordinates"":[73.84371330678294,18.62504225206732]}"
59,23.895946393694203,1473.0858267716535,43.421848520000026,28.08000000000004,0.042404723564143855,0.14892931895024955,-0.19771735481705272,"{""type"":""Point"",""coordinates"":[73.8741465402487,18.508402297078153]}"
60,23.043812561035168,282.4037401574803,30.300069740000026,24.99000000000001,0.04081632653061224,-0.4348697394789579,0.6287030941408822,"{""type"":""Point"",""coordinates"":[73.76516629268595,18.431488776442123]}"
61,24.039227294921886,1191.1699803149606,38.88955400000003,28.010000000000048,-0.10926584947937261,0.5751450495976044,-0.5730841121495327,"{""type"":""Point"",""coordinates"":[73.90053444186826,18.5642563586134]}"
62,23.895946393694203,709.0858267716536,39.49796156000002,28.180000000000007,-0.1465076660988075,0.269412134548884,-0.23486238532110093,"{""type"":""Point"",""coordinates"":[73.91675565771949,18.539348257264887]}"
63,24.046257647346067,1389.4194881889762,43.95505964000006,26.450000000000045,0.008704061895551257,0.3594164456233422,-0.41550146728810633,"{""type"":""Point"",""coordinates"":[73.75292089543345,18.62511720295816]}"
64,24.046257647346067,1504.5715551181104,43.03903028000002,27.33000000000004,0.08159781495390918,0.2438347718865598,-0.324688115561392,"{""type"":""Point"",""coordinates"":[73.80333399979631,18.587856172910165]}"
65,23.895946393694203,1372.432775590551,46.798852280000006,27.99000000000001,0.04214138641043239,0.17831813576494426,-0.2335159978787343,"{""type"":""Point"",""coordinates"":[73.94625616448116,18.49480433671665]}"
66,24.046257647346067,1525.2974409448818,46.02296174000003,27.200000000000045,0.07398630858346499,0.10337254901960784,-0.1622604097818903,"{""type"":""Point"",""coordinates"":[73.80090354194323,18.609791421604537]}"
67,23.408999633789108,1653.5503937007875,45.44531635999999,25.730000000000018,0.0684870188003581,0.13328795098706603,-0.24554840640430944,"{""type"":""Point"",""coordinates"":[73.74875316064966,18.52245130301064]}"
68,24.039227294921886,1572.7019685039372,51.96348050000006,27.08000000000004,0.08608799048751486,0.1143975641583297,-0.23212568130811156,"{""type"":""Point"",""coordinates"":[73.90461159786886,18.60974531927729]}"
69,24.039227294921886,1448.3407480314959,51.60458840000001,27.010000000000048,0.08104738154613467,0.14245853356068827,-0.28218510786360473,"{""type"":""Point"",""coordinates"":[73.8775056096021,18.60708126629894]}"
70,24.039227294921886,1554.2073818897636,47.15432636000003,27.230000000000018,0.0993858879558842,0.1224617307091534,-0.1832702124156101,"{""type"":""Point"",""coordinates"":[73.85913793012236,18.624848674945046]}"
71,23.895946393694203,1577.6886811023624,43.75681448,27.150000000000034,0.015304306560683356,0.18724073809183236,-0.26794989306446687,"{""type"":""Point"",""coordinates"":[73.8726047404725,18.450281755871888]}"
72,23.895946393694203,1697.9199803149606,46.026379760000054,27.590000000000032,0.10038564917611312,0.08805653710247349,-0.1567242674680691,"{""type"":""Point"",""coordinates"":[73.87719211713085,18.463514296817152]}"
73,23.796166992187523,1142.1990157480313,41.18646344000001,26.79000000000002,-0.0017084282460136675,0.38231827111984285,-0.4376787903555374,"{""type"":""Point"",""coordinates"":[73.804003577112,18.449660266059755]}"
74,23.796166992187523,1333.2068897637794,45.25048922000002,25.130000000000052,0.14058223438666334,0.25122260460061585,-0.32922840100057726,"{""type"":""Point"",""coordinates"":[73.76296320591655,18.473735740677398]}"
75,24.27015753851998,1324.918503937008,51.22860620000006,27.130000000000052,0.14466546112115733,0.17265804852133876,-0.2961440595028381,"{""type"":""Point"",""coordinates"":[73.96262056179455,18.605608833817296]}"
76,23.895946393694203,1303.299901574803,38.380269020000014,28.04000000000002,-0.25069069069069067,0.7440536013400335,-0.66592,"{""type"":""Point"",""coordinates"":[73.88590858631082,18.51288114351008]}"
77,23.026582336425804,1301.7989173228345,55.02944444000002,26.79000000000002,0.15027157513578757,0.23573810777602247,-0.393507521773555,"{""type"":""Point"",""coordinates"":[73.95569697642988,18.419662188661594]}"
78,23.895946393694203,1371.4140748031493,35.874860360000014,28.24000000000001,-0.2868289274484686,0.731432152930116,-0.6676728041050407,"{""type"":""Point"",""coordinates"":[73.85222071997963,18.500985751300924]}"
79,24.039227294921886,1096.711811023622,38.13417158000004,26.940000000000055,-0.018847006651884702,0.5339036094304194,-0.5246785566155122,"{""type"":""Point"",""coordinates"":[73.865801078449,18.579572322837993]}"
80,22.913253784179688,1882.6030511811023,50.80135370000005,26.010000000000048,0.124881003894418,0.1819988310929281,-0.3681504532539575,"{""type"":""Point"",""coordinates"":[73.88277945449383,18.422914628689878]}"
81,24.046257647346067,1398.121751968504,46.22804294000002,26.55000000000001,0.08282252316464718,0.07645976242262004,-0.15077803612949384,"{""type"":""Point"",""coordinates"":[73.76208192417548,18.57868567362933]}"
82,23.796166992187523,1197.4357283464565,40.23625388000005,27.610000000000014,-0.014255284286416517,0.22477245745943808,-0.24048096192384769,"{""type"":""Point"",""coordinates"":[73.81155359877037,18.506302418623566]}"
83,24.046257647346067,1366.5804133858267,43.555151300000034,26.55000000000001,0.04577319587628866,0.17880794701986755,-0.25261638397690367,"{""type"":""Point"",""coordinates"":[73.76513258998011,18.579560569211388]}"
84,23.796166992187523,1422.5090551181102,41.295840080000005,25.27000000000004,-0.004314259763851045,0.43931012040351447,-0.4812458137977227,"{""type"":""Point"",""coordinates"":[73.76264502590136,18.464186918515406]}"
85,24.046257647346067,1277.8023622047244,44.491688780000004,26.49000000000001,0.03632103104862332,0.1918130773410614,-0.24597614088240863,"{""type"":""Point"",""coordinates"":[73.7582159389957,18.562285738385228]}"
86,24.046257647346067,1732.1876968503939,46.750999999999976,27.24000000000001,0.039002219638516016,0.21746116764863418,-0.2951566951566952,"{""type"":""Point"",""coordinates"":[73.76395871410462,18.60582458012935]}"
87,24.046257647346067,1306.041535433071,44.324205800000016,26.850000000000023,0.04637753823013287,0.3420356323866643,-0.40550526510253093,"{""type"":""Point"",""coordinates"":[73.83325434445807,18.59735067774154]}"
88,23.026582336425804,1382.3599409448818,52.038676940000016,26.03000000000003,0.08224021900307973,0.3314578851563793,-0.4380697050938338,"{""type"":""Point"",""coordinates"":[73.96145651049018,18.414522114419217]}"
89,22.913253784179688,1666.059251968504,44.50877888000002,26.250000000000057,0.08149199270220961,0.22096469954190245,-0.3324511101308631,"{""type"":""Point"",""coordinates"":[73.8921332578389,18.430423045096312]}"
90,23.796166992187523,1301.4017716535432,39.162995600000045,27.750000000000057,-0.03476084538375973,0.31368049426301853,-0.32537845057880677,"{""type"":""Point"",""coordinates"":[73.84746025863768,18.533194003281384]}"
91,24.27015753851998,1254.6857283464567,44.87450702000001,26.750000000000057,0.16369318921734602,0.2297970126388357,-0.3279569892473118,"{""type"":""Point"",""coordinates"":[73.96687091955232,18.618473333546362]}"
92,22.913253784179688,1594.0036417322833,50.350175060000026,26.54000000000002,0.09666153055983565,0.2518149466192171,-0.38838017050836754,"{""type"":""Point"",""coordinates"":[73.94681674130725,18.423888190021163]}"
93,23.895946393694203,1304.3786417322833,40.195237640000016,28.24000000000001,-0.03915530136383634,0.2586145648312611,-0.30713890426120644,"{""type"":""Point"",""coordinates"":[73.85627007690827,18.505048843418784]}"
94,23.043812561035168,297.6212598425197,30.255635480000024,25.350000000000023,0.13071895424836602,-0.4554759467758444,0.6549935149156939,"{""type"":""Point"",""coordinates"":[73.76624620545918,18.440071774574918]}"
95,23.796166992187523,1396.6443897637798,44.79589256000003,27.58000000000004,0.17751718560452892,0.09276504297994269,-0.14077397644419518,"{""type"":""Point"",""coordinates"":[73.80729605034026,18.496042666598363]}"
96,24.046257647346067,1188.5021653543306,40.81048124000006,27.04000000000002,-0.08157963107300598,0.5697586726998491,-0.5871139916126573,"{""type"":""Point"",""coordinates"":[73.83005965629204,18.59809207355257]}"
97,23.796166992187523,1322.3117125984252,47.04494971999998,25.390000000000043,0.018134377038486627,0.26084771318478805,-0.3636528356586338,"{""type"":""Point"",""coordinates"":[73.75382795517329,18.490047843038976]}"
98,23.895946393694203,1783.8835629921261,46.436542160000045,27.07000000000005,0.08459045703430551,0.10211220234091214,-0.15412792335869258,"{""type"":""Point"",""coordinates"":[73.92657239437861,18.47575879182719]}"
99,23.796166992187523,1446.4642716535432,44.58055730000001,26.55000000000001,0.06247414149772445,0.07546274323682961,-0.16165413533834586,"{""type"":""Point"",""coordinates"":[73.78510464330209,18.486108865428854]}"
100,23.043812561035168,1142.3043307086614,36.462759800000015,25.27000000000004,-0.052660449808008776,0.5342794323405956,-0.518796992481203,"{""type"":""Point"",""coordinates"":[73.77496899865122,18.443161120661145]}"
101,24.039227294921886,966.283661417323,41.37103652000002,27.810000000000002,0.009137862534763607,0.1662380173018471,-0.19301602487443195,"{""type"":""Point"",""coordinates"":[73.88215680891449,18.576974501472428]}"
102,23.043812561035168,1348.701968503937,44.00632994,25.890000000000043,-0.0680952380952381,0.46721177432542926,-0.5099293167283743,"{""type"":""Point"",""coordinates"":[73.80529529478362,18.432105514454665]}"
103,24.039227294921886,1580.5887795275592,50.65437884000005,27.100000000000023,0.11386861313868613,0.06740914419695193,-0.1652535594304911,"{""type"":""Point"",""coordinates"":[73.8733847019842,18.626308015733123]}"
104,24.046257647346067,1521.6000984251968,44.63524561999998,27.450000000000045,0.07850540294232522,0.10801502817783344,-0.1736030509036644,"{""type"":""Point"",""coordinates"":[73.78957082777606,18.61265044088729]}"
105,24.039227294921886,1561.4372047244094,49.33160510000005,27.160000000000025,0.19177253478523895,0.21509777171441563,-0.362107051826678,"{""type"":""Point"",""coordinates"":[73.90736647631526,18.62375447160173]}"
106,23.796166992187523,1465.78218503937,41.34027434000001,25.960000000000036,0.19311745217484236,0.2493794472943902,-0.35207736389684813,"{""type"":""Point"",""coordinates"":[73.79301928805373,18.525496396151265]}"
107,23.408999633789108,1312.2142716535432,44.160140840000054,25.57000000000005,-0.05047815034499455,0.47987721691678037,-0.5060742797639708,"{""type"":""Point"",""coordinates"":[73.74433036914861,18.49735054117108]}"
108,23.043812561035168,1557.681299212598,44.47801670000001,25.57000000000005,0.056220095693779906,0.1763828835544953,-0.2529776083849452,"{""type"":""Point"",""coordinates"":[73.82036559615635,18.431952802351493]}"
109,24.27015753851998,1416.6793307086614,52.47618350000005,27.150000000000034,0.1853273137697517,0.2036018009004502,-0.3501683501683502,"{""type"":""Point"",""coordinates"":[73.95595981470755,18.60993947874046]}"
110,23.796166992187523,1081.0873031496064,43.049284339999986,26.590000000000032,0.06223915804754128,0.12128444348014754,-0.1807173863376742,"{""type"":""Point"",""coordinates"":[73.7804366964913,18.50858560287324]}"
111,23.895946393694203,1150.0292322834644,43.11422672000003,27.890000000000043,0.021701251386028828,0.23742736926467642,-0.2874713362518241,"{""type"":""Point"",""coordinates"":[73.88203248412225,18.504814845354836]}"
112,23.043812561035168,1547.467716535433,44.94970346000002,26.190000000000055,0.05547850208044383,0.20726842960555472,-0.30376515634971285,"{""type"":""Point"",""coordinates"":[73.82471310708475,18.43703114112551]}"
113,24.159700012207054,1558.73592519685,48.08060978000003,28.08000000000004,0.06693711967545639,0.19920257629197977,-0.25260291526509693,"{""type"":""Point"",""coordinates"":[73.96339548684595,18.479231656339994]}"
114,23.895946393694203,1456.5100393700789,43.13473484000002,28.130000000000052,0.10391742904058175,0.24369200716262412,-0.3161068044788975,"{""type"":""Point"",""coordinates"":[73.93597476598246,18.51485131989907]}"
115,22.913253784179688,1694.635531496063,44.457508580000024,26.28000000000003,0.08809216406793127,0.22655623831151483,-0.3504927195175761,"{""type"":""Point"",""coordinates"":[73.90122503373105,18.422561373066628]}"
116,24.046257647346067,1880.5858267716537,51.32772878000003,27.690000000000055,0.13920088381513535,0.13899378730661469,-0.27471029311520107,"{""type"":""Point"",""coordinates"":[73.84190412811768,18.5579771416933]}"
117,24.046257647346067,1551.1020669291338,43.59958556000004,27.370000000000005,-0.001313119255103259,0.19402135231316725,-0.2851233338440325,"{""type"":""Point"",""coordinates"":[73.84746320508064,18.624510985361134]}"
118,23.895946393694203,1184.2068897637794,39.85685366000001,28.260000000000048,-0.1660568533633549,0.5505239520958084,-0.5245630174793008,"{""type"":""Point"",""coordinates"":[73.87982538119483,18.526750076318443]}"
119,23.796166992187523,1604.7575787401572,47.39016974000003,25.890000000000043,0.15418035392603582,0.14289805269186712,-0.2890826873385013,"{""type"":""Point"",""coordinates"":[73.76348156975385,18.527673846780853]}"
120,24.039227294921886,1268.4775590551183,44.471180660000016,28.02000000000004,0.10951299520565229,0.29528353826390163,-0.3893700787401575,"{""type"":""Point"",""coordinates"":[73.88738634606955,18.57335272126906]}"
121,24.27015753851998,984.6099409448818,55.19692742000001,27.670000000000016,0.18851174934725848,0.12717601547388782,-0.2713389691846196,"{""type"":""Point"",""coordinates"":[73.96090453399167,18.582496221703316]}"
122,23.895946393694203,1511.0287401574803,44.61473750000005,27.010000000000048,0.07501894417782268,0.17862890247827487,-0.22906527940929686,"{""type"":""Point"",""coordinates"":[73.90419630180084,18.464708936289142]}"
123,23.895946393694203,1273.5292322834646,41.80512506000002,28.53000000000003,-0.05080864462573351,0.3255100198591804,-0.3295907279971025,"{""type"":""Point"",""coordinates"":[73.90782609051487,18.542959972262423]}"
124,24.039227294921886,2241.8279527559052,51.26620442000001,27.410000000000025,0.07653631284916201,0.029265255292652552,-0.10016638935108153,"{""type"":""Point"",""coordinates"":[73.91960636061769,18.584375210753002]}"
125,24.046257647346067,1512.5292322834646,43.456028720000006,26.55000000000001,0.04125075165363801,0.20641646489104115,-0.2924773022049287,"{""type"":""Point"",""coordinates"":[73.76577521363878,18.57919701052003]}"
126,23.796166992187523,1342.4426181102363,41.67524030000004,25.730000000000018,0.15322119235610482,0.2905476107429369,-0.43661424966026013,"{""type"":""Point"",""coordinates"":[73.77532715015731,18.494753984468662]}"
127,23.895946393694203,1629.0159448818902,42.76217066000004,28.220000000000027,0.03041144901610018,0.09700737313864392,-0.1465699607132064,"{""type"":""Point"",""coordinates"":[73.93680913680569,18.538141882657552]}"
128,23.895946393694203,1196.145374015748,38.46571951999999,27.49000000000001,0.044031692427588,0.3892034730086825,-0.4965433102887353,"{""type"":""Point"",""coordinates"":[73.86051464633665,18.456728528348858]}"
129,24.046257647346067,1470.990354330709,43.538061200000016,27.79000000000002,0.07425742574257425,0.11456953642384106,-0.16028955532574973,"{""type"":""Point"",""coordinates"":[73.81604237473113,18.580925661504462]}"
130,24.159700012207054,1132.6812992125983,46.97317129999999,27.57000000000005,0.09522447812410638,0.31531906048638536,-0.3807549639973816,"{""type"":""Point"",""coordinates"":[73.9669412090554,18.531735371143608]}"
131,23.796166992187523,1731.5838582677166,46.72365583999999,25.28000000000003,0.03553875236294896,0.34955693691310674,-0.42176396823185175,"{""type"":""Point"",""coordinates"":[73.76327487812898,18.456002353134807]}"
132,24.046257647346067,1579.3948818897638,45.10351436000002,27.500000000000057,0.06796116504854369,0.10495229441163108,-0.1584630041282947,"{""type"":""Point"",""coordinates"":[73.77370597828687,18.610918561141286]}"
133,23.895946393694203,702.7816929133859,36.233752460000005,27.890000000000043,-0.2372611464968153,0.4619002822201317,-0.3756270286220124,"{""type"":""Point"",""coordinates"":[73.86255939490029,18.533962007566885]}"
134,23.796166992187523,1490.3835629921261,42.53316332000003,27.590000000000032,0.1891445671241358,0.24355119480930526,-0.38101933216168715,"{""type"":""Point"",""coordinates"":[73.83084341679599,18.48587094231464]}"
135,23.796166992187523,1157.2147637795276,39.60050216000002,27.410000000000025,0.0928611266034579,0.3231645312182225,-0.3565471226021685,"{""type"":""Point"",""coordinates"":[73.82757094927555,18.54527945181648]}"
136,22.913253784179688,1766.4878937007875,47.70804559999999,25.83000000000004,0.11605752496106989,0.23844969199178645,-0.381729667812142,"{""type"":""Point"",""coordinates"":[73.86868289163715,18.417455273200805]}"
137,23.043812561035168,1423.3259842519685,44.08494440000004,25.850000000000023,0.1308980213089802,0.3025908424311553,-0.43570402298850575,"{""type"":""Point"",""coordinates"":[73.81519432636671,18.425897321164886]}"
138,24.27015753851998,1461.5115157480316,48.42924782,27.190000000000055,0.0563611146135418,0.17010631644777988,-0.27647961794303255,"{""type"":""Point"",""coordinates"":[73.96664854295345,18.594046402997673]}"
139,23.895946393694203,1641.942618110236,46.798852280000006,28.53000000000003,0.06461609089865718,0.13858619726180496,-0.22335634944461122,"{""type"":""Point"",""coordinates"":[73.91265812685272,18.54430075981194]}"
140,22.913253784179688,1284.3550196850395,48.82232012000003,26.730000000000018,-0.05235113893699214,0.3566889919285592,-0.4195867026055705,"{""type"":""Point"",""coordinates"":[73.93245613813096,18.42807962811681]}"
141,24.039227294921886,1637.8466535433072,50.99276282000005,27.230000000000018,0.1490027375831052,0.23076923076923078,-0.37482230295371977,"{""type"":""Point"",""coordinates"":[73.93262659352341,18.599684025253833]}"
142,22.531699371337936,328.93080708661415,36.27818672000001,25.29000000000002,-0.025495750708215296,-0.2303330970942594,0.34970059880239523,"{""type"":""Point"",""coordinates"":[73.74768884616427,18.421694909880486]}"
143,23.796166992187523,1608.3043307086616,43.13473484000002,26.83000000000004,-0.00783020811868947,0.37755245740036614,-0.434100571763671,"{""type"":""Point"",""coordinates"":[73.81930459204798,18.536091134354113]}"
144,23.895946393694203,1528.7359251968505,48.11820799999998,26.910000000000025,0.05441044680578671,0.11285219225553714,-0.19013857557202707,"{""type"":""Point"",""coordinates"":[73.91346809109676,18.44977594786493]}"
145,23.796166992187523,1391.84468503937,40.57463786000005,27.470000000000027,-0.03086263597267898,0.34755291005291006,-0.37413589613893106,"{""type"":""Point"",""coordinates"":[73.79741100055064,18.49690788048623]}"
146,24.046257647346067,1643.828937007874,46.241715020000015,27.370000000000005,0.06152723735408561,0.10747596498780312,-0.16797820823244553,"{""type"":""Point"",""coordinates"":[73.8471136186037,18.62230779834717]}"
147,23.895946393694203,1404.3550196850392,43.948223600000006,27.970000000000027,0.04683741332955993,0.15441302485004285,-0.2035018760050027,"{""type"":""Point"",""coordinates"":[73.85864831245713,18.52095597193221]}"
148,23.895946393694203,1678.6625984251968,43.65769190000003,28.53000000000003,0.048802129547471165,0.17495547335251405,-0.2739156268568033,"{""type"":""Point"",""coordinates"":[73.91605658154641,18.54688600294891]}"
149,23.408999633789108,1891.3801181102363,45.732430040000054,25.670000000000016,0.09850688384719798,0.1419798575288627,-0.2310340262147491,"{""type"":""Point"",""coordinates"":[73.74650036419366,18.538400134742623]}"
150,23.796166992187523,1349.9770669291338,41.183045419999985,27.07000000000005,0.12607155103440393,0.28915865789917383,-0.435868544600939,"{""type"":""Point"",""coordinates"":[73.78252667777497,18.503067004970323]}"
151,24.039227294921886,1694.9490157480313,50.66805092000004,27.58000000000004,0.13360800470865214,0.17150815758058097,-0.33232765122944635,"{""type"":""Point"",""coordinates"":[73.94726449059134,18.580120162672728]}"
152,23.895946393694203,1424.3919291338582,42.43745876000003,27.150000000000034,0.06424581005586592,0.10743801652892562,-0.17194332691971315,"{""type"":""Point"",""coordinates"":[73.87560294071976,18.45053125004569]}"
153,23.796166992187523,1374.0149606299212,41.757272779999994,27.930000000000007,0.012791991101223582,0.23585726718885988,-0.26222222222222225,"{""type"":""Point"",""coordinates"":[73.83715631327398,18.496250914070487]}"
154,24.039227294921886,1252.49625984252,43.886699239999984,28.390000000000043,-0.026106696935300794,0.32697247706422017,-0.34548837209302324,"{""type"":""Point"",""coordinates"":[73.91526921437196,18.55300842155046]}"
155,23.796166992187523,1681.936712598425,42.98775998000002,27.170000000000016,0.018035174190657557,0.2316987494730926,-0.27858809801633605,"{""type"":""Point"",""coordinates"":[73.83249896310333,18.47522453976058]}"
156,24.046257647346067,1397.5198818897638,43.965313700000024,27.730000000000018,5.442176870748299E-4,0.24719864176570458,-0.26546080964685614,"{""type"":""Point"",""coordinates"":[73.78340255873435,18.626020237629174]}"
157,24.039227294921886,1101.9937992125983,45.16845674000001,27.210000000000036,0.09383463437948064,0.16629075251179004,-0.2479157525230364,"{""type"":""Point"",""coordinates"":[73.94607768771992,18.581619471930377]}"
158,24.046257647346067,1643.5169291338582,45.00439177999999,27.690000000000055,-0.006581834137779728,0.2742674628523816,-0.33741437108293254,"{""type"":""Point"",""coordinates"":[73.80742567723301,18.576137067519106]}"
159,24.159700012207054,1438.479035433071,40.53020360000005,27.920000000000016,-0.024719643072470758,0.3393223010244287,-0.3777561608300908,"{""type"":""Point"",""coordinates"":[73.95635508949054,18.495568577805805]}"
160,24.159700012207054,1763.811712598425,46.945827140000006,27.74000000000001,0.0631397587919327,0.17833014659018484,-0.2908811618489038,"{""type"":""Point"",""coordinates"":[73.95978432279571,18.50425918170263]}"
161,24.039227294921886,1738.9224409448818,49.51617818,26.80000000000001,0.06134435501413966,0.1843008096610402,-0.24065554916618748,"{""type"":""Point"",""coordinates"":[73.85912965833516,18.585338453320773]}"
162,24.046257647346067,1515.0252952755905,40.80706322000003,27.55000000000001,-0.00939693112882122,0.31504726483805984,-0.33743104806934593,"{""type"":""Point"",""coordinates"":[73.78198383177339,18.62325825280753]}"
163,23.796166992187523,1499.5981299212597,44.63524561999998,25.55000000000001,0.01056379821958457,0.26976389946686974,-0.32548894895849895,"{""type"":""Point"",""coordinates"":[73.75760087273203,18.49391505506043]}"
164,24.046257647346067,1634.6936023622047,46.97317129999999,27.200000000000045,0.07574563871693867,0.17920735209649627,-0.27022428460943543,"{""type"":""Point"",""coordinates"":[73.75565339214948,18.606044791023642]}"
165,23.796166992187523,1462.4337598425195,41.00530838000003,26.850000000000023,0.041248889452976265,0.20786696514230893,-0.2816423481506617,"{""type"":""Point"",""coordinates"":[73.81362454787008,18.46674591024973]}"
166,23.796166992187523,1303.0877952755905,41.71625654000002,26.390000000000043,0.014669249930805425,0.26870990734141126,-0.2978490703609187,"{""type"":""Point"",""coordinates"":[73.78636732974803,18.54000837824386]}"
167,24.159700012207054,1770.6133858267713,51.16708184000004,26.730000000000018,0.06153144940747493,0.07253548639145722,-0.15983664272637657,"{""type"":""Point"",""coordinates"":[73.95115309284066,18.461976634755512]}"
168,23.895946393694203,1309.5238188976377,39.09463520000003,28.090000000000032,-0.02849604221635884,0.3662811076060287,-0.3703638600808578,"{""type"":""Point"",""coordinates"":[73.86198693300227,18.498274062212797]}"
169,24.039227294921886,1558.940157480315,45.74268410000002,27.660000000000025,0.06527477801775858,0.1410575655485572,-0.2365079365079365,"{""type"":""Point"",""coordinates"":[73.891388728694,18.59063133332829]}"
170,23.043812561035168,1774.368307086614,44.67967987999998,25.470000000000027,0.06850335070737155,0.2867060941115968,-0.3894210745522699,"{""type"":""Point"",""coordinates"":[73.82295173700116,18.423953537649858]}"
171,22.913253784179688,1789.2944881889762,43.11422672000003,27.130000000000052,0.04961005199306759,0.15690928270042195,-0.22047572680484073,"{""type"":""Point"",""coordinates"":[73.87807306412702,18.44533209880241]}"
172,24.039227294921886,1774.762992125984,51.679784840000025,26.940000000000055,0.14225170444075916,0.23951537744641194,-0.3413052874225616,"{""type"":""Point"",""coordinates"":[73.85466055958233,18.60993099862318]}"
173,24.27015753851998,1561.2457677165353,48.57964070000003,27.58000000000004,0.12285927029039465,0.2126470588235294,-0.3386363636363636,"{""type"":""Point"",""coordinates"":[73.96665887992953,18.577892360884437]}"
174,23.796166992187523,1709.2285433070865,46.68947564000001,26.33000000000004,0.14714480608068603,0.1854259785994853,-0.3158923470154864,"{""type"":""Point"",""coordinates"":[73.76304177948099,18.51775424735502]}"
175,23.043812561035168,1503.6084645669291,44.51561492000002,26.130000000000052,0.0914812317374691,0.21472577009767094,-0.33686125351413926,"{""type"":""Point"",""coordinates"":[73.79459139232601,18.434026545400126]}"
176,23.796166992187523,1360.9194881889764,42.081984680000005,27.200000000000045,0.022328999434708875,0.19214199551955885,-0.2525801195002716,"{""type"":""Point"",""coordinates"":[73.82437844376834,18.468364601311897]}"
177,24.039227294921886,1561.0464566929131,44.85399890000002,28.52000000000004,0.0010227563283047815,0.16609461274436652,-0.21656546784991437,"{""type"":""Point"",""coordinates"":[73.9390666398768,18.55308211829772]}"
178,23.895946393694203,1135.1699803149606,39.21426589999999,28.090000000000032,0.005309226574831396,0.4089430894308943,-0.42136559360262454,"{""type"":""Point"",""coordinates"":[73.89548497939259,18.515727109202718]}"
179,23.796166992187523,1580.7216535433072,44.16697687999999,26.850000000000023,0.11808196028728347,0.22398123717384932,-0.32940614551822955,"{""type"":""Point"",""coordinates"":[73.81147895455365,18.468509800086636]}"
180,24.159700012207054,1295.7280511811025,41.555609600000025,27.55000000000001,0.018679037968502014,0.4585374705135184,-0.4835732742709487,"{""type"":""Point"",""coordinates"":[73.95543394776614,18.517355876516348]}"
181,23.895946393694203,1461.6468503937008,41.60004386000003,28.07000000000005,-0.014581734458940905,0.2662835249042146,-0.3022492201608931,"{""type"":""Point"",""coordinates"":[73.93419246380954,18.519943023943977]}"
182,23.796166992187523,1711.7728346456693,49.42730965999999,26.310000000000002,0.2009698275862069,0.23755215577190542,-0.36556169429097607,"{""type"":""Point"",""coordinates"":[73.75822454398549,18.544292741333557]}"
183,24.046257647346067,1205.5213582677163,43.910625380000056,27.710000000000036,-0.009315512353179425,0.4100339494530366,-0.468762278978389,"{""type"":""Point"",""coordinates"":[73.81362867511245,18.62168388488437]}"
184,23.796166992187523,1324.6148622047244,40.475515280000025,27.590000000000032,-0.0878741895433853,0.35103649134829534,-0.3610631687953055,"{""type"":""Point"",""coordinates"":[73.83052842130628,18.488843894876695]}"
185,24.046257647346067,1460.4047244094488,44.49510680000003,27.710000000000036,0.037943696450428395,0.25961538461538464,-0.32613463809684495,"{""type"":""Point"",""coordinates"":[73.80591743812688,18.622046148482248]}"
186,23.895946393694203,1761.6847440944882,46.34425562000001,28.05000000000001,0.06076297157349678,0.16518091242789723,-0.25377345182677385,"{""type"":""Point"",""coordinates"":[73.9213417279589,18.52858799460033]}"
187,22.913253784179688,1514.4760826771653,48.94195081999999,26.54000000000002,0.11664654888620651,0.20400837571043973,-0.32926023778071334,"{""type"":""Point"",""coordinates"":[73.9396983598679,18.421303561756552]}"
188,23.796166992187523,1592.8269685039368,46.08448610000005,25.870000000000005,0.12888132709485325,0.206480117820324,-0.302591826999523,"{""type"":""Point"",""coordinates"":[73.75858838795787,18.52340326553679]}"
189,24.046257647346067,1494.746751968504,47.41409587999999,27.650000000000034,0.09579043398931318,0.13347492239830094,-0.18073519400953028,"{""type"":""Point"",""coordinates"":[73.80292290230494,18.617712556568836]}"
190,23.043812561035168,1092.2620078740158,37.27283054000003,25.170000000000016,0.049049662783568364,0.3183170420739482,-0.3448948623455452,"{""type"":""Point"",""coordinates"":[73.75387910480025,18.437854649895424]}"
191,24.046257647346067,1702.0375984251968,42.79976887999999,26.78000000000003,0.028013029315960912,0.21713120326308633,-0.28399311531841653,"{""type"":""Point"",""coordinates"":[73.77526936801573,18.5803793990354]}"
192,22.913253784179688,1423.7191929133858,52.414659140000026,26.660000000000025,0.09700087840381479,0.15803025426456388,-0.2675709001233046,"{""type"":""Point"",""coordinates"":[73.92486129172497,18.425011045189365]}"
193,24.039227294921886,1606.468208661417,46.99026140000001,27.470000000000027,0.057230018303843805,0.14816466042502602,-0.19764377615873507,"{""type"":""Point"",""coordinates"":[73.86857020900402,18.61794404007124]}"
194,23.895946393694203,1338.1798228346458,38.86220983999999,28.260000000000048,0.023244725235427345,0.4105698054742641,-0.46243084062109585,"{""type"":""Point"",""coordinates"":[73.88173282683377,18.52735395135644]}"
195,24.039227294921886,1350.2063976377956,36.70202119999999,27.130000000000052,-0.23963506178542557,0.721019721019721,-0.6837647058823529,"{""type"":""Point"",""coordinates"":[73.86889123679798,18.579170164685884]}"
196,24.046257647346067,1594.7639763779528,44.94970346000002,27.450000000000045,0.06897404202719407,0.11403638515012572,-0.18464926077382826,"{""type"":""Point"",""coordinates"":[73.7872202559232,18.615105561549463]}"
197,23.796166992187523,1295.451968503937,43.028776220000054,26.58000000000004,0.16318961520630507,0.3230712845886018,-0.42518752467429927,"{""type"":""Point"",""coordinates"":[73.7937131142765,18.476261109314137]}"
198,23.796166992187523,1473.3126968503934,45.87256886,27.99000000000001,0.13411443521783642,0.194601381042059,-0.32015261879986123,"{""type"":""Point"",""coordinates"":[73.84812445867396,18.497537806396416]}"
199,24.039227294921886,1364.4357283464567,37.43005946000005,27.420000000000016,-0.1288818109430099,0.608167233835683,-0.6045270816491511,"{""type"":""Point"",""coordinates"":[73.87025604312657,18.55683942144808]}"
200,24.039227294921886,1783.6916338582678,53.03673878000001,27.440000000000055,0.13688880672890286,0.2152524726704841,-0.35608480975893114,"{""type"":""Point"",""coordinates"":[73.92193552483445,18.595784085429106]}"
201,24.039227294921886,1515.8382874015747,48.25151077999999,27.410000000000025,0.10204081632653061,0.23119266055045873,-0.3382084095063985,"{""type"":""Point"",""coordinates"":[73.91573322782696,18.589270921281233]}"
202,24.039227294921886,1650.9253937007875,50.897058259999994,27.260000000000048,0.10711243611584327,0.16262304173020933,-0.2633323290147635,"{""type"":""Point"",""coordinates"":[73.94410928897643,18.60755680459739]}"
203,24.046257647346067,1377.6153543307084,40.70110460000001,27.05000000000001,0.18858052775250228,0.2287289011367551,-0.35036910846110164,"{""type"":""Point"",""coordinates"":[73.7889922110468,18.583337588430595]}"
204,23.796166992187523,1514.9647637795274,41.641060100000004,27.99000000000001,-0.051055473735886106,0.30827986556675835,-0.3329182879377432,"{""type"":""Point"",""coordinates"":[73.8445318729492,18.499904956149436]}"
205,23.895946393694203,1292.2442913385826,39.65177246000002,27.920000000000016,-0.23227261338010524,0.6657070279424216,-0.6114023591087812,"{""type"":""Point"",""coordinates"":[73.88804532788279,18.501743045929622]}"
206,23.796166992187523,1328.6945866141732,45.141112580000026,26.430000000000007,0.04972101673899566,0.3022939677145285,-0.39117807224541656,"{""type"":""Point"",""coordinates"":[73.77614687541009,18.505428692394304]}"
207,23.796166992187523,1531.0120078740158,42.604941740000015,26.250000000000057,0.049429657794676805,0.2380068090374497,-0.28040973111395645,"{""type"":""Point"",""coordinates"":[73.79343063871069,18.45210096810953]}"
208,22.531699371337936,1529.4293307086614,43.5209711,25.370000000000005,0.1376090927542115,0.28407373828951343,-0.42035768009359853,"{""type"":""Point"",""coordinates"":[73.74746906906864,18.41569400167546]}"
209,24.046257647346067,1072.7772637795274,38.69472686000006,26.750000000000057,0.03894237677827274,0.4776844896155546,-0.4849023090586146,"{""type"":""Point"",""coordinates"":[73.83564935174672,18.606497109788467]}"
210,23.796166992187523,1567.909153543307,43.616675660000055,27.04000000000002,0.039227973430254415,0.15156977617545442,-0.21624623195303824,"{""type"":""Point"",""coordinates"":[73.828127756246,18.462184546147604]}"
211,23.796166992187523,1675.727559055118,50.82186181999998,25.79000000000002,0.21598606541513451,0.17607780519669036,-0.3006903194734307,"{""type"":""Point"",""coordinates"":[73.77853755514563,18.472278798438165]}"
212,23.895946393694203,1714.7600393700784,44.12254261999999,28.08000000000004,0.025423728813559324,0.28003257771141576,-0.33286219081272084,"{""type"":""Point"",""coordinates"":[73.86869642971067,18.543320602623762]}"
213,22.913253784179688,1713.4288385826771,45.899913019999985,26.53000000000003,0.07268343093351705,0.08738386966473677,-0.16789587852494578,"{""type"":""Point"",""coordinates"":[73.88636398846967,18.436000992999656]}"
214,24.046257647346067,1562.711811023622,41.85981337999999,27.430000000000007,0.04939380332285586,0.24474496545641627,-0.33438386385124486,"{""type"":""Point"",""coordinates"":[73.8189288849069,18.563458219711922]}"
215,23.796166992187523,1185.0021653543306,39.74064098000002,25.960000000000036,0.1478282956565913,0.3292393026941363,-0.44084174361176726,"{""type"":""Point"",""coordinates"":[73.79493063752467,18.528233632341664]}"
216,24.046257647346067,1816.576968503937,46.99026140000001,27.410000000000025,0.12230883444691908,0.18983519939615046,-0.3143413007226237,"{""type"":""Point"",""coordinates"":[73.83928713256674,18.55907954366528]}"
217,23.895946393694203,1555.3230314960629,43.74314240000001,27.950000000000045,-7.354743809757293E-4,0.1888743264890054,-0.2714530446970877,"{""type"":""Point"",""coordinates"":[73.93145675571414,18.525354213872756]}"
218,23.895946393694203,1394.3579724409449,41.51117534000002,27.670000000000016,0.08000445087348391,0.34133679428942243,-0.44142259414225943,"{""type"":""Point"",""coordinates"":[73.88660182895843,18.481796323191524]}"
219,23.796166992187523,1150.5292322834646,38.151261680000005,27.150000000000034,-0.05234410559854347,0.383878691141261,-0.36669950738916257,"{""type"":""Point"",""coordinates"":[73.81546640460884,18.547735725813478]}"
220,23.796166992187523,1011.7905511811024,40.70794064000006,27.200000000000045,-0.06366630076838639,0.31152718249492445,-0.32679141944317663,"{""type"":""Point"",""coordinates"":[73.82017892140098,18.47061462699538]}"
221,23.796166992187523,1839.5297244094488,45.13085852000006,25.890000000000043,0.09131640708342223,0.06156530408773679,-0.15576662143826323,"{""type"":""Point"",""coordinates"":[73.7808722610695,18.455948939339134]}"
222,24.039227294921886,1904.4391732283461,45.800790440000014,27.690000000000055,0.021334448860071114,0.13567961165048545,-0.19362244897959183,"{""type"":""Point"",""coordinates"":[73.94546518660249,18.571065044582923]}"
223,23.408999633789108,1426.174901574803,44.95995751999999,24.890000000000043,0.24126280223841198,0.2165227695953953,-0.3659000190077932,"{""type"":""Point"",""coordinates"":[73.74963049559837,18.478564156001767]}"
224,24.046257647346067,1016.8200787401576,39.39883898000005,26.970000000000027,-0.16185533571196886,0.5607843137254902,-0.5324064171122994,"{""type"":""Point"",""coordinates"":[73.82366788679525,18.612285513957186]}"
225,23.796166992187523,1592.6975393700789,47.4004238,27.07000000000005,0.1009446980150727,0.1901081916537867,-0.33490937746256894,"{""type"":""Point"",""coordinates"":[73.78119029107721,18.50285437320017]}"
226,23.895946393694203,1226.731496062992,41.330020279999985,27.590000000000032,-0.11089970100570808,0.500642555535157,-0.4943327239488117,"{""type"":""Point"",""coordinates"":[73.89942339720074,18.480309786387398]}"
227,22.913253784179688,1598.6276574803148,47.12356418000002,26.30000000000001,0.04045632196049435,0.2546961325966851,-0.3788706739526412,"{""type"":""Point"",""coordinates"":[73.90239939393865,18.427192945340636]}"
228,23.895946393694203,1628.9972440944882,43.097136620000015,28.230000000000018,-0.06733493135759425,0.3415502602026842,-0.3958392704474209,"{""type"":""Point"",""coordinates"":[73.8693740013175,18.53671776108034]}"
229,23.796166992187523,1461.6094488188974,46.241715020000015,26.710000000000036,0.10683962264150944,0.1867753055468505,-0.31174229303775547,"{""type"":""Point"",""coordinates"":[73.80364444976264,18.471632059959607]}"
230,23.796166992187523,1609.2246062992126,43.476536839999994,25.55000000000001,0.06218274111675127,0.25858643201816633,-0.3414006958100136,"{""type"":""Point"",""coordinates"":[73.75431553019948,18.496291108259683]}"
231,24.046257647346067,1053.934744094488,36.722529320000035,27.430000000000007,0.0511306351721158,0.4718498659517426,-0.4614019520851819,"{""type"":""Point"",""coordinates"":[73.82007978165979,18.558200084611897]}"
232,23.796166992187523,1289.229527559055,45.028317920000006,26.390000000000043,0.06158631415241057,0.11596079156648789,-0.17598908594815826,"{""type"":""Point"",""coordinates"":[73.7801046379003,18.533438888281488]}"
233,24.039227294921886,1674.3781496062993,43.50388099999998,27.940000000000055,0.010233222275107092,0.1567236823807537,-0.20411117544875507,"{""type"":""Point"",""coordinates"":[73.94859966879845,18.561474101203665]}"
234,24.046257647346067,1014.9121062992127,42.457966880000015,27.090000000000032,-0.07058628134861318,0.41826182618261826,-0.4198237885462555,"{""type"":""Point"",""coordinates"":[73.8182583156863,18.597449517384163]}"
235,23.895946393694203,1516.1975393700786,47.07571189999999,28.28000000000003,0.01770956316410862,0.13334342364159224,-0.18725225939432377,"{""type"":""Point"",""coordinates"":[73.91206005128154,18.521839405852578]}"
236,23.895946393694203,1542.9480314960629,41.473577120000016,28.08000000000004,0.024127531236535976,0.33608612299070934,-0.3944897645066954,"{""type"":""Point"",""coordinates"":[73.87143109735948,18.544215593079926]}"
237,22.913253784179688,1657.9170275590552,50.39802734,25.890000000000043,0.12874745318715436,0.20698924731182797,-0.3862303179993825,"{""type"":""Point"",""coordinates"":[73.94455796390167,18.412760073224003]}"
238,23.026582336425804,1578.149311023622,50.03229920000001,26.910000000000025,-0.08169755455642067,0.33876221498371334,-0.4440052700922266,"{""type"":""Point"",""coordinates"":[73.96222296189764,18.439245996392533]}"
239,23.043812561035168,1553.2600393700789,49.25299064000001,25.650000000000034,0.10962929475587703,0.15192279573036993,-0.2702354079329249,"{""type"":""Point"",""coordinates"":[73.82649238165664,18.426041745658466]}"
240,24.27015753851998,1240.8638779527557,42.41011460000004,26.750000000000057,-0.008085514595039056,0.35046814760418576,-0.38923512747875355,"{""type"":""Point"",""coordinates"":[73.95646543751496,18.627884878932374]}"
241,24.27015753851998,1473.7954724409449,45.506840720000014,26.230000000000018,0.024867603039373704,0.2962962962962963,-0.37813211845102507,"{""type"":""Point"",""coordinates"":[73.96693417681627,18.625356055684804]}"
242,24.159700012207054,1832.6734251968503,44.754876319999994,27.700000000000045,0.021968911917098446,0.1776890441726978,-0.23018769551616267,"{""type"":""Point"",""coordinates"":[73.96288236183327,18.54794347524889]}"
243,24.046257647346067,1615.1936023622047,47.01076952000005,27.390000000000043,0.05116941707230203,0.16688567674113008,-0.22089825847846012,"{""type"":""Point"",""coordinates"":[73.82771386407398,18.588783161658224]}"
244,23.895946393694203,1710.0508858267717,47.144072300000005,27.07000000000005,0.09192464262046766,0.3025529603476372,-0.3913548012764723,"{""type"":""Point"",""coordinates"":[73.93711563703823,18.46938692771453]}"
245,23.796166992187523,1405.668503937008,39.39200294,27.930000000000007,-0.074487895716946,0.33542734336253927,-0.34610898183636063,"{""type"":""Point"",""coordinates"":[73.83406244441133,18.494796516197336]}"
246,23.796166992187523,1247.6675196850395,43.84226497999998,26.870000000000005,-0.00749400479616307,0.23362084786199303,-0.27142046529222624,"{""type"":""Point"",""coordinates"":[73.81734130474557,18.4649190954389]}"
247,23.895946393694203,1491.188188976378,44.94628544,27.210000000000036,0.03492552645095018,0.18605018147388355,-0.23924154987633967,"{""type"":""Point"",""coordinates"":[73.93117575536681,18.48010792652821]}"
248,23.796166992187523,1698.3353346456693,43.45944674000003,25.77000000000004,-0.12547861284323378,0.36554287231218474,-0.3824240795485085,"{""type"":""Point"",""coordinates"":[73.76027409699,18.49189539738509]}"
249,24.039227294921886,1271.3363188976377,39.231356000000005,27.83000000000004,-0.09095433619509767,0.5488429606076665,-0.5557132718239887,"{""type"":""Point"",""coordinates"":[73.8786598103639,18.56340080356292]}"
250,24.046257647346067,1618.3072834645668,45.17187476000004,27.690000000000055,0.06107249255213505,0.1225883051350549,-0.17307692307692307,"{""type"":""Point"",""coordinates"":[73.81896270356064,18.6191978236984]}"
251,23.895946393694203,1695.538090551181,48.55913257999998,26.80000000000001,0.07293904783444533,0.11598148652327797,-0.20311124156149105,"{""type"":""Point"",""coordinates"":[73.94509189915546,18.463553887675662]}"
252,23.895946393694203,1470.3614173228348,47.04494971999998,28.130000000000052,0.10319148936170212,0.12082433106199103,-0.16658017644006226,"{""type"":""Point"",""coordinates"":[73.91645693039085,18.50291667216464]}"
253,24.039227294921886,1359.6114173228345,37.594124420000014,27.57000000000005,-0.1533799533799534,0.6273639204078276,-0.5685528609922333,"{""type"":""Point"",""coordinates"":[73.85019487744742,18.572306327788922]}"
254,22.913253784179688,1579.6542322834648,43.70896220000003,26.430000000000007,0.055219925808161104,0.25761851015801357,-0.3720178543943358,"{""type"":""Point"",""coordinates"":[73.90352986408978,18.41756651288716]}"
255,24.039227294921886,1557.5622047244096,47.19192457999998,27.29000000000002,0.027452745274527453,0.27361131575069986,-0.33559950556242274,"{""type"":""Point"",""coordinates"":[73.9285207197505,18.595877356699404]}"
256,24.27015753851998,1605.1990157480316,47.697791540000026,27.860000000000014,-0.006532897806812879,0.19966629588431592,-0.2787905735882614,"{""type"":""Point"",""coordinates"":[73.96053541435725,18.556255266577356]}"
257,22.913253784179688,1626.8141732283464,44.21824718000005,25.630000000000052,0.1288828863592514,0.2691496837666901,-0.4113785557986871,"{""type"":""Point"",""coordinates"":[73.86610462877653,18.412498751641312]}"
258,23.796166992187523,1443.0312007874015,41.770944859999986,27.930000000000007,-0.08163024217365623,0.4105684794330612,-0.4482758620689655,"{""type"":""Point"",""coordinates"":[73.83766520069668,18.49349484576621]}"
259,24.039227294921886,1483.975590551181,47.08596596000001,27.350000000000023,0.16548004314994605,0.2232764073371284,-0.3636523885069628,"{""type"":""Point"",""coordinates"":[73.87877202759368,18.610593501091266]}"
260,24.046257647346067,1137.684251968504,37.741099280000014,27.640000000000043,-0.018461538461538463,0.4702200686452655,-0.48068320455469704,"{""type"":""Point"",""coordinates"":[73.84221980796563,18.568156688808298]}"
261,23.796166992187523,1259.7826771653542,40.998472340000035,26.77000000000004,0.1579466929911155,0.25096241979835016,-0.3940755873340143,"{""type"":""Point"",""coordinates"":[73.77980754217873,18.546201690734595]}"
262,23.895946393694203,2454.1852362204722,53.170041560000016,28.000000000000057,0.084248039914469,0.1642954236520163,-0.3083503054989817,"{""type"":""Point"",""coordinates"":[73.94211717573677,18.49341104177739]}"
263,24.27015753851998,1542.8845472440944,43.623511699999995,26.750000000000057,-0.019725458530395663,0.30537507383343176,-0.35811952680903364,"{""type"":""Point"",""coordinates"":[73.95596670652117,18.626373303378408]}"
264,24.046257647346067,1368.348622047244,42.030714380000006,26.53000000000003,0.034828496042216356,0.24803821221426134,-0.30340281489399606,"{""type"":""Point"",""coordinates"":[73.76640149519581,18.572816918928044]}"
265,23.895946393694203,1477.303346456693,45.84180667999999,28.200000000000045,0.06614404703576678,0.20518495099589,-0.2802686817800168,"{""type"":""Point"",""coordinates"":[73.91765131184742,18.51660358457055]}"
266,23.043812561035168,1131.453937007874,43.83542894000004,25.03000000000003,0.14346110484780158,0.28553299492385786,-0.36369755440879514,"{""type"":""Point"",""coordinates"":[73.75907476686456,18.441654869853526]}"
267,23.796166992187523,1418.127657480315,44.09178043999998,24.890000000000043,0.19439506431036285,0.30842391304347827,-0.42087790483216525,"{""type"":""Point"",""coordinates"":[73.75009466202513,18.47788503554519]}"
268,24.046257647346067,1085.1694881889762,40.22258180000006,26.850000000000023,-0.07350821562409916,0.577631857657276,-0.5252918287937743,"{""type"":""Point"",""coordinates"":[73.83492092084883,18.59479860065794]}"
269,23.796166992187523,1155.061220472441,34.98959318000004,27.150000000000034,-0.11025093432995195,0.6546648100258603,-0.5738883632923368,"{""type"":""Point"",""coordinates"":[73.8160956297495,18.544019297111547]}"
270,22.913253784179688,1536.837303149606,49.437563720000014,26.730000000000018,-0.014918468833121314,0.2687581321382102,-0.3606201550387597,"{""type"":""Point"",""coordinates"":[73.93422531188969,18.431796657734786]}"
271,24.27015753851998,1842.36781496063,47.226104780000014,27.510000000000048,0.062182082424997405,0.13406979663570173,-0.21261744966442953,"{""type"":""Point"",""coordinates"":[73.95088161560179,18.58722402718968]}"
272,23.796166992187523,1821.5277559055119,41.77778090000004,26.150000000000034,0.055156382079459006,0.09839086107357818,-0.19994632313472893,"{""type"":""Point"",""coordinates"":[73.77825156980342,18.532109979112562]}"
273,24.039227294921886,1415.8013779527557,45.58887320000002,28.27000000000004,0.06995003568879372,0.2662779397473275,-0.3540006927606512,"{""type"":""Point"",""coordinates"":[73.91766488278266,18.55987848988402]}"
274,23.895946393694203,1503.5198818897638,42.950161760000015,27.350000000000023,-0.015329125338142471,0.37947932618683,-0.40049751243781095,"{""type"":""Point"",""coordinates"":[73.92935119154957,18.48875265080583]}"
275,22.913253784179688,1677.9175196850395,47.140654280000035,25.840000000000032,0.12101787101787102,0.25051817051264336,-0.3751709466646406,"{""type"":""Point"",""coordinates"":[73.93404419962107,18.41491589705225]}"
276,24.046257647346067,1450.1330708661417,43.01852216000003,27.390000000000043,-0.07102934326967862,0.44440954773869346,-0.4597682907475004,"{""type"":""Point"",""coordinates"":[73.83288233045646,18.584159594993398]}"
277,24.039227294921886,1494.8938976377951,43.64743784000001,26.77000000000004,-0.03116943988750879,0.36497595780983405,-0.3743557707324692,"{""type"":""Point"",""coordinates"":[73.86270722352907,18.604026074471943]}"
278,23.026582336425804,1560.3062992125983,53.21789383999999,26.910000000000025,0.13238036047234308,0.20172166427546628,-0.3726647000983284,"{""type"":""Point"",""coordinates"":[73.95740781161929,18.427901210864132]}"
279,23.408999633789108,1213.8146653543308,43.54147922000004,24.730000000000018,0.1809222533154885,0.3309608540925267,-0.4280865507000424,"{""type"":""Point"",""coordinates"":[73.74411701395175,18.470531016688003]}"
280,23.895946393694203,1414.8968503937008,44.816400680000015,27.110000000000014,0.06659236556143773,0.11666666666666667,-0.18040873854827344,"{""type"":""Point"",""coordinates"":[73.88465879016378,18.454241005749516]}"
281,22.913253784179688,1685.6724409448818,50.52449408000001,26.690000000000055,-0.010287183883411917,0.24659526642866586,-0.34974946313528993,"{""type"":""Point"",""coordinates"":[73.94654809637068,18.438987691768673]}"
282,24.046257647346067,1342.1719488188974,43.049284339999986,26.650000000000034,0.03646071700991609,0.08021207456815461,-0.15171407731582787,"{""type"":""Point"",""coordinates"":[73.75905804755854,18.586217422925976]}"
283,24.159700012207054,1912.102559055118,49.78278374000001,26.610000000000014,0.09125,0.06312454301730441,-0.14819689391945248,"{""type"":""Point"",""coordinates"":[73.9692239961852,18.45396916107402]}"
284,24.046257647346067,1544.8377952755905,42.02729636000004,26.900000000000034,0.01565217391304348,0.1788158286224338,-0.2516190175327752,"{""type"":""Point"",""coordinates"":[73.77013967486424,18.57125944836439]}"
285,22.913253784179688,1357.057283464567,41.57611772000001,26.250000000000057,-0.021994134897360705,0.4161869285472401,-0.43933918430562724,"{""type"":""Point"",""coordinates"":[73.89661457012836,18.439738002253076]}"
286,24.039227294921886,1587.6694881889764,45.21630902000004,27.350000000000023,-0.041666666666666664,0.26332700452753033,-0.2908521116251306,"{""type"":""Point"",""coordinates"":[73.91072041314116,18.57661678263429]}"
287,24.039227294921886,1671.378149606299,46.621115239999995,27.660000000000025,0.04059127170342562,0.16811884016569062,-0.2092266745527133,"{""type"":""Point"",""coordinates"":[73.89538664627645,18.58651863346297]}"
288,22.913253784179688,1563.661122047244,47.70804559999999,26.110000000000014,0.11176537198505265,0.13287117273252455,-0.2676147382029735,"{""type"":""Point"",""coordinates"":[73.85194548942629,18.426319783560395]}"
289,23.408999633789108,1408.7063976377951,44.12254261999999,25.390000000000043,0.044896084510276726,0.36048413477265295,-0.4196961938897423,"{""type"":""Point"",""coordinates"":[73.74921136412301,18.491141561700907]}"
290,24.039227294921886,1335.8998031496062,50.08015148000004,27.03000000000003,0.07219878105954056,0.3620096352374398,-0.4556822361162192,"{""type"":""Point"",""coordinates"":[73.88661949479068,18.597873171991864]}"
291,23.895946393694203,1487.4480314960633,45.917003120000004,27.890000000000043,0.060550935550935554,0.14616360177552315,-0.21451369057618008,"{""type"":""Point"",""coordinates"":[73.86374373548814,18.537830418779357]}"
292,23.796166992187523,1409.2688976377951,42.50581915999999,27.04000000000002,0.0149708899362351,0.17785513011768606,-0.2326105810928014,"{""type"":""Point"",""coordinates"":[73.82693390743972,18.46029214484422]}"
293,23.895946393694203,1450.4568897637794,42.73140848000003,27.350000000000023,-0.07490718497488534,0.5165613926975813,-0.5529263290739864,"{""type"":""Point"",""coordinates"":[73.92409387805296,18.48695601193983]}"
294,24.27015753851998,1435.5681102362205,43.92771548000002,27.950000000000045,0.08182032539495403,0.22183871979918418,-0.33356164383561643,"{""type"":""Point"",""coordinates"":[73.95757449272124,18.564526258137334]}"
295,23.895946393694203,1444.4696850393702,43.03561225999999,27.49000000000001,0.06690777576853527,0.17769807629605477,-0.241023879058581,"{""type"":""Point"",""coordinates"":[73.90739791140443,18.48343591428703]}"
296,23.895946393694203,1660.510531496063,43.80808478000006,28.360000000000014,0.07230787618023186,0.09632768361581921,-0.1679205537165212,"{""type"":""Point"",""coordinates"":[73.93038881825032,18.53910025284622]}"
297,23.408999633789108,1493.7226377952757,43.78757666000001,25.83000000000004,0.01987730061349693,0.234430536238603,-0.2908855850032321,"{""type"":""Point"",""coordinates"":[73.74900476565323,18.500880985362322]}"
298,23.796166992187523,1365.1463582677163,40.998472340000035,27.57000000000005,-0.0351132900490261,0.3238434163701068,-0.3408856848609681,"{""type"":""Point"",""coordinates"":[73.82817756899142,18.52612124177185]}"
299,23.043812561035168,1204.387992125984,45.17529278000001,25.650000000000034,0.10020509815411661,0.1816083108888034,-0.2884413677365219,"{""type"":""Point"",""coordinates"":[73.84610576636045,18.420191074258195]}"
300,23.796166992187523,1109.6616141732281,34.99642921999998,26.150000000000034,-0.14678899082568808,0.6646489104116223,-0.5810655423533921,"{""type"":""Point"",""coordinates"":[73.77634680791881,18.531878128381855]}"
301,23.043812561035168,1678.1591535433072,43.13815285999999,25.150000000000034,0.08656260233598952,0.15468469711604801,-0.25532553255325535,"{""type"":""Point"",""coordinates"":[73.77953505234709,18.439989010703307]}"
302,24.046257647346067,1433.1025590551183,44.65917176000005,27.49000000000001,0.1895310796074155,0.21378409276498447,-0.3621700879765396,"{""type"":""Point"",""coordinates"":[73.78881889245714,18.553509175236243]}"
303,23.043812561035168,1468.3476377952754,43.456028720000006,25.140000000000043,0.12939400474444684,0.26175964994530393,-0.3906303823630727,"{""type"":""Point"",""coordinates"":[73.78092510115201,18.413233172021055]}"
304,24.039227294921886,1486.5587598425195,42.76217066000004,27.82000000000005,0.03818953323903819,0.19013524264120923,-0.24355777223607647,"{""type"":""Point"",""coordinates"":[73.88665756276808,18.577133370805527]}"
305,24.046257647346067,1564.6488188976377,45.40771814000004,26.450000000000045,0.07529516596123859,0.2584508109746855,-0.29921752738654145,"{""type"":""Point"",""coordinates"":[73.75852318231802,18.577146080174153]}"
306,24.159700012207054,1235.9563976377951,41.145447200000035,27.940000000000055,-0.06426092990978487,0.4031107044830741,-0.4139775032269961,"{""type"":""Point"",""coordinates"":[73.95543428270622,18.50204325703333]}"
307,24.046257647346067,1366.2664370078742,46.21437086000003,27.140000000000043,0.014366565084893338,0.16922017558960234,-0.20703749777856761,"{""type"":""Point"",""coordinates"":[73.77417669652228,18.594957429250915]}"
308,23.796166992187523,1304.1340551181102,42.25288568000002,26.840000000000032,0.13334976583682523,0.2727601809954751,-0.3886255924170616,"{""type"":""Point"",""coordinates"":[73.81229628356331,18.51822603127043]}"
309,23.895946393694203,1392.5666338582678,42.35200826000005,27.670000000000016,0.0605842567275867,0.10587836693206844,-0.1669646049338577,"{""type"":""Point"",""coordinates"":[73.85781746381942,18.46242011723848]}"
310,23.796166992187523,1414.0100393700789,45.165038719999984,26.680000000000007,0.14534883720930233,0.21187139323990106,-0.3402625820568928,"{""type"":""Point"",""coordinates"":[73.79669527201175,18.46989491737154]}"
311,23.796166992187523,1643.0626968503939,44.652335719999996,27.29000000000002,0.006316756632594464,0.21585160202360876,-0.2800710164225477,"{""type"":""Point"",""coordinates"":[73.80797739445511,18.5165044983492]}"
312,24.039227294921886,1685.951476377953,49.05816349999998,27.230000000000018,0.06472528722557161,0.11198268866648634,-0.2045121593905655,"{""type"":""Point"",""coordinates"":[73.93498167531757,18.60639983654986]}"
313,24.039227294921886,1594.560728346457,45.38379200000003,27.210000000000036,0.044194409001275956,0.20204230488694383,-0.268863566368956,"{""type"":""Point"",""coordinates"":[73.90630735931835,18.599878236257886]}"
314,23.895946393694203,1614.7575787401577,48.98296706000002,27.07000000000005,0.055254877281309,0.07351258581235698,-0.15281830747964983,"{""type"":""Point"",""coordinates"":[73.92714805737508,18.453632913760003]}"
315,22.913253784179688,1565.6030511811025,45.91016708000001,26.410000000000025,0.06981360979375759,0.22765647743813683,-0.3236032642812304,"{""type"":""Point"",""coordinates"":[73.90053569675057,18.433773398283012]}"
316,23.895946393694203,1142.6483267716537,40.81731728,28.090000000000032,-0.032150313152400835,0.4855769230769231,-0.4975767366720517,"{""type"":""Point"",""coordinates"":[73.89633721877672,18.509387664795874]}"
317,23.796166992187523,1243.479527559055,40.738702820000015,27.150000000000034,0.10640930462756744,0.34864612511671333,-0.44036697247706424,"{""type"":""Point"",""coordinates"":[73.81023094674266,18.544664472823225]}"
318,23.895946393694203,1697.6069881889762,42.259721720000016,27.650000000000034,0.051512515705035275,0.2957486136783734,-0.39462839278101464,"{""type"":""Point"",""coordinates"":[73.87950930322111,18.48445372390242]}"
319,24.039227294921886,412.74281496062986,37.17370796,27.810000000000002,-0.009428729894620078,0.026508742244782856,0.13001912045889102,"{""type"":""Point"",""coordinates"":[73.88144801640564,18.57653135183777]}"
320,23.895946393694203,1314.2162401574803,43.343234059999986,27.750000000000057,0.04589401542038918,0.34878892733564015,-0.42993396918561994,"{""type"":""Point"",""coordinates"":[73.85622311757427,18.5409376925916]}"
321,24.046257647346067,1563.8097440944882,41.51459336000005,27.410000000000025,0.02624955052139518,0.23109562054856797,-0.274752863643496,"{""type"":""Point"",""coordinates"":[73.79108984320955,18.559166815755553]}"
322,23.895946393694203,1395.794488188976,42.62203183999998,27.57000000000005,0.08189331329827197,0.21956087824351297,-0.2940345923049771,"{""type"":""Point"",""coordinates"":[73.91748213347239,18.49581432439431]}"
323,24.039227294921886,1564.4199803149604,45.55811102000001,26.940000000000055,0.08818403624956431,0.2283612458913758,-0.2631578947368421,"{""type"":""Point"",""coordinates"":[73.85693240547961,18.57614390428028]}"
324,23.796166992187523,1399.9711614173227,45.746102120000046,25.510000000000048,0.09228476441591196,0.31136137793971513,-0.3969654199011997,"{""type"":""Point"",""coordinates"":[73.76932852695252,18.46710321476122]}"
325,23.796166992187523,965.6375,38.02137692000002,25.53000000000003,-0.1953827873026651,0.6037349123206559,-0.5493949394939494,"{""type"":""Point"",""coordinates"":[73.77339714559118,18.458511066670162]}"
326,23.796166992187523,1445.7314960629922,40.478933299999994,27.760000000000048,0.020005406866720737,0.19854521408497272,-0.23699027469715064,"{""type"":""Point"",""coordinates"":[73.81369446759994,18.476004174175973]}"
327,23.043812561035168,1497.2270669291338,46.78518020000001,25.57000000000005,0.1535160118851106,0.1979442454446348,-0.324608231444808,"{""type"":""Point"",""coordinates"":[73.82301454317538,18.432064709654895]}"
328,22.913253784179688,1934.823031496063,46.962917240000024,26.53000000000003,0.08769909806179237,0.10212124724701518,-0.22163690093794167,"{""type"":""Point"",""coordinates"":[73.88451525992353,18.43609114206434]}"
329,24.159700012207054,1450.6763779527557,44.290025600000035,27.590000000000032,0.15149558855175382,0.2680495256472102,-0.38740323715693176,"{""type"":""Point"",""coordinates"":[73.96200279863282,18.53556230713347]}"
330,23.796166992187523,1257.4185039370077,41.85981337999999,27.470000000000027,-0.051549218535782836,0.35728189700937885,-0.40219378427787933,"{""type"":""Point"",""coordinates"":[73.80329239962605,18.494772851526154]}"
331,24.039227294921886,1556.0774606299215,49.35211321999998,27.260000000000048,0.08960993323181446,0.11988472622478386,-0.214375,"{""type"":""Point"",""coordinates"":[73.942002495584,18.60383898971293]}"
332,23.895946393694203,1257.9997047244094,40.17472952000003,28.190000000000055,0.004029637332640062,0.34468234468234465,-0.4470254957507082,"{""type"":""Point"",""coordinates"":[73.88190432590183,18.51997799217462]}"
333,23.796166992187523,1443.7684055118107,43.70554418000006,25.77000000000004,0.07630789736754415,0.311465068601167,-0.42226782965623394,"{""type"":""Point"",""coordinates"":[73.76258591074134,18.4978872205548]}"
334,23.796166992187523,1170.0292322834644,42.21186943999999,27.200000000000045,0.021328832284793618,0.2574921135646688,-0.2827835880933226,"{""type"":""Point"",""coordinates"":[73.82546635578336,18.471378064780335]}"
335,23.796166992187523,1393.231003937008,46.443378199999984,25.730000000000018,0.15477524592205205,0.14103210623634224,-0.25540965415202516,"{""type"":""Point"",""coordinates"":[73.75005060592318,18.520902943436166]}"
336,23.043812561035168,1471.3530511811025,41.8461413,26.710000000000036,0.054579308739671824,0.26739469578783154,-0.35129740518962077,"{""type"":""Point"",""coordinates"":[73.81769992402872,18.448070858759944]}"
337,23.796166992187523,1190.565157480315,38.869045880000044,26.710000000000036,-0.1386986301369863,0.4755917159763314,-0.471510234187719,"{""type"":""Point"",""coordinates"":[73.80910445296603,18.473513816889934]}"
338,22.913253784179688,1581.1074803149606,47.991741260000026,26.890000000000043,-0.010725010725010725,0.3449407735122021,-0.405937639862748,"{""type"":""Point"",""coordinates"":[73.94051093475952,18.44581919423375]}"
339,22.913253784179688,1703.1109251968505,51.13290164,26.410000000000025,0.13885960709151893,0.1867406233491812,-0.34541098966911216,"{""type"":""Point"",""coordinates"":[73.91280484228604,18.427185438467916]}"
340,23.895946393694203,1454.9337598425197,44.40965630000005,27.110000000000014,0.03022562792677735,0.08098702942106928,-0.142809364548495,"{""type"":""Point"",""coordinates"":[73.9106155374244,18.471492688305137]}"
341,24.046257647346067,1612.5523622047244,43.469700800000055,27.730000000000018,0.07800351141208929,0.09372210651591788,-0.15706641485678313,"{""type"":""Point"",""coordinates"":[73.78238400702867,18.625433686723767]}"
342,23.895946393694203,1352.3874999999998,42.03755042,28.380000000000052,0.023491239454899417,0.2626279577110253,-0.335700337298065,"{""type"":""Point"",""coordinates"":[73.89143727880341,18.544883008498516]}"
343,24.159700012207054,1442.356003937008,47.99515928000005,26.970000000000027,0.11608825812174299,0.2621912602913236,-0.4052529525824079,"{""type"":""Point"",""coordinates"":[73.95507574794259,18.46757719402146]}"
344,22.913253784179688,1691.913582677165,48.83257418000005,26.930000000000007,0.023338195457386957,0.25287356321839083,-0.34375,"{""type"":""Point"",""coordinates"":[73.93639199526454,18.439083278688926]}"
345,22.913253784179688,1560.9239173228343,46.467304340000055,25.83000000000004,0.10108113781883069,0.23311735061195105,-0.37530110807772604,"{""type"":""Point"",""coordinates"":[73.87033921044868,18.424590961708407]}"
346,23.796166992187523,1222.0208661417323,41.63764207999998,26.83000000000004,-0.08918558077436582,0.4977051588030108,-0.4895015519444952,"{""type"":""Point"",""coordinates"":[73.82059525241758,18.539563848125244]}"
347,23.895946393694203,1232.4785433070867,38.643456560000004,28.03000000000003,-0.07429718875502007,0.3781048758049678,-0.38166389964951114,"{""type"":""Point"",""coordinates"":[73.90192018906137,18.51063732659041]}"
348,23.043812561035168,1222.1040354330707,44.765130380000016,25.52000000000004,0.06781086993101128,0.058868501529051986,-0.1191919191919192,"{""type"":""Point"",""coordinates"":[73.80332682538561,18.419194522434793]}"
349,23.796166992187523,1453.8599409448818,39.11856134000004,27.750000000000057,-0.09249211356466877,0.42354488655047684,-0.39129037441748354,"{""type"":""Point"",""coordinates"":[73.84863201532403,18.533371752296404]}"
350,23.895946393694203,1288.5523622047244,43.55856932000006,27.49000000000001,0.006632499246306904,0.20895248578242526,-0.23616582254736448,"{""type"":""Point"",""coordinates"":[73.85715746590597,18.4535613859579]}"
351,23.043812561035168,1482.0607283464567,44.41307432000002,25.210000000000036,0.13645244215938304,0.3024193548387097,-0.427502974672786,"{""type"":""Point"",""coordinates"":[73.82623223901713,18.41474251314984]}"
352,23.043812561035168,1349.738877952756,41.733346640000036,26.710000000000036,-0.017030402422101677,0.35723905723905724,-0.4072263920404957,"{""type"":""Point"",""coordinates"":[73.81657387801454,18.44833668223821]}"
353,24.046257647346067,1032.1665354330707,43.38083228000005,27.250000000000057,-0.12034864230640295,0.4137055837563452,-0.4374193548387097,"{""type"":""Point"",""coordinates"":[73.796231255652,18.607472632049195]}"
354,24.039227294921886,1625.0090551181102,51.81650564000006,26.910000000000025,0.18619844834626378,0.1602386843254257,-0.29689279323247114,"{""type"":""Point"",""coordinates"":[73.9411742618242,18.62520027231385]}"
355,23.895946393694203,1570.3126968503936,41.44965098,27.590000000000032,0.08103234531725459,0.2047872340425532,-0.3040140732448425,"{""type"":""Point"",""coordinates"":[73.86116528194077,18.54952559395076]}"
356,23.043812561035168,1637.336811023622,44.601065420000054,25.470000000000027,0.07249255213505462,0.29237581292375814,-0.4024024024024024,"{""type"":""Point"",""coordinates"":[73.81683196747616,18.418681625836253]}"
357,24.039227294921886,1621.7423228346458,43.52438912000002,28.010000000000048,0.015358771298296136,0.20711974110032363,-0.2507239750038104,"{""type"":""Point"",""coordinates"":[73.89529137704704,18.563926231237105]}"
358,24.046257647346067,1479.3742125984252,41.982862100000034,27.650000000000034,-0.01806451612903226,0.2390075376884422,-0.2773190869354055,"{""type"":""Point"",""coordinates"":[73.80391044561107,18.558629912661928]}"
359,24.159700012207054,1501.253149606299,45.75635618000001,27.940000000000055,0.06618017111222949,0.16005001562988433,-0.2411371237458194,"{""type"":""Point"",""coordinates"":[73.95414487639724,18.50719507142727]}"
360,24.046257647346067,1393.4012795275587,44.293443620000005,27.55000000000001,-0.056996056876568287,0.4126477163845417,-0.4682157676348548,"{""type"":""Point"",""coordinates"":[73.78013484086021,18.61886182422451]}"
361,24.046257647346067,1269.1355314960629,46.67922157999999,27.710000000000036,0.0986434874226261,0.2356020942408377,-0.3531039936733887,"{""type"":""Point"",""coordinates"":[73.805975292463,18.620073517756616]}"
362,23.796166992187523,413.0602362204724,34.152178280000044,26.32000000000005,-0.29852216748768473,0.3830010493179433,-0.11979609175870858,"{""type"":""Point"",""coordinates"":[73.7877069356441,18.534745540990734]}"
363,23.895946393694203,1631.8230314960629,44.29686164000003,27.07000000000005,0.06168446026097272,0.1361677678827923,-0.20892556931071374,"{""type"":""Point"",""coordinates"":[73.92381643518904,18.475499685077303]}"
364,24.039227294921886,1489.0833661417323,50.68855904000003,27.340000000000032,0.18478383564736425,0.16109324758842444,-0.2848247642768191,"{""type"":""Point"",""coordinates"":[73.91488609847123,18.618377555281544]}"
365,23.895946393694203,1617.9121062992124,43.408176440000034,27.660000000000025,0.032067210980949,0.17208769164636767,-0.24771201952410007,"{""type"":""Point"",""coordinates"":[73.86851223878115,18.468261085504157]}"
366,23.895946393694203,1224.2930118110235,40.147385360000044,27.750000000000057,0.09725873075478783,0.3417674418604651,-0.47665847665847666,"{""type"":""Point"",""coordinates"":[73.87856289990296,18.47871776204959]}"
367,24.039227294921886,1563.6812992125983,45.390628040000024,26.630000000000052,0.04334491923941934,0.3847292098253921,-0.43110567365040525,"{""type"":""Point"",""coordinates"":[73.8500980418412,18.603064346701817]}"
368,23.796166992187523,1395.3589566929134,41.79487100000006,26.83000000000004,-0.06625178270452482,0.3729549248747913,-0.3466513836580973,"{""type"":""Point"",""coordinates"":[73.81136334383099,18.533905232790442]}"
369,23.895946393694203,1534.0100393700786,43.620093680000025,28.24000000000001,0.05618793896827319,0.17485679831172746,-0.2558814050918466,"{""type"":""Point"",""coordinates"":[73.92501370618399,18.535340741758755]}"
370,22.531699371337936,1195.1837598425197,43.175751080000055,25.03000000000003,0.16191006543227063,0.19800995024875623,-0.3038769763915963,"{""type"":""Point"",""coordinates"":[73.7490914948243,18.439382336008006]}"
371,24.046257647346067,1433.1025590551183,44.65917176000005,27.49000000000001,0.1895310796074155,0.21378409276498447,-0.3621700879765396,"{""type"":""Point"",""coordinates"":[73.78886807282927,18.553433067805443]}"
372,23.895946393694203,1241.9396653543306,43.028776220000054,27.99000000000001,0.012826183104820876,0.21679084135925858,-0.2914175506268081,"{""type"":""Point"",""coordinates"":[73.87206626034653,18.52479792955965]}"
373,24.159700012207054,1477.3186023622047,40.967710160000024,27.230000000000018,-0.07504168982768204,0.47701237207881475,-0.481992337164751,"{""type"":""Point"",""coordinates"":[73.96470185814385,18.48148405735709]}"
374,23.796166992187523,1240.9765748031496,43.196259199999986,26.08000000000004,0.19995050730017322,0.2278769464489176,-0.3795604864518882,"{""type"":""Point"",""coordinates"":[73.76969082545267,18.537916976477856]}"
375,24.046257647346067,1503.4244094488186,45.31543160000001,27.100000000000023,0.05926336194959845,0.0667294708745486,-0.12167739805184084,"{""type"":""Point"",""coordinates"":[73.75155669139362,18.61068378219355]}"
376,23.895946393694203,1446.3530511811025,41.35052840000003,28.08000000000004,0.05948609644491376,0.2542638084806759,-0.34858681022880217,"{""type"":""Point"",""coordinates"":[73.87103227854666,18.543549615571592]}"
377,23.895946393694203,1260.915059055118,40.25334398000001,28.370000000000005,-0.1607069461570078,0.4672670592310357,-0.4622022782188471,"{""type"":""Point"",""coordinates"":[73.89697631543332,18.540934914555745]}"
378,24.159700012207054,1402.3018700787402,45.70850389999998,27.74000000000001,-0.06128029832193909,0.3507356430944471,-0.39623875715453805,"{""type"":""Point"",""coordinates"":[73.96448209594864,18.50704100105655]}"
379,23.895946393694203,1316.5636811023621,44.37889412000004,28.090000000000032,0.021642363775901764,0.13376022767698328,-0.17949666913397483,"{""type"":""Point"",""coordinates"":[73.90900828796603,18.525143068672158]}"
380,23.796166992187523,1551.7359251968503,42.25630369999999,27.140000000000043,-6.354047528275512E-4,0.1665185185185185,-0.2236208236208236,"{""type"":""Point"",""coordinates"":[73.84099566294147,18.455525957175844]}"
381,24.159700012207054,1622.6670275590552,43.98582182000001,27.230000000000018,0.04543845155198867,0.16693117876208338,-0.23594132029339854,"{""type"":""Point"",""coordinates"":[73.96617423667469,18.480271082560353]}"
382,24.039227294921886,1565.090748031496,50.11774969999999,26.910000000000025,0.16794562595921947,0.13724902607132156,-0.26415722851432377,"{""type"":""Point"",""coordinates"":[73.94462374694557,18.626029694804437]}"
383,22.913253784179688,1515.4465551181102,49.63239085999999,26.79000000000002,0.014370056811852511,0.2799074208013887,-0.402440957362498,"{""type"":""Point"",""coordinates"":[73.91935845678216,18.43332930161136]}"
384,23.895946393694203,1402.1389763779528,42.20503340000005,28.29000000000002,0.004496908375491849,0.18799262116384372,-0.23889471843301854,"{""type"":""Point"",""coordinates"":[73.93245118611485,18.50427819704731]}"
385,23.796166992187523,969.4765748031497,51.13631966000003,24.690000000000055,0.26980591791282216,0.20980495519240908,-0.32238547968885045,"{""type"":""Point"",""coordinates"":[73.74990048098535,18.467895483467966]}"
386,24.039227294921886,1088.8786417322835,44.13279668000001,26.940000000000055,0.14357894736842106,0.34970139349701396,-0.420391061452514,"{""type"":""Point"",""coordinates"":[73.86369429651586,18.5788651005818]}"
387,23.895946393694203,1352.067125984252,43.00143206000001,27.07000000000005,-0.043243243243243246,0.35733422638981915,-0.3956611570247934,"{""type"":""Point"",""coordinates"":[73.92234681381316,18.471038327398965]}"
388,23.796166992187523,1379.9898622047244,44.13279668000001,27.52000000000004,0.04927672586146066,0.35455764075067026,-0.4214876033057851,"{""type"":""Point"",""coordinates"":[73.83770800513935,18.55018183194994]}"
389,24.039227294921886,1726.9431102362205,44.95995751999999,27.670000000000016,0.06099893730074389,0.204963861993727,-0.2726487109318738,"{""type"":""Point"",""coordinates"":[73.87682066568377,18.56562882248675]}"
390,23.796166992187523,1685.366338582677,43.801248740000005,26.370000000000005,0.04415102125025789,0.24175824175824176,-0.3351585014409222,"{""type"":""Point"",""coordinates"":[73.76521700090835,18.543274069139905]}"
391,23.796166992187523,1281.7098425196848,41.10443096000006,25.560000000000002,0.1897896478373907,0.26728280961182993,-0.41477507222451504,"{""type"":""Point"",""coordinates"":[73.77618251811663,18.48599485338917]}"
392,24.039227294921886,1355.625688976378,47.19192457999998,27.100000000000023,0.0985227688926871,0.278393351800554,-0.3410824555030875,"{""type"":""Point"",""coordinates"":[73.8726006625043,18.625179750288403]}"
393,24.039227294921886,1466.4116141732284,43.291963760000044,27.77000000000004,0.19262295081967212,0.19298804780876494,-0.34253945480631276,"{""type"":""Point"",""coordinates"":[73.87067895133737,18.567941949828693]}"
394,24.046257647346067,1459.6753937007873,42.27339380000001,27.390000000000043,0.015355086372360844,0.2757227230338825,-0.33898858075040783,"{""type"":""Point"",""coordinates"":[73.78159114017123,18.5603442630509]}"
395,24.046257647346067,1461.8343503937008,45.31543160000001,27.630000000000052,0.07760409461889611,0.09150433786217056,-0.14099931553730322,"{""type"":""Point"",""coordinates"":[73.7885013030189,18.617186597760806]}"
396,24.159700012207054,1597.7221456692914,46.80910634000003,26.74000000000001,-0.014264036418816389,0.4145033860045147,-0.4763657782359005,"{""type"":""Point"",""coordinates"":[73.9606168212883,18.45960608017557]}"
397,22.913253784179688,1642.893405511811,48.55571456000001,27.05000000000001,0.005700763687210928,0.24868296636498716,-0.3483080513418903,"{""type"":""Point"",""coordinates"":[73.93959489739412,18.444770444910237]}"
398,23.043812561035168,1678.0917322834644,44.95312148000005,26.190000000000055,0.08290844602083795,0.18657679621396817,-0.2481520591341077,"{""type"":""Point"",""coordinates"":[73.8231513513308,18.435991840716486]}"
399,24.039227294921886,1393.0725393700789,46.029797780000024,27.890000000000043,0.004326979300666589,0.40518237332893214,-0.44354018311291965,"{""type"":""Point"",""coordinates"":[73.919422947537,18.574962121482088]}"
400,23.043812561035168,320.9145669291339,30.49147886000003,25.03000000000003,0.019656019656019656,-0.318531169940222,0.5344224037339557,"{""type"":""Point"",""coordinates"":[73.75119325457501,18.434580022581642]}"
401,23.796166992187523,1349.5193897637794,40.588309940000045,26.310000000000002,0.0041566947978334805,0.3249539131892073,-0.38313505948215537,"{""type"":""Point"",""coordinates"":[73.76763147402161,18.504454490457313]}"
402,22.913253784179688,1196.8333661417323,43.360324160000005,25.640000000000043,0.1354284993058185,0.3087504776461597,-0.44850919856206384,"{""type"":""Point"",""coordinates"":[73.85051292829728,18.418213202092275]}"
403,23.796166992187523,1235.4042322834646,40.33537646000002,25.28000000000003,0.17439504112528312,0.3572408387223202,-0.4590267537392037,"{""type"":""Point"",""coordinates"":[73.76070673268437,18.45284134794856]}"
404,24.039227294921886,1779.3929133858267,46.95608120000003,27.390000000000043,0.05603644646924829,0.1114389164543382,-0.16847596221626956,"{""type"":""Point"",""coordinates"":[73.9035877552854,18.591962057501384]}"
405,23.796166992187523,1333.7339566929136,39.66544454000001,28.130000000000052,0.04429036366209141,0.19223300970873786,-0.23767637896280008,"{""type"":""Point"",""coordinates"":[73.83794987090049,18.517323831486898]}"
406,23.895946393694203,1092.3491141732281,44.79247454000006,28.200000000000045,-0.03237123265826822,0.3640960809102402,-0.38333333333333336,"{""type"":""Point"",""coordinates"":[73.91246245590467,18.509719645825747]}"
407,23.796166992187523,1275.8269685039368,38.000868800000035,25.960000000000036,0.1693724254906712,0.2679859441464768,-0.41360824742268043,"{""type"":""Point"",""coordinates"":[73.79643363816614,18.52589223338049]}"
408,23.796166992187523,1291.315157480315,48.19682246000002,25.390000000000043,0.11185515873015874,0.28836121604605147,-0.3958292730461898,"{""type"":""Point"",""coordinates"":[73.75054213087122,18.488686856332674]}"
409,23.796166992187523,1761.4012795275587,50.90731232000002,25.54000000000002,0.09520541229532307,0.1944084908102511,-0.3100511073253833,"{""type"":""Point"",""coordinates"":[73.7667680800648,18.487018641704847]}"
410,22.913253784179688,1227.330905511811,54.67055234000003,26.660000000000025,0.2116685456595265,0.1009643770911238,-0.1970896640273914,"{""type"":""Point"",""coordinates"":[73.93041233202001,18.422960167479022]}"
411,23.796166992187523,1335.4573818897638,39.97990238,27.410000000000025,0.06439854191980558,0.2174982431482783,-0.2771839292296351,"{""type"":""Point"",""coordinates"":[73.82705093060194,18.544044939329723]}"
412,23.796166992187523,1272.4180118110237,47.54056262000006,26.53000000000003,0.14796473003985988,0.2928885630498534,-0.42332526230831313,"{""type"":""Point"",""coordinates"":[73.81069890097427,18.525900084268887]}"
413,24.159700012207054,1441.0759842519687,43.82175686000005,28.07000000000005,0.004034171808258187,0.35605815831987075,-0.39319502074688795,"{""type"":""Point"",""coordinates"":[73.9533177860732,18.477386357007003]}"
414,23.026582336425804,1647.0248031496062,51.795997520000014,26.730000000000018,0.15494568324757005,0.25395927601809953,-0.39455889290768986,"{""type"":""Point"",""coordinates"":[73.9515960422104,18.422398986335825]}"
415,23.796166992187523,1194.8904527559055,41.00530838000003,27.750000000000057,0.02660355802187041,0.20024149728315557,-0.21590214067278288,"{""type"":""Point"",""coordinates"":[73.84850326052039,18.53473723098208]}"
416,24.039227294921886,1448.9406496062993,52.19590586000004,27.220000000000027,0.1376770538243626,0.233387358184765,-0.34452296819787986,"{""type"":""Point"",""coordinates"":[73.94037934312374,18.61646224008334]}"
417,24.159700012207054,1553.4298228346456,44.67284384000004,27.920000000000016,-0.024536205864751647,0.26458856551927906,-0.30249543517954963,"{""type"":""Point"",""coordinates"":[73.96062920190312,18.496937006163712]}"
418,24.27015753851998,1361.6660433070865,46.75441802,27.150000000000034,0.18169934640522875,0.22265625,-0.32321291314373557,"{""type"":""Point"",""coordinates"":[73.95884060196127,18.611715960809665]}"
419,23.796166992187523,1190.4470472440946,39.94914019999999,26.08000000000004,0.13678999478895257,0.3307893151235188,-0.3978902953586498,"{""type"":""Point"",""coordinates"":[73.76969667441848,18.534476764007035]}"
420,23.408999633789108,1879.5848425196848,41.66498624000002,25.57000000000005,0.05529054640069384,0.07302056396995443,-0.14417016806722688,"{""type"":""Point"",""coordinates"":[73.74720756827264,18.49575698452484]}"
421,23.043812561035168,1356.7772637795274,40.22258180000006,25.03000000000003,0.12523740364205116,0.3629242819843342,-0.43933823529411764,"{""type"":""Point"",""coordinates"":[73.75794231695484,18.442821812467795]}"
422,24.27015753851998,1656.772342519685,49.153868060000036,27.130000000000052,0.06122923202044847,0.12206637966949035,-0.19970304380103934,"{""type"":""Point"",""coordinates"":[73.9624338711874,18.600957100062857]}"
423,24.039227294921886,1148.918996062992,40.58147389999999,28.07000000000005,0.05823048844081349,0.10121951219512196,-0.1803921568627451,"{""type"":""Point"",""coordinates"":[73.89610703865725,18.550522327872432]}"
424,24.046257647346067,1510.9627952755907,43.910625380000056,27.49000000000001,-0.02178649237472767,0.292802450229709,-0.3359708814685868,"{""type"":""Point"",""coordinates"":[73.7922460623237,18.553254568793538]}"
425,24.046257647346067,1857.5892716535432,45.79737241999999,27.670000000000016,0.08299061478435095,0.10509594611767696,-0.17847946876270498,"{""type"":""Point"",""coordinates"":[73.77619760705488,18.613976486703955]}"
426,24.046257647346067,1229.2639763779528,42.933071659999996,27.120000000000005,0.011483550589695841,0.21356448847399503,-0.2509819324430479,"{""type"":""Point"",""coordinates"":[73.77525530899972,18.567278931085305]}"
427,23.408999633789108,1283.4903543307087,41.53851950000001,24.890000000000043,-0.019167061050638902,0.5551543599927785,-0.5205648720211827,"{""type"":""Point"",""coordinates"":[73.74849171192896,18.476400458531682]}"
428,23.796166992187523,1208.8235236220473,41.41205276000005,27.590000000000032,-0.02379276362100521,0.3817214516435493,-0.3992688089282278,"{""type"":""Point"",""coordinates"":[73.84743097833164,18.484739865618806]}"
429,24.039227294921886,1730.0366141732284,46.10157620000001,27.27000000000004,-0.013545474091593205,0.24708994708994708,-0.3040110650069156,"{""type"":""Point"",""coordinates"":[73.92856455271573,18.587514536162846]}"
430,24.046257647346067,1295.9199803149604,45.97510946,27.460000000000036,0.13056908637281692,0.3178462092562579,-0.4394177812745869,"{""type"":""Point"",""coordinates"":[73.80987903081623,18.586141553934993]}"
431,24.046257647346067,1354.041535433071,40.89251372000001,27.590000000000032,-0.025390625,0.26353790613718414,-0.2928759894459103,"{""type"":""Point"",""coordinates"":[73.79404711380043,18.552611037673188]}"
432,24.27015753851998,1268.1970472440944,46.997097440000005,26.750000000000057,-0.03554568175506804,0.33131024634059264,-0.3859877346218175,"{""type"":""Point"",""coordinates"":[73.96933264652648,18.621213456820815]}"
433,22.913253784179688,1948.2915354330707,46.467304340000055,26.730000000000018,0.0676818950930626,0.22853957636566333,-0.40061006609049316,"{""type"":""Point"",""coordinates"":[73.9479737602483,18.416862733738174]}"
434,24.039227294921886,1584.1370078740158,56.04117836,27.390000000000043,0.19831053901850362,0.18331601603087427,-0.32756036636136554,"{""type"":""Point"",""coordinates"":[73.93474680697796,18.61913058419987]}"
435,24.046257647346067,1130.7698818897638,44.601065420000054,26.690000000000055,0.08648076244264032,0.07676305387975868,-0.1355857832382624,"{""type"":""Point"",""coordinates"":[73.76530404079335,18.589885266437303]}"
436,24.046257647346067,1431.3496062992128,36.466177819999984,26.880000000000052,-0.24147604661199829,0.7475698663426489,-0.6846266471449488,"{""type"":""Point"",""coordinates"":[73.84532079111156,18.587106452125]}"
437,24.046257647346067,1818.7521653543308,48.72661556000003,27.470000000000027,0.04915580252190639,0.17140600315955767,-0.22376564434053087,"{""type"":""Point"",""coordinates"":[73.84041819454218,18.622643369428754]}"
438,23.043812561035168,1750.2241141732281,42.84762116000002,25.220000000000027,0.10539983881078177,0.30810527694120726,-0.4349324906636024,"{""type"":""Point"",""coordinates"":[73.82175192016675,18.415874653829995]}"
439,24.159700012207054,1520.7625,46.911646940000026,28.07000000000005,0.08515428420076811,0.07317073170731707,-0.15499080421334224,"{""type"":""Point"",""coordinates"":[73.95102936664684,18.481056113574024]}"
440,23.796166992187523,1354.2905511811023,43.47995486000002,25.54000000000002,-0.0020560267283474686,0.32551419343872173,-0.3644794400699913,"{""type"":""Point"",""coordinates"":[73.75808105485248,18.49047665824389]}"
441,23.895946393694203,897.6148622047244,42.41011460000004,28.010000000000048,-0.07437686939182453,0.34196762141967624,-0.3633603238866397,"{""type"":""Point"",""coordinates"":[73.948870964651,18.48501949032979]}"
442,24.046257647346067,1384.8953740157478,45.43506230000003,26.910000000000025,0.039141846399634826,0.3862364175172868,-0.471256334090512,"{""type"":""Point"",""coordinates"":[73.83017900861907,18.615600098104043]}"
443,24.046257647346067,1357.727559055118,47.07571189999999,27.54000000000002,-0.016861571933641555,0.2432252701579385,-0.29623851620731495,"{""type"":""Point"",""coordinates"":[73.83637782937633,18.627558821101612]}"
444,24.039227294921886,1155.584350393701,43.41501248000003,27.760000000000048,0.0817890483488923,0.3080587534736006,-0.39766702014846234,"{""type"":""Point"",""coordinates"":[73.9016151576429,18.58420707084155]}"
445,22.913253784179688,1925.95,45.725594,26.160000000000025,0.1334188582424631,0.2804170122023457,-0.42925152076170325,"{""type"":""Point"",""coordinates"":[73.89193610239661,18.420038584849834]}"
446,23.895946393694203,1228.0533464566931,41.835887240000034,27.53000000000003,0.029479768786127167,0.2724516862447897,-0.3204876130554463,"{""type"":""Point"",""coordinates"":[73.86303595594472,18.459219646108732]}"
447,23.796166992187523,1636.393897637795,42.478475,26.940000000000055,0.05610972568578554,0.07635432958908005,-0.15080571602310733,"{""type"":""Point"",""coordinates"":[73.83950259922047,18.458341489087786]}"
448,24.039227294921886,1573.2880905511809,45.79053638000005,27.750000000000057,0.03340917255418513,0.21292261457550712,-0.26579896503057865,"{""type"":""Point"",""coordinates"":[73.91394642489166,18.57281971184217]}"
449,24.046257647346067,1386.6655511811023,41.69574842000003,26.900000000000034,0.01649746192893401,0.2816272531833967,-0.3241072954040663,"{""type"":""Point"",""coordinates"":[73.77288096032989,18.56765081350597]}"
450,24.27015753851998,1535.3963582677166,45.12060445999998,27.730000000000018,0.071301880099326,0.1623501553944058,-0.2572434768688971,"{""type"":""Point"",""coordinates"":[73.95777437629532,18.570122203367553]}"
451,23.895946393694203,1291.46968503937,44.69335196000003,28.28000000000003,-2.73000273000273E-4,0.3062388591800356,-0.3527782905667344,"{""type"":""Point"",""coordinates"":[73.91510250804528,18.520208425955882]}"
452,24.046257647346067,1602.540059055118,44.36180402000002,27.05000000000001,3.5001750087504374E-4,0.22873942349060664,-0.2778523489932886,"{""type"":""Point"",""coordinates"":[73.80021744090347,18.599805703062856]}"
453,24.046257647346067,1343.5602362204725,46.34425562000001,27.710000000000036,0.08782435129740519,0.2548481208168869,-0.34461198970209633,"{""type"":""Point"",""coordinates"":[73.80708112861308,18.618302018594186]}"
454,23.796166992187523,973.2664370078741,39.25186412000005,25.53000000000003,-0.09929444157632077,0.44492196335670664,-0.45811458571102487,"{""type"":""Point"",""coordinates"":[73.77072245593472,18.45294877614545]}"
455,24.046257647346067,1207.6507874015747,44.327623819999985,27.470000000000027,-0.130327868852459,0.522075055187638,-0.49728555917481,"{""type"":""Point"",""coordinates"":[73.83790046802524,18.624291211538996]}"
456,23.043812561035168,1561.4465551181102,39.25528214000002,25.27000000000004,0.12184920198128783,0.2426791277258567,-0.3219552609776305,"{""type"":""Point"",""coordinates"":[73.77584269261986,18.445189578414087]}"
457,23.796166992187523,1090.9268700787402,35.98081897999998,27.170000000000016,0.09679180887372013,0.42065707537041014,-0.49818840579710144,"{""type"":""Point"",""coordinates"":[73.83670101583789,18.47875614050105]}"
458,24.039227294921886,1449.490846456693,56.11637480000002,27.160000000000025,0.17108155002891845,0.15711286936864202,-0.3236054673069819,"{""type"":""Point"",""coordinates"":[73.9223290248261,18.611365523346507]}"
459,24.039227294921886,1466.904724409449,48.27885494000003,27.08000000000004,0.08585858585858586,0.34333656018070347,-0.41382238070979793,"{""type"":""Point"",""coordinates"":[73.88956624236987,18.620766155324322]}"
460,24.039227294921886,1549.8043307086614,46.52882870000002,27.470000000000027,0.0427663734115347,0.18159879336349924,-0.24408448467524219,"{""type"":""Point"",""coordinates"":[73.87222397785092,18.6167150674234]}"
461,23.895946393694203,1191.3510826771653,43.329561979999994,28.04000000000002,-0.010161585873729801,0.21987527660430498,-0.24008179959100204,"{""type"":""Point"",""coordinates"":[73.85212391239283,18.530096966611445]}"
462,23.895946393694203,1257.1566929133858,39.32706056000001,28.04000000000002,-0.12572636027469625,0.5116155346692676,-0.5094740570214273,"{""type"":""Point"",""coordinates"":[73.8890917018431,18.510740844409778]}"
463,24.039227294921886,1415.5425196850395,43.213349300000004,28.07000000000005,0.0419211549139367,0.17341040462427745,-0.203487358326068,"{""type"":""Point"",""coordinates"":[73.89269219552035,18.551871197841535]}"
464,24.159700012207054,1489.371751968504,49.79987384000003,26.74000000000001,-0.08045711647235369,0.3805309734513274,-0.4556765163297045,"{""type"":""Point"",""coordinates"":[73.95817685992131,18.459305881158127]}"
465,23.895946393694203,1514.6084645669291,45.17529278000001,27.660000000000025,0.07306749832924928,0.25520361990950224,-0.3476923076923077,"{""type"":""Point"",""coordinates"":[73.86907736877379,18.474492837998042]}"
466,23.895946393694203,1385.3806102362205,38.87588191999998,28.210000000000036,-0.1606587584936082,0.614029468289558,-0.5823520175851782,"{""type"":""Point"",""coordinates"":[73.92577993330993,18.501151801754865]}"
467,23.796166992187523,1631.5873031496064,43.80466676000003,26.390000000000043,0.011672302825351805,0.28165228462300185,-0.34361560136437785,"{""type"":""Point"",""coordinates"":[73.78595046762705,18.53859747869781]}"
468,22.913253784179688,1640.3313976377951,49.6050467,25.890000000000043,0.14492006188757092,0.13686231486560616,-0.2957174116911535,"{""type"":""Point"",""coordinates"":[73.9471142501019,18.413834683271418]}"
469,24.046257647346067,1499.17687007874,45.69824984000002,27.05000000000001,0.03239212810169906,0.2057882711348058,-0.2809061488673139,"{""type"":""Point"",""coordinates"":[73.80031721851097,18.603487843019508]}"
470,23.796166992187523,1121.9165354330707,41.114685020000024,27.77000000000004,-0.02607561929595828,0.2968074150360453,-0.30785209804736186,"{""type"":""Point"",""coordinates"":[73.82434295213872,18.50448920571522]}"
471,22.913253784179688,1668.9165354330712,45.633307460000026,26.30000000000001,0.1277799453765119,0.24194444444444443,-0.3589665653495441,"{""type"":""Point"",""coordinates"":[73.89923173202622,18.430769066389317]}"
472,23.895946393694203,1412.4312992125986,41.04632462000001,27.470000000000027,0.15662916390911097,0.2505724566568531,-0.3843925402860764,"{""type"":""Point"",""coordinates"":[73.90935036052156,18.490984996767907]}"
473,23.043812561035168,1395.1296259842518,49.912668499999995,25.400000000000034,0.08798625598232912,0.18061953931691818,-0.32832886505808756,"{""type"":""Point"",""coordinates"":[73.79140152648593,18.423607598807077]}"
474,24.039227294921886,1291.6168307086614,42.786096799999996,26.430000000000007,0.14473524041387706,0.28917431192660553,-0.3921141272042798,"{""type"":""Point"",""coordinates"":[73.85003561393387,18.59671471799054]}"
475,24.046257647346067,1300.9160433070867,40.803645200000005,26.850000000000023,0.1260885124657044,0.3373493975903614,-0.40344827586206894,"{""type"":""Point"",""coordinates"":[73.83783904936551,18.596259335155054]}"
476,24.046257647346067,1484.1232283464565,44.82665473999998,27.630000000000052,0.09362033195020747,0.12487930479562279,-0.18655576302834834,"{""type"":""Point"",""coordinates"":[73.78858871592239,18.61750586739556]}"
477,22.913253784179688,1362.4898622047244,44.70360602000005,25.470000000000027,0.11381838691483362,0.32011426650983027,-0.4621254420249395,"{""type"":""Point"",""coordinates"":[73.90037751233739,18.415407688073707]}"
478,24.046257647346067,1283.1315944881887,48.64800109999999,26.07000000000005,0.07439561907305997,0.2381633017688047,-0.3172400684280555,"{""type"":""Point"",""coordinates"":[73.75094431457816,18.564396928772126]}"
479,23.895946393694203,1407.9721456692914,46.92190100000005,27.07000000000005,0.0657758322773874,0.30385852090032156,-0.3920357020254034,"{""type"":""Point"",""coordinates"":[73.94032902264456,18.469534944866197]}"
480,24.039227294921886,1399.0198818897636,45.51025874000004,27.650000000000034,0.02309530130076984,0.19811167182158554,-0.25383304940374785,"{""type"":""Point"",""coordinates"":[73.90864560544391,18.591352118111836]}"
481,23.408999633789108,1888.3476377952757,44.10545252000003,25.970000000000027,0.026284348864994027,0.18016169904669965,-0.25448948178553105,"{""type"":""Point"",""coordinates"":[73.7495152798456,18.50820509284907]}"
482,23.895946393694203,1433.418503937008,37.741099280000014,28.260000000000048,-0.11180931744312025,0.6067011116330046,-0.5700734394124847,"{""type"":""Point"",""coordinates"":[73.88667828845144,18.52956249389396]}"
483,23.895946393694203,1633.3919291338582,45.38721002,28.28000000000003,0.030729833546734954,0.2797971259509721,-0.3542039355992844,"{""type"":""Point"",""coordinates"":[73.91423231041526,18.519829309452234]}"
484,24.159700012207054,1473.7797244094486,46.39552592000001,26.870000000000005,0.007109531215285492,0.3818800247371676,-0.43375040102662815,"{""type"":""Point"",""coordinates"":[73.9662235280883,18.469399586713124]}"
485,23.895946393694203,1703.895866141732,44.717278100000044,27.07000000000005,0.03400191021967526,0.3535867237687366,-0.4309564233163554,"{""type"":""Point"",""coordinates"":[73.92285494383445,18.482241369165536]}"
486,22.913253784179688,1832.184744094488,45.22998110000003,27.130000000000052,0.050566037735849056,0.13318749195727705,-0.20005451076587627,"{""type"":""Point"",""coordinates"":[73.87801475284301,18.443739699290614]}"
487,24.046257647346067,1610.6719488188976,43.10397266000001,26.53000000000003,0.03705167473569805,0.3988804363427587,-0.45159368483765266,"{""type"":""Point"",""coordinates"":[73.84843688109618,18.59947463870322]}"
488,23.796166992187523,1236.9874015748032,43.886699239999984,27.07000000000005,0.15469749139203148,0.2734346054094109,-0.44442109686909015,"{""type"":""Point"",""coordinates"":[73.78344429674954,18.501881830791437]}"
489,23.796166992187523,1671.0061023622047,42.20503340000005,26.190000000000055,-0.04569672131147541,0.3827394661969923,-0.4015380390002746,"{""type"":""Point"",""coordinates"":[73.76643303579542,18.513219371801007]}"
490,24.159700012207054,1441.1650590551178,43.77732260000005,27.77000000000004,-0.05752579765152414,0.3603906011595972,-0.4247363374880153,"{""type"":""Point"",""coordinates"":[73.95466039378461,18.52253869903075]}"
491,23.790213012695347,1535.350590551181,43.753396459999976,26.05000000000001,0.07603867258949569,0.09355187876913561,-0.14674882438787093,"{""type"":""Point"",""coordinates"":[73.74879009653225,18.55237859093251]}"
492,24.046257647346067,1566.4140748031498,45.390628040000024,27.200000000000045,0.0572117214258531,0.143560547776581,-0.18741012941364435,"{""type"":""Point"",""coordinates"":[73.803632162904,18.614476654849323]}"
493,23.026582336425804,1805.409153543307,52.50694568000006,26.910000000000025,0.12735979371949535,0.18598247809762203,-0.3338963963963964,"{""type"":""Point"",""coordinates"":[73.95955894204054,18.43501050553747]}"
494,22.913253784179688,1474.6055118110237,45.40088209999999,25.470000000000027,0.13080684596577016,0.34341048653755313,-0.45821227140659715,"{""type"":""Point"",""coordinates"":[73.86234303742941,18.41372956192759]}"
495,23.796166992187523,1267.397342519685,45.00097376000002,27.29000000000002,0.1485273669574011,0.25624766878030586,-0.3550593441963388,"{""type"":""Point"",""coordinates"":[73.81256852776437,18.51651639907]}"
496,23.796166992187523,1301.2836614173227,40.94720203999998,27.57000000000005,-0.01817657241777265,0.2632897798460712,-0.2877212187557015,"{""type"":""Point"",""coordinates"":[73.83121147615645,18.53095874797954]}"
497,23.026582336425804,1753.073031496063,49.16412212,26.910000000000025,-0.04212523719165085,0.39497078994157986,-0.47376895209982556,"{""type"":""Point"",""coordinates"":[73.95169457090475,18.430224188001212]}"
498,24.039227294921886,1158.7403543307087,42.570761540000035,26.890000000000043,-0.0220252484555466,0.5355125100887813,-0.522,"{""type"":""Point"",""coordinates"":[73.88394980909247,18.604184317930088]}"
499,22.913253784179688,1800.852559055118,48.600148820000015,26.410000000000025,0.0758974358974359,0.1607833032723525,-0.24654122855561705,"{""type"":""Point"",""coordinates"":[73.90918852463471,18.435157916791912]}"
500,24.039227294921886,275.8456692913386,34.449546020000014,27.57000000000005,-0.03620689655172414,0.07706093189964158,0.03298471440064361,"{""type"":""Point"",""coordinates"":[73.85095147093205,18.574945245603516]}"
501,23.043812561035168,1538.7364173228345,42.345172219999995,26.690000000000055,0.11250279579512414,0.21550007658140605,-0.302264522481129,"{""type"":""Point"",""coordinates"":[73.83932145984086,18.447067842838134]}"
502,24.046257647346067,1247.517913385827,41.01214442000003,27.05000000000001,-0.021614906832298136,0.511486859033266,-0.5303312244138444,"{""type"":""Point"",""coordinates"":[73.79210229099542,18.57827296535108]}"
503,23.796166992187523,1379.1798228346458,39.84659959999999,25.53000000000003,-0.06284186216117661,0.42155747033002766,-0.43391275828140374,"{""type"":""Point"",""coordinates"":[73.77232730017022,18.457848779818075]}"
504,24.039227294921886,1283.8963582677166,47.10305606000003,28.120000000000005,0.1355593986962884,0.19382693367628145,-0.2970059880239521,"{""type"":""Point"",""coordinates"":[73.94547655422906,18.565360245502134]}"
505,24.046257647346067,1032.563188976378,36.722529320000035,27.390000000000043,-0.13051359516616315,0.6290814105354811,-0.5549553293164347,"{""type"":""Point"",""coordinates"":[73.79805038381103,18.56735395917967]}"
506,23.043812561035168,1363.7201771653545,42.492147079999995,25.000000000000057,0.13039618244367995,0.3214165261382799,-0.45976154992548435,"{""type"":""Point"",""coordinates"":[73.78249699852108,18.420596818735888]}"
507,23.043812561035168,1512.5031496062993,46.51173860000006,25.400000000000034,0.08874734607218683,0.282150858849888,-0.39328031163772115,"{""type"":""Point"",""coordinates"":[73.79423432246884,18.4237462496578]}"
508,22.913253784179688,1516.6148622047244,48.68901734000002,26.730000000000018,-0.15216612960973863,0.3513437849944009,-0.44759334233018444,"{""type"":""Point"",""coordinates"":[73.93076514363054,18.430666488186606]}"
509,23.796166992187523,1394.7492125984252,43.81492082,27.350000000000023,-0.012339055793991416,0.2722063037249284,-0.3052049109458758,"{""type"":""Point"",""coordinates"":[73.8132910675333,18.481909052846778]}"
510,24.046257647346067,1141.3274606299212,42.13667300000003,26.750000000000057,0.09215659895062558,0.40291060291060293,-0.4443493150684932,"{""type"":""Point"",""coordinates"":[73.83545349044837,18.60156980485123]}"
511,23.796166992187523,1267.8220472440944,38.52382585999999,28.130000000000052,-0.037252619324796274,0.32861136999068036,-0.336834208552138,"{""type"":""Point"",""coordinates"":[73.83329536720548,18.51738651132249]}"
512,24.046257647346067,1454.9022637795272,41.79145298000003,27.650000000000034,-0.14285714285714285,0.49538461538461537,-0.4878310117863156,"{""type"":""Point"",""coordinates"":[73.8277889973655,18.619320202951716]}"
513,24.039227294921886,1443.9514763779528,51.679784840000025,27.170000000000016,0.20069166756727547,0.22897972748421402,-0.3618118210274351,"{""type"":""Point"",""coordinates"":[73.89250500567425,18.627786657161746]}"
514,23.895946393694203,1159.3938976377951,42.96041581999998,26.910000000000025,0.03547459252157239,0.21522045500301992,-0.2646134506599623,"{""type"":""Point"",""coordinates"":[73.914450164147,18.45236985771099]}"
515,24.046257647346067,1344.2826771653542,44.16697687999999,27.140000000000043,0.045863309352517985,0.11293706293706293,-0.15472519499365137,"{""type"":""Point"",""coordinates"":[73.77290046338551,18.596736728532466]}"
516,24.159700012207054,1669.0740157480316,45.85206074000001,27.730000000000018,0.06666666666666667,0.06771344455348381,-0.12930011862396204,"{""type"":""Point"",""coordinates"":[73.95738515551623,18.52985964395671]}"
517,24.046257647346067,1336.8377952755907,41.097594920000006,27.350000000000023,0.048819315468293975,0.24630627498696334,-0.32409972299168976,"{""type"":""Point"",""coordinates"":[73.83237657093514,18.553685267044443]}"
518,23.895946393694203,1274.45344488189,48.38139554000003,26.80000000000001,0.17422005392219797,0.1906701221769715,-0.32673267326732675,"{""type"":""Point"",""coordinates"":[73.94006575443379,18.462114819512415]}"
519,23.796166992187523,1395.84468503937,41.66156822000005,26.470000000000027,0.0161243881370573,0.140520694259012,-0.18728283530229325,"{""type"":""Point"",""coordinates"":[73.77339029998215,18.513418111967887]}"
520,23.043812561035168,1354.865846456693,37.477911740000025,25.310000000000002,-0.02695387391451449,0.5118711605512203,-0.5481128867732064,"{""type"":""Point"",""coordinates"":[73.7698621626839,18.445210466882664]}"
521,23.895946393694203,1560.8998031496062,44.83007276000001,27.440000000000055,0.010717230008244023,0.381294964028777,-0.457416122665857,"{""type"":""Point"",""coordinates"":[73.89354480738226,18.469398204241777]}"
522,23.026582336425804,1772.3422244094488,52.021586840000055,26.910000000000025,0.105886813916011,0.1904581597879591,-0.3342764181638138,"{""type"":""Point"",""coordinates"":[73.9572486552245,18.439520358076898]}"
523,23.796166992187523,1029.1089566929136,41.0087264,28.05000000000001,-0.05548833189282627,0.3470108096183543,-0.3532801418439716,"{""type"":""Point"",""coordinates"":[73.83203476608134,18.50716807248754]}"
524,23.790213012695347,1491.3786417322833,49.123105880000026,26.730000000000018,0.1334015694302286,0.17447595561035759,-0.3023414800888737,"{""type"":""Point"",""coordinates"":[73.74468212131356,18.614720472160634]}"
525,23.796166992187523,1394.705905511811,42.96383384000001,26.470000000000027,0.03112507138777841,0.15094979647218454,-0.19577092511013217,"{""type"":""Point"",""coordinates"":[73.77454023880036,18.511888880113712]}"
526,23.796166992187523,1129.4652559055119,37.00280696000004,27.930000000000007,-0.15783359953535647,0.5623040752351097,-0.5145299145299145,"{""type"":""Point"",""coordinates"":[73.82998265010436,18.493313218348163]}"
527,24.046257647346067,1206.6010826771653,44.51561492000002,26.99000000000001,-0.002229157378510923,0.2767890950397577,-0.3189908077449638,"{""type"":""Point"",""coordinates"":[73.81656500744468,18.613957934139716]}"
528,23.796166992187523,1393.0499015748032,40.84807946000001,27.57000000000005,-0.01343135868796833,0.2112200067590402,-0.23331039229181005,"{""type"":""Point"",""coordinates"":[73.82913751163062,18.528318874144677]}"
529,24.159700012207054,1617.863877952756,47.69437352,28.010000000000048,0.057164886000660865,0.19087367835281024,-0.2977562158884172,"{""type"":""Point"",""coordinates"":[73.95348896863058,18.536915440232384]}"
530,24.159700012207054,931.9047244094488,42.74166253999999,27.950000000000045,-0.02717391304347826,0.13089005235602094,-0.13798294029101857,"{""type"":""Point"",""coordinates"":[73.95581161229865,18.54651590968094]}"
531,22.913253784179688,1552.1719488188978,43.96873172000005,26.620000000000005,-0.01831964624131396,0.20172953630535262,-0.2548653277284758,"{""type"":""Point"",""coordinates"":[73.90784987272218,18.44665490162934]}"
532,24.039227294921886,1480.2265748031496,41.883739520000006,27.83000000000004,-0.09163256025466121,0.4893749030556848,-0.4610468654899574,"{""type"":""Point"",""coordinates"":[73.88146725025969,18.564655841882228]}"
533,23.796166992187523,1787.877657480315,42.47163896000001,27.03000000000003,0.028318401812377717,0.2474881015335801,-0.29473106476399563,"{""type"":""Point"",""coordinates"":[73.80338905395128,18.550106822582027]}"
534,23.895946393694203,1245.7408464566927,42.82711304000003,28.150000000000034,0.05502727981293842,0.16130268199233716,-0.18862745098039216,"{""type"":""Point"",""coordinates"":[73.85219209663337,18.518876315128843]}"
535,22.913253784179688,1079.9864173228348,51.40292522000004,26.590000000000032,0.1409106015287471,0.11470461405778352,-0.22832026609645997,"{""type"":""Point"",""coordinates"":[73.92960934025233,18.419128151955487]}"
536,23.895946393694203,1077.0700787401574,35.32455914000002,28.230000000000018,-0.1949374454466104,0.6807857581338245,-0.6024190401872805,"{""type"":""Point"",""coordinates"":[73.86740145708643,18.535566983531652]}"
537,24.039227294921886,1343.0976377952754,49.05816349999998,26.590000000000032,0.2570093457943925,0.1876750700280112,-0.2998160637645616,"{""type"":""Point"",""coordinates"":[73.85774850621375,18.597945153748526]}"
538,24.039227294921886,1407.3707677165353,44.43016441999998,28.120000000000005,0.06106973595125254,0.16283749790373972,-0.2021497919556172,"{""type"":""Point"",""coordinates"":[73.94530776735462,18.561631718420898]}"
539,24.039227294921886,1488.9357283464565,49.64264492000001,27.010000000000048,0.08365637113917719,0.10261811616009629,-0.23804696739314074,"{""type"":""Point"",""coordinates"":[73.87711912344803,18.607304071056756]}"
540,24.039227294921886,1649.3392716535432,47.22268675999999,26.99000000000001,0.01887229362047007,0.21525885558583105,-0.26666666666666666,"{""type"":""Point"",""coordinates"":[73.91045451400346,18.6161192939359]}"
541,24.039227294921886,2134.799409448819,49.680243140000016,27.690000000000055,0.07702253417066864,0.06670936065748746,-0.16806919121084618,"{""type"":""Point"",""coordinates"":[73.94724342854873,18.567959034363206]}"
542,22.913253784179688,1162.7083661417323,50.169020000000046,26.730000000000018,-0.0670722433460076,0.29398745850239766,-0.3865612648221344,"{""type"":""Point"",""coordinates"":[73.93305688860661,18.43247858817452]}"
543,24.039227294921886,1666.7383858267715,50.32624892000001,27.210000000000036,0.06062008329477094,0.15242690888447347,-0.2184873949579832,"{""type"":""Point"",""coordinates"":[73.8985937892234,18.594135864340412]}"
544,23.043812561035168,1303.5252952755905,42.73824452000002,25.310000000000002,-0.05604573132844538,0.44401019541206455,-0.4802299251001568,"{""type"":""Point"",""coordinates"":[73.76634971752569,18.447664475387647]}"
545,23.796166992187523,1460.7423228346456,40.52336756,27.010000000000048,-0.10742609949531362,0.4246405936002473,-0.4235403151065802,"{""type"":""Point"",""coordinates"":[73.79067114325383,18.512447585493593]}"
546,23.026582336425804,1983.2511811023624,48.65825516000001,26.910000000000025,0.1060200668896321,0.20283496456294298,-0.35788671577343156,"{""type"":""Point"",""coordinates"":[73.9577184274023,18.43374827745313]}"
547,23.796166992187523,1308.2999015748032,40.393482800000015,27.77000000000004,-0.020008279287981233,0.3062378512104612,-0.32782468115681695,"{""type"":""Point"",""coordinates"":[73.8155773197547,18.503093122416235]}"
548,23.895946393694203,1281.7054133858267,41.07708680000002,28.08000000000004,-0.07113076437144662,0.4698335644937587,-0.4803562074384494,"{""type"":""Point"",""coordinates"":[73.88175123993034,18.51525931423677]}"
549,24.039227294921886,1433.0272637795276,42.85445720000001,28.120000000000005,0.04121750158528852,0.20209890284623946,-0.27229888926287443,"{""type"":""Point"",""coordinates"":[73.94480039959704,18.56260092128143]}"
550,23.895946393694203,1551.5508858267717,46.68605762000004,27.480000000000018,0.0731944951893801,0.17094937682720418,-0.24549918166939444,"{""type"":""Point"",""coordinates"":[73.8774688306758,18.467026474911336]}"
551,24.046257647346067,1572.6000984251968,43.92771548000002,26.670000000000016,0.048068773459256565,0.14623122904213443,-0.23016742293850728,"{""type"":""Point"",""coordinates"":[73.77063424366825,18.56327228793623]}"
552,24.046257647346067,1552.3776574803148,44.48485274000001,27.610000000000014,0.03508110147114297,0.18755803156917364,-0.22744721689059502,"{""type"":""Point"",""coordinates"":[73.82553904275812,18.57245890492504]}"
553,23.895946393694203,1303.0617125984252,40.345630519999986,27.49000000000001,-0.027637212923316466,0.37667304015296366,-0.4069994670456564,"{""type"":""Point"",""coordinates"":[73.85882812121024,18.4576813712731]}"
554,23.895946393694203,1271.7324803149606,36.606316640000045,28.49000000000001,-0.1585524602967977,0.5611296263813366,-0.5292096219931272,"{""type"":""Point"",""coordinates"":[73.88909086361741,18.53660119555962]}"
555,23.895946393694203,1339.315649606299,44.471180660000016,27.110000000000014,0.1134409235481211,0.3132088640725877,-0.42187795201209144,"{""type"":""Point"",""coordinates"":[73.92919791583769,18.474230723334767]}"
556,24.046257647346067,1552.3776574803148,44.48485274000001,27.610000000000014,0.03508110147114297,0.18755803156917364,-0.22744721689059502,"{""type"":""Point"",""coordinates"":[73.82550636276552,18.572618932589293]}"
557,23.408999633789108,1388.776279527559,44.21824718000005,24.77000000000004,0.1294413343996344,0.29415760869565216,-0.3779385171790235,"{""type"":""Point"",""coordinates"":[73.74900994742643,18.461082060912535]}"
558,23.895946393694203,1331.7531496062993,40.068770900000004,27.950000000000045,-0.05883940620782726,0.36428447226569294,-0.3852401129943503,"{""type"":""Point"",""coordinates"":[73.90105505463134,18.498539680850644]}"
559,24.039227294921886,1482.6114173228348,43.883281220000015,27.340000000000032,0.03132530120481928,0.2568391433484446,-0.3068920676202861,"{""type"":""Point"",""coordinates"":[73.91657879712001,18.622007507553516]}"
560,24.046257647346067,1406.5169291338582,42.28706588,27.700000000000045,0.01573204770362852,0.29020455679361384,-0.3323029366306028,"{""type"":""Point"",""coordinates"":[73.81457632553997,18.569710742555145]}"
561,23.043812561035168,1300.4593503937008,43.4184305,24.99000000000001,0.12902077151335312,0.34420223484154605,-0.43825950607604863,"{""type"":""Point"",""coordinates"":[73.77537011142125,18.42449763418026]}"
562,24.039227294921886,1370.3889763779525,53.34436058000006,27.390000000000043,0.17980856882406562,0.2453287197231834,-0.3778713629402756,"{""type"":""Point"",""coordinates"":[73.93760809862003,18.62379818862753]}"
563,24.046257647346067,1193.9401574803148,42.53316332000003,27.630000000000052,0.13620071684587814,0.35747334540333936,-0.4070058381984987,"{""type"":""Point"",""coordinates"":[73.80404048054682,18.572012850409106]}"
564,23.790213012695347,2329.9687007874018,42.23921360000003,26.200000000000045,-0.5448534936138242,0.7908029959937293,-0.6805884756845116,"{""type"":""Point"",""coordinates"":[73.74791596744942,18.57379129628023]}"
565,23.895946393694203,1591.446062992126,42.51607322000001,27.440000000000055,0.06645711719802425,0.20609137055837565,-0.29896907216494845,"{""type"":""Point"",""coordinates"":[73.89732169370141,18.47318342312893]}"
566,24.046257647346067,1632.395866141732,46.98000734000004,27.100000000000023,0.07114439503861456,0.125,-0.2047351646683867,"{""type"":""Point"",""coordinates"":[73.75795445931237,18.615925789257954]}"
567,22.531699371337936,271.0400590551181,30.55983925999999,25.160000000000025,0.012844036697247707,-0.45158002038735984,0.6418109187749668,"{""type"":""Point"",""coordinates"":[73.74790621828697,18.427568227751674]}"
568,24.27015753851998,1523.4465551181102,45.26757931999998,27.190000000000055,0.0233529028049576,0.1478074210364919,-0.19622882710131032,"{""type"":""Point"",""coordinates"":[73.96926908663468,18.594389391201915]}"
569,23.895946393694203,1703.5326771653545,49.26666272,27.28000000000003,0.10063266113088178,0.22482498653742597,-0.3322594816224923,"{""type"":""Point"",""coordinates"":[73.92277700625237,18.490894408324817]}"
570,23.895946393694203,1374.7137795275592,42.15376309999999,27.480000000000018,-8.46262341325811E-4,0.18900804289544235,-0.2343016176726387,"{""type"":""Point"",""coordinates"":[73.87879191435731,18.470105507542836]}"
571,22.913253784179688,1522.4893700787402,46.34767364000004,26.410000000000025,0.013134851138353765,0.362139295966158,-0.41360928190655377,"{""type"":""Point"",""coordinates"":[73.90314363000854,18.437079589545185]}"
572,24.046257647346067,1268.1980314960629,37.474493720000055,26.630000000000052,-0.06577620967741936,0.4959320834807216,-0.504446816079687,"{""type"":""Point"",""coordinates"":[73.84266624550396,18.60450600824148]}"
573,24.046257647346067,1761.8392716535432,43.490208919999986,26.53000000000003,0.07736589620584387,0.4045943433806931,-0.4644884397064932,"{""type"":""Point"",""coordinates"":[73.84261096223807,18.595518139206437]}"
574,23.043812561035168,1270.3013779527557,43.011686120000036,25.730000000000018,0.09071117561683599,0.3976575571667596,-0.4482758620689655,"{""type"":""Point"",""coordinates"":[73.79566593579649,18.42795791259052]}"
575,24.27015753851998,1175.4642716535432,51.47470364000003,27.510000000000048,0.18011547669342345,0.17379032258064517,-0.30333557197224087,"{""type"":""Point"",""coordinates"":[73.95958695014669,18.586838159755242]}"
576,22.913253784179688,1650.5956692913387,49.45807184,26.690000000000055,0.007030251384746485,0.25735095764769356,-0.35395787944807555,"{""type"":""Point"",""coordinates"":[73.94380773577362,18.435085660827845]}"
577,24.046257647346067,1569.0646653543306,42.54683540000002,26.910000000000025,-0.005625703212901613,0.197736748064324,-0.24289245982694685,"{""type"":""Point"",""coordinates"":[73.7796063435892,18.587576518977492]}"
578,23.796166992187523,1108.6138779527557,38.80752152000002,27.410000000000025,-0.010804708917916465,0.3104745975329291,-0.3201347935973041,"{""type"":""Point"",""coordinates"":[73.8262415735296,18.545724301461767]}"
579,23.895946393694203,509.5636811023621,41.51459336000005,28.49000000000001,-0.012952210808396605,0.04275862068965517,-0.008,"{""type"":""Point"",""coordinates"":[73.90216511990539,18.541405902162495]}"
580,24.046257647346067,1172.6581692913387,39.79874732000002,27.610000000000014,-0.24430786422684733,0.6753808538649615,-0.6038890889449046,"{""type"":""Point"",""coordinates"":[73.83309551499293,18.57338710537072]}"
581,24.27015753851998,1283.9549212598424,44.41649233999999,26.750000000000057,0.1423067043411251,0.2571536144578313,-0.3332002395687762,"{""type"":""Point"",""coordinates"":[73.96595540348999,18.618379315238986]}"
582,23.895946393694203,1438.547933070866,41.41205276000005,28.190000000000055,0.013843964290335102,0.27139282735613013,-0.3184570143573776,"{""type"":""Point"",""coordinates"":[73.89089383771704,18.532823811706713]}"
583,23.895946393694203,1443.7147637795276,41.85297734000005,27.750000000000057,-0.0382830626450116,0.39342986143546627,-0.44704931285367827,"{""type"":""Point"",""coordinates"":[73.85647388819385,18.535915850480468]}"
584,24.039227294921886,1292.738877952756,40.51994954000003,26.430000000000007,0.08507670850767085,0.3360488798370672,-0.3834355828220859,"{""type"":""Point"",""coordinates"":[73.85221523866882,18.594499089953505]}"
585,24.046257647346067,1611.890452755906,43.86960914000002,27.140000000000043,0.01588048464886484,0.19702389469165832,-0.24716756112104948,"{""type"":""Point"",""coordinates"":[73.77075290396571,18.59747029031608]}"
586,24.046257647346067,1128.0877952755907,46.173354620000055,27.27000000000004,0.0862876254180602,0.12451121629965013,-0.212336365653428,"{""type"":""Point"",""coordinates"":[73.83347137465799,18.584742685783336]}"
587,23.796166992187523,1392.8117125984252,38.76308726000002,28.04000000000002,-0.19269365204645394,0.6463813229571984,-0.6233885819521179,"{""type"":""Point"",""coordinates"":[73.84624948263983,18.492671877061074]}"
588,23.895946393694203,1501.6306102362203,42.570761540000035,28.130000000000052,0.045782500327954875,0.13337488314116547,-0.20370676816150918,"{""type"":""Point"",""coordinates"":[73.91376317330912,18.503485519275984]}"
589,23.895946393694203,1782.45344488189,42.15718112000002,27.940000000000055,0.09270433351618211,0.08387942332896461,-0.17504973003694232,"{""type"":""Point"",""coordinates"":[73.94418728832011,18.52133716679851]}"
590,24.159700012207054,1517.5036417322833,44.601065420000054,28.07000000000005,0.09490588390154008,0.0772364092119693,-0.15952782462057336,"{""type"":""Point"",""coordinates"":[73.95050831149281,18.482902313656435]}"
591,23.796166992187523,1423.9022637795276,37.768443440000055,27.230000000000018,-0.10744640365343143,0.3919005102040816,-0.3919005102040816,"{""type"":""Point"",""coordinates"":[73.8235557935726,18.525942499647503]}"
592,22.913253784179688,1612.0799212598424,45.59570924000002,26.28000000000003,0.02673121448116186,0.27102803738317754,-0.3887971166841868,"{""type"":""Point"",""coordinates"":[73.89510206682152,18.421423737010887]}"
593,23.790213012695347,1351.7738188976377,43.33639802000005,26.80000000000001,0.07145019679079624,0.08913352272727272,-0.1294420916958203,"{""type"":""Point"",""coordinates"":[73.7483304443316,18.59946965112138]}"
594,23.043812561035168,1597.2260826771653,44.26609946000002,26.630000000000052,0.046235138705416116,0.1435565154787617,-0.22109471094710947,"{""type"":""Point"",""coordinates"":[73.81848761404436,18.443952471042675]}"
595,24.046257647346067,1601.0567913385826,43.64743784000001,27.610000000000014,0.06762984182339021,0.11898355754857998,-0.17317034947500393,"{""type"":""Point"",""coordinates"":[73.82045229727105,18.570652714360918]}"
596,24.039227294921886,1715.1901574803146,46.68605762000004,27.750000000000057,0.08964264082374318,0.20063906270802823,-0.3138111888111888,"{""type"":""Point"",""coordinates"":[73.90680512394407,18.569829810692045]}"
597,24.039227294921886,1478.4824803149606,40.742120839999984,27.450000000000045,-0.06079664570230608,0.5393976270155156,-0.5733830845771144,"{""type"":""Point"",""coordinates"":[73.85068507981318,18.559401283536914]}"
598,23.796166992187523,1428.4839566929134,40.15080338000001,27.590000000000032,-0.044172569220862844,0.30542585734986316,-0.32570307390451275,"{""type"":""Point"",""coordinates"":[73.8318932138511,18.49143438705691]}"
599,23.895946393694203,1562.0312007874018,46.292985320000014,28.060000000000002,0.04231511254019293,0.1290371493555724,-0.1696512723845429,"{""type"":""Point"",""coordinates"":[73.94590981880748,18.507454146200104]}"
600,24.046257647346067,1716.4593503937008,45.226563080000005,26.55000000000001,0.0499194847020934,0.19368761801996223,-0.26609442060085836,"{""type"":""Point"",""coordinates"":[73.7526036598748,18.58691612936161]}"
601,23.895946393694203,1460.6812992125986,43.295381780000014,28.210000000000036,-4.495392222971454E-4,0.37631416202844775,-0.42159054615138936,"{""type"":""Point"",""coordinates"":[73.90895604584043,18.505820198910254]}"
602,23.895946393694203,1907.7113188976377,48.44633792000002,27.130000000000052,0.08232018561484919,0.19233088146629687,-0.29322521579911065,"{""type"":""Point"",""coordinates"":[73.91893239243392,18.480508829668626]}"
603,23.043812561035168,1178.7964566929136,44.08836242000001,26.130000000000052,0.11214470284237726,0.3724785300579189,-0.4449116904962153,"{""type"":""Point"",""coordinates"":[73.78764770533337,18.436257526011925]}"
604,23.895946393694203,477.5932086614173,41.059996700000056,28.360000000000014,-0.11274252753015207,0.01725790987535954,0.05225547119249665,"{""type"":""Point"",""coordinates"":[73.9320780513975,18.536693793069983]}"
605,23.043812561035168,1641.174901574803,44.77196642000001,26.110000000000014,0.08545393932659184,0.12878891784391716,-0.2570643042614938,"{""type"":""Point"",""coordinates"":[73.84628570353223,18.430088632261484]}"
606,23.790213012695347,1866.403248031496,47.56107073999999,26.510000000000048,0.07260368436607231,0.19149474750031642,-0.257883484767504,"{""type"":""Point"",""coordinates"":[73.74733229946442,18.566441584173244]}"
607,23.796166992187523,1403.8126968503936,40.26018002000001,27.77000000000004,-0.05880845611787316,0.34527104020836724,-0.3670802315963606,"{""type"":""Point"",""coordinates"":[73.81666636778522,18.503075442566317]}"
608,23.895946393694203,1218.5774606299212,40.20549170000004,28.230000000000018,-0.026812313803376366,0.35517693315858456,-0.37683089214380827,"{""type"":""Point"",""coordinates"":[73.920352377993,18.514034061776695]}"
609,24.046257647346067,1391.6552165354328,43.3158899,27.610000000000014,0.04746066265830881,0.2522704339051463,-0.29225963207219713,"{""type"":""Point"",""coordinates"":[73.81840194629893,18.56807286767859]}"
610,23.408999633789108,1631.612401574803,40.967710160000024,25.49000000000001,0.154089219330855,0.3128515794028559,-0.44201520912547526,"{""type"":""Point"",""coordinates"":[73.74889256360358,18.531010404043133]}"
611,24.039227294921886,1488.058267716535,44.994137720000026,27.750000000000057,-0.014009169638308712,0.23022249690976515,-0.2678343949044586,"{""type"":""Point"",""coordinates"":[73.90781346689559,18.567017999147385]}"
612,24.039227294921886,1657.5154527559055,44.160140840000054,27.77000000000004,0.07802948579647609,0.08828522920203735,-0.15564903846153846,"{""type"":""Point"",""coordinates"":[73.87581181714322,18.5706302831244]}"
613,23.043812561035168,1381.3471456692912,42.44771281999999,25.850000000000023,0.049203539823008846,0.3301419610432486,-0.4186619718309859,"{""type"":""Point"",""coordinates"":[73.81713183373436,18.42660220722756]}"
614,23.895946393694203,1052.5070866141732,53.00255858000003,28.28000000000003,0.010479645304312777,0.06300064949123187,-0.12795773030094187,"{""type"":""Point"",""coordinates"":[73.91366058267414,18.524557826818967]}"
615,23.895946393694203,1274.3983267716535,45.53418488,28.28000000000003,0.013451671058105671,0.30964653902798234,-0.33998869843661705,"{""type"":""Point"",""coordinates"":[73.9145543032168,18.518099450262657]}"
616,23.796166992187523,1371.9258858267717,47.489292320000004,25.77000000000004,0.13272747671939863,0.3252185839190811,-0.43600222924020066,"{""type"":""Point"",""coordinates"":[73.75274491682866,18.533282983406394]}"
617,23.043812561035168,1371.6645669291338,42.64937600000002,26.250000000000057,-0.010983646570661459,0.36429512516469037,-0.41752224503764546,"{""type"":""Point"",""coordinates"":[73.81218256689091,18.437442194069593]}"
618,24.046257647346067,1246.1355314960629,42.129836960000034,26.670000000000016,4.7355958958168905E-4,0.1965230536659108,-0.22357487922705313,"{""type"":""Point"",""coordinates"":[73.77078608451184,18.56435061136494]}"
619,23.895946393694203,1114.852066929134,39.897869900000046,28.230000000000018,-0.04535983330661965,0.35059018430316835,-0.33729751896657784,"{""type"":""Point"",""coordinates"":[73.92072801678542,18.50806886265118]}"
620,22.913253784179688,1418.9047244094488,47.37991568000001,26.250000000000057,0.062450800314877986,0.134105697508332,-0.22783505154639175,"{""type"":""Point"",""coordinates"":[73.8963743888639,18.429702240851483]}"
621,23.043812561035168,1257.3097440944882,41.35394642000006,25.630000000000052,0.044093791476183454,0.2100056001493373,-0.2566886390073672,"{""type"":""Point"",""coordinates"":[73.78890236867923,18.446787103300398]}"
622,23.043812561035168,1240.123720472441,42.11616488000004,25.000000000000057,0.10534534534534534,0.42001906577693043,-0.46096508434680267,"{""type"":""Point"",""coordinates"":[73.78471515114747,18.41716272853991]}"
623,23.895946393694203,1847.3397637795276,49.45807184,27.810000000000002,0.09663250366032211,0.21292542081336774,-0.3322537112010796,"{""type"":""Point"",""coordinates"":[73.94759583355427,18.489617268557733]}"
624,24.046257647346067,1437.3968503937008,45.82471658000003,26.07000000000005,-0.0026911863646557526,0.41509732552619083,-0.4649410222804718,"{""type"":""Point"",""coordinates"":[73.75017843925264,18.559566718837097]}"
625,23.796166992187523,1662.6931102362207,44.994137720000026,26.58000000000004,0.0698478561549101,0.13999152422658567,-0.2171945701357466,"{""type"":""Point"",""coordinates"":[73.79313384190289,18.478986578636622]}"
626,24.046257647346067,1788.0838582677166,47.95072502000005,26.980000000000018,0.11540041067761807,0.0988394337456957,-0.21352112676056337,"{""type"":""Point"",""coordinates"":[73.7543612563583,18.59821583192823]}"
627,23.796166992187523,1504.6685039370077,39.36807680000004,26.870000000000005,-0.017848528702363725,0.2899281675072597,-0.3175148298470184,"{""type"":""Point"",""coordinates"":[73.81734185218501,18.459954136254225]}"
628,24.046257647346067,1588.7324803149604,43.27145564,26.690000000000055,-0.10367744793974303,0.37358698649021227,-0.4270982526496706,"{""type"":""Point"",""coordinates"":[73.76614042766904,18.58822805621817]}"
629,22.913253784179688,1192.0385826771653,50.579182400000036,25.630000000000052,0.1594864479315264,0.1713717693836978,-0.28899584336031503,"{""type"":""Point"",""coordinates"":[73.90734429518379,18.415568084612843]}"
630,23.796166992187523,1834.8870078740156,42.276811820000034,26.250000000000057,0.0841081081081081,0.11035386631716906,-0.1629375428963624,"{""type"":""Point"",""coordinates"":[73.78929278811844,18.454267287352383]}"
631,23.796166992187523,1360.3668307086616,44.29686164000003,27.29000000000002,-0.02624142107387969,0.30806174957118354,-0.3290345067967933,"{""type"":""Point"",""coordinates"":[73.80696111995155,18.5156856651508]}"
632,24.039227294921886,1272.5700787401574,43.57565942000002,27.55000000000001,0.07757255936675461,0.3081384471468662,-0.35425140422235135,"{""type"":""Point"",""coordinates"":[73.86149370785617,18.561986877642404]}"
633,23.895946393694203,1144.9667322834644,39.61759226000004,27.890000000000043,-0.028219178082191782,0.4937313432835821,-0.5133064516129032,"{""type"":""Point"",""coordinates"":[73.88391144427999,18.501132346373982]}"
634,23.895946393694203,1571.6448818897634,45.188964860000056,27.430000000000007,0.10913196186653286,0.08229198415117342,-0.1593209271955599,"{""type"":""Point"",""coordinates"":[73.88360833846781,18.463635953748888]}"
635,23.895946393694203,1165.9559055118111,43.616675660000055,28.130000000000052,0.06264977747346799,0.10092480900683555,-0.15042016806722688,"{""type"":""Point"",""coordinates"":[73.91894671789099,18.504423297640358]}"
636,24.039227294921886,1660.4997047244092,49.71784136000002,27.250000000000057,0.15576820839978733,0.12736049978702257,-0.2298636926889715,"{""type"":""Point"",""coordinates"":[73.93197417838745,18.626177368375977]}"
637,24.039227294921886,1435.0277559055119,47.95414304000002,27.890000000000043,0.08223328283921229,0.3588593399551426,-0.4662057044079516,"{""type"":""Point"",""coordinates"":[73.92006019628393,18.57154453592022]}"
638,24.046257647346067,1917.8412401574803,45.49658666000005,27.49000000000001,0.14020427112349118,0.21493320610687022,-0.3637702503681885,"{""type"":""Point"",""coordinates"":[73.79077551208364,18.555614698418186]}"
639,24.039227294921886,1718.4116141732284,50.40828140000002,27.210000000000036,0.07850267379679145,0.15977924350518238,-0.25799386771791505,"{""type"":""Point"",""coordinates"":[73.8932966631251,18.594679188312508]}"
640,23.895946393694203,1334.0567913385828,39.56290394000001,28.090000000000032,-0.06638435670693735,0.46209016393442626,-0.4440883791533142,"{""type"":""Point"",""coordinates"":[73.89704768978021,18.516315220253336]}"
641,24.039227294921886,828.7964566929132,36.643914859999995,27.130000000000052,-0.29225061830173127,0.6702184336707512,-0.5865384615384616,"{""type"":""Point"",""coordinates"":[73.86788894357906,18.580666973328352]}"
642,23.895946393694203,1170.6655511811023,39.13906946000003,27.890000000000043,-0.03183831672203765,0.4365002890730391,-0.47312252964426876,"{""type"":""Point"",""coordinates"":[73.8854289441225,18.504311716182173]}"
643,24.046257647346067,1420.8806102362205,46.35109166000001,26.650000000000034,0.04365228267667292,0.22886531661845066,-0.30433299215284887,"{""type"":""Point"",""coordinates"":[73.76508401105171,18.591030796440855]}"
644,23.796166992187523,1596.3205708661417,40.67717846000005,25.53000000000003,0.03596638655462185,0.24173762447683647,-0.3097884000608921,"{""type"":""Point"",""coordinates"":[73.77317612446772,18.45383393279749]}"
645,23.796166992187523,1297.529724409449,41.036070559999985,26.390000000000043,-0.06434737117447031,0.42771929824561405,-0.44137442437123625,"{""type"":""Point"",""coordinates"":[73.78162123679945,18.535332442814646]}"
646,23.796166992187523,1704.731496062992,40.42082696,27.090000000000032,0.021654889446090723,0.16630434782608697,-0.23510791366906475,"{""type"":""Point"",""coordinates"":[73.79910777321672,18.547752949414285]}"
647,23.895946393694203,610.9844488188976,35.66294312000002,28.03000000000003,-0.24937965260545905,0.4520547945205479,-0.35122442133512244,"{""type"":""Point"",""coordinates"":[73.85995722467527,18.53105551327928]}"
648,23.796166992187523,1169.6389763779528,44.50194284000003,27.090000000000032,0.02694406548431105,0.12633241215949467,-0.1959756864389017,"{""type"":""Point"",""coordinates"":[73.80175657712589,18.483411253508642]}"
649,24.046257647346067,1584.4824803149604,48.53178842,27.470000000000027,0.02561005073689297,0.21842900302114804,-0.25716957605985036,"{""type"":""Point"",""coordinates"":[73.83436533481796,18.62236525494144]}"
650,24.046257647346067,1321.258562992126,44.48827075999998,27.130000000000052,0.030356357237131544,0.1651101321585903,-0.22105263157894736,"{""type"":""Point"",""coordinates"":[73.78324196905054,18.5990055301453]}"
651,24.046257647346067,1117.3013779527557,36.54137426,27.410000000000025,-0.16811507341923884,0.5508255420728069,-0.4832572298325723,"{""type"":""Point"",""coordinates"":[73.79565140468185,18.564717669289703]}"
652,23.895946393694203,1517.9416338582676,38.84511974000003,27.590000000000032,-0.21107414958686554,0.6281015579919216,-0.5712098009188361,"{""type"":""Point"",""coordinates"":[73.85703562563275,18.548619022179626]}"
653,24.039227294921886,1384.2388779527557,41.917919719999986,27.49000000000001,-0.05785780484575665,0.31696060656007913,-0.3412791673661239,"{""type"":""Point"",""coordinates"":[73.89361464471102,18.579101147609528]}"
654,23.796166992187523,1543.1153543307084,41.26849592000002,27.090000000000032,-0.04033816425120773,0.2891349895240946,-0.3149137536254007,"{""type"":""Point"",""coordinates"":[73.79345526806047,18.549110617279425]}"
655,23.895946393694203,1433.7620078740156,40.53703963999999,28.49000000000001,0.002936138977244923,0.2940616068593204,-0.34755291005291006,"{""type"":""Point"",""coordinates"":[73.89004848421216,18.54064956097748]}"
656,23.796166992187523,1440.9386811023621,45.36670190000001,26.33000000000004,0.059154269649759866,0.29152596880527415,-0.3599729089061971,"{""type"":""Point"",""coordinates"":[73.77173383568471,18.523317364062713]}"
657,24.039227294921886,1323.2319881889764,46.86721268000002,27.200000000000045,-0.10347296813462227,0.5743231738464158,-0.5557799091367996,"{""type"":""Point"",""coordinates"":[73.867611329034,18.61157096492549]}"
658,22.913253784179688,769.260531496063,46.125502340000025,26.200000000000045,0.057816956183562355,0.06913798175934098,-0.12577447335811648,"{""type"":""Point"",""coordinates"":[73.88710943066783,18.427063383328388]}"
659,23.895946393694203,1439.2270669291338,43.83542894000004,28.08000000000004,0.09030632542103169,0.14792503346720215,-0.21330031835868413,"{""type"":""Point"",""coordinates"":[73.87119799072136,18.510165446073312]}"
660,23.043812561035168,1337.5282480314959,46.39894393999998,25.55000000000001,0.11139505169009177,0.30657557643040134,-0.4177168272794663,"{""type"":""Point"",""coordinates"":[73.8290045518637,18.417836918314645]}"
661,22.913253784179688,1448.7004921259845,44.12937866000004,25.640000000000043,0.03251106894370651,0.19556041894638113,-0.2849462365591398,"{""type"":""Point"",""coordinates"":[73.86115590932665,18.424703243022574]}"
662,23.043812561035168,1664.6995078740156,37.15661785999998,25.310000000000002,-0.017580144777662874,0.4762684124386252,-0.4995843724023275,"{""type"":""Point"",""coordinates"":[73.76913228506987,18.441888186176698]}"
663,23.895946393694203,1599.830905511811,45.91358509999998,27.07000000000005,0.06929762743716232,0.14228052472250252,-0.23349937733499376,"{""type"":""Point"",""coordinates"":[73.92934367439481,18.48057856259937]}"
664,23.796166992187523,1168.9869094488188,38.246966240000006,26.49000000000001,0.09375410913872452,0.38839645447219984,-0.4695095948827292,"{""type"":""Point"",""coordinates"":[73.78795872714991,18.52242658210621]}"
665,24.046257647346067,1596.246751968504,46.19728076000001,27.610000000000014,0.052944823310601366,0.14701907193272262,-0.19362400375058603,"{""type"":""Point"",""coordinates"":[73.81936085260972,18.571491135725697]}"
666,23.796166992187523,1506.961811023622,40.769465000000025,28.05000000000001,0.04392764857881137,0.1503186693611068,-0.20737477565671397,"{""type"":""Point"",""coordinates"":[73.82807361786686,18.504333539059832]}"
667,23.895946393694203,1632.8692913385828,42.15376309999999,27.420000000000016,0.04465747018938508,0.17481311098332375,-0.23313716613852423,"{""type"":""Point"",""coordinates"":[73.9032956125011,18.470604161982408]}"
668,24.27015753851998,1741.1187992125986,51.06795926000001,27.58000000000004,0.061198604798647076,0.15156229741994037,-0.25434260697641575,"{""type"":""Point"",""coordinates"":[73.95038742160227,18.58209669034096]}"
669,24.27015753851998,1500.4253937007873,53.94935012000002,27.150000000000034,0.17270971894443252,0.19104247104247105,-0.348016081104702,"{""type"":""Point"",""coordinates"":[73.95549416551746,18.610012253496322]}"
670,22.913253784179688,1877.0120078740156,52.353134780000005,26.850000000000023,0.08404274587936968,0.20347453593526893,-0.3350052798310454,"{""type"":""Point"",""coordinates"":[73.94708132355403,18.431639903210105]}"
671,23.895946393694203,1927.7447834645668,47.209014679999996,27.130000000000052,0.06616063185967791,0.061814788896664336,-0.16152079612145956,"{""type"":""Point"",""coordinates"":[73.91740323632835,18.476748328479367]}"
672,23.895946393694203,1370.014468503937,42.87838334000003,27.370000000000005,0.06920762286860582,0.12993564098104018,-0.1958762886597938,"{""type"":""Point"",""coordinates"":[73.8503555313809,18.464909241601195]}"
673,24.039227294921886,1417.2752952755907,47.97123313999998,27.07000000000005,-0.06974036558388637,0.4304841974155379,-0.46142834420232226,"{""type"":""Point"",""coordinates"":[73.94744657595102,18.62170815188553]}"
674,23.796166992187523,1282.368307086614,43.33981604000002,25.27000000000004,0.19636363636363635,0.3409177095183921,-0.44208809135399674,"{""type"":""Point"",""coordinates"":[73.75429109183867,18.459884966459498]}"
675,22.913253784179688,1723.6576771653545,47.77982401999998,26.410000000000025,0.07598480303939212,0.18852880658436214,-0.31596183966965685,"{""type"":""Point"",""coordinates"":[73.90453457581656,18.434225304719064]}"
676,23.895946393694203,1885.3200787401574,46.443378199999984,27.130000000000052,0.08232065856526852,0.11835662247700944,-0.22887139107611548,"{""type"":""Point"",""coordinates"":[73.91996225644323,18.483284139680734]}"
677,24.039227294921886,1845.2457677165353,50.435625560000005,27.200000000000045,0.16749256689791872,0.15644555694618273,-0.30767053495612795,"{""type"":""Point"",""coordinates"":[73.86790461286827,18.61092469464397]}"
678,24.046257647346067,1231.113877952756,40.458425180000006,27.650000000000034,-0.010657950831320165,0.3221788436512363,-0.3459500378501135,"{""type"":""Point"",""coordinates"":[73.80837793273055,18.55871957426564]}"
679,23.796166992187523,1765.0818897637796,49.188048260000016,26.310000000000002,0.1930385366719943,0.21790404717233985,-0.3608864929619647,"{""type"":""Point"",""coordinates"":[73.75382636585636,18.541648385199316]}"
680,23.796166992187523,1362.2344488188976,39.64835444000005,27.250000000000057,-0.11476201981154868,0.5165160230073952,-0.5024422012373819,"{""type"":""Point"",""coordinates"":[73.82906165533282,18.477226944505798]}"
681,23.796166992187523,1596.6753937007875,44.86083494000002,26.55000000000001,0.08324416862829018,0.24698006112647358,-0.3349953256466189,"{""type"":""Point"",""coordinates"":[73.7833896934948,18.485421456614297]}"
682,22.913253784179688,1324.7910433070867,44.21482916000002,26.470000000000027,0.038466657793158526,0.2658139127387419,-0.33038674033149174,"{""type"":""Point"",""coordinates"":[73.86173628903413,18.439765308993838]}"
683,23.796166992187523,1544.213779527559,39.29629838000005,25.28000000000003,-0.00560702096538274,0.22950819672131148,-0.28765412829717496,"{""type"":""Point"",""coordinates"":[73.76300443089475,18.451707878172556]}"
684,23.043812561035168,1256.6950787401572,47.157744380000054,25.55000000000001,0.07078266292485189,0.0961927533566305,-0.1677115987460815,"{""type"":""Point"",""coordinates"":[73.8318338074915,18.42253710118561]}"
685,24.046257647346067,1236.8432086614175,43.654273880000005,26.430000000000007,0.1538175046554935,0.320674287928696,-0.418522372528616,"{""type"":""Point"",""coordinates"":[73.84957430734592,18.594346683003483]}"
686,24.039227294921886,1348.3569881889764,46.81252436,27.350000000000023,0.08098632698375599,0.37723292469352016,-0.42541236179082836,"{""type"":""Point"",""coordinates"":[73.88126157845603,18.615365645414123]}"
687,23.796166992187523,1804.791535433071,40.42766300000005,27.170000000000016,0.07735925475901174,0.15429440081074233,-0.2571743929359823,"{""type"":""Point"",""coordinates"":[73.83483192984107,18.48001266247146]}"
688,23.796166992187523,1357.194094488189,38.45204744,27.410000000000025,-0.08470461289452387,0.3586754519344484,-0.3751709986320109,"{""type"":""Point"",""coordinates"":[73.8315347124965,18.542330141804058]}"
689,23.796166992187523,1731.7241141732281,41.63764207999998,27.590000000000032,-0.0034636318654131617,0.3048513704799897,-0.3947730398899587,"{""type"":""Point"",""coordinates"":[73.84877915546805,18.48742161396644]}"
690,22.913253784179688,1287.713779527559,44.00632994,25.640000000000043,0.07101043522524815,0.29432624113475175,-0.3941940412528648,"{""type"":""Point"",""coordinates"":[73.85122809591056,18.417275419296104]}"
691,23.796166992187523,1395.9810039370077,42.32466410000001,24.890000000000043,0.17224419972201432,0.3364405316761609,-0.42316176470588235,"{""type"":""Point"",""coordinates"":[73.75145060369672,18.483438721613563]}"
692,23.796166992187523,1266.3658464566927,37.84363988000001,27.08000000000004,0.14723119244109556,0.33771106941838647,-0.4483038797481211,"{""type"":""Point"",""coordinates"":[73.84088086801738,18.467019766354063]}"
693,23.796166992187523,1358.7669291338582,35.068207640000026,27.350000000000023,0.0492485549132948,0.3967391304347826,-0.46673800606384874,"{""type"":""Point"",""coordinates"":[73.8416358097679,18.475606770999466]}"
694,23.796166992187523,1759.5508858267717,46.094740160000015,25.54000000000002,0.1550853112191402,0.18502673796791444,-0.30679640277163495,"{""type"":""Point"",""coordinates"":[73.76539837069944,18.489471286568506]}"
695,23.796166992187523,1263.3417322834646,40.66350638000006,27.950000000000045,0.019688269073010665,0.2972679573005247,-0.34799774393683025,"{""type"":""Point"",""coordinates"":[73.82222568644926,18.49395506002802]}"
696,24.039227294921886,1593.3938976377954,52.88634590000004,27.230000000000018,0.2030246529935778,0.13480825958702064,-0.2814790139906729,"{""type"":""Point"",""coordinates"":[73.92471869133497,18.625543213318124]}"
697,23.895946393694203,1300.317125984252,41.442814940000005,27.890000000000043,0.0618950585838003,0.307187222715173,-0.3843262544634467,"{""type"":""Point"",""coordinates"":[73.88386633358407,18.505011033253176]}"
698,24.046257647346067,1125.4632874015747,43.57224140000005,27.110000000000014,0.06243833685694151,0.3723952960594182,-0.4376485843959369,"{""type"":""Point"",""coordinates"":[73.78755292358838,18.593678134000527]}"
699,24.159700012207054,1823.701968503937,43.17233306000003,27.57000000000005,0.0730786317192359,0.06237270875763747,-0.13985249931712646,"{""type"":""Point"",""coordinates"":[73.96393666402174,18.527961246184358]}"
700,23.895946393694203,1297.1187992125983,40.67034242,27.420000000000016,0.11186032510535822,0.2981344596972897,-0.42614075792730083,"{""type"":""Point"",""coordinates"":[73.90346289513555,18.46698894886093]}"
701,24.046257647346067,1428.3889763779525,46.405779980000034,26.55000000000001,0.028541503011259493,0.20571985700357492,-0.2589073634204275,"{""type"":""Point"",""coordinates"":[73.75641797998173,18.59131569381928]}"
702,24.039227294921886,1483.975590551181,47.08596596000001,27.350000000000023,0.16548004314994605,0.2232764073371284,-0.3636523885069628,"{""type"":""Point"",""coordinates"":[73.87879077121312,18.61040526304336]}"
703,22.913253784179688,1424.7241141732284,46.64162336000004,26.110000000000014,0.11628437749629122,0.24301765650080256,-0.3593119185536247,"{""type"":""Point"",""coordinates"":[73.86418192789078,18.426169921574925]}"
704,23.796166992187523,1276.7290354330707,42.62203183999998,26.430000000000007,0.04415891301137203,0.17097883119232857,-0.23346674290070515,"{""type"":""Point"",""coordinates"":[73.77421724166823,18.507288464435316]}"
705,24.039227294921886,1304.7226377952757,42.950161760000015,27.510000000000048,0.2163161543794777,0.25546094039244727,-0.39346620094514073,"{""type"":""Point"",""coordinates"":[73.90137075841773,18.566748245102424]}"
706,23.895946393694203,1465.1803149606296,42.09565676,27.150000000000034,0.040886309680823005,0.18051948051948052,-0.23233350279613624,"{""type"":""Point"",""coordinates"":[73.87604362242897,18.457530119941538]}"
707,23.796166992187523,1331.3062992125986,42.90914552000004,27.010000000000048,0.04684210526315789,0.2841694734976068,-0.33677800332164604,"{""type"":""Point"",""coordinates"":[73.78826805312413,18.50959697302541]}"
708,23.043812561035168,1324.6502952755907,43.90037131999998,26.690000000000055,0.04852411807055436,0.13813296589734758,-0.22121604139715395,"{""type"":""Point"",""coordinates"":[73.83708220964117,18.449003661685705]}"
709,23.796166992187523,1475.4859251968503,45.783700339999996,24.690000000000055,0.24942425152698508,0.23655559221379083,-0.3853261873960451,"{""type"":""Point"",""coordinates"":[73.75493373611593,18.471605874806322]}"
710,23.026582336425804,1539.0666338582678,51.44394146000002,26.910000000000025,0.01113633906368256,0.32743105950653123,-0.41185551096017287,"{""type"":""Point"",""coordinates"":[73.96278867311864,18.437729372805936]}"
711,23.895946393694203,624.6404527559056,37.40271530000001,28.150000000000034,-0.12358825427557277,0.2426837972876517,-0.20234806629834254,"{""type"":""Point"",""coordinates"":[73.87835174629102,18.54124798009677]}"
712,24.039227294921886,1371.6719488188978,46.03663382000002,26.930000000000007,0.0174496644295302,0.3254320987654321,-0.40229885057471265,"{""type"":""Point"",""coordinates"":[73.86355048190538,18.58478166096546]}"
713,24.039227294921886,1077.8875,46.86037664000003,26.890000000000043,-0.040992977298709786,0.33096679891417835,-0.36488222698072803,"{""type"":""Point"",""coordinates"":[73.87934571396359,18.608289348346183]}"
714,23.796166992187523,1200.6950787401574,44.40282026,25.970000000000027,0.1797304043934099,0.30448590710599444,-0.4277645014121225,"{""type"":""Point"",""coordinates"":[73.7546602854187,18.512658058247577]}"
715,24.039227294921886,1547.0080708661417,49.24273658000004,27.610000000000014,0.0792961608775137,0.18552302486391054,-0.28907374820028797,"{""type"":""Point"",""coordinates"":[73.94030984268413,18.570901577037304]}"
716,22.913253784179688,1829.3619094488188,45.44531635999999,27.130000000000052,0.07946949602122017,0.12660693416439422,-0.20634037819799778,"{""type"":""Point"",""coordinates"":[73.87458472954565,18.44240805148457]}"
717,24.046257647346067,1647.340748031496,46.22462492,27.100000000000023,0.009775171065493646,0.3976269315673289,-0.4781847366117029,"{""type"":""Point"",""coordinates"":[73.76571189860732,18.617394975938534]}"
718,23.895946393694203,1540.4135826771653,49.75543958000003,27.58000000000004,0.09311827956989248,0.2563682407269477,-0.3623001130673558,"{""type"":""Point"",""coordinates"":[73.93767471688656,18.49095040557305]}"
719,23.043812561035168,1504.3190944881887,44.27635352000004,25.57000000000005,0.11284046692607004,0.25198291641244663,-0.36959786417487067,"{""type"":""Point"",""coordinates"":[73.81622009535039,18.424266417968106]}"
720,23.895946393694203,1202.649311023622,42.72799046,28.090000000000032,0.017452246805002063,0.36554621848739494,-0.4110913755673969,"{""type"":""Point"",""coordinates"":[73.88927514163623,18.509269199282404]}"
721,24.159700012207054,1158.6694881889764,41.74701872000003,27.55000000000001,-0.012908777969018933,0.37687658412945996,-0.3995243757431629,"{""type"":""Point"",""coordinates"":[73.95689380694441,18.517079441594262]}"
722,24.27015753851998,1722.746751968504,47.59525094000003,27.730000000000018,0.0408822546507742,0.14968620643610628,-0.22877122877122877,"{""type"":""Point"",""coordinates"":[73.95316225757269,18.574099624500988]}"
723,23.895946393694203,1498.0449803149606,45.390628040000024,27.99000000000001,0.025757373548645403,0.15123797508279452,-0.19183673469387755,"{""type"":""Point"",""coordinates"":[73.95019097950646,18.49436971341178]}"
724,23.895946393694203,981.571062992126,43.17233306000003,28.090000000000032,-0.047994000749906264,0.2957811775614279,-0.3215130023640662,"{""type"":""Point"",""coordinates"":[73.85816301609835,18.498599877055337]}"
725,23.790213012695347,1495.2275590551178,44.833490780000034,26.340000000000032,0.020673204346673735,0.16322997009286952,-0.2016260162601626,"{""type"":""Point"",""coordinates"":[73.7465697122561,18.591379086137266]}"
726,23.895946393694203,1432.1547244094488,45.506840720000014,28.090000000000032,0.05737250554323725,0.12802653399668326,-0.1899930020993702,"{""type"":""Point"",""coordinates"":[73.85624147092365,18.494929134473608]}"
727,24.27015753851998,1595.2910433070867,47.581578860000036,27.950000000000045,0.0685596408202888,0.11943998833309027,-0.20106399624471913,"{""type"":""Point"",""coordinates"":[73.95766128799713,18.5662417674566]}"
728,24.039227294921886,1512.7314960629922,48.357469400000014,27.410000000000025,0.0835219556360344,0.25046324891908583,-0.3347618262732817,"{""type"":""Point"",""coordinates"":[73.91847748372653,18.588963718397007]}"
729,24.046257647346067,1433.1719488188978,39.96281227999998,26.930000000000007,0.02514739501864998,0.29218500797448166,-0.3584842387659289,"{""type"":""Point"",""coordinates"":[73.79527025995083,18.585541791467758]}"
730,23.895946393694203,1468.9805118110237,44.228501240000014,27.210000000000036,0.02793148880105402,0.20516171185886964,-0.24355300859598855,"{""type"":""Point"",""coordinates"":[73.9308915959784,18.48218030926269]}"
731,24.046257647346067,2010.1463582677163,45.43848032000005,27.450000000000045,0.06019971469329529,0.1361232467233847,-0.22075355157504634,"{""type"":""Point"",""coordinates"":[73.78985322322735,18.61218234451789]}"
732,23.895946393694203,1229.7984251968503,40.46867924000003,27.99000000000001,-0.012010294538175578,0.3567184205482078,-0.36246390760346486,"{""type"":""Point"",""coordinates"":[73.87081275465168,18.518322041340415]}"
733,23.796166992187523,1430.1773622047242,41.719674560000044,27.760000000000048,0.005901287553648069,0.20246593121349774,-0.2564841498559078,"{""type"":""Point"",""coordinates"":[73.817865370127,18.47869185625898]}"
734,23.895946393694203,1732.3860236220469,50.86971410000001,27.05000000000001,0.09121338912133892,0.10957854406130269,-0.24720068906115417,"{""type"":""Point"",""coordinates"":[73.94557079156486,18.470342909434983]}"
735,23.895946393694203,1216.6827755905513,45.40088209999999,28.130000000000052,0.061127192235654694,0.08543307086614173,-0.119821283509342,"{""type"":""Point"",""coordinates"":[73.91381256197589,18.50585783999664]}"
736,24.046257647346067,1514.5430118110235,44.00291192000003,26.53000000000003,0.04856269113149847,0.19166538991879883,-0.2606158833063209,"{""type"":""Point"",""coordinates"":[73.7606069040084,18.571781913702164]}"
737,24.046257647346067,1509.0607283464567,45.44531635999999,27.500000000000057,0.0822742474916388,0.09131403118040089,-0.14505090969788015,"{""type"":""Point"",""coordinates"":[73.77009771487985,18.609825665119487]}"
738,23.796166992187523,1496.3732283464565,48.241256720000024,26.49000000000001,0.14553472987872107,0.21606778597206966,-0.3320728772774149,"{""type"":""Point"",""coordinates"":[73.78227946756422,18.523045737906582]}"
739,23.796166992187523,1185.8289370078742,41.63422406000001,25.930000000000007,0.1089974293059126,0.3413312693498452,-0.46615905245346867,"{""type"":""Point"",""coordinates"":[73.75956664400348,18.53444092459566]}"
740,23.895946393694203,1622.576968503937,44.94970346000002,27.77000000000004,0.0705854011081667,0.116804168475901,-0.18652929417192066,"{""type"":""Point"",""coordinates"":[73.94900725694829,18.517354733620383]}"
741,23.796166992187523,1621.2659448818897,42.492147079999995,27.52000000000004,-0.07695448050622576,0.4747728860936408,-0.474979032708974,"{""type"":""Point"",""coordinates"":[73.83821957231295,18.545775857234887]}"
742,23.895946393694203,1477.6114173228345,44.833490780000034,27.130000000000052,0.06553643724696356,0.14582686937635744,-0.2344977436068862,"{""type"":""Point"",""coordinates"":[73.91045319776111,18.47731871250723]}"
743,23.895946393694203,1567.4431102362203,42.95699780000001,27.410000000000025,0.02927313321756388,0.14048382395802972,-0.21824408468244086,"{""type"":""Point"",""coordinates"":[73.89392339921453,18.464564199942412]}"
744,23.796166992187523,1545.4455708661417,41.897411600000055,26.380000000000052,0.21037406483790524,0.2167230249000922,-0.3693132676007611,"{""type"":""Point"",""coordinates"":[73.79686645746452,18.522492926071866]}"
745,23.796166992187523,1947.7187007874015,44.867670980000014,26.710000000000036,0.05412104936996488,0.1071083172147002,-0.16603004838298957,"{""type"":""Point"",""coordinates"":[73.80722527786762,18.469310246609886]}"
746,23.796166992187523,1522.6837598425195,44.56688522000002,26.110000000000014,0.08684499816782704,0.16104985246156237,-0.24558480506497835,"{""type"":""Point"",""coordinates"":[73.77342500934674,18.45954344276555]}"
747,23.895946393694203,1456.540059055118,42.509237180000014,26.880000000000052,0.034851114968620645,0.14985682468978684,-0.21642544597778526,"{""type"":""Point"",""coordinates"":[73.91598930039198,18.45957335058352]}"
748,23.043812561035168,1574.5051181102363,42.803186900000014,25.55000000000001,0.09511941848390447,0.24432386120234184,-0.37901566703592343,"{""type"":""Point"",""coordinates"":[73.82752514788412,18.423274204476744]}"
749,23.796166992187523,1354.830413385827,43.89353528000004,25.57000000000005,0.016044033259163835,0.4019689637910896,-0.46376306620209057,"{""type"":""Point"",""coordinates"":[73.75076752223453,18.49368668951129]}"
750,23.796166992187523,1440.9386811023621,45.36670190000001,26.33000000000004,0.059154269649759866,0.29152596880527415,-0.3599729089061971,"{""type"":""Point"",""coordinates"":[73.77202851317575,18.524057945892427]}"
751,23.796166992187523,1525.0582677165355,45.011227820000045,26.33000000000004,0.04449042938437662,0.13889317095729922,-0.19276719405876655,"{""type"":""Point"",""coordinates"":[73.76999157100427,18.524500252787448]}"
752,24.046257647346067,1596.286122047244,46.467304340000055,26.49000000000001,0.1353269133299544,0.25091655667986507,-0.3546133079244084,"{""type"":""Point"",""coordinates"":[73.75936864125994,18.562805050299666]}"
753,24.046257647346067,1932.276279527559,50.86971410000001,27.750000000000057,0.13025246789551848,0.16159141290397852,-0.3060474878656697,"{""type"":""Point"",""coordinates"":[73.8174003454833,18.628156845185874]}"
754,24.039227294921886,1241.0641732283464,40.24992596000004,27.03000000000003,-0.12023840373153667,0.57000181587071,-0.5354288758657432,"{""type"":""Point"",""coordinates"":[73.86140165410845,18.552810649948167]}"
755,24.039227294921886,1550.174901574803,41.377872560000014,27.850000000000023,-0.1087800272736809,0.5439672801635992,-0.513242662848962,"{""type"":""Point"",""coordinates"":[73.88156759739185,18.555416474562858]}"
756,24.039227294921886,1365.4770669291338,47.21585072000005,27.250000000000057,0.07935384978186534,0.3233898305084746,-0.43344960528731413,"{""type"":""Point"",""coordinates"":[73.91428936947318,18.59643864613642]}"
757,24.27015753851998,1721.0809055118111,46.18702670000005,27.810000000000002,0.0625560538116592,0.08526930564568462,-0.18609929078014184,"{""type"":""Point"",""coordinates"":[73.96827397825265,18.559416470432357]}"
758,24.046257647346067,1682.61437007874,48.73686961999999,26.83000000000004,0.10951403148528405,0.09174825174825176,-0.18075934049311754,"{""type"":""Point"",""coordinates"":[73.75202074920985,18.61941144522758]}"
759,23.895946393694203,1473.8978346456693,45.75635618000001,27.210000000000036,0.023915900131406046,0.18715039156145116,-0.2271600859078143,"{""type"":""Point"",""coordinates"":[73.93179558738112,18.47487579532603]}"
760,24.039227294921886,1397.1719488188978,52.86241976000002,27.28000000000003,0.11759482430546746,0.13678705670861252,-0.2749266862170088,"{""type"":""Point"",""coordinates"":[73.92943249552391,18.612432588461232]}"
761,24.27015753851998,1603.290059055118,43.84226497999998,26.750000000000057,-0.056869431305686946,0.34471658502449265,-0.39448476052249637,"{""type"":""Point"",""coordinates"":[73.95418180551478,18.62720033886588]}"
762,23.796166992187523,1502.3181102362205,42.68013818000003,25.77000000000004,0.1272690189679788,0.31076734568846687,-0.42799933255464706,"{""type"":""Point"",""coordinates"":[73.75422326469237,18.535060044728894]}"
763,24.159700012207054,1783.836318897638,51.50888384000001,26.730000000000018,0.09478929693424332,0.09285901124771122,-0.18524822695035462,"{""type"":""Point"",""coordinates"":[73.95356593085575,18.459725876550657]}"
764,22.913253784179688,1279.9436023622047,46.80910634000003,26.28000000000003,0.1200540175557056,0.18731778425655976,-0.282172373081464,"{""type"":""Point"",""coordinates"":[73.89715201028226,18.42344381573523]}"
765,24.039227294921886,1505.4253937007873,54.93032186000005,27.29000000000002,0.09493201483312731,0.09873949579831932,-0.23807913425769361,"{""type"":""Point"",""coordinates"":[73.92006802232596,18.60827000873893]}"
766,24.039227294921886,1647.2,49.10601578000001,27.130000000000052,0.15838447832112454,0.2217272596637448,-0.3330197554092192,"{""type"":""Point"",""coordinates"":[73.93131019911888,18.578265534266368]}"
767,24.039227294921886,1494.0277559055119,52.22325002000002,27.170000000000016,0.22489451476793249,0.18822768434670117,-0.3377025304933552,"{""type"":""Point"",""coordinates"":[73.89129182490113,18.625025442568464]}"
768,24.039227294921886,1466.0375984251966,49.912668499999995,27.650000000000034,0.028925619834710745,0.31981279251170047,-0.39167626254318144,"{""type"":""Point"",""coordinates"":[73.90570071740589,18.586407118485106]}"
769,23.796166992187523,1290.9298228346458,47.75589788000002,26.110000000000014,0.08151941954758857,0.1772428884026258,-0.2543229065475034,"{""type"":""Point"",""coordinates"":[73.78156966188266,18.4662245869357]}"
770,23.895946393694203,1336.395374015748,37.180544000000054,28.49000000000001,-0.14490780843954956,0.5468985119545227,-0.5310276352804898,"{""type"":""Point"",""coordinates"":[73.89110510568531,18.53647575298538]}"
771,23.796166992187523,1824.9549212598424,46.34425562000001,26.190000000000055,0.11329953198127925,0.1434678737583302,-0.2517549896765313,"{""type"":""Point"",""coordinates"":[73.76863619456758,18.51538089576425]}"
772,23.796166992187523,1522.8279527559055,44.82665473999998,25.950000000000045,0.09381663113006397,0.30789352208032006,-0.3861709067188519,"{""type"":""Point"",""coordinates"":[73.7856096108994,18.48340170081073]}"
773,24.046257647346067,1736.540551181102,41.083922840000014,27.57000000000005,0.06671251719394773,0.1089621356578589,-0.17709989880005783,"{""type"":""Point"",""coordinates"":[73.82633716671039,18.57562109273703]}"
774,24.046257647346067,1342.2142716535432,39.084381140000005,27.400000000000034,0.12096115712119444,0.29595872742906276,-0.4181407602559277,"{""type"":""Point"",""coordinates"":[73.79912373340345,18.578413907579613]}"
775,23.895946393694203,1503.772342519685,42.29731994000002,27.590000000000032,0.06551380113069505,0.2743764172335601,-0.37028608582574774,"{""type"":""Point"",""coordinates"":[73.89755472015459,18.475738799013044]}"
776,23.895946393694203,1241.7890748031498,37.56678026000003,28.08000000000004,-0.04337985665786496,0.5153396639883127,-0.5242468772961058,"{""type"":""Point"",""coordinates"":[73.874457202405,18.54319237994259]}"
777,23.043812561035168,1359.5513779527557,41.44623296000003,26.690000000000055,0.02858563261247825,0.3196015532669255,-0.37557198169658573,"{""type"":""Point"",""coordinates"":[73.84226045494539,18.44575616946313]}"
778,24.039227294921886,1944.4189960629922,49.90241444000003,27.690000000000055,0.05039619651347068,0.061282323769040026,-0.135852394793378,"{""type"":""Point"",""coordinates"":[73.94771606837394,18.571718557041535]}"
779,23.895946393694203,1421.5341535433072,41.360782459999996,27.590000000000032,-9.476106673886557E-4,0.22660915726609157,-0.265662444368367,"{""type"":""Point"",""coordinates"":[73.89952197925629,18.483205539374243]}"
780,24.046257647346067,1055.8820866141732,44.173812920000046,26.910000000000025,0.0433996383363472,0.16983635559486954,-0.22058144900784496,"{""type"":""Point"",""coordinates"":[73.7760018853621,18.587522253138957]}"
781,23.895946393694203,1351.1581692913385,46.190444720000016,27.130000000000052,-0.012549830208179536,0.11349245007306381,-0.19790393013100438,"{""type"":""Point"",""coordinates"":[73.91870074025624,18.47711826385623]}"
782,23.895946393694203,1083.0326771653542,36.15513800000002,28.03000000000003,-0.1549628629304524,0.415976821192053,-0.40435139573070605,"{""type"":""Point"",""coordinates"":[73.860826506118,18.527792590037645]}"
783,24.039227294921886,1327.5164370078742,46.33741958000002,27.470000000000027,0.05756358768406961,0.1389538019054467,-0.1766016713091922,"{""type"":""Point"",""coordinates"":[73.87465680443864,18.619784317664664]}"
784,23.895946393694203,1263.576968503937,50.45613367999999,27.53000000000003,0.19311875693673697,0.11588641596316193,-0.2157190635451505,"{""type"":""Point"",""coordinates"":[73.94409652901393,18.47577088629383]}"
785,23.796166992187523,1175.8569881889762,40.031172680000054,26.710000000000036,0.019086667609218153,0.35164621079290864,-0.3787758346581876,"{""type"":""Point"",""coordinates"":[73.80415670547232,18.46820299365815]}"
786,24.039227294921886,1518.2575787401574,48.712943480000035,28.390000000000043,0.037186646073422834,0.2515830115830116,-0.31069060326702247,"{""type"":""Point"",""coordinates"":[73.90764267688151,18.550896151385903]}"
787,23.796166992187523,1455.870275590551,45.079588220000005,26.130000000000052,0.18265845070422534,0.22251481237656354,-0.3512825177369474,"{""type"":""Point"",""coordinates"":[73.80726869615586,18.529597089708016]}"
788,24.046257647346067,1778.1867125984252,44.553213140000025,27.310000000000002,0.06767083840956917,0.10617608409986859,-0.18379974687104486,"{""type"":""Point"",""coordinates"":[73.7849460304115,18.603693957567344]}"
789,23.895946393694203,1447.901279527559,44.80614662000005,27.58000000000004,-0.0335536983909193,0.31357006975269497,-0.359251968503937,"{""type"":""Point"",""coordinates"":[73.93782274358507,18.48661443764177]}"
790,22.913253784179688,1291.1694881889762,52.84874768000003,26.54000000000002,0.15237385036042755,0.22287968441814596,-0.37666532095276545,"{""type"":""Point"",""coordinates"":[73.94462489767905,18.41912813700097]}"
791,24.039227294921886,1729.5469488188976,49.16412212,27.260000000000048,0.0765666140073723,0.186468200270636,-0.2694368032430867,"{""type"":""Point"",""coordinates"":[73.94054275247566,18.591634107434782]}"
792,24.046257647346067,1239.8555118110235,38.27772842000002,27.610000000000014,-0.11690322580645161,0.5309515387336399,-0.5446109921484654,"{""type"":""Point"",""coordinates"":[73.82401254288175,18.567881711419624]}"
793,23.895946393694203,1223.8082677165355,39.313388480000015,28.210000000000036,-0.060467616232195646,0.450202131569276,-0.44172451589331385,"{""type"":""Point"",""coordinates"":[73.89041054188138,18.522789110247203]}"
794,23.796166992187523,1588.9219488188976,43.79783071999998,27.090000000000032,0.04910981001314375,0.1551749165336043,-0.23859922178988327,"{""type"":""Point"",""coordinates"":[73.79937618176565,18.548750450150088]}"
795,23.895946393694203,1327.2629921259843,41.91108368000005,27.890000000000043,-0.02298546895640687,0.3143245078071962,-0.36506257711968976,"{""type"":""Point"",""coordinates"":[73.88014284316176,18.50305162003647]}"
796,23.895946393694203,1798.9258858267715,44.27977154000001,28.07000000000005,0.027846108432549446,0.2610082961072112,-0.32280091042977643,"{""type"":""Point"",""coordinates"":[73.95000888739709,18.478825985124576]}"
797,22.913253784179688,1607.6655511811025,47.94388898,26.200000000000045,0.11516795326517838,0.20005659309564233,-0.3420886075949367,"{""type"":""Point"",""coordinates"":[73.88512289975615,18.428006688191076]}"
798,24.046257647346067,1470.415059055118,46.49464850000004,27.57000000000005,0.023107959408240616,0.28024355071302676,-0.32922974546664446,"{""type"":""Point"",""coordinates"":[73.84692955482019,18.57058259719383]}"
799,22.913253784179688,1779.995275590551,47.455112120000024,26.960000000000036,0.08550573514077164,0.13292856220126598,-0.21552321552321552,"{""type"":""Point"",""coordinates"":[73.92508347693594,18.448595879400322]}"
800,24.039227294921886,1647.0686023622047,51.173917879999976,27.130000000000052,0.174590570719603,0.18024411013340902,-0.33119897550824395,"{""type"":""Point"",""coordinates"":[73.88642803299386,18.613654337808157]}"
801,24.039227294921886,1420.448031496063,48.24809276000002,27.210000000000036,0.01890148988214365,0.41773778920308485,-0.48377333109130655,"{""type"":""Point"",""coordinates"":[73.8958418081165,18.59820309966984]}"
802,23.796166992187523,1462.0912401574803,46.49464850000004,26.010000000000048,0.04928304615013857,0.22477491462278795,-0.30370125578321217,"{""type"":""Point"",""coordinates"":[73.78401328413626,18.49268551323527]}"
803,22.913253784179688,2112.639468503937,46.85695862,26.410000000000025,0.06259681093394077,0.1270815074496056,-0.21149317004239285,"{""type"":""Point"",""coordinates"":[73.90846440712288,18.437089625000425]}"
804,24.046257647346067,1581.8299212598426,48.20365850000002,26.55000000000001,-0.036571428571428574,0.2683540763529576,-0.35070737155621745,"{""type"":""Point"",""coordinates"":[73.75431034933354,18.584037642168884]}"
805,23.043812561035168,1662.067125984252,46.01612570000003,24.99000000000001,0.025101214574898785,0.2939279957012359,-0.39291395516992045,"{""type"":""Point"",""coordinates"":[73.78081307947126,18.42363220572855]}"
806,24.039227294921886,1578.6114173228345,50.37410120000004,27.08000000000004,0.17410358565737052,0.26730857404860153,-0.3831526271893244,"{""type"":""Point"",""coordinates"":[73.88923551219997,18.62237631858341]}"
807,23.895946393694203,1126.0307086614173,44.29686164000003,28.210000000000036,0.024139155129570464,0.14422476586888658,-0.18160326670964969,"{""type"":""Point"",""coordinates"":[73.91255155498945,18.505610869664213]}"
808,23.895946393694203,1288.5567913385828,47.342317460000004,27.07000000000005,0.02080334947010336,0.3011126564673157,-0.4088855421686747,"{""type"":""Point"",""coordinates"":[73.92470639929209,18.481245025999748]}"
809,24.159700012207054,2020.093208661417,45.79053638000005,27.940000000000055,0.09146077156480277,0.16457384153794866,-0.31741043368950345,"{""type"":""Point"",""coordinates"":[73.9519299139872,18.504508446486525]}"
810,23.026582336425804,1501.644881889764,51.32089273999998,26.720000000000027,0.05017341040462428,0.22080237741456166,-0.34248366013071896,"{""type"":""Point"",""coordinates"":[73.95719446702178,18.442768712000703]}"
811,24.039227294921886,1372.184251968504,46.85354060000003,28.27000000000004,0.05998057309373482,0.2968174204355109,-0.39696860339227713,"{""type"":""Point"",""coordinates"":[73.93606105988408,18.56368593352896]}"
812,22.913253784179688,1708.1616141732281,48.07035572000001,26.30000000000001,0.1242603550295858,0.16298604525132096,-0.27985686596093634,"{""type"":""Point"",""coordinates"":[73.90820041163975,18.43275143140819]}"
813,23.043812561035168,1479.4062007874013,41.80512506000002,25.630000000000052,0.02335991047698979,0.0965918014763625,-0.15252558600198085,"{""type"":""Point"",""coordinates"":[73.78767242947477,18.444024292714598]}"
814,24.039227294921886,1592.990846456693,49.943430680000006,26.960000000000036,0.17905583009147302,0.14068663257852448,-0.2848444956392957,"{""type"":""Point"",""coordinates"":[73.90353357555153,18.628186517428965]}"
815,23.895946393694203,1221.8437007874013,44.11912460000002,27.410000000000025,-0.05510489510489511,0.376140094855892,-0.41831171272795636,"{""type"":""Point"",""coordinates"":[73.89421211238157,18.46158168289368]}"
816,24.039227294921886,1595.6758858267715,47.13723626000001,27.470000000000027,0.03613612442989124,0.20215869311551926,-0.25525434054218704,"{""type"":""Point"",""coordinates"":[73.85832563645157,18.620506481450985]}"
817,24.039227294921886,1694.5400590551183,49.881906319999985,26.960000000000036,0.1170491459708687,0.11839660207061321,-0.2529368029739777,"{""type"":""Point"",""coordinates"":[73.90485005363752,18.62796928084137]}"
818,22.913253784179688,2105.3579724409446,44.057600240000056,25.640000000000043,0.04497533610600638,0.12166306940815631,-0.1646614767633876,"{""type"":""Point"",""coordinates"":[73.85990109183815,18.42530821491822]}"
819,23.796166992187523,1481.3328740157478,48.57622268,25.950000000000045,0.05047549378200439,0.20538616313264202,-0.29908256880733947,"{""type"":""Point"",""coordinates"":[73.75673147547053,18.50590789754064]}"
820,23.895946393694203,1198.9263779527557,43.37057822000003,27.950000000000045,-0.03865155478058704,0.3568716780561883,-0.38580845288871657,"{""type"":""Point"",""coordinates"":[73.89591559750971,18.497485732474498]}"
821,24.159700012207054,1542.104527559055,44.327623819999985,28.08000000000004,0.012186023377269336,0.19620539075440446,-0.2607522615457864,"{""type"":""Point"",""coordinates"":[73.9559824796881,18.48157354039337]}"
822,23.895946393694203,1380.635531496063,43.620093680000025,27.970000000000027,0.05026492911356151,0.14899514899514898,-0.18853046594982079,"{""type"":""Point"",""coordinates"":[73.86480879083928,18.52236034360128]}"
823,23.796166992187523,1445.7728346456695,40.77971906000005,26.870000000000005,0.005065856129685917,0.2579663730984788,-0.3021713906845682,"{""type"":""Point"",""coordinates"":[73.82372673319944,18.46306818215069]}"
824,24.27015753851998,1714.2590551181102,49.29742490000001,27.940000000000055,0.07217410615145459,0.10822281167108753,-0.20057471264367815,"{""type"":""Point"",""coordinates"":[73.95212552703056,18.562618900246033]}"
825,23.043812561035168,1356.5174212598424,46.289567300000044,25.55000000000001,0.09565475307726531,0.043641964744138284,-0.11155668975574189,"{""type"":""Point"",""coordinates"":[73.83242060739622,18.422834742653187]}"
826,23.796166992187523,1247.463287401575,39.638100380000026,28.07000000000005,0.0015408320493066256,0.3335827876520112,-0.3530751708428246,"{""type"":""Point"",""coordinates"":[73.83600220842109,18.50104412397795]}"
827,24.046257647346067,1333.118307086614,44.59081136000003,27.000000000000057,0.05325725154541132,0.37310344827586206,-0.43988428855541495,"{""type"":""Point"",""coordinates"":[73.808619379409,18.607690193165585]}"
828,22.531699371337936,1210.520374015748,43.26803762000003,24.890000000000043,0.12552248258391388,0.3609304159274591,-0.44435146443514645,"{""type"":""Point"",""coordinates"":[73.74483708569055,18.44459011533704]}"
829,23.895946393694203,1398.6168307086614,43.98582182000001,28.230000000000018,0.04138594802694899,0.1686221924237345,-0.22187171398527866,"{""type"":""Point"",""coordinates"":[73.87037000456937,18.535571634134264]}"
830,22.913253784179688,1818.7939960629922,46.146010460000014,26.480000000000018,0.10409919496622559,0.17158760890609875,-0.33951300498063086,"{""type"":""Point"",""coordinates"":[73.8711645738211,18.4412036134207]}"
831,24.046257647346067,1475.1340551181102,44.765130380000016,26.630000000000052,0.11482119775958638,0.323989044627034,-0.4021498037877495,"{""type"":""Point"",""coordinates"":[73.84853958683203,18.601531169829823]}"
832,24.046257647346067,1543.9234251968503,47.749061840000024,27.710000000000036,0.06726907630522089,0.13848039215686275,-0.2027836219452986,"{""type"":""Point"",""coordinates"":[73.8047009442734,18.620151593658214]}"
833,24.046257647346067,1232.1468503937008,40.328540420000024,27.090000000000032,-0.012382075471698114,0.2753946146703807,-0.3109372017560603,"{""type"":""Point"",""coordinates"":[73.8188052755464,18.595705868828986]}"
834,24.046257647346067,1574.7236220472441,45.36328388000004,27.27000000000004,0.06529360210341806,0.2713455520786768,-0.3436220472440945,"{""type"":""Point"",""coordinates"":[73.84329957429013,18.58803849876955]}"
835,24.046257647346067,1486.639468503937,43.03903028000002,27.79000000000002,-0.035192330176546244,0.3860363180964308,-0.4025027720576588,"{""type"":""Point"",""coordinates"":[73.82073377237988,18.58049368721891]}"
836,23.796166992187523,1438.7880905511813,42.65279401999999,25.03000000000003,0.16432629435094864,0.28519617540389053,-0.3966320315299176,"{""type"":""Point"",""coordinates"":[73.75607374837362,18.45066983226492]}"
837,23.796166992187523,1419.6931102362205,40.46867924000003,26.53000000000003,-0.05491990846681922,0.3536704730831974,-0.3625615763546798,"{""type"":""Point"",""coordinates"":[73.81185302695603,18.532413669597933]}"
838,22.913253784179688,1501.6995078740154,43.80808478000006,26.660000000000025,0.02746901750351348,0.16766375210921922,-0.23411154345006485,"{""type"":""Point"",""coordinates"":[73.8915113824456,18.44857939571719]}"
839,24.039227294921886,1191.47312992126,43.57565942000002,26.890000000000043,0.04745806787153816,0.4230769230769231,-0.4755287009063444,"{""type"":""Point"",""coordinates"":[73.85031263714754,18.613659500332588]}"
840,23.043812561035168,1607.2241141732281,42.998014040000044,25.650000000000034,0.04645476772616137,0.16500711237553342,-0.25114573785517874,"{""type"":""Point"",""coordinates"":[73.83148029897247,18.43132963120998]}"
841,23.796166992187523,1553.106003937008,44.51561492000002,26.870000000000005,0.06666666666666667,0.07303117000451739,-0.14162127523229734,"{""type"":""Point"",""coordinates"":[73.82050239254369,18.45072239406824]}"
842,23.895946393694203,1213.985433070866,38.69814488000003,28.24000000000001,-0.049489638107021346,0.27293190770962295,-0.2910958904109589,"{""type"":""Point"",""coordinates"":[73.85573885491415,18.506115013446674]}"
843,23.895946393694203,1517.1586614173227,43.71579824000003,28.130000000000052,0.07064935064935066,0.11135269451778226,-0.1752340285761209,"{""type"":""Point"",""coordinates"":[73.93749352631507,18.510742604879507]}"
844,24.159700012207054,1584.8373031496062,45.07617019999998,27.55000000000001,0.02009273570324575,0.2028604786923526,-0.2846009975062344,"{""type"":""Point"",""coordinates"":[73.96032483333059,18.522890339563112]}"
845,23.796166992187523,1471.0562992125983,52.609486280000056,25.79000000000002,0.08177215189873417,0.15472779369627507,-0.2309519769217716,"{""type"":""Point"",""coordinates"":[73.78122889199686,18.46743420114323]}"
846,24.046257647346067,1335.2866141732284,45.178710799999976,26.910000000000025,-0.05187586845761927,0.5347187024835276,-0.5653972083405135,"{""type"":""Point"",""coordinates"":[73.82808443278,18.612686549295134]}"
847,24.039227294921886,1622.342716535433,49.96735682000002,27.170000000000016,0.12881421398223253,0.3016880680998413,-0.4183304511869203,"{""type"":""Point"",""coordinates"":[73.87404497518386,18.587892584279345]}"
848,23.043812561035168,1509.2797244094488,45.33252170000003,25.170000000000016,0.145503746877602,0.2628826334410091,-0.39317834719158323,"{""type"":""Point"",""coordinates"":[73.78755371223954,18.429248917504097]}"
849,23.796166992187523,1198.2383858267717,39.96281227999998,27.670000000000016,-0.013921113689095127,0.34668721109399075,-0.35714285714285715,"{""type"":""Point"",""coordinates"":[73.81596231667166,18.4998065525178]}"
850,23.043812561035168,1405.1458661417323,45.18212882,25.460000000000036,-0.05091258405379443,0.40211470682473566,-0.4312346688470973,"{""type"":""Point"",""coordinates"":[73.7578002162179,18.415302415178246]}"
851,22.913253784179688,1852.2492125984252,50.21003624000002,26.930000000000007,0.033450019447685726,0.1885686954442186,-0.29595827900912647,"{""type"":""Point"",""coordinates"":[73.93068868751074,18.43744098866286]}"
852,23.796166992187523,1111.28218503937,42.64253996000002,26.390000000000043,0.1530398322851153,0.2538795779019243,-0.37789904502046384,"{""type"":""Point"",""coordinates"":[73.77783402998683,18.536555783906906]}"
853,23.895946393694203,1128.71968503937,40.81731728,28.150000000000034,-0.08267592300410224,0.38318887321104617,-0.3795737836751106,"{""type"":""Point"",""coordinates"":[73.85928575716288,18.524914344291396]}"
854,23.796166992187523,1278.28218503937,48.21391256000004,25.950000000000045,0.1586636330978326,0.289647577092511,-0.4099939795304034,"{""type"":""Point"",""coordinates"":[73.78543478448356,18.47673663342498]}"
855,23.895946393694203,1601.606003937008,40.86858758000005,28.130000000000052,1.1036309458117205E-4,0.2929927215641501,-0.35062611806797855,"{""type"":""Point"",""coordinates"":[73.93379199609521,18.508032943017625]}"
856,24.046257647346067,1706.1547244094488,48.176314339999976,27.470000000000027,0.05707133917396746,0.032196191259076586,-0.0934687953555878,"{""type"":""Point"",""coordinates"":[73.83644845600287,18.620210213997257]}"
857,24.27015753851998,1166.3028543307084,52.97863244000001,27.450000000000045,0.09992301770592764,0.13141087671763113,-0.28993821712268314,"{""type"":""Point"",""coordinates"":[73.95604439619619,18.592419615383804]}"
858,23.895946393694203,1419.6202755905513,45.22314505999998,27.57000000000005,0.0703125,0.2016156176371592,-0.2454212454212454,"{""type"":""Point"",""coordinates"":[73.91719193815085,18.498035521632357]}"
859,23.043812561035168,1585.0164370078742,46.306657400000006,25.57000000000005,0.08551043961808834,0.24853172897865636,-0.3682888540031397,"{""type"":""Point"",""coordinates"":[73.8159155207333,18.42353559955867]}"
860,23.043812561035168,1379.7792322834644,42.980923940000025,25.310000000000002,0.046570930076499796,0.130130448615972,-0.2615876398508258,"{""type"":""Point"",""coordinates"":[73.77190736742165,18.447002428145037]}"
861,24.046257647346067,1398.3048228346454,43.408176440000034,26.57000000000005,0.04544802867383513,0.13135089209855566,-0.1748720663490383,"{""type"":""Point"",""coordinates"":[73.76212397702903,18.555015566884155]}"
862,23.895946393694203,1481.3619094488188,42.310992020000015,27.53000000000003,0.04820077015004647,0.16137394685677253,-0.20107238605898123,"{""type"":""Point"",""coordinates"":[73.86503176814693,18.464293804457693]}"
863,24.039227294921886,1534.6227362204725,50.51082200000002,27.130000000000052,0.1907682711300551,0.20067869813358014,-0.33607964297974596,"{""type"":""Point"",""coordinates"":[73.93336827426874,18.575920910812577]}"
864,23.796166992187523,1138.3176181102363,36.53112020000003,27.170000000000016,0.1572708476912474,0.3030690537084399,-0.3820072332730561,"{""type"":""Point"",""coordinates"":[73.84031893309162,18.479433715526188]}"
865,24.27015753851998,1346.5144685039368,53.747686939999994,27.510000000000048,0.08041237113402062,0.13698164513936098,-0.24557810463600818,"{""type"":""Point"",""coordinates"":[73.95912638524227,18.591281039308033]}"
866,23.895946393694203,1183.500688976378,43.39450436000004,28.090000000000032,-0.17074618009197448,0.46636937941285767,-0.46039970392302,"{""type"":""Point"",""coordinates"":[73.91098239123414,18.527880877785027]}"
867,23.796166992187523,778.0523622047244,37.98036067999999,27.630000000000052,-0.042702956358517126,0.2994152046783626,-0.21686746987951808,"{""type"":""Point"",""coordinates"":[73.81188378335624,18.487345059549682]}"
868,24.039227294921886,1737.3737204724407,48.422411780000004,27.470000000000027,0.0922609697350508,0.14610604257569748,-0.2464768478573483,"{""type"":""Point"",""coordinates"":[73.88541787353996,18.58918663370823]}"
869,24.27015753851998,1523.1074803149604,46.95949922,27.940000000000055,-0.07155284906481078,0.4293588627792283,-0.47030737093404956,"{""type"":""Point"",""coordinates"":[73.95430554958169,18.56504546420678]}"
870,24.159700012207054,1294.1276574803148,42.37935242000003,28.08000000000004,-0.05289408058800368,0.3929501649591943,-0.3939183318853171,"{""type"":""Point"",""coordinates"":[73.9634394520266,18.481351736591563]}"
871,23.895946393694203,1411.2595472440944,45.13085852000006,28.060000000000002,0.1615463099421834,0.2423987905257853,-0.34815895005468467,"{""type"":""Point"",""coordinates"":[73.94632310955748,18.501082074509956]}"
872,23.895946393694203,1385.270866141732,42.54683540000002,27.110000000000014,0.018151815181518153,0.19497907949790794,-0.25726360274696247,"{""type"":""Point"",""coordinates"":[73.90443064556932,18.463527281091864]}"
873,23.895946393694203,1156.1562007874013,39.97990238,28.150000000000034,-0.07112576542628356,0.3337243401759531,-0.35788216560509556,"{""type"":""Point"",""coordinates"":[73.85460231489063,18.52240019739841]}"
874,23.796166992187523,1329.6832677165355,40.294360220000044,27.350000000000023,-0.151055900621118,0.5443333333333333,-0.5237625390560763,"{""type"":""Point"",""coordinates"":[73.79945883799823,18.48563316688031]}"
875,22.913253784179688,1779.9627952755905,45.88965896000002,26.250000000000057,0.06027010683329974,0.19615137908915972,-0.28235455920781183,"{""type"":""Point"",""coordinates"":[73.89210781922277,18.433039861116473]}"
876,23.895946393694203,1586.770866141732,44.36522204000005,27.110000000000014,0.05751055700784235,0.36826740621807036,-0.4311450381679389,"{""type"":""Point"",""coordinates"":[73.90548183426414,18.459992287207996]}"
877,24.039227294921886,1307.354527559055,43.910625380000056,27.83000000000004,-0.022315568390653715,0.36511831726555655,-0.3941997851772288,"{""type"":""Point"",""coordinates"":[73.88471510810245,18.56372832262272]}"
878,23.895946393694203,1400.127657480315,40.51994954000003,27.710000000000036,0.02623768253591357,0.3536887275127909,-0.3994198942160041,"{""type"":""Point"",""coordinates"":[73.90397864017366,18.487233922107272]}"
879,23.796166992187523,1297.1114173228345,44.07127232000005,25.590000000000032,0.18052691867124857,0.29860228716645487,-0.44847135047580483,"{""type"":""Point"",""coordinates"":[73.75100452933665,18.53172180663632]}"
880,23.895946393694203,1695.7127952755907,48.81548408000003,27.07000000000005,0.07632933104631218,0.17544338335607093,-0.27512209560455825,"{""type"":""Point"",""coordinates"":[73.90432017295828,18.45394453350208]}"
881,23.796166992187523,1361.0533464566927,47.342317460000004,26.58000000000004,0.19468827368894892,0.23443160255304468,-0.39574800078018335,"{""type"":""Point"",""coordinates"":[73.79103279489748,18.47913008407927]}"
882,23.895946393694203,1461.6069881889762,46.74416396000004,28.120000000000005,0.08831133487549327,0.11221779548472775,-0.1672473867595819,"{""type"":""Point"",""coordinates"":[73.86244518203438,18.526415758514727]}"
883,23.790213012695347,1659.2762795275592,45.53418488,26.55000000000001,0.04282059837615393,0.18084522502744238,-0.263915406080188,"{""type"":""Point"",""coordinates"":[73.74899752808163,18.590096130388112]}"
884,24.046257647346067,1608.9367125984252,46.42287008000005,27.690000000000055,0.06263548203080434,0.19959118119433494,-0.26419449146022467,"{""type"":""Point"",""coordinates"":[73.81002699424671,18.577368450744977]}"
885,22.913253784179688,1487.6773622047247,43.90378934,25.630000000000052,0.1587200678109769,0.28666342570085884,-0.37346479847777203,"{""type"":""Point"",""coordinates"":[73.903275914804,18.4135077279862]}"
886,24.159700012207054,1573.0026574803148,42.509237180000014,27.590000000000032,0.03363914373088685,0.14975986028234609,-0.21501076591817903,"{""type"":""Point"",""coordinates"":[73.96805829160787,18.54446814316675]}"
887,23.043812561035168,1327.9849409448818,43.179169100000024,25.170000000000016,0.22543088688505877,0.23449154084045842,-0.3637459807073955,"{""type"":""Point"",""coordinates"":[73.75358380949935,18.43903197680476]}"
888,24.159700012207054,1557.9800196850392,43.98923983999998,28.08000000000004,0.04542529918929353,0.11264436778161092,-0.18139831183309443,"{""type"":""Point"",""coordinates"":[73.95685290992523,18.483440512984636]}"
889,23.796166992187523,1144.5917322834646,35.68345124000001,27.08000000000004,0.09009009009009009,0.4744525547445255,-0.5007429420505201,"{""type"":""Point"",""coordinates"":[73.8392286327874,18.469468910167784]}"
890,24.039227294921886,1368.2369094488186,42.393024500000024,27.53000000000003,0.03060122404896196,0.3528722157092614,-0.4264524103831891,"{""type"":""Point"",""coordinates"":[73.86966204846532,18.570894225865047]}"
891,24.039227294921886,1731.866338582677,50.288650700000005,27.03000000000003,0.14296563508638693,0.23722077566123065,-0.34525406049769036,"{""type"":""Point"",""coordinates"":[73.89849439462893,18.6210879432202]}"
892,24.159700012207054,1258.2821850393698,44.604483440000024,27.77000000000004,-0.04505949993314614,0.37436258132583083,-0.4425987449243263,"{""type"":""Point"",""coordinates"":[73.95314689074159,18.522175045008833]}"
893,23.796166992187523,1452.7187007874015,44.354967980000026,27.410000000000025,0.13815646110263674,0.27047863796980404,-0.4132571020189387,"{""type"":""Point"",""coordinates"":[73.8329370089169,18.54994087248011]}"
894,24.27015753851998,1526.8441929133858,49.57770254000002,27.130000000000052,0.10447064316563558,0.16066565809379726,-0.26914805624483046,"{""type"":""Point"",""coordinates"":[73.96364374998485,18.602831918514152]}"
895,24.046257647346067,1243.576968503937,45.67774172000003,26.53000000000003,0.058753355204294665,0.1686724680614701,-0.25362462760675275,"{""type"":""Point"",""coordinates"":[73.76404700362143,18.573974415919192]}"
896,24.046257647346067,1706.8943897637794,40.1713115,26.940000000000055,-0.04932224626950678,0.24301713668870598,-0.2773155851358846,"{""type"":""Point"",""coordinates"":[73.7683649553059,18.55298740342922]}"
897,22.913253784179688,1643.9445866141732,43.85593706000003,26.110000000000014,0.09418078501525834,0.17756497948016417,-0.30900243309002434,"{""type"":""Point"",""coordinates"":[73.85442586421017,18.433161123428672]}"
898,23.043812561035168,1294.9706692913385,44.92919533999998,24.890000000000043,0.15062367615909625,0.3371619118191923,-0.41918993314982306,"{""type"":""Point"",""coordinates"":[73.77480248441812,18.42718994893871]}"
899,23.895946393694203,1686.7920275590554,47.31155527999999,27.28000000000003,0.07592277683304992,0.2526101694915254,-0.36173349056603776,"{""type"":""Point"",""coordinates"":[73.91770422797426,18.485300251286766]}"
900,23.790213012695347,1613.6980314960629,45.62647142000003,26.730000000000018,0.0406015037593985,0.10332900994379593,-0.168141592920354,"{""type"":""Point"",""coordinates"":[73.74435028095002,18.611083136223584]}"
901,24.039227294921886,1348.5794291338582,42.57759758000003,27.450000000000045,0.1211724055760753,0.2827826086956522,-0.37637618958760966,"{""type"":""Point"",""coordinates"":[73.8548870672628,18.5621632418872]}"
902,23.895946393694203,1483.6763779527557,44.94628544,28.000000000000057,0.06786271450858035,0.1460997442455243,-0.20483952276928247,"{""type"":""Point"",""coordinates"":[73.94448671451842,18.496595257269632]}"
903,23.043812561035168,1337.0080708661415,40.622490140000025,25.630000000000052,0.05327156919513607,0.16452991452991453,-0.2215166230855435,"{""type"":""Point"",""coordinates"":[73.78875564910201,18.444838810894552]}"
904,22.913253784179688,1446.0587598425197,42.751916600000015,26.930000000000007,0.010548248469852846,0.209294922807576,-0.2600331674958541,"{""type"":""Point"",""coordinates"":[73.8824692648918,18.44662566907452]}"
905,24.046257647346067,1438.4155511811023,46.48439444000002,27.610000000000014,0.07269004351164576,0.1941331575477917,-0.2757042253521127,"{""type"":""Point"",""coordinates"":[73.83227026426276,18.574912327979636]}"
906,24.046257647346067,1334.2812007874018,40.15080338000001,27.400000000000034,0.1351797289334119,0.26955017301038064,-0.4009163802978236,"{""type"":""Point"",""coordinates"":[73.7993924346199,18.57784218251254]}"
907,23.026582336425804,1834.8707677165355,52.35655280000003,26.910000000000025,0.11713206156114644,0.1602276856000969,-0.30286957704338363,"{""type"":""Point"",""coordinates"":[73.95804866985154,18.439269527592547]}"
908,24.039227294921886,1664.0971456692916,50.00495504000003,27.410000000000025,0.08984966787087752,0.09614035087719298,-0.18909866017052376,"{""type"":""Point"",""coordinates"":[73.92772408620934,18.61866619060072]}"
909,23.796166992187523,1592.3633858267715,45.61963537999998,25.54000000000002,0.058423017790467824,0.2562637362637363,-0.3148290139549149,"{""type"":""Point"",""coordinates"":[73.7694269079043,18.487839902086375]}"
910,24.27015753851998,1692.0745078740158,47.80716818000002,27.460000000000036,-0.08652792990142388,0.4537703170796696,-0.4763902043025301,"{""type"":""Point"",""coordinates"":[73.96955670221953,18.591331231692816]}"
911,23.796166992187523,1288.2078740157478,40.58489192000002,27.960000000000036,-0.07175269427112876,0.3491610139235987,-0.35984166966534725,"{""type"":""Point"",""coordinates"":[73.83521294337852,18.50932524959783]}"
912,23.895946393694203,1573.2501968503934,46.81936040000005,27.650000000000034,0.07600184246890834,0.18557919621749408,-0.26761453396524487,"{""type"":""Point"",""coordinates"":[73.87962685959572,18.487637506421724]}"
913,24.046257647346067,1557.6817913385826,43.48337288000005,27.200000000000045,-0.017087421452982032,0.31125639567936325,-0.37189591078066914,"{""type"":""Point"",""coordinates"":[73.7586878529382,18.601426071929808]}"
914,23.043812561035168,1719.559251968504,44.91894128000001,26.210000000000036,0.10700312989045384,0.19299621063635175,-0.3400851313665052,"{""type"":""Point"",""coordinates"":[73.83819954616989,18.440205193882193]}"
915,24.046257647346067,1389.689665354331,46.15284650000001,26.55000000000001,0.024179845771794536,0.22113182859012104,-0.2970813064628214,"{""type"":""Point"",""coordinates"":[73.75283835327495,18.59029512386423]}"
916,23.895946393694203,1793.5740157480313,50.42537149999998,27.110000000000014,0.11333592534992223,0.15996948118006105,-0.2884180790960452,"{""type"":""Point"",""coordinates"":[73.92541850542923,18.46789946207681]}"
917,23.796166992187523,1501.7511811023621,42.94674373999999,27.010000000000048,0.05734862630034676,0.09888059701492537,-0.15963904840032814,"{""type"":""Point"",""coordinates"":[73.83434103530155,18.459473641859827]}"
918,24.046257647346067,1596.1502952755905,43.09371859999999,27.100000000000023,-0.21209068010075566,0.644565960355434,-0.6121683194853926,"{""type"":""Point"",""coordinates"":[73.7643523675457,18.616785144151226]}"
919,24.039227294921886,1629.9942913385826,57.37078814000006,27.03000000000003,0.11867582760774516,0.17225145389088894,-0.32384675527756057,"{""type"":""Point"",""coordinates"":[73.89190808493939,18.599783459295473]}"
920,23.043812561035168,1260.8279527559055,43.07662850000003,26.03000000000003,0.04887459807073955,0.10931933245827864,-0.16022749558737007,"{""type"":""Point"",""coordinates"":[73.79868134668182,18.443903407372765]}"
921,23.796166992187523,1674.6891732283466,45.746102120000046,27.99000000000001,0.12073608617594254,0.12878133102852204,-0.20294749769726741,"{""type"":""Point"",""coordinates"":[73.84833838161492,18.49836656270724]}"
922,24.039227294921886,1771.0843503937008,45.99219956000002,27.750000000000057,0.0050056185514352845,0.3082605775688381,-0.3460475400773908,"{""type"":""Point"",""coordinates"":[73.91269098178503,18.571571156757194]}"
923,24.039227294921886,1655.9111220472444,44.69676998,27.82000000000005,0.0746912840187028,0.10257142857142858,-0.17652439024390243,"{""type"":""Point"",""coordinates"":[73.88905840417081,18.58001185112279]}"
924,24.039227294921886,1883.118307086614,44.80956464000002,27.350000000000023,-0.020204124140804,0.20447559326201895,-0.24933044254559367,"{""type"":""Point"",""coordinates"":[73.91040459549079,18.57622734169065]}"
925,24.046257647346067,1802.1896653543308,43.92087944000002,26.53000000000003,0.0126663118680149,0.1806032836960672,-0.24243236003214572,"{""type"":""Point"",""coordinates"":[73.76125122305457,18.56660467180743]}"
926,24.039227294921886,1305.5193897637796,46.388689880000015,28.27000000000004,0.029964291259121253,0.1316790436515124,-0.1782010182915331,"{""type"":""Point"",""coordinates"":[73.93498961902634,18.56279299853072]}"
927,23.796166992187523,1325.4839566929131,40.50627745999998,27.57000000000005,-0.12072022916382485,0.406367682300582,-0.40950420312231944,"{""type"":""Point"",""coordinates"":[73.83212222921553,18.5407279146652]}"
928,23.895946393694203,1489.2752952755905,42.12300091999998,27.940000000000055,-0.0011947431302270011,0.15710340595274624,-0.21215043394406943,"{""type"":""Point"",""coordinates"":[73.94471175616756,18.519371300152887]}"
929,24.046257647346067,1492.1424212598426,39.689370680000025,26.57000000000005,0.010143115186883423,0.08432267884322679,-0.14903225806451612,"{""type"":""Point"",""coordinates"":[73.76784409969254,18.554153762024747]}"
930,24.046257647346067,1271.9249015748028,40.10978713999998,27.000000000000057,-0.07929116543784763,0.46849700809574096,-0.48364153627311524,"{""type"":""Point"",""coordinates"":[73.81905370496251,18.606387320687997]}"
931,23.796166992187523,1643.823523622047,46.36134572000003,26.680000000000007,0.08163968308646229,0.1237881129689476,-0.21995118974984748,"{""type"":""Point"",""coordinates"":[73.80153663053991,18.47077913595563]}"
932,23.895946393694203,1497.4760826771656,43.62692972000002,27.950000000000045,0.07462686567164178,0.11365442695914799,-0.1719638675142188,"{""type"":""Point"",""coordinates"":[73.93985122891388,18.53065263194303]}"
933,23.796166992187523,1768.9160433070865,46.63136930000002,26.24000000000001,0.09860044196569505,0.1705383984695272,-0.22458899213724087,"{""type"":""Point"",""coordinates"":[73.79149493269621,18.469382370241973]}"
934,24.159700012207054,1354.8377952755907,43.23043940000002,27.650000000000034,-0.10533875987550874,0.530581800099453,-0.534906914893617,"{""type"":""Point"",""coordinates"":[73.95328314671833,18.514728181647364]}"
935,23.796166992187523,1263.5538385826771,42.21528746000001,26.390000000000043,0.00826206696622699,0.26236162361623616,-0.2860902255639098,"{""type"":""Point"",""coordinates"":[73.784150265068,18.541100827990984]}"
936,23.796166992187523,1225.6739173228348,41.23431572000004,28.04000000000002,-0.023313262312799135,0.2639206712433257,-0.2807729468599034,"{""type"":""Point"",""coordinates"":[73.84776076459336,18.53145998840779]}"
937,24.039227294921886,1467.3377952755905,46.66213148000003,28.27000000000004,0.04912280701754386,0.14179225409171933,-0.20238907849829352,"{""type"":""Point"",""coordinates"":[73.93240076509572,18.561978141653544]}"
938,23.408999633789108,1329.4529527559055,43.032194240000024,24.83000000000004,0.17913732394366197,0.34657039711191334,-0.44154589371980674,"{""type"":""Point"",""coordinates"":[73.74736435651408,18.458126059641184]}"
939,24.039227294921886,1723.665059055118,49.71442334000005,27.03000000000003,0.14770021902675937,0.2314254265272427,-0.33901855176540996,"{""type"":""Point"",""coordinates"":[73.89750453590631,18.622039279105955]}"
940,23.895946393694203,1496.0164370078737,42.081984680000005,27.910000000000025,0.07430099142252423,0.26773455377574373,-0.35099983742480895,"{""type"":""Point"",""coordinates"":[73.86603222870778,18.479054016351967]}"
941,23.790213012695347,1344.3747047244094,45.51709477999998,26.340000000000032,0.061803940766124096,0.31132398221005814,-0.38625678119349005,"{""type"":""Point"",""coordinates"":[73.7465289443268,18.589272745405808]}"
942,24.27015753851998,1667.4898622047242,47.28079309999998,27.230000000000018,0.05719497800193154,0.2060398078242965,-0.28940416788963896,"{""type"":""Point"",""coordinates"":[73.95177665279998,18.602318883622164]}"
943,23.796166992187523,1629.4623031496064,43.51413506000006,26.710000000000036,0.05945288753799392,0.10656558432270062,-0.18106870229007632,"{""type"":""Point"",""coordinates"":[73.81055057243204,18.4702949318176]}"
944,23.796166992187523,2021.224114173228,45.06591614000001,25.83000000000004,0.07718354745543272,0.06042572671091783,-0.13790986123050472,"{""type"":""Point"",""coordinates"":[73.75068006341044,18.505321841258073]}"
945,24.046257647346067,1474.4111220472441,46.586935040000014,27.200000000000045,0.04695879659908437,0.16613316261203584,-0.21758021390374332,"{""type"":""Point"",""coordinates"":[73.75679573612645,18.607736916545086]}"
946,23.895946393694203,1596.397342519685,45.12402248000001,27.110000000000014,0.021102640592199757,0.22953094643352762,-0.32913291329132915,"{""type"":""Point"",""coordinates"":[73.90580074724707,18.46201836510538]}"
947,23.043812561035168,1392.6251968503939,45.95118332000004,25.850000000000023,-0.04423941329548143,0.3897984886649874,-0.4531687242798354,"{""type"":""Point"",""coordinates"":[73.81391293495678,18.433398771326534]}"
948,22.913253784179688,1784.3609251968503,45.90674906000004,26.250000000000057,0.04851514260511614,0.22746238462511062,-0.32514332514332517,"{""type"":""Point"",""coordinates"":[73.89316634775275,18.432164442781687]}"
949,24.039227294921886,1411.0420275590548,45.47949656000003,27.750000000000057,0.03620474406991261,0.14615638403167272,-0.20249221183800623,"{""type"":""Point"",""coordinates"":[73.91072578682639,18.569460708138323]}"
950,24.039227294921886,1516.703937007874,49.67340710000002,27.220000000000027,0.20358408001667014,0.20491803278688525,-0.34506422664085873,"{""type"":""Point"",""coordinates"":[73.93706476518663,18.612488863657216]}"
951,23.895946393694203,1709.3609251968505,48.82573814,28.000000000000057,0.09918764416808745,0.19124668435013262,-0.31354197133664813,"{""type"":""Point"",""coordinates"":[73.94313693528835,18.49575005879276]}"
952,22.913253784179688,1495.1153543307087,48.11137196000004,26.250000000000057,0.11871607269294313,0.14856967087050138,-0.27527322404371585,"{""type"":""Point"",""coordinates"":[73.89698127227973,18.430602880523804]}"
953,23.796166992187523,1422.213287401575,42.53658134,27.05000000000001,0.06228325703981135,0.1480978260869565,-0.19392440833627694,"{""type"":""Point"",""coordinates"":[73.78301058931648,18.543247637636007]}"
954,23.026582336425804,1430.825492125984,53.317016420000016,26.79000000000002,0.1632491220120086,0.18176,-0.34437568256279577,"{""type"":""Point"",""coordinates"":[73.9626543932954,18.42332459023658]}"
955,22.913253784179688,1535.7236220472441,45.02148188000001,25.850000000000023,0.0690348525469169,0.22775486152033,-0.33045977011494254,"{""type"":""Point"",""coordinates"":[73.90911706657845,18.413623095331833]}"
956,24.046257647346067,828.6109251968505,38.48964566000001,27.560000000000002,-0.12194065410439679,0.4222954420647996,-0.36208256639495134,"{""type"":""Point"",""coordinates"":[73.77332882063494,18.62678619850828]}"
957,23.796166992187523,1122.3249999999998,37.279666580000026,27.150000000000034,-0.0021439509954058193,0.3506707946336429,-0.35262505167424557,"{""type"":""Point"",""coordinates"":[73.81614253208022,18.54738495258499]}"
958,23.796166992187523,1428.4839566929134,40.15080338000001,27.590000000000032,-0.044172569220862844,0.30542585734986316,-0.32570307390451275,"{""type"":""Point"",""coordinates"":[73.8318005355543,18.491482627757478]}"
959,23.895946393694203,1276.9431102362205,42.539999360000024,27.950000000000045,-0.0013605442176870747,0.31264490815052615,-0.37339055793991416,"{""type"":""Point"",""coordinates"":[73.93145788090347,18.527678150540083]}"
960,23.895946393694203,1548.2615157480311,42.08882072000006,28.210000000000036,0.04781656872911626,0.22611275964391692,-0.3088375039594552,"{""type"":""Point"",""coordinates"":[73.8914978794936,18.519654826461956]}"
961,23.895946393694203,1493.248720472441,43.295381780000014,28.24000000000001,0.07908196721311475,0.10809531323970333,-0.1825530481643651,"{""type"":""Point"",""coordinates"":[73.9208732177022,18.534870022723197]}"
962,24.039227294921886,1243.0415354330707,50.45955170000002,27.03000000000003,0.10546186760634281,0.3490225849307269,-0.43654001616814875,"{""type"":""Point"",""coordinates"":[73.88657808226245,18.603194459339775]}"
963,23.796166992187523,1202.2078740157478,39.81241940000001,27.950000000000045,-0.08895522388059701,0.3915697119969483,-0.38496583143507973,"{""type"":""Point"",""coordinates"":[73.82567423845846,18.494686724704675]}"
964,22.913253784179688,1337.055807086614,47.51321846000002,26.53000000000003,0.1582349285270354,0.1761028134769017,-0.29434250764525993,"{""type"":""Point"",""coordinates"":[73.91908239631103,18.419529088672324]}"
965,23.796166992187523,1166.932283464567,38.97500450000001,27.170000000000016,0.004277421326000611,0.29814777932682734,-0.29970089730807575,"{""type"":""Point"",""coordinates"":[73.82421355893071,18.547634156015526]}"
966,24.046257647346067,1261.0912401574801,44.18406698000001,27.250000000000057,-0.004250329766964678,0.23928377645143786,-0.28724403531842946,"{""type"":""Point"",""coordinates"":[73.79768652932349,18.604876228973563]}"
967,23.796166992187523,1317.0759842519685,43.965313700000024,27.03000000000003,0.006923540036122818,0.1828612405880244,-0.21465390279823268,"{""type"":""Point"",""coordinates"":[73.79358071025293,18.488413474064366]}"
968,23.895946393694203,1416.92342519685,43.89353528000004,27.900000000000034,-4.988775255674732E-4,0.29345372460496616,-0.34236947791164657,"{""type"":""Point"",""coordinates"":[73.94990428252927,18.51451469500365]}"
969,23.796166992187523,1199.9352362204725,36.346547120000025,26.710000000000036,-0.21678891605541972,0.6163839769036449,-0.557642149191445,"{""type"":""Point"",""coordinates"":[73.80301509837068,18.468775584120344]}"
970,24.046257647346067,1098.000688976378,36.27135068000001,27.57000000000005,-0.08684173961372794,0.6091339230610986,-0.5872564935064936,"{""type"":""Point"",""coordinates"":[73.84926846381761,18.574553350825294]}"
971,24.046257647346067,1901.2738188976377,45.81788054000003,26.670000000000016,0.08564910825383658,0.08877639214717867,-0.1619449202793517,"{""type"":""Point"",""coordinates"":[73.7669760917002,18.559247516944144]}"
972,24.046257647346067,1208.9997047244094,43.01852216000003,26.53000000000003,0.13853968253968255,0.35139442231075696,-0.4342494714587738,"{""type"":""Point"",""coordinates"":[73.84595045993663,18.597670953052166]}"
973,23.796166992187523,1587.692618110236,44.29686164000003,25.590000000000032,0.10805676611911945,0.16051177667926722,-0.25958655515228024,"{""type"":""Point"",""coordinates"":[73.75208615025444,18.525649470803817]}"
974,22.913253784179688,1628.981496062992,49.65631700000006,26.660000000000025,0.12049412717699473,0.19939243302954984,-0.3586735491944314,"{""type"":""Point"",""coordinates"":[73.92134711283944,18.417434664490138]}"
975,24.046257647346067,1448.2270669291338,44.9907197,27.260000000000048,0.07360022011280781,0.10993901433987144,-0.17501308672134008,"{""type"":""Point"",""coordinates"":[73.76590039365587,18.612248866768]}"
976,22.913253784179688,1447.0543307086614,46.09815818000004,26.480000000000018,0.16346992153443765,0.2209320820741212,-0.36998036766018205,"{""type"":""Point"",""coordinates"":[73.87435483938417,18.436388492703195]}"
977,23.796166992187523,1335.8948818897636,40.54729370000001,27.470000000000027,-0.013455328310010764,0.3133391455972101,-0.3225636523266023,"{""type"":""Point"",""coordinates"":[73.80129519118402,18.49560037716645]}"
978,24.159700012207054,1558.80187007874,50.32624892000001,26.730000000000018,0.06647952022457573,0.10814904574371402,-0.17337610264635125,"{""type"":""Point"",""coordinates"":[73.95124540808777,18.46249658114959]}"
979,24.039227294921886,1481.9534448818897,50.432207540000036,27.220000000000027,0.10609981515711644,0.12465116279069767,-0.22658099425093,"{""type"":""Point"",""coordinates"":[73.93710000698958,18.610614832121804]}"
980,24.046257647346067,1599.4928149606299,45.61621736000001,26.49000000000001,0.06016398679586839,0.2504958911873052,-0.3350476478596279,"{""type"":""Point"",""coordinates"":[73.7620079678272,18.562990468100335]}"
981,23.895946393694203,1437.0346456692912,40.889095699999984,27.930000000000007,-0.023305588585017835,0.384268940003217,-0.4098951507208388,"{""type"":""Point"",""coordinates"":[73.90342474734396,18.499892724519242]}"
982,23.796166992187523,1469.2669291338582,46.37843582000005,25.970000000000027,0.110752688172043,0.3215084691594759,-0.42438856355494314,"{""type"":""Point"",""coordinates"":[73.75803251931012,18.515097759699433]}"
983,23.790213012695347,1651.775787401575,46.58009900000002,26.560000000000002,0.08616130453944469,0.14100976750584673,-0.2507917357864575,"{""type"":""Point"",""coordinates"":[73.74919053169432,18.620801523920825]}"
984,23.895946393694203,1460.3486220472441,38.28798247999998,27.710000000000036,-0.07387429643527205,0.41348973607038125,-0.42759158222915045,"{""type"":""Point"",""coordinates"":[73.89665266962194,18.48475360438001]}"
985,23.796166992187523,1674.6891732283466,45.746102120000046,27.99000000000001,0.12073608617594254,0.12878133102852204,-0.20294749769726741,"{""type"":""Point"",""coordinates"":[73.84829416131831,18.498472774149207]}"
986,23.796166992187523,1888.7871062992124,44.816400680000015,27.170000000000016,0.12470629188060221,0.18148713731939387,-0.36194989844278946,"{""type"":""Point"",""coordinates"":[73.82288637592052,18.542687074338016]}"
987,22.913253784179688,1545.507086614173,48.0327575,25.840000000000032,0.16102049351735676,0.23503155302447284,-0.3674164962508521,"{""type"":""Point"",""coordinates"":[73.93370655762311,18.41391998002506]}"
988,24.159700012207054,1638.1694881889764,42.33150014,27.230000000000018,0.0015394765779634925,0.2736709215878805,-0.33667010157515087,"{""type"":""Point"",""coordinates"":[73.96493371257667,18.48057880225242]}"
989,23.043812561035168,1495.04842519685,44.46434462000002,26.630000000000052,0.08021108179419525,0.11001432892851457,-0.1627751834556371,"{""type"":""Point"",""coordinates"":[73.82170033565264,18.44847122649897]}"
990,24.039227294921886,1132.4332677165353,40.325122400000055,27.810000000000002,-0.040690505548705305,0.34770459081836325,-0.3648675965231453,"{""type"":""Point"",""coordinates"":[73.88166455369046,18.579704190129352]}"
991,23.895946393694203,1543.5154527559052,42.74508056000002,27.420000000000016,-0.06134755885422707,0.3482616381850324,-0.3680119581464873,"{""type"":""Point"",""coordinates"":[73.90153439841603,18.46919398312296]}"
992,24.159700012207054,1329.6936023622045,43.34665208000001,27.49000000000001,-0.11563969612926564,0.5660121868652674,-0.559676331759946,"{""type"":""Point"",""coordinates"":[73.96674862584462,18.50344549228289]}"
993,23.043812561035168,283.5602362204724,30.611109560000045,25.350000000000023,0.11986301369863013,-0.45665961945031713,0.6503401360544218,"{""type"":""Point"",""coordinates"":[73.7693541188269,18.437127934010878]}"
994,23.796166992187523,1435.8924212598424,40.15763942000001,27.52000000000004,-0.01879471322905299,0.3451809157861031,-0.38532563891178895,"{""type"":""Point"",""coordinates"":[73.835003022787,18.542325359949157]}"
995,23.895946393694203,1590.3737204724407,43.42526654000005,28.250000000000057,0.09846881613344952,0.10971498620901012,-0.17070805043646944,"{""type"":""Point"",""coordinates"":[73.90038675614592,18.52450305648021]}"
996,23.895946393694203,1335.805807086614,42.33150014,28.060000000000002,0.05425021527863206,0.3214162942591956,-0.37629788757608307,"{""type"":""Point"",""coordinates"":[73.94122854401223,18.502846659968753]}"
997,23.796166992187523,1307.2206692913385,45.70850389999998,27.670000000000016,0.0011273957158962795,0.2585227272727273,-0.3070256315692421,"{""type"":""Point"",""coordinates"":[73.81465442736466,18.49252614884537]}"
998,23.796166992187523,1174.2147637795274,43.20309524000004,27.010000000000048,0.0520471894517696,0.11192511192511193,-0.15395987328405492,"{""type"":""Point"",""coordinates"":[73.78943395357405,18.508118619999205]}"
999,24.039227294921886,1648.9121062992126,51.97031654,27.260000000000048,0.1640709178176119,0.19406744088428712,-0.3334375,"{""type"":""Point"",""coordinates"":[73.88039063059466,18.62187742303158]}"
